Workbook

Sheet Step-by-Step Instructions

Sheet Typical Target Crash Types
B2: Target Crash Type Guidance - Section Treatments
C4: Countermeasure | D4: Target-1 | E4: Target-2 | F4: Target Subset | G4: Other | H4: Target-1 Crash* | I4: Target-2 Crash | J4: Notes
C5: Clear Zone Improvements | D5: Y | H5: Lane Departure Crashes (Type 1 or 2)
C6: Closed Loop Signal System | D6: Y | E6: Y | H6: Frontal Impact Crashes in the treated intersections | I6: Rear End Crashes on the treated corridor
C7: Congestion Detection System | D7: Y | H7: Rear End Crashes
C8: Curve Wedging and Resurfacing / Curve Superelevation Improvements | D8: Y | H8: Lane Departure Crashes (Type 1 or 2)
C9: Drainage Improvements | D9: Y | F9: Y | H9: Wet Crashes (Road Codes 2-6) (precipitation data analysis also needed) | J9: Wet L.D. Crashes (Road Codes 2-6) should also be included within the additional information table.
C10: Guardrail - (Shoulder, Culvert or Bridge Approach) | D10: Y | G10: Y | H10: Lane Departure Crashes (Type 1 or 2) | J10: Guardrail Hit Crashes should also be included within the additional information table.
C11: Horizontal Alignment Improvements | D11: Y | H11: Lane Departure Crashes (Type 1 or 2)
C12: Lighting | D12: Y | F12: ? | H12: Night Crashes (Light Codes 4-6) | J12: Night L.D. Crashes (Light Codes 4-6) may also need to be included within the additional information table depending on the countermeasure
C13: Median Guardrail | D13: Y | F13: Y | G13: Y | H13: Lane Departure Crashes (Type 2) involving vehicle Running Off Road toward the median side of roadway | J13: Cross Median Crashes (this is a subset of L.D. crashes) and Median Guardrail Hit Crashes should be included within the additional information table
C14: Pavement Markings (i.e. Wider Lane Lines) | D14: Y | F14: Y | H14: Lane Departure Crashes (Type 1 or 2) | J14: Night L.D. Crashes (Light Codes 4-6) should also be included within the additional information table
C15: Resurfacing | D15: Y | F15: Y | H15: Wet Crashes (Road Codes 2-6) (precipitation data analysis also needed) | J15: Wet L.D. Crashes (Road Codes 2-6) should also be included within the additional information table. Examples of this countermeasure: Open Graded Friction Course, High Friction Surface Treatment, Nova Chip, etc.
C16: Road Diet (i.e. 4-Lane to 3-Lane) | D16: Y | E16: Y | H16: Rear End Crashes | I16: Left Turn Same Roadway Crashes | J16: If 4-Lane Cross-Section before, may need to break out Rear End Crashes in Inner Lanes for Target-1
C17: Rumble Strips - Centerline | D17: Y | F17: Y | H17: Lane Departure Crashes (Type 1 or 2) | J17: Correctable L.D. Crashes need to be included within the additional information table. Lane Departure Crashes are considered correctable if: the first event involved at least one vehicle crossing the centerline; it was not caused by a vehicle swerving to avoid a vehicle, person, animal, or other object in the roadway; it was not caused by mechanical problems, blown tires, or a medical problem with the driver; it was not caused by the weather, such as hydroplaning or sliding on ice; and it was not clear from the crash diagram/narrative that the driver lost control prior to crossing the roadway centerline.
C18: Rumble Strips - Shoulder | D18: Y | F18: Y | H18: Lane Departure Crashes (Type 1 or 2) | J18: Correctable L.D. Crashes need to be included within the additional information table. Lane Departure Crashes are considered correctable if: the first event involved at least one vehicle crossing the edgeline; it was not caused by a vehicle swerving to avoid a vehicle, person, animal, or other object in the roadway; it was not caused by mechanical problems, blown tires, or a medical problem with the driver; it was not caused by the weather, such as hydroplaning or sliding on ice; and it was not clear from the crash diagram/narrative that the driver lost control prior to crossing the roadway edgeline.
C19: Truck countermeasures | D19: Y | H19: Truck Crashes | J19: Truck codes may vary by project but typical Truck codes are 10-16. "Heavy" truck codes are 12-16. Use the assumptions email to confirm which Truck definition is most appropriate for the project.
C20: Widening for Paved Shoulders | D20: Y | F20: ? | H20: Lane Departure Crashes (Type 1 or 2) | J20: Wet L.D. Crashes (Road Codes 2-6) may need to be included within the additional information table if resurfacing was part of project
C21: Widening for Two-Way Center Turn Lane (i.e. 2-Lane to 3-Lane) | D21: Y | E21: Y | H21: Rear End Crashes | I21: Left Turn Same Roadway Crashes | J21: If 4-Lane Cross-Section before, may need to break out Rear End Crashes in Inner Lanes for Target-1
B23: Comments on Typical Target Crashes
B24: ● | C24: *Lane Departure Crashes (Type 1 - Use for Two Lane Facilities) = Ran Off Road (Left, Right or Straight), Overturn/Rollover, Fixed Object, Head On, Sideswipe Opposite Direction. Side street run through crashes are not considered targets.
B25: ● | C25: *Lane Departure Crashes (Type 2 - Use for Multilane Facilities) = Ran Off Road (Left, Right or Straight), Overturn/Rollover, Fixed Object, Head On, Sideswipe Same Direction, Sideswipe Opposite Direction. Side street run through crashes are not considered targets.
B27: ● | C27: The selection of target crashes should be confirmed in the assumptions email prior to starting the analysis. Additionally, any other crash types or other information that need be mentioned in the additional information table should also be noted in the assumptions email.

Sheet Evaluation Set-up
B2: Date Range Calculator | J2: Section AADT Calculator - Weighted Average by Sub-Section
C4: Most recent TEAAS date | D4: 46173 | F4: Color Key | J4: Comments/Instructions on AADT Calculator Use: | AI4: Representative Years Selection:
C5: Construction Period Length (Give Value in Months) | D5: 14 | F5: Cells that need to be edited | J5: ● | K5: In cells AJ5 -> AK6, select the last year within each period that has available volume data (i.e. actual collected volume data, not estimated/interpolated data) | AI5: Select Before Period Year | AL5: 2018 | BJ5: cells needed for calcs:
F6: Auto-calculated cells | J6: ● | K6: When inputting volume data into this tool, use Black font color for values taken directly from the available volume data | AI6: Select After Period Year | AL6: 2024
J7: ● | K7: When inputting volume data into this tool, use Red font color for values that need to be calculated, interpolated, or assumed | BL7: Total # of months in between
C8: Time Period | D8: Start Date | E8: End Date | F8: # of Years | G8: # of Months | J8: ● | K8: Input AADTs for each calendar year within the study period. You do not need to input volumes for years outside the study date range | AI8: Representative Volumes: | BJ8: =YEAR(E9) -> 2020 | BK8: =MONTH(E9) -> 4 | BL8: =(YEAR(D10)-YEAR(D9))*12+MONTH(D10)-MONTH(D9) -> 59
C9: Before Period | D9: =DATE(BJ8-F11,BK8-G11+1,1) -> 42156 | E9: =D10-1 -> 43951 | F9: =ROUNDDOWN(BL8/12,0) -> 4 | G9: =BL8-12*F9 -> 11 | J9: ● | K9: Make sure you enter in the beginning and ending MP for each sub-section | AI9: Before Period Volume: | AL9: =ROUND(HLOOKUP(AL5, $O$16:$AM$42, 27, 0), -2) -> 8100 | BJ9: =YEAR(E10) -> 2021 | BK9: =MONTH(E10) -> 6 | BL9: =(YEAR(D11)-YEAR(D10))*12+MONTH(D11)-MONTH(D10) -> 14
C10: Construction Period | D10: =DATE(BJ9,BK9-(D5-1),1) -> 43952 | E10: 44377 | F10: =ROUNDDOWN(BL9/12,0) -> 1 | G10: =BL9-12*F10 -> 2 | J10: ● | K10: If more than one volume count is available within the study section, give each count location a coresponing sub-section and a mile post range that it is responsible for | AI10: After Period Volume: | AL10: =ROUND(HLOOKUP(AL6, $O$16:$AM$42, 27, 0), -2) -> 8700 | BK10: =E11+1 -> 46174 | BL10: =(YEAR(BK10)-YEAR(D11))*12+MONTH(BK10)-MONTH(D11) -> 59
C11: After Period | D11: =E10+1 -> 44378 | E11: =D4 -> 46173 | F11: =ROUNDDOWN(BL10/12,0) -> 4 | G11: =BL10-12*F11 -> 11 | J11: ● | K11: If only one volume count is available for a section, just use the 1st row of this calculator and leave the other rows blank.
J12: ● | K12: Do not select 2020 as a representative year for a particular time period, due to the effects of the COVID-19 pandemic, even if it is the last year with available AADT data within said time period.
B13: Comments/Instructions on Date Range Calculator Use:
B14: ● | C14: Use a typical 3-month Construction Period unless you have specific information to the contrary (ex. construction start/end dates were provided, info from satellite views, etc.) | K14: Sub-Section Information | O14: AADTs for every year within the study period
B16: ● | C16: You CAN input the construction start date directly into cell D10 or simply just enter in the construction period length into cells D5 & D6 | K16: # | L16: Begin MP | M16: End MP | N16: Length | O16: 2006 | P16: 2007 | Q16: 2008 | R16: 2009 | S16: 2010 | T16: 2011 | U16: 2012 | V16: 2013 | W16: 2014 | X16: 2015 | Y16: 2016 | Z16: 2017 | AA16: 2018 | AB16: 2019 | AC16: 2020 | AD16: 2021 | AE16: 2022 | AF16: 2023 | AG16: 2024 | AH16: 2025 | AI16: 2026 | AJ16: 2027 | AK16: 2028 | AL16: 2029 | AM16: 2030
K17: 1 | L17: 17.691 | M17: 17.811 | N17: =ABS(M17-L17) -> 0.12 | U17: 3600 | V17: 4100 | W17: 4600 | X17: 5100 | Y17: 5600 | Z17: =AVERAGE(Y17,AA17) -> 6850 | AA17: 8100 | AB17: 8000 | AC17: 7500 | AD17: 8000 | AE17: 8300 | AF17: 8500 | AG17: 8700 | AH17: 8700 | AI17: 8700
B18: ● | C18: This tool only works in WHOLE MONTHS. Construction start dates should be rounded up to the first of the month and construction end dates should be rounded down to the end the month | K18: 2 | N18: =IF(ABS(M18-L18) = 0, "", ABS(M18-L18))
K19: 3 | N19: =IF(ABS(M19-L19) = 0, "", ABS(M19-L19))
K20: 4 | N20: =IF(ABS(M20-L20) = 0, "", ABS(M20-L20))
K21: 5 | N21: =IF(ABS(M21-L21) = 0, "", ABS(M21-L21))
K22: 6 | N22: =IF(ABS(M22-L22) = 0, "", ABS(M22-L22))
K23: 7 | N23: =IF(ABS(M23-L23) = 0, "", ABS(M23-L23))
K24: 8 | N24: =IF(ABS(M24-L24) = 0, "", ABS(M24-L24))
K25: 9 | N25: =IF(ABS(M25-L25) = 0, "", ABS(M25-L25))
K26: 10 | N26: =IF(ABS(M26-L26) = 0, "", ABS(M26-L26))
K27: 11 | N27: =IF(ABS(M27-L27) = 0, "", ABS(M27-L27))
K28: 12 | N28: =IF(ABS(M28-L28) = 0, "", ABS(M28-L28))
K29: 13 | N29: =IF(ABS(M29-L29) = 0, "", ABS(M29-L29))
K30: 14 | N30: =IF(ABS(M30-L30) = 0, "", ABS(M30-L30))
... K41: 25 | N41: =IF(ABS(M41-L41) = 0, "", ABS(M41-L41))
K42: Sum | L42: -- | M42: -- | N42: =SUM(N17:N41) -> 0.12 | O42: =IF(O17="", "", O75) | P42: =IF(P17="", "", P75) | Q42: =IF(Q17="", "", Q75) | R42: =IF(R17="", "", R75) | S42: =IF(S17="", "", S75) | T42: =IF(T17="", "", T75) | U42: =IF(U17="", "", U75) -> 3600 | V42: =IF(V17="", "", V75) -> 4100 | ... AM42: =IF(AM17="", "", AM75)
M48: Year-by-Year AADTs - For multi-project tracking by Safety Evaluation Group
M49: Section | N49: weight | O49: 2006 | P49: 2007 | Q49: 2008 | R49: 2009 | S49: 2010 | T49: 2011 | U49: 2012 | V49: 2013 | W49: 2014 | X49: 2015 | Y49: 2016 | Z49: 2017 | AA49: 2018 | AB49: 2019 | AC49: 2020 | AD49: 2021 | AE49: 2022 | AF49: 2023 | AG49: 2024 | AH49: 2025 | AI49: 2026 | AJ49: 2027 | AK49: 2028 | AL49: 2029 | AM49: 2030
M50: 1 | N50: =IFERROR(N17/$N$42, "") -> 1 | O50: =IF(O17="", "", O17*$N50) | P50: =IF(P17="", "", P17*$N50) | Q50: =IF(Q17="", "", Q17*$N50) | R50: =IF(R17="", "", R17*$N50) | S50: =IF(S17="", "", S17*$N50) | T50: =IF(T17="", "", T17*$N50) | U50: =IF(U17="", "", U17*$N50) -> 3600 | V50: =IF(V17="", "", V17*$N50) -> 4100 | ... AM50: =IF(AM17="", "", AM17*$N50)
M51: 2 | N51: =IFERROR(N18/$N$42, "") | O51: =IF(O18="", "", O18*$N51) | P51: =IF(P18="", "", P18*$N51) | Q51: =IF(Q18="", "", Q18*$N51) | R51: =IF(R18="", "", R18*$N51) | S51: =IF(S18="", "", S18*$N51) | T51: =IF(T18="", "", T18*$N51) | U51: =IF(U18="", "", U18*$N51) | V51: =IF(V18="", "", V18*$N51) | ... AM51: =IF(AM18="", "", AM18*$N51)
M52: 3 | N52: =IFERROR(N19/$N$42, "") | O52: =IF(O19="", "", O19*$N52) | P52: =IF(P19="", "", P19*$N52) | Q52: =IF(Q19="", "", Q19*$N52) | R52: =IF(R19="", "", R19*$N52) | S52: =IF(S19="", "", S19*$N52) | T52: =IF(T19="", "", T19*$N52) | U52: =IF(U19="", "", U19*$N52) | V52: =IF(V19="", "", V19*$N52) | ... AM52: =IF(AM19="", "", AM19*$N52)
M53: 4 | N53: =IFERROR(N20/$N$42, "") | O53: =IF(O20="", "", O20*$N53) | P53: =IF(P20="", "", P20*$N53) | Q53: =IF(Q20="", "", Q20*$N53) | R53: =IF(R20="", "", R20*$N53) | S53: =IF(S20="", "", S20*$N53) | T53: =IF(T20="", "", T20*$N53) | U53: =IF(U20="", "", U20*$N53) | V53: =IF(V20="", "", V20*$N53) | ... AM53: =IF(AM20="", "", AM20*$N53)
M54: 5 | N54: =IFERROR(N21/$N$42, "") | O54: =IF(O21="", "", O21*$N54) | P54: =IF(P21="", "", P21*$N54) | Q54: =IF(Q21="", "", Q21*$N54) | R54: =IF(R21="", "", R21*$N54) | S54: =IF(S21="", "", S21*$N54) | T54: =IF(T21="", "", T21*$N54) | U54: =IF(U21="", "", U21*$N54) | V54: =IF(V21="", "", V21*$N54) | ... AM54: =IF(AM21="", "", AM21*$N54)
M55: 6 | N55: =IFERROR(N22/$N$42, "") | O55: =IF(O22="", "", O22*$N55) | P55: =IF(P22="", "", P22*$N55) | Q55: =IF(Q22="", "", Q22*$N55) | R55: =IF(R22="", "", R22*$N55) | S55: =IF(S22="", "", S22*$N55) | T55: =IF(T22="", "", T22*$N55) | U55: =IF(U22="", "", U22*$N55) | V55: =IF(V22="", "", V22*$N55) | ... AM55: =IF(AM22="", "", AM22*$N55)
M56: 7 | N56: =IFERROR(N23/$N$42, "") | O56: =IF(O23="", "", O23*$N56) | P56: =IF(P23="", "", P23*$N56) | Q56: =IF(Q23="", "", Q23*$N56) | R56: =IF(R23="", "", R23*$N56) | S56: =IF(S23="", "", S23*$N56) | T56: =IF(T23="", "", T23*$N56) | U56: =IF(U23="", "", U23*$N56) | V56: =IF(V23="", "", V23*$N56) | ... AM56: =IF(AM23="", "", AM23*$N56)
M57: 8 | N57: =IFERROR(N24/$N$42, "") | O57: =IF(O24="", "", O24*$N57) | P57: =IF(P24="", "", P24*$N57) | Q57: =IF(Q24="", "", Q24*$N57) | R57: =IF(R24="", "", R24*$N57) | S57: =IF(S24="", "", S24*$N57) | T57: =IF(T24="", "", T24*$N57) | U57: =IF(U24="", "", U24*$N57) | V57: =IF(V24="", "", V24*$N57) | ... AM57: =IF(AM24="", "", AM24*$N57)
M58: 9 | N58: =IFERROR(N25/$N$42, "") | O58: =IF(O25="", "", O25*$N58) | P58: =IF(P25="", "", P25*$N58) | Q58: =IF(Q25="", "", Q25*$N58) | R58: =IF(R25="", "", R25*$N58) | S58: =IF(S25="", "", S25*$N58) | T58: =IF(T25="", "", T25*$N58) | U58: =IF(U25="", "", U25*$N58) | V58: =IF(V25="", "", V25*$N58) | ... AM58: =IF(AM25="", "", AM25*$N58)
M59: 10 | N59: =IFERROR(N26/$N$42, "") | O59: =IF(O26="", "", O26*$N59) | P59: =IF(P26="", "", P26*$N59) | Q59: =IF(Q26="", "", Q26*$N59) | R59: =IF(R26="", "", R26*$N59) | S59: =IF(S26="", "", S26*$N59) | T59: =IF(T26="", "", T26*$N59) | U59: =IF(U26="", "", U26*$N59) | V59: =IF(V26="", "", V26*$N59) | ... AM59: =IF(AM26="", "", AM26*$N59)
M60: 11 | N60: =IFERROR(N27/$N$42, "") | O60: =IF(O27="", "", O27*$N60) | P60: =IF(P27="", "", P27*$N60) | Q60: =IF(Q27="", "", Q27*$N60) | R60: =IF(R27="", "", R27*$N60) | S60: =IF(S27="", "", S27*$N60) | T60: =IF(T27="", "", T27*$N60) | U60: =IF(U27="", "", U27*$N60) | V60: =IF(V27="", "", V27*$N60) | ... AM60: =IF(AM27="", "", AM27*$N60)
M61: 12 | N61: =IFERROR(N28/$N$42, "") | O61: =IF(O28="", "", O28*$N61) | P61: =IF(P28="", "", P28*$N61) | Q61: =IF(Q28="", "", Q28*$N61) | R61: =IF(R28="", "", R28*$N61) | S61: =IF(S28="", "", S28*$N61) | T61: =IF(T28="", "", T28*$N61) | U61: =IF(U28="", "", U28*$N61) | V61: =IF(V28="", "", V28*$N61) | ... AM61: =IF(AM28="", "", AM28*$N61)
... M74: 25 | N74: =IFERROR(N41/$N$42, "") | O74: =IF(O41="", "", O41*$N74) | P74: =IF(P41="", "", P41*$N74) | Q74: =IF(Q41="", "", Q41*$N74) | R74: =IF(R41="", "", R41*$N74) | S74: =IF(S41="", "", S41*$N74) | T74: =IF(T41="", "", T41*$N74) | U74: =IF(U41="", "", U41*$N74) | V74: =IF(V41="", "", V41*$N74) | ... AM74: =IF(AM41="", "", AM41*$N74)
M75: Total | O75: =IF(SUM(O50:O74) > 0, SUM(O50:O74), "--") -> -- | P75: =IF(SUM(P50:P74) > 0, SUM(P50:P74), "--") -> -- | Q75: =IF(SUM(Q50:Q74) > 0, SUM(Q50:Q74), "--") -> -- | R75: =IF(SUM(R50:R74) > 0, SUM(R50:R74), "--") -> -- | S75: =IF(SUM(S50:S74) > 0, SUM(S50:S74), "--") -> -- | T75: =IF(SUM(T50:T74) > 0, SUM(T50:T74), "--") -> -- | U75: =IF(SUM(U50:U74) > 0, SUM(U50:U74), "--") -> 3600 | V75: =IF(SUM(V50:V74) > 0, SUM(V50:V74), "--") -> 4100 | ... AM75: =IF(SUM(AM50:AM74) > 0, SUM(AM50:AM74), "--") -> --

Sheet Intersection Mileposts
B2: Intersection Milepost Table (Used for Multi-Project Tracking)
C4: # | D4: Intersecting Road Name | E4: Milepost of Intersection | F4: -250' | G4: +250' | I4: Comments/Instructions on Intersection Milepost Table:
C5: #1 | D5: SR 1716 | E5: 17.691 | F5: =IF(D5="", "", E5-250/5280) -> 17.643652 | G5: =IF(D5="", "", E5+250/5280) -> 17.738348 | I5: ● | J5: Please enter in the intersections within your study's Milepost Limits on the Features reports
C6: #2 | D6: SR 2638 | E6: 17.811 | F6: =IF(D6="", "", E6-250/5280) -> 17.763652 | G6: =IF(D6="", "", E6+250/5280) -> 17.858348 | I6: ● | J6: Don't enter in the names/mileposts for non-intersections (etc. bridges, structures, etc.)
C7: #3 | F7: =IF(D7="", "", E7-250/5280) | G7: =IF(D7="", "", E7+250/5280) | I7: ● | J7: Enter in the name of the road into the cells in column D
C8: #4 | F8: =IF(D8="", "", E8-250/5280) | G8: =IF(D8="", "", E8+250/5280) | I8: ● | J8: Enter in the Milepost from the features report into the cells in column E
C9: #5 | F9: =IF(D9="", "", E9-250/5280) | G9: =IF(D9="", "", E9+250/5280) | I9: ● | J9: If you adjusted a milepost of an intersection during your review, enter that value instead of the milepost from the features report
C10: #6 | F10: =IF(D10="", "", E10-250/5280) | G10: =IF(D10="", "", E10+250/5280)
C11: #7 | F11: =IF(D11="", "", E11-250/5280) | G11: =IF(D11="", "", E11+250/5280) | I11: ● | J11: Each row within the table to the left should correspond to one intersection along the study section. There should only be one milepost per intersection. You do not need to use multiple rows for intersections with crossing routes with multiple names
C12: #8 | F12: =IF(D12="", "", E12-250/5280) | G12: =IF(D12="", "", E12+250/5280)
C13: #9 | F13: =IF(D13="", "", E13-250/5280) | G13: =IF(D13="", "", E13+250/5280)
C14: #10 | F14: =IF(D14="", "", E14-250/5280) | G14: =IF(D14="", "", E14+250/5280) | I14: ● | J14: If the number of intersections exceeds 35, before entering data into this tab, contact SEG staff to determine whether this step needs to be completed
C15: #11 | F15: =IF(D15="", "", E15-250/5280) | G15: =IF(D15="", "", E15+250/5280)
C16: #12 | F16: =IF(D16="", "", E16-250/5280) | G16: =IF(D16="", "", E16+250/5280) | I16: ● | J16: DO NOT DRAG/SHIFT/MOVE CELLS in this table. Formulas within the Tracking tab at the end of this workbook (tracking tab is for internal NCDOT staff) use the information in this table for annual crash counting calculations. Any dragging or deleting of cells will break these formulas and cause errors.
C17: #13 | F17: =IF(D17="", "", E17-250/5280) | G17: =IF(D17="", "", E17+250/5280)
C18: #14 | F18: =IF(D18="", "", E18-250/5280) | G18: =IF(D18="", "", E18+250/5280)
C19: #15 | F19: =IF(D19="", "", E19-250/5280) | G19: =IF(D19="", "", E19+250/5280)
C20: #16 | F20: =IF(D20="", "", E20-250/5280) | G20: =IF(D20="", "", E20+250/5280)
C21: #17 | F21: =IF(D21="", "", E21-250/5280) | G21: =IF(D21="", "", E21+250/5280)
C22: #18 | F22: =IF(D22="", "", E22-250/5280) | G22: =IF(D22="", "", E22+250/5280)
C23: #19 | F23: =IF(D23="", "", E23-250/5280) | G23: =IF(D23="", "", E23+250/5280)
C24: #20 | F24: =IF(D24="", "", E24-250/5280) | G24: =IF(D24="", "", E24+250/5280)
C25: #21 | F25: =IF(D25="", "", E25-250/5280) | G25: =IF(D25="", "", E25+250/5280)
C26: #22 | F26: =IF(D26="", "", E26-250/5280) | G26: =IF(D26="", "", E26+250/5280)
C27: #23 | F27: =IF(D27="", "", E27-250/5280) | G27: =IF(D27="", "", E27+250/5280)
C28: #24 | F28: =IF(D28="", "", E28-250/5280) | G28: =IF(D28="", "", E28+250/5280)
... C39: #35 | F39: =IF(D39="", "", E39-250/5280) | G39: =IF(D39="", "", E39+250/5280)

Sheet OriginalFiche
A1: North Carolina Department of Transportation Traffic Engineering Accident Analysis System Fiche Report
A2: County | B2: County Code | C2: Division | D2: Municipality | E2: Municipality Code | F2: Begin Date | G2: End Date | H2: Years | I2: Y-Line Feet
B3: JOHNSTON | C3: 51 | D3: 4 | E3: All and Rural | G3: 41609 | H3: 46173 | I3: 12.5 | J3: 0
A4: Road Name | B4: Road Code
A5: SR 1003 | B5: 40001003
A6: BUFFALO | B6: 50004182
A7: WENDELL | B7: 50032464
A8: LAKE WENDELL | B8: 50016884
A9: SR 1701 | B9: 40001701
A10: EAGLE ROCK | B10: 50009137
A11: SR 2638 | B11: 40002638
A12: SR 1716 | B12: 40001716
A13: 46217 | B13: Page 1 of 74
A14: Muni. Code | B14: On Road | C14: Miles / Dir From | D14: From Road | E14: Toward Road | F14: Milepost Road | G14: MP | H14: MA | I14: Crash ID | J14: Date | K14: T | L14: C | M14: F | N14: L | O14: S
A15: 491 | B15: BUFFALO | C15: 0 | D15: S | E15: *LCL 3862 BUFFALO RD | F15: *LCL 3862 BUFFALO RD | H15: 999.999 | J15: 105904161 | K15: 43637 | L15: 1 | M15: 1 | N15: 0 | O15: 1 | P15: O
A16: 491 | B16: BUFFALO | C16: 0 | E16: *LCL 4407 BUFFALO RD | F16: OLD BEULAH | H16: 999.999 | J16: 105977928 | K16: 43708 | L16: 28 | M16: 1 | N16: 0 | O16: 1 | P16: A
A17: 0 | B17: PVA ARCHER LODGE MS | C17: 0 | E17: SR 1701 | F17: SR 1747 | H17: 999.999 | J17: 108447557 | K17: 46106 | L17: 20 | M17: 1 | N17: 7 | O17: 1 | P17: O
A18: 0 | B18: PVA FLOWERS STORE | C18: 0 | E18: SR 1003 | F18: NC 42 | H18: 999.999 | J18: 106714400 | K18: 44470 | L18: 30 | M18: 1 | N18: 8 | O18: 1 | P18: O
A19: 0 | B19: SR 1003 | C19: 0.1 | D19: W | E19: *LCL ARCHER LODGE RD | F19: SR 1700 | H19: 999.999 | J19: 105514109 | K19: 43267 | L19: 19 | M19: 1 | N19: 0 | O19: 1 | P19: C
A20: 0 | B20: SR 1003 | C20: 0 | E20: *LCL CLARK POND RD | F20: NC 42 | H20: 999.999 | J20: 104668391 | K20: 42418 | L20: 21 | M20: 1 | N20: 8 | O20: 1 | P20: C
A21: 0 | B21: SR 1003 | C21: 0 | E21: *LCL DEMILT DRIVE | F21: SR 1770 | H21: 999.999 | J21: 105783353 | K21: 43518 | L21: 17 | M21: 2 | N21: 0 | O21: 5 | P21: O
A22: 0 | B22: SR 1003 | C22: 0 | E22: *LCL PVA HARRIS TEETER | F22: NC 42 | H22: 999.999 | J22: 105979361 | K22: 43709 | L22: 24 | M22: 1 | N22: 8 | O22: 1 | P22: O
A23: 0 | B23: SR 1003 | C23: 0 | E23: *LCL RIVER DELL ELEMENTARY | F23: NC 42 | H23: 999.999 | J23: 104853929 | K23: 42632 | L23: 24 | M23: 2 | N23: 8 | O23: 1 | P23: C
A24: 0 | B24: SR 1003 | C24: 0 | E24: *LCL RIVER DELL RUN | F24: SR 1908 | H24: 999.999 | J24: 106005393 | K24: 43736 | L24: 21 | M24: 1 | N24: 8 | O24: 1 | P24: C
A25: 0 | B25: SR 1003 | C25: 0 | E25: *LCL RIVER DELL TOWNES DR | F25: NC 42 | H25: 999.999 | J25: 105502153 | K25: 43256 | L25: 24 | M25: 1 | N25: 7 | O25: 1 | P25: O
A26: 0 | B26: SR 1003 | C26: 0 | E26: *LCL SAM & HELEN PL | F26: NC 42 | H26: 999.999 | J26: 107411745 | K26: 45136 | L26: 21 | M26: 1 | N26: 0 | O26: 5 | P26: O
A27: 0 | B27: SR 1003 | C27: 0.2 | D27: S | E27: *LCL SHAWAN RD | F27: SR 1718 | H27: 999.999 | J27: 108023560 | K27: 45705 | L27: 21 | M27: 1 | N27: 0 | O27: 1 | P27: O
A28: 0 | B28: SR 1003 | C28: 0.009 | D28: E | E28: *PP 9411 BUFFALO RD | F28: DEAD END | H28: 999.999 | J28: 108245867 | K28: 45928 | L28: 19 | M28: 1 | N28: 0 | O28: 8 | P28: O
A29: 0 | B29: SR 1003 | C29: 0 | E29: PVA PERCY FLOWERS | F29: NC 42 | H29: 999.999 | J29: 105493825 | K29: 43246 | L29: 24 | M29: 1 | N29: 4 | O29: 1 | P29: O
A30: 0 | B30: SR 1003 | C30: 0 | E30: PVA PETCO | F30: SR 1735 | H30: 999.999 | J30: 107283353 | K30: 45009 | L30: 26 | M30: 1 | N30: 4 | O30: 1 | P30: O
A31: 0 | B31: SR 1003 | C31: 0 | E31: PVA RIVER DELL ELEMENTARY | F31: SR 1700 | H31: 999.999 | J31: 104835084 | K31: 42612 | L31: 28 | M31: 1 | N31: 0 | O31: 1 | P31: O
A32: 0 | B32: SR 1003 | C32: 0 | E32: PVA RIVER DELL ELEMENTARY | F32: SR 2659 | H32: 999.999 | J32: 104250924 | K32: 41992 | L32: 24 | M32: 1 | N32: 8 | O32: 1 | P32: C
A33: 0 | B33: SR 1003 | C33: 0 | E33: PVA THE GROCERY BAG | F33: SR 1735 | H33: 999.999 | J33: 105686525 | K33: 43424 | L33: 26 | M33: 1 | N33: 4 | O33: 5 | P33: O
A34: 0 | B34: SR 1701 | C34: 0 | E34: *LCL ETOWAH DR | F34: SR 1747 | H34: 999.999 | J34: 107054643 | K34: 44795 | L34: 30 | M34: 1 | N34: 0 | O34: 1 | P34: O
B35: SR 1701 | C35: 0 | E35: *LCL ETOWAH DR | F35: SR 1700 | H35: 999.999 | J35: 107749066 | K35: 45446 | L35: 21 | M35: 2 | N35: 0 | O35: 1 | P35: C
A36: 721 | B36: SR 1701 | C36: 0 | E36: *LCL TAST DR | F36: AUTUMN RIDGE | H36: 999.999 | J36: 105799174 | K36: 43535 | L36: 24 | M36: 1 | N36: 8 | O36: 1 | P36: O
A37: 0 | B37: SR 1701 | C37: 0.004 | D37: N | E37: *LCL TAST DRIVE | F37: SR 1716 | H37: 999.999 | J37: 105466442 | K37: 43221 | L37: 21 | M37: 1 | N37: 8 | O37: 1 | P37: C
A38: 0 | B38: SR 1701 | C38: 0 | E38: PVA ARCHER LODGE MIDDLE | F38: SR 1747 | H38: 999.999 | J38: 107868345 | K38: 45560 | L38: 23 | M38: 1 | N38: 7 | O38: 1 | P38: O
A39: 0 | B39: SR 1701 | C39: 0 | E39: PVA ARCHER LODGE PVA | F39: SR 1747 | H39: 999.999 | J39: 105818152 | K39: 43552 | L39: 22 | M39: 1 | N39: 7 | O39: 1 | P39: O
A40: 0 | B40: SR 1716 | C40: 0 | E40: PVA CORINTH HOLDERS | F40: NC 96 | H40: 999.999 | J40: 107563566 | K40: 45273 | L40: 30 | M40: 1 | N40: 4 | O40: 1 | P40: O
A41: 46217 | B41: Page 2 of 74
A42: Muni. Code | B42: On Road | C42: Miles / Dir From | D42: From Road | E42: Toward Road | F42: Milepost Road | G42: MP | H42: MA | I42: Crash ID | J42: Date | K42: T | L42: C | M42: F | N42: L | O42: S
A43: FIRE
A44: 0 | B44: SR 2638 | C44: 0 | E44: *LCL DENTON LN | F44: NC 96 | H44: 999.999 | J44: 108207709 | K44: 45888 | L44: 21 | M44: 1 | N44: 8 | O44: 1 | P44: O
A45: 491 | B45: BUFFALO | C45: 0 | E45: BAUGH | G45: BUFFALO | H45: 999.999 | J45: 104487179 | K45: 42242 | L45: 30 | M45: 1 | N45: 8 | O45: 1 | P45: C
A46: 491 | B46: BUFFALO | C46: 0 | D46: S | E46: BAUGH | G46: BUFFALO | H46: 999.999 | J46: 105487309 | K46: 43235 | L46: 30 | M46: 1 | N46: 0 | O46: 1 | P46: O
A47: 491 | B47: BUFFALO | C47: 0 | E47: BUFFALO | F47: BUFFALO | G47: BUFFALO | H47: 999.999 | J47: 106339440 | K47: 44091 | L47: 28 | M47: 2 | N47: 0 | O47: 1 | P47: O
A48: 502 | B48: BUFFALO | C48: 0 | E48: DURWOOD STEPHENSON | G48: BUFFALO | H48: 999.999 | J48: 104388073 | K48: 42143 | L48: 23 | M48: 1 | N48: 7 | O48: 1 | P48: B
A49: 0 | B49: NC 231 | C49: 0 | E49: SR 1701 | F49: SR 1719 | G49: NC 231 | H49: 0.182 | J49: 107075443 | K49: 44814 | L49: 19 | M49: 2 | N49: 8 | O49: 5 | P49: O
A50: 0 | B50: NC 231 | C50: 0 | E50: SR 1701 | F50: SR 1709 | G50: NC 231 | H50: 0.182 | J50: 106874200 | K50: 44615 | L50: 19 | M50: 1 | N50: 8 | O50: 5 | P50: C
A51: 0 | B51: NC 231 | C51: 0 | E51: SR 1701 | F51: SR 1718 | G51: NC 231 | H51: 0.182 | J51: 106864205 | K51: 44608 | L51: 24 | M51: 1 | N51: 8 | O51: 1 | P51: C
A52: 0 | B52: NC 231 | C52: 0 | E52: SR 1701 | F52: CL-WAKE | G52: NC 231 | H52: 0.182 | J52: 106786302 | K52: 44525 | L52: 24 | M52: 1 | N52: 8 | O52: 1 | P52: O
A53: 0 | B53: NC 231 | C53: 0 | E53: SR 1701 | F53: SR 1778 | G53: NC 231 | H53: 0.182 | J53: 106712282 | K53: 44468 | L53: 21 | M53: 1 | N53: 8 | O53: 1 | P53: O
A54: 0 | B54: NC 231 | C54: 0 | E54: SR 1701 | F54: SR 1718 | G54: NC 231 | H54: 0.182 | J54: 106515812 | K54: 44267 | L54: 24 | M54: 1 | N54: 8 | O54: 1 | P54: O
A55: 0 | B55: NC 231 | C55: 0 | E55: SR 1701 | F55: NC 231 | G55: NC 231 | H55: 0.182 | J55: 105484155 | K55: 43222 | L55: 19 | M55: 1 | N55: 8 | O55: 5 | P55: O
A56: 0 | B56: NC 231 | C56: 0 | E56: SR 1701 | F56: SR 1720 | G56: NC 231 | H56: 0.182 | J56: 105222833 | K56: 42994 | L56: 21 | M56: 1 | N56: 8 | O56: 1 | P56: O
A57: 0 | B57: NC 231 | C57: 0 | E57: SR 1701 | F57: SR 1726 | G57: NC 231 | H57: 0.182 | J57: 104495665 | K57: 42265 | L57: 21 | M57: 1 | N57: 9 | O57: 1 | P57: O
A58: 0 | B58: NC 231 | C58: 0 | E58: SR 1701 | F58: CL-WAKE | G58: NC 231 | H58: 0.182 | J58: 104232339 | K58: 41973 | L58: 19 | M58: 1 | N58: 8 | O58: 5 | P58: O
A59: 0 | B59: NC 231 | C59: 0 | E59: SR 1701 | F59: CL-WAKE | G59: NC 231 | H59: 0.182 | J59: 108262285 | K59: 45940 | L59: 29 | M59: 1 | N59: 8 | O59: 5 | P59: O
A60: 0 | B60: NC 231 | C60: 0 | E60: SR 1701 | F60: CL-WAKE | G60: NC 231 | H60: 0.182 | J60: 108351757 | K60: 46014 | L60: 26 | M60: 1 | N60: 8 | O60: 5 | P60: O
... A74: 0 | B74: NC 42 | C74: 0 | E74: SR 1003 | F74: SR 1745 | G74: NC 42 | H74: 16.393 | J74: 105064121 | K74: 42834 | L74: 24 | M74: 1 | N74: 7 | O74: 1 | P74: O
A75: 46217 | B75: Page 3 of 74
A76: Muni. Code | B76: On Road | C76: Miles / Dir From | D76: From Road | E76: Toward Road | F76: Milepost Road | G76: MP | H76: MA | I76: Crash ID | J76: Date | K76: T | L76: C | M76: F | N76: L | O76: S
A77: 0 | B77: NC 42 | C77: 0 | E77: SR 1003 | F77: SR 1704 | G77: NC 42 | H77: 16.393 | J77: 105342182 | K77: 43094 | L77: 30 | M77: 1 | N77: 7 | O77: 5 | P77: C
A78: 0 | B78: NC 42 | C78: 0 | E78: SR 1003 | F78: NC 96 | G78: NC 42 | H78: 16.393 | J78: 105348291 | K78: 43109 | L78: 23 | M78: 1 | N78: 7 | O78: 2 | P78: C
A79: 0 | B79: NC 42 | C79: 0 | E79: SR 1003 | F79: NC 96 | G79: NC 42 | H79: 16.393 | J79: 106348848 | K79: 44085 | L79: 24 | M79: 1 | N79: 7 | O79: 1 | P79: O
A80: 0 | B80: NC 42 | C80: 0 | E80: SR 1003 | F80: SR 1704 | G80: NC 42 | H80: 16.393 | J80: 106699889 | K80: 44457 | L80: 31 | M80: 1 | N80: 7 | O80: 1 | P80: O
A81: 0 | B81: NC 42 | C81: 0 | E81: SR 1003 | G81: NC 42 | H81: 16.393 | J81: 104705874 | K81: 42470 | L81: 30 | M81: 1 | N81: 7 | O81: 1 | P81: O
A82: 0 | B82: NC 42 | C82: 0 | E82: SR 1003 | F82: FLOWER | G82: NC 42 | H82: 16.393 | J82: 105727801 | K82: 43464 | L82: 24 | M82: 1 | N82: 7 | O82: 1 | P82: C
A83: 0 | B83: NC 42 | C83: 0 | E83: SR 1003 | F83: SR 1745 | G83: NC 42 | H83: 16.393 | J83: 106123826 | K83: 43839 | L83: 21 | M83: 1 | N83: 7 | O83: 1 | P83: O
A84: 0 | B84: NC 42 | C84: 0 | E84: SR 1003 | F84: SR 1745 | G84: NC 42 | H84: 16.393 | J84: 106222918 | K84: 43962 | L84: 13 | M84: 1 | N84: 7 | O84: 1 | P84: O
A85: 0 | B85: NC 42 | C85: 0 | E85: SR 1003 | F85: SR 1745 | G85: NC 42 | H85: 16.393 | J85: 104775009 | K85: 42520 | L85: 30 | M85: 1 | N85: 7 | O85: 1 | P85: B
A86: 0 | B86: NC 42 | C86: 0 | E86: SR 1003 | F86: SR 1735 | G86: NC 42 | H86: 16.393 | J86: 106029732 | K86: 43753 | L86: 23 | M86: 1 | N86: 7 | O86: 5 | P86: C
A87: 0 | B87: NC 42 | C87: 0 | E87: SR 1003 | F87: SR 1704 | G87: NC 42 | H87: 16.393 | J87: 106562937 | K87: 44317 | L87: 29 | M87: 1 | N87: 7 | O87: 1 | P87: O
A88: 0 | B88: NC 42 | C88: 0 | E88: SR 1003 | F88: SR 1745 | G88: NC 42 | H88: 16.393 | J88: 106852431 | K88: 44592 | L88: 24 | M88: 1 | N88: 7 | O88: 1 | P88: O
A89: 0 | B89: NC 42 | C89: 0 | E89: SR 1003 | F89: SR 1735 | G89: NC 42 | H89: 16.393 | J89: 106217858 | K89: 43954 | L89: 29 | M89: 1 | N89: 7 | O89: 1 | P89: A
A90: 0 | B90: NC 42 | C90: 0 | E90: SR 1003 | F90: SR 1735 | G90: NC 42 | H90: 16.393 | J90: 105745074 | K90: 43479 | L90: 23 | M90: 1 | N90: 7 | O90: 5 | P90: O
A91: 0 | B91: NC 42 | C91: 0 | E91: SR 1003 | F91: SR 1704 | G91: NC 42 | H91: 16.393 | J91: 106122304 | K91: 43840 | L91: 24 | M91: 1 | N91: 7 | O91: 1 | P91: C
A92: 0 | B92: NC 42 | C92: 0 | E92: SR 1003 | F92: SR 1704 | G92: NC 42 | H92: 16.393 | J92: 107298414 | K92: 45021 | L92: 21 | M92: 2 | N92: 7 | O92: 4 | P92: B
A93: 0 | B93: NC 42 | C93: 0 | E93: SR 1003 | F93: FLOWER | G93: NC 42 | H93: 16.393 | J93: 107531110 | K93: 45245 | L93: 17 | M93: 1 | N93: 0 | O93: 5 | P93: O
... A104: 0 | B104: NC 42 | C104: 0 | E104: SR 1003 | F104: SR 1941 | G104: NC 42 | H104: 16.393 | J104: 108483738 | K104: 46141 | L104: 30 | M104: 1 | N104: 7 | O104: 1 | P104: O
A105: 0 | B105: NC 42 | C105: 0 | D105: N | E105: SR 1003 | F105: SR 1905 | G105: NC 42 | H105: 16.393 | J105: 106699783 | K105: 44456 | L105: 23 | M105: 1 | N105: 7 | O105: 1 | P105: O
A106: 0 | B106: NC 42 | C106: 0 | D106: S | E106: SR 1003 | F106: US 70 | G106: NC 42 | H106: 16.393 | J106: 108261257 | K106: 45939 | L106: 26 | M106: 1 | N106: 7 | O106: 1 | P106: O
A107: 0 | B107: NC 96 | C107: 0 | E107: SR 1716 | F107: NC 231 | G107: NC 96 | H107: 38.388 | J107: 106720594 | K107: 44476 | L107: 24 | M107: 1 | N107: 8 | O107: 1 | P107: O
A108: 0 | B108: NC 96 | C108: 0 | E108: SR 1716 | F108: NC 231 | G108: NC 96 | H108: 38.388 | J108: 104359105 | K108: 42118 | L108: 30 | M108: 1 | N108: 8 | O108: 1 | P108: C
A109: 46217 | B109: Page 4 of 74
A110: Muni. Code | B110: On Road | C110: Miles / Dir From | D110: From Road | E110: Toward Road | F110: Milepost Road | G110: MP | H110: MA | I110: Crash ID | J110: Date | K110: T | L110: C | M110: F | N110: L | O110: S
A111: 0 | B111: NC 96 | C111: 0 | E111: SR 1716 | F111: NC 231 | G111: NC 96 | H111: 38.388 | J111: 107976609 | K111: 45658 | L111: 24 | M111: 1 | N111: 8 | O111: 1 | P111: O
A112: 0 | B112: NC 96 | C112: 0 | E112: SR 1716 | F112: NC 231 | G112: NC 96 | H112: 38.388 | J112: 107921176 | K112: 45609 | L112: 29 | M112: 1 | N112: 8 | O112: 5 | P112: C
A113: 0 | B113: NC 96 | C113: 0 | E113: SR 1701 | F113: SR 1729 | G113: NC 96 | H113: 999.999 | J113: 104082078 | K113: 41803 | L113: 30 | M113: 1 | N113: 0 | O113: 1 | P113: C
A114: 491 | B114: NOBLE | C114: 0 | D114: E | E114: BUFFALO | G114: NOBLE | H114: 999.999 | J114: 107380445 | K114: 45103 | L114: 19 | M114: 2 | N114: 0 | O114: 4 | P114: O
A115: 0 | B115: NOBLE | C115: 0 | E115: SR 1003 | F115: US 70 | G115: NOBLE | H115: 999.999 | J115: 104520432 | K115: 42291 | L115: 24 | M115: 1 | N115: 8 | O115: 1 | P115: O
A116: 0 | B116: NOBLE | C116: 0 | E116: SR 1003 | F116: US 70 | G116: NOBLE | H116: 999.999 | J116: 104815329 | K116: 42591 | L116: 24 | M116: 1 | N116: 8 | O116: 1 | P116: C
A117: 491 | B117: OAK | C117: 0 | E117: BUFFALO | F117: NOBLE | G117: OAK | H117: 999.999 | J117: 107047402 | K117: 44785 | L117: 23 | M117: 1 | N117: 7 | O117: 4 | P117: O
A118: 491 | B118: OAK | C118: 0 | D118: W | E118: BUFFALO | F118: US 70 | G118: OAK | H118: 999.999 | J118: 107250610 | K118: 44978 | L118: 2 | M118: 1 | N118: 0 | O118: 1 | P118: O
A119: 491 | B119: OAK | C119: 0 | D119: W | E119: BUFFALO | F119: US 70 | G119: OAK | H119: 999.999 | J119: 108206916 | K119: 45888 | L119: 31 | M119: 1 | N119: 4 | O119: 4 | P119: O
A120: 502 | B120: SR 1003 | C120: 0 | E120: CASWELL | F120: BRIDGE | G120: SR 1003 | H120: 0.184 | J120: 106714450 | K120: 44424 | L120: 24 | M120: 1 | O120: 1 | P120: O
A121: 502 | B121: SR 1003 | C121: 0.057 | D121: N | E121: NORTH | F121: SR 1923 | G121: SR 1003 | H121: 0.313 | J121: 106110772 | K121: 43797 | L121: 17 | M121: 1 | N121: 0 | O121: 4 | P121: O
A122: 502 | B122: SR 1003 | C122: 0.009 | D122: N | E122: NORTH | F122: HOSPITAL | G122: SR 1003 | H122: 0.361 | J122: 105399845 | K122: 43074 | L122: 27 | M122: 1 | N122: 8 | O122: 4 | P122: O
A123: 502 | B123: SR 1003 | C123: 0.001 | D123: N | E123: NORTH | F123: HOSPITAL | G123: SR 1003 | H123: 0.369 | J123: 104123252 | K123: 41814 | L123: 21 | M123: 1 | N123: 8 | O123: 1 | P123: O
...

Sheet Filtered Fiche
A1: Muni. Code | B1: On Road | C1: Miles | D1: Dir From | E1: From Road | F1: Toward Road | G1: Milepost Road | H1: MP | I1: IS | J1: New MP | K1: MA | L1: Crash ID | M1: Date | N1: T | O1: C | P1: F | Q1: L | R1: S | S1: Comments
A2: IN STUDY
A3: 721 | B3: SR 1003 | C3: 0 | E3: SR 1702 | F3: SR 1701 | G3: SR 1003 | H3: 15.154 | I3: IS | L3: 105084916 | M3: 42841 | N3: 30 | O3: 1 | P3: 7 | Q3: 2 | R3: C | S3: Angle, EB at fault, struck SB, RAN STOP
A4: 0 | B4: SR 1003 | C4: 0 | E4: SR 1702 | F4: SR 1003 | G4: SR 1003 | H4: 15.154 | I4: IS | L4: 104510364 | M4: 42282 | N4: 30 | O4: 2 | P4: 7 | Q4: 1 | R4: C | S4: Angle, EB at fault, struck NB, RAN STOP
A5: 721 | B5: SR 1003 | C5: 0 | E5: SR 1702 | F5: SR 1701 | G5: SR 1003 | H5: 15.154 | I5: IS | L5: 106669379 | M5: 44433 | N5: 30 | O5: 1 | P5: 7 | Q5: 1 | R5: O | S5: Angle, WB at fault, struck NB, failure to yield
A6: 721 | B6: SR 1003 | C6: 0 | E6: SR 1702 | F6: SR 1701 | G6: SR 1003 | H6: 15.154 | I6: IS | L6: 105977989 | M6: 43707 | N6: 30 | O6: 1 | P6: 7 | Q6: 1 | R6: C | S6: Angle, WB at fault, struck SB, failure to yield
A7: 721 | B7: SR 1003 | C7: 0 | E7: SR 1702 | F7: SR 1700 | G7: SR 1003 | H7: 15.154 | I7: IS | L7: 106651431 | M7: 44413 | N7: 24 | O7: 1 | P7: 7 | Q7: 1 | R7: B | S7: LTDR, EB at fault, struck NB, failure to yield
A8: 721 | B8: SR 1003 | C8: 0 | E8: SR 1702 | F8: SR 1701 | G8: SR 1003 | H8: 15.154 | I8: IS | L8: 106879035 | M8: 44622 | N8: 30 | O8: 1 | P8: 7 | Q8: 4 | R8: O | S8: Angle, SB at fault, struck WB, failure to yield
A9: 0 | B9: SR 1003 | C9: 0 | E9: SR 1702 | F9: SR 1700 | G9: SR 1003 | H9: 15.154 | I9: IS | L9: 104017975 | M9: 41723 | N9: 30 | O9: 2 | P9: 7 | Q9: 1 | R9: C | S9: Angle, WB at fault, struck NB, RAN STOP
A10: 0 | B10: SR 1003 | C10: 0 | E10: SR 1702 | G10: SR 1003 | H10: 15.154 | I10: IS | L10: 104480315 | M10: 42249 | N10: 30 | O10: 1 | P10: 7 | Q10: 1 | R10: O | S10: Angle, EB at fault, struck SB, failure to yield
A11: 0 | B11: SR 1003 | C11: 0 | E11: SR 1702 | F11: SR 1700 | G11: SR 1003 | H11: 15.154 | I11: IS | L11: 105954288 | M11: 43686 | N11: 30 | O11: 1 | P11: 7 | Q11: 1 | R11: C | S11: Angle, WB at fault, struck SB, failure to yield
A12: 0 | B12: SR 1003 | C12: 0 | E12: SR 1702 | F12: SR 1703 | G12: SR 1003 | H12: 15.154 | I12: IS | L12: 105013146 | M12: 42783 | N12: 30 | O12: 1 | P12: 7 | Q12: 1 | R12: C | S12: Angle, WB at fault, struck NB, failure to yield
A13: 721 | B13: SR 1003 | C13: 0 | E13: SR 1702 | F13: SR 1700 | G13: SR 1003 | H13: 15.154 | I13: IS | L13: 105628937 | M13: 43379 | N13: 30 | O13: 1 | P13: 7 | Q13: 4 | R13: C | S13: Angle, WB at fault, struck SB, failure to yield
A14: 721 | B14: SR 1003 | C14: 0 | E14: SR 1702 | F14: SR 1701 | G14: SR 1003 | H14: 15.154 | I14: IS | L14: 106587177 | M14: 44343 | N14: 30 | O14: 1 | P14: 7 | Q14: 1 | R14: O | S14: Angle, EB at fault, struck NB, failure to yield
A15: 721 | B15: SR 1003 | C15: 0 | E15: SR 1702 | F15: SR 1770 | G15: SR 1003 | H15: 15.154 | I15: IS | L15: 106736743 | M15: 44489 | N15: 23 | O15: 1 | P15: 7 | Q15: 1 | R15: O | S15: LTSR, WB at fault, struck EB
A16: 721 | B16: SR 1003 | C16: 0 | E16: SR 1702 | F16: SR 1701 | G16: SR 1003 | H16: 15.154 | I16: IS | L16: 105565522 | M16: 43316 | N16: 30 | O16: 1 | P16: 7 | Q16: 1 | R16: B | S16: Angle, WB at fault, struck NB, RAN STOP
A17: 721 | B17: SR 1003 | C17: 0 | E17: SR 1702 | F17: SR 1702 | G17: SR 1003 | H17: 15.154 | I17: IS | L17: 106271226 | M17: 44019 | N17: 30 | O17: 1 | P17: 7 | Q17: 1 | R17: O | S17: Angle, WB at fault, struck NB, failure to yield
A18: 0 | B18: SR 1003 | C18: 0 | E18: SR 1702 | F18: SR 1700 | G18: SR 1003 | H18: 15.154 | I18: IS | L18: 104978168 | M18: 42748 | N18: 24 | O18: 1 | P18: 8 | Q18: 1 | R18: C | S18: LTDR, EB at fault, struck SB, failure to yield
A19: 721 | B19: SR 1003 | C19: 0 | E19: SR 1702 | F19: SR 1700 | G19: SR 1003 | H19: 15.154 | I19: IS | L19: 104852963 | M19: 42628 | N19: 30 | O19: 1 | P19: 0 | Q19: 1 | R19: C | S19: Angle, EB at fault, struck SB, RAN STOP
A20: 721 | B20: SR 1003 | C20: 0 | E20: SR 1702 | F20: SR 1701 | G20: SR 1003 | H20: 15.154 | I20: IS | L20: 106384474 | M20: 44130 | N20: 5 | O20: 1 | P20: 7 | Q20: 1 | R20: B | S20: Overturn, SB
B21: SR 1003 | C21: 0 | E21: SR 1702 | F21: SR 1770 | G21: SR 1003 | H21: 15.154 | I21: IS | L21: 108354952 | M21: 46018 | N21: 30 | O21: 1 | P21: 7 | Q21: 1 | R21: B | S21: Angle, NB at fault, struck EB, RAN STOP
A22: 0 | B22: SR 1003 | C22: 0 | E22: SR 1702 | F22: SR 1770 | G22: SR 1003 | H22: 15.154 | I22: IS | L22: 108053908 | M22: 45734 | N22: 30 | O22: 1 | P22: 7 | Q22: 4 | R22: O | S22: Angle, SB at fault, struck WB, RAN STOP
A23: 0 | B23: SR 1003 | C23: 0 | E23: SR 1702 | F23: SR 1700 | G23: SR 1003 | H23: 15.154 | I23: IS | L23: 108068543 | M23: 45749 | N23: 30 | O23: 1 | P23: 7 | Q23: 4 | R23: O | S23: Angle, SB at fault, struck WB, failure to yield
A24: 0 | B24: SR 1003 | C24: 0 | E24: SR 1702 | F24: SR 1700 | G24: SR 1003 | H24: 15.154 | I24: IS | L24: 107922235 | M24: 45611 | N24: 30 | O24: 1 | P24: 7 | Q24: 4 | R24: O | S24: Angle, SB at fault, struck WB, RAN STOP
A25: 0 | B25: SR 1003 | C25: 0 | E25: SR 1702 | F25: SR 1770 | G25: SR 1003 | H25: 15.154 | I25: IS | L25: 107781158 | M25: 45485 | N25: 30 | O25: 2 | P25: 7 | Q25: 1 | R25: B | S25: Angle, WB at fault, struck NB, failure to yield
B26: SR 1003 | C26: 0 | E26: SR 1702 | F26: SR 1701 | G26: SR 1003 | H26: 15.154 | I26: IS | L26: 107423856 | M26: 45148 | N26: 30 | O26: 1 | P26: 7 | Q26: 1 | R26: B | S26: Angle, EB at fault, struck SB, failure to yield
A27: 721 | B27: SR 1003 | C27: 0.008 | D27: N | E27: SR 1702 | F27: SR 3552 | G27: SR 1003 | H27: 15.162 | I27: IS | L27: 108148651 | M27: 45829 | N27: 17 | O27: 1 | P27: 0 | Q27: 5 | R27: O | S27: Animal, NB
A28: 0 | B28: SR 1003 | C28: 0.009 | D28: W | E28: SR 1702 | F28: SR 1770 | G28: SR 1003 | H28: 15.163 | I28: IS | L28: 107113927 | M28: 44848 | N28: 21 | O28: 1 | P28: 0 | Q28: 1 | R28: O | S28: Rear end, SB
A29: 721 | B29: SR 1003 | C29: 0.2 | D29: N | E29: SR 1701 | F29: SR 1702 | G29: SR 1003 | H29: 15.226 | I29: IS | L29: 107137613 | M29: 44847 | N29: 21 | O29: 2 | P29: 0 | Q29: 3 | R29: C | S29: Rear end, NB
A30: 721 | B30: SR 1003 | C30: 0.1 | D30: N | E30: SR 1702 | F30: SR 1770 | G30: SR 1003 | H30: 15.254 | I30: IS | L30: 105340880 | M30: 43104 | N30: 2 | O30: 5 | P30: 0 | Q30: 1 | R30: C | S30: ROR left, SB, snow
A31: 0 | B31: SR 1003 | C31: 0.1 | D31: N | E31: SR 1702 | F31: SR 1770 | G31: SR 1003 | H31: 15.254 | I31: IS | L31: 106801086 | M31: 44543 | N31: 19 | O31: 1 | P31: 0 | Q31: 1 | R31: O | S31: ROR right, SB
A32: 721 | B32: SR 1003 | C32: 0.3 | D32: N | E32: SR 1701 | F32: SR 1770 | G32: SR 1003 | H32: 15.326 | I32: IS | L32: 104011474 | M32: 41717 | N32: 23 | O32: 2 | P32: 5 | Q32: 1 | R32: O | S32: Sideswipe, same, NB, pass attempt
A33: 721 | B33: SR 1003 | C33: 0.2 | D33: N | E33: SR 1702 | F33: SR 1770 | G33: SR 1003 | H33: 15.354 | I33: IS | L33: 106619579 | M33: 44367 | N33: 19 | O33: 1 | P33: 0 | Q33: 1 | R33: O | S33: ROR right, SB
A34: 0 | B34: SR 1003 | C34: 0.2 | D34: N | E34: SR 1702 | F34: SR 1770 | G34: SR 1003 | H34: 15.354 | I34: IS | L34: 105711314 | M34: 43448 | N34: 19 | O34: 2 | P34: 0 | Q34: 1 | R34: O | S34: ROR right, NB
A35: 721 | B35: SR 1003 | C35: 0.2 | D35: N | E35: SR 1702 | F35: SR 1770 | G35: SR 1003 | H35: 15.354 | I35: IS | L35: 106397767 | M35: 44142 | N35: 29 | O35: 1 | P35: 0 | Q35: 1 | R35: B | S35: Sideswipe, opp, SB at fault
A36: 721 | B36: SR 1003 | C36: 0.23 | D36: N | E36: SR 1702 | F36: SR 1716 | G36: SR 1003 | H36: 15.384 | I36: IS | L36: 105055163 | M36: 42822 | N36: 19 | O36: 2 | P36: 0 | Q36: 1 | R36: C | S36: ROR right, SB, overturn
B37: SR 1003 | C37: 0.27 | D37: NW | E37: SR 1702 | F37: SR 1770 | G37: SR 1003 | H37: 15.424 | I37: IS | L37: 106433774 | M37: 44177 | N37: 19 | O37: 1 | P37: 0 | Q37: 1 | R37: O | S37: ROR right, SB, overturn
B38: SR 1003 | C38: 0.4 | D38: W | E38: SR 1701 | F38: SR 1716 | G38: SR 1003 | H38: 15.426 | I38: IS | L38: 105664891 | M38: 43407 | N38: 19 | O38: 1 | P38: 0 | Q38: 1 | R38: O | S38: ROR left, SB, medical episode
A39: 0 | B39: SR 1003 | C39: 0.3 | D39: N | E39: SR 1702 | F39: SR 1716 | G39: SR 1003 | H39: 15.454 | I39: IS | L39: 104581173 | M39: 42345 | N39: 19 | O39: 2 | P39: 0 | Q39: 1 | R39: O | S39: ROR right, NB
A40: 721 | B40: SR 1003 | C40: 0.3 | D40: N | E40: SR 1702 | F40: SR 1770 | G40: SR 1003 | H40: 15.454 | I40: IS | L40: 107607426 | M40: 45319 | N40: 19 | O40: 2 | P40: 0 | Q40: 1 | R40: B | S40: ROR right, NB
A41: 0 | B41: SR 1003 | C41: 0.3 | D41: N | E41: SR 1702 | F41: SR 1770 | G41: SR 1003 | H41: 15.454 | I41: IS | L41: 108364616 | M41: 46029 | N41: 17 | O41: 1 | P41: 0 | Q41: 5 | R41: O | S41: Animal, SB
B42: SR 1003 | C42: 0.4 | D42: N | E42: SR 1702 | F42: SR 1716 | G42: SR 1003 | H42: 15.554 | I42: IS | L42: 106687717 | M42: 44443 | N42: 21 | O42: 1 | P42: 5 | Q42: 1 | R42: B | S42: Rear end, NB
B43: SR 1003 | C43: 0.4 | D43: N | E43: SR 1702 | F43: SR 1716 | G43: SR 1003 | H43: 15.554 | I43: IS | L43: 106180685 | M43: 43900 | N43: 23 | O43: 1 | P43: 5 | Q43: 1 | R43: O | S43: LTSR, pass attempt, NB, at PVA
A44: 721 | B44: SR 1003 | C44: 0.4 | D44: N | E44: SR 1702 | F44: SR 1770 | G44: SR 1003 | H44: 15.554 | I44: IS | L44: 106546551 | M44: 44301 | N44: 19 | O44: 1 | P44: 0 | Q44: 1 | R44: O | S44: ROR right, SB
B45: SR 1003 | C45: 0.4 | D45: N | E45: SR 1702 | F45: SR 1770 | G45: SR 1003 | H45: 15.554 | I45: IS | L45: 107619070 | M45: 45330 | N45: 21 | O45: 1 | P45: 5 | Q45: 1 | R45: O | S45: Rear end, NB
A46: 0 | B46: SR 1003 | C46: 0.5 | D46: N | E46: SR 1702 | F46: SR 1716 | G46: SR 1003 | H46: 15.654 | I46: IS | L46: 105535673 | M46: 43289 | N46: 19 | O46: 1 | P46: 0 | Q46: 1 | R46: B | S46: ROR right, SB
A47: 0 | B47: SR 1003 | C47: 0.6 | D47: N | E47: SR 1702 | F47: SR 1770 | G47: SR 1003 | H47: 15.754 | I47: IS | L47: 105652430 | M47: 43398 | N47: 19 | O47: 1 | P47: 0 | Q47: 1 | R47: K | S47: ROR left, SB, struck tree, driver may have fallen asleep
A48: 0 | B48: SR 1003 | C48: 0.75 | D48: N | E48: SR 1701 | F48: SR 1716 | G48: SR 1003 | H48: 15.776 | I48: IS | L48: 106860708 | M48: 44604 | N48: 19 | O48: 1 | P48: 0 | Q48: 5 | S48: ROR right, SB
A49: 0 | B49: SR 1003 | C49: 0.68 | D49: N | E49: SR 1702 | F49: SR 1717 | G49: SR 1003 | H49: 15.834 | I49: IS | L49: 107444969 | M49: 45171 | N49: 19 | O49: 1 | Q49: 5 | R49: O | S49: ROR right, NB
A50: 0 | B50: SR 1003 | C50: 0.7 | D50: N | E50: SR 1702 | F50: SR 1770 | G50: SR 1003 | H50: 15.854 | I50: IS | L50: 106520511 | M50: 44274 | N50: 19 | O50: 1 | P50: 0 | Q50: 1 | R50: B | S50: ROR right, NB
A51: 0 | B51: SR 1003 | C51: 0.7 | D51: N | E51: SR 1702 | F51: SR 1770 | G51: SR 1003 | H51: 15.854 | I51: IS | L51: 104067155 | M51: 41776 | N51: 21 | O51: 1 | P51: 5 | Q51: 1 | R51: O | S51: Rear end, NB
A52: 0 | B52: SR 1003 | C52: 0.66 | D52: E | E52: SR 1770 | F52: SR 1702 | G52: SR 1003 | H52: 15.905 | I52: IS | L52: 108430843 | M52: 46086 | N52: 5 | O52: 1 | P52: 0 | Q52: 5 | R52: C | S52: ROR left, SB
A53: 721 | B53: SR 1003 | C53: 0.8 | D53: N | E53: SR 1702 | F53: SR 1770 | G53: SR 1003 | H53: 15.954 | I53: IS | L53: 106102317 | M53: 43818 | N53: 17 | O53: 1 | P53: 0 | Q53: 5 | R53: O | S53: Animal, NB
A54: 0 | B54: SR 1003 | C54: 0.8 | D54: N | E54: SR 1702 | F54: SR 1770 | G54: SR 1003 | H54: 15.954 | I54: IS | L54: 107640861 | M54: 45350 | N54: 19 | O54: 2 | P54: 0 | Q54: 5 | R54: O | S54: ROR right, SB
A55: 0 | B55: SR 1003 | C55: 0.6 | D55: S | E55: SR 1770 | F55: SR 1702 | G55: SR 1003 | H55: 15.965 | I55: IS | L55: 104362573 | M55: 42121 | N55: 19 | O55: 1 | P55: 0 | Q55: 1 | R55: O | S55: ROR right, SB
B56: SR 1003 | C56: 0.6 | D56: S | E56: SR 1770 | F56: SR 1716 | G56: SR 1003 | H56: 15.965 | I56: IS | L56: 107122747 | M56: 44856 | N56: 17 | O56: 1 | P56: 0 | Q56: 1 | R56: O | S56: Animal, SB
A57: 0 | B57: SR 1003 | C57: 1 | D57: N | E57: SR 1701 | F57: SR 1716 | G57: SR 1003 | H57: 16.026 | I57: IS | L57: 106797687 | M57: 44539 | N57: 29 | O57: 1 | P57: 0 | Q57: 5 | R57: O | S57: Sideswipe, opp, SB at fault
A58: 721 | B58: SR 1003 | C58: 0.9 | D58: N | E58: SR 1702 | F58: SR 1716 | G58: SR 1003 | H58: 16.054 | I58: IS | L58: 104340129 | M58: 42100 | N58: 19 | O58: 1 | P58: 0 | Q58: 5 | R58: O | S58: ROR right, SB
A59: 0 | B59: SR 1003 | C59: 0.5 | D59: S | E59: SR 1770 | F59: SR 1702 | G59: SR 1003 | H59: 16.065 | I59: IS | L59: 106688199 | M59: 44442 | N59: 19 | O59: 1 | P59: 0 | Q59: 1 | R59: O | S59: ROR right, SB
A60: 0 | B60: SR 1003 | C60: 0.5 | D60: S | E60: SR 1770 | F60: SR 1702 | G60: SR 1003 | H60: 16.065 | I60: IS | L60: 107948467 | M60: 45633 | N60: 29 | O60: 1 | P60: 0 | Q60: 1 | R60: O | S60: Sideswipe, opp, NB at fault
A61: 721 | B61: SR 1003 | C61: 0.45 | D61: S | E61: SR 1770 | F61: SR 1700 | G61: SR 1003 | H61: 16.115 | I61: IS | L61: 105201759 | M61: 42958 | N61: 27 | O61: 1 | P61: 0 | Q61: 1 | R61: A | S61: ROR right, SB, leading to head on with NB
A62: 0 | B62: SR 1003 | C62: 0.4 | D62: S | E62: SR 1770 | F62: SR 1702 | G62: SR 1003 | H62: 16.165 | I62: IS | L62: 104267703 | M62: 42013 | N62: 19 | O62: 1 | P62: 0 | Q62: 5 | R62: B | S62: ROR left, NB, pass attempt
A63: 0 | B63: SR 1003 | C63: 0.4 | D63: S | E63: SR 1770 | F63: SR 1702 | G63: SR 1003 | H63: 16.165 | I63: IS | L63: 106349490 | M63: 44100 | N63: 29 | O63: 1 | P63: 0 | Q63: 1 | R63: B | S63: Sideswipe, opp, NB at fault
A64: 721 | B64: SR 1003 | C64: 0.4 | D64: S | E64: SR 1770 | F64: SR 1701 | G64: SR 1003 | H64: 16.165 | I64: IS | L64: 105389533 | M64: 42935 | N64: 29 | O64: 1 | P64: 0 | Q64: 1 | R64: O | S64: Sideswipe, opp, fault undetermined
A65: 0 | B65: SR 1003 | C65: 0.38 | D65: S | E65: SR 1770 | F65: SR 1700 | G65: SR 1003 | H65: 16.185 | I65: IS | L65: 105453850 | M65: 43199 | N65: 5 | O65: 2 | P65: 0 | Q65: 5 | R65: O | S65: ROR right, SB
A66: 721 | B66: SR 1003 | C66: 1.1 | D66: NW | E66: SR 1702 | F66: SR 1770 | G66: SR 1003 | H66: 16.254 | I66: IS | L66: 105775859 | M66: 43510 | N66: 19 | O66: 1 | P66: 5 | Q66: 1 | R66: A | S66: ROR right, NB, struck tree
A67: 0 | B67: SR 1003 | C67: 0.25 | D67: S | E67: SR 1770 | F67: SR 1702 | G67: SR 1003 | H67: 16.315 | I67: IS | L67: 107685867 | M67: 45392 | N67: 17 | O67: 1 | P67: 0 | Q67: 5 | R67: O | S67: Animal, SB
A68: 0 | B68: SR 1003 | C68: 1.2 | D68: N | E68: SR 1702 | F68: SR 1770 | G68: SR 1003 | H68: 16.354 | I68: IS | L68: 108225037 | M68: 45906 | N68: 19 | O68: 2 | P68: 0 | Q68: 5 | S68: ROR right, NB
A69: 0 | B69: SR 1003 | C69: 0.2 | D69: S | E69: SR 1770 | F69: SR 1701 | G69: SR 1003 | H69: 16.365 | I69: IS | L69: 106217776 | M69: 43952 | N69: 19 | O69: 1 | P69: 0 | Q69: 1 | R69: O | S69: ROR right, NB
A70: 0 | B70: SR 1003 | C70: 0.2 | D70: S | E70: SR 1770 | F70: SR 1001 | G70: SR 1003 | H70: 16.365 | I70: IS | L70: 105019105 | M70: 42783 | N70: 5 | O70: 1 | P70: 0 | Q70: 1 | R70: O | S70: ROR right, NB
A71: 0 | B71: SR 1003 | C71: 0.2 | D71: S | E71: SR 1770 | F71: SR 1701 | G71: SR 1003 | H71: 16.365 | I71: IS | L71: 107675564 | M71: 45384 | N71: 19 | O71: 1 | P71: 0 | Q71: 1 | R71: O | S71: ROR left, SB
A72: 0 | B72: SR 1003 | C72: 1.3 | D72: S | E72: SR 1716 | F72: SR 1702 | G72: SR 1003 | H72: 16.391 | I72: IS | L72: 107080417 | M72: 44812 | N72: 19 | O72: 1 | P72: 0 | Q72: 1 | R72: B | S72: ROR right, SB
A73: 0 | B73: SR 1003 | C73: 0.1 | D73: S | E73: SR 1770 | F73: SR 1701 | G73: SR 1003 | H73: 16.465 | I73: IS | L73: 105033820 | M73: 42803 | N73: 21 | O73: 1 | P73: 0 | Q73: 1 | R73: C | S73: Rear end, SB
A74: 0 | B74: SR 1003 | C74: 0.1 | D74: S | E74: SR 1770 | F74: SR 1702 | G74: SR 1003 | H74: 16.465 | I74: IS | L74: 106376633 | M74: 44127 | N74: 17 | O74: 1 | P74: 0 | Q74: 1 | R74: O | S74: Animal, NB
A75: 0 | B75: SR 1003 | C75: 0.1 | D75: S | E75: SR 1770 | F75: SR 1702 | G75: SR 1003 | H75: 16.465 | I75: IS | L75: 107249049 | M75: 44971 | N75: 21 | O75: 1 | P75: 0 | Q75: 1 | R75: O | S75: Rear end, NB
A76: 0 | B76: SR 1003 | C76: 0.06 | D76: S | E76: SR 1770 | F76: SR 1702 | G76: SR 1003 | H76: 16.505 | I76: IS | L76: 108049386 | M76: 45731 | N76: 5 | O76: 1 | P76: 0 | Q76: 1 | R76: B | S76: Overturn, NB, motorcycle
A77: 0 | B77: SR 1003 | C77: 1.5 | D77: N | E77: SR 1701 | F77: SR 1716 | G77: SR 1003 | H77: 16.526 | I77: IS | L77: 106096926 | M77: 43814 | N77: 17 | O77: 1 | P77: 0 | Q77: 5 | R77: O | S77: Animal, SB
A78: 0 | B78: SR 1003 | C78: 0.028 | D78: S | E78: SR 1770 | F78: SR 1702 | G78: SR 1003 | H78: 16.537 | I78: IS | L78: 107576053 | M78: 45281 | N78: 19 | O78: 1 | P78: 0 | Q78: 1 | R78: O | S78: ROR right, SB
A79: 0 | B79: SR 1003 | C79: 0 | E79: FLETCHER | F79: SR 1701 | G79: SR 1003 | H79: 16.565 | I79: IS | L79: 105885511 | M79: 43622 | N79: 17 | O79: 1 | P79: 0 | Q79: 5 | R79: O | S79: Animal, SB
A80: 0 | B80: SR 1003 | C80: 0 | E80: SR 1770 | F80: SR 1702 | G80: SR 1003 | H80: 16.565 | I80: IS | L80: 106507858 | M80: 44258 | N80: 28 | O80: 1 | P80: 0 | Q80: 1 | R80: O | S80: Sideswipe, opp, fault undetermined
A81: 0 | B81: SR 1003 | C81: 0.009 | D81: N | E81: SR 1770 | F81: SR 1716 | G81: SR 1003 | H81: 16.574 | I81: IS | L81: 106950839 | M81: 44690 | N81: 18 | O81: 1 | P81: 0 | Q81: 1 | R81: O | S81: Moveable object, NB
A82: 0 | B82: SR 1003 | C82: 0.018 | D82: N | E82: SR 1770 | F82: SR 1716 | G82: SR 1003 | H82: 16.583 | I82: IS | L82: 106493081 | M82: 44245 | N82: 19 | O82: 2 | P82: 0 | Q82: 1 | R82: O | S82: ROR right, NB
A83: 0 | B83: SR 1003 | C83: 0.057 | D83: N | E83: SR 1770 | F83: SR 1716 | G83: SR 1003 | H83: 16.622 | I83: IS | L83: 104812149 | M83: 42588 | N83: 19 | O83: 1 | P83: 0 | Q83: 5 | R83: O | S83: ROR left, SB
A84: 721 | B84: SR 1003 | C84: 0.1 | D84: N | E84: SR 1770 | F84: SR 1716 | G84: SR 1003 | H84: 16.665 | I84: IS | L84: 104659610 | M84: 42427 | N84: 19 | O84: 1 | P84: 0 | Q84: 1 | R84: B | S84: ROR right, NB
A85: 0 | B85: SR 1003 | C85: 0.1 | D85: N | E85: SR 1770 | F85: SR 1716 | G85: SR 1003 | H85: 16.665 | I85: IS | L85: 107270207 | M85: 44995 | N85: 29 | O85: 2 | P85: 0 | Q85: 1 | R85: C | S85: Head on, SB at fault
A86: 0 | B86: SR 1003 | C86: 0.1 | D86: N | E86: SR 1770 | F86: SR 1716 | G86: SR 1003 | H86: 16.665 | I86: IS | L86: 106445814 | M86: 44190 | N86: 19 | O86: 2 | P86: 0 | Q86: 5 | R86: O | S86: ROR right, SB, overturn
A87: 0 | B87: SR 1003 | C87: 0.1 | D87: N | E87: SR 1770 | F87: SR 1716 | G87: SR 1003 | H87: 16.665 | I87: IS | L87: 106016055 | M87: 43743 | N87: 21 | O87: 1 | P87: 0 | Q87: 1 | R87: O | S87: Rear end, SB
A88: 0 | B88: SR 1003 | C88: 0.1 | D88: N | E88: SR 1770 | F88: SR 1716 | G88: SR 1003 | H88: 16.665 | I88: IS | L88: 107270251 | M88: 44995 | N88: 19 | O88: 2 | P88: 5 | Q88: 1 | R88: O | S88: ROR left, NB, turn attempt
A89: 0 | B89: SR 1003 | C89: 0.1 | D89: N | E89: SR 1770 | F89: SR 1771 | G89: SR 1003 | H89: 16.665 | I89: IS | L89: 104260381 | M89: 42009 | N89: 5 | O89: 1 | P89: 0 | Q89: 1 | R89: C | S89: ROR right, NB, overturn
A90: 0 | B90: SR 1003 | C90: 0.1 | D90: N | E90: SR 1770 | F90: SR 2637 | G90: SR 1003 | H90: 16.665 | I90: IS | L90: 105368948 | M90: 43130 | N90: 19 | O90: 2 | P90: 5 | Q90: 5 | R90: C | S90: ROR right, NB, avoidance of animal
A91: 0 | B91: SR 1003 | C91: 0.1 | D91: N | E91: SR 1770 | F91: SR 3523 | G91: SR 1003 | H91: 16.665 | I91: IS | L91: 107730387 | M91: 45436 | N91: 19 | O91: 1 | P91: 0 | Q91: 1 | R91: O | S91: ROR right, SB
A92: 0 | B92: SR 1003 | C92: 0.1 | D92: W | E92: SR 1770 | F92: SR 1716 | G92: SR 1003 | H92: 16.665 | I92: IS | L92: 104580026 | M92: 42340 | N92: 19 | O92: 2 | P92: 0 | Q92: 1 | R92: C | S92: ROR right, NB
A93: 0 | B93: SR 1003 | C93: 0.35 | D93: S | E93: SR 3290 | F93: SR 1770 | G93: SR 1003 | H93: 16.668 | I93: IS | L93: 108492561 | M93: 46150 | N93: 28 | O93: 1 | P93: 0 | Q93: 1 | R93: C | S93: Sideswipe, same, NB, pass attempt
B94: SR 1003 | C94: 1 | D94: S | E94: SR 1716 | F94: SR 1770 | G94: SR 1003 | H94: 16.691 | I94: IS | L94: 108077755 | M94: 45760 | N94: 17 | O94: 1 | P94: 0 | Q94: 5 | R94: O | S94: Animal, NB
A95: 0 | B95: SR 1003 | C95: 0.13 | D95: N | E95: SR 1770 | F95: SR 1716 | G95: SR 1003 | H95: 16.695 | I95: IS | L95: 107417559 | M95: 45139 | N95: 19 | O95: 1 | P95: 0 | Q95: 5 | R95: O | S95: ROR right, NB
A96: 0 | B96: SR 1003 | C96: 0.19 | D96: N | E96: SR 1770 | F96: SR 2638 | G96: SR 1003 | H96: 16.755 | I96: IS | L96: 108268106 | M96: 45945 | N96: 21 | O96: 1 | P96: 0 | Q96: 1 | R96: O | S96: Rear end, NB
A97: 0 | B97: SR 1003 | C97: 0.2 | D97: N | E97: SR 1770 | G97: SR 1003 | H97: 16.765 | I97: IS | L97: 106629539 | M97: 44330 | N97: 29 | O97: 1 | P97: 0 | Q97: 1 | R97: O | S97: Sideswipe, opp, fault not determined
A98: 0 | B98: SR 1003 | C98: 0.8 | D98: S | E98: SR 1716 | F98: SR 1702 | G98: SR 1003 | H98: 16.891 | I98: IS | L98: 107872674 | M98: 45555 | N98: 23 | O98: 1 | P98: 4 | Q98: 1 | R98: O | S98: LTSR, at PVA
A99: 0 | B99: SR 1003 | C99: 0.7 | D99: S | E99: SR 1716 | F99: SR 1700 | G99: SR 1003 | H99: 16.991 | I99: IS | L99: 107697756 | M99: 45404 | N99: 5 | O99: 1 | P99: 0 | Q99: 1 | R99: O | S99: ROR left, SB, overturn
A100: 0 | B100: SR 1003 | C100: 0.2 | D100: S | E100: PVA MERRIT DR | F100: SR 1700 | G100: SR 1003 | H100: 17.004 | I100: IS | L100: 105772905 | M100: 43509 | N100: 17 | O100: 1 | P100: 0 | Q100: 1 | R100: O | S100: Animal, NB
...

Sheet Binned Crashes
A1: Muni. Code | B1: On Road | C1: Miles | D1: Dir From | E1: From Road | F1: Toward Road | G1: Milepost Road | H1: MP | I1: IS | J1: New MP | K1: MA | L1: Crash ID | M1: Date | N1: T | O1: C | P1: F | Q1: L | R1: S | S1: Comments
A2: NOT IN STUDY - BEFORE STUDY LIMITS
A3: 0 | B3: SR 1003 | C3: 0 | E3: SR 1716 | F3: SR 1715 | G3: SR 1003 | H3: 17.691 | I3: RE | J3: 17.811 | L3: 104029773 | M3: 41738 | N3: 23 | O3: 1 | P3: 8 | Q3: 1 | R3: B | S3: LTSR, NB at fault, struck SB
A4: 0 | B4: SR 1716 | C4: 0 | E4: SR 1003 | F4: SR 1716 | G4: SR 1716 | H4: 999.999 | I4: ADD | J4: 17.691 | L4: 104194817 | M4: 41936 | N4: 19 | O4: 1 | P4: 8 | Q4: 1 | R4: O | S4: Run through int at SR 1716
A5: 0 | B5: SR 1003 | C5: 0.002 | D5: E | E5: SR 2638 | F5: SR 1716 | G5: SR 1003 | H5: 17.809 | I5: IS | J5: 17.809 | L5: 104233621 | M5: 41978 | N5: 21 | O5: 1 | P5: 0 | Q5: 5 | R5: O | S5: Rear end, NB, waiting for left turn
A6: 0 | B6: SR 1003 | C6: 0 | E6: SR 1716 | F6: SR 1717 | G6: SR 1003 | H6: 17.691 | I6: RE | J6: 17.811 | L6: 104385210 | M6: 42143 | N6: 23 | O6: 1 | P6: 8 | Q6: 1 | R6: A | S6: LTSR, NB at fault, struck SB
A7: BEFORE PERIOD: 6/1/2015 - 4/30/2020
A8: 0 | B8: SR 1716 | C8: 0 | E8: SR 1003 | F8: SR 1718 | G8: SR 1716 | H8: 999.999 | I8: ADD | J8: 17.691 | L8: 104509841 | M8: 42276 | N8: 19 | O8: 2 | P8: 0 | Q8: 5 | R8: O | S8: Run through int at SR 1716
A9: 0 | B9: SR 1003 | C9: 0 | E9: SR 1716 | F9: SR 1715 | G9: SR 1003 | H9: 17.691 | I9: RE | J9: 17.811 | L9: 104515269 | M9: 42284 | N9: 23 | O9: 1 | P9: 8 | Q9: 5 | R9: O | S9: LTSR, NB at fault, struck SB
A10: 0 | B10: SR 1003 | C10: 0.1 | D10: N | E10: SR 1716 | F10: SR 1717 | G10: SR 1003 | H10: 17.791 | I10: IS | J10: 17.791 | L10: 105381930 | M10: 42371 | N10: 17 | O10: 1 | P10: 0 | Q10: 5 | R10: O | S10: Animal, SB
A11: 0 | B11: SR 1716 | C11: 0 | E11: SR 1003 | F11: SR 1715 | G11: SR 2638 | H11: 1.44 | I11: RE | J11: 17.691 | K11: Y | L11: 104781542 | M11: 42556 | N11: 19 | O11: 1 | P11: 8 | Q11: 5 | S11: Run through int at SR 1716
A12: 0 | B12: SR 1716 | C12: 0 | E12: SR 1003 | F12: SR 1716 | G12: SR 1716 | H12: 999.999 | I12: ADD | J12: 17.811 | L12: 104830578 | M12: 42608 | N12: 19 | O12: 1 | P12: 8 | Q12: 5 | R12: O | S12: Run through int at SR 2638
A13: 0 | B13: SR 1716 | C13: 0 | E13: SR 1003 | F13: SR 1717 | G13: SR 1716 | H13: 999.999 | I13: ADD | J13: 17.811 | L13: 104866057 | M13: 42636 | N13: 24 | O13: 1 | P13: 9 | Q13: 1 | R13: O | S13: LTDR, EB at fault, struck SB, at SR 2638
A14: 0 | B14: SR 1003 | C14: 0 | E14: SR 1716 | F14: SR 1716 | G14: SR 1003 | H14: 17.691 | I14: RE | J14: 17.811 | L14: 104895997 | M14: 42670 | N14: 23 | O14: 1 | P14: 8 | Q14: 3 | R14: C | S14: LTSR, NB at fault, struck SB
A15: 0 | B15: SR 1003 | C15: 0 | E15: SR 1716 | F15: SR 1715 | G15: SR 1003 | H15: 17.691 | I15: RE | J15: 17.811 | L15: 104990692 | M15: 42765 | N15: 24 | O15: 1 | P15: 8 | Q15: 5 | R15: O | S15: LTSR, NB at fault, struck SB
A16: 0 | B16: SR 1003 | C16: 0 | E16: SR 2638 | F16: SR 1716 | G16: SR 1003 | H16: 17.811 | I16: IS | J16: 17.811 | L16: 105002026 | M16: 42773 | N16: 24 | O16: 1 | P16: 8 | Q16: 1 | R16: C | S16: LTSR, NB at fault, struck SB
A17: 0 | B17: SR 1003 | C17: 0 | E17: SR 1003 | F17: SR 1717 | G17: SR 1003 | H17: 999.999 | I17: ADD | J17: 17.691 | L17: 105014768 | M17: 42783 | N17: 23 | O17: 1 | P17: 0 | Q17: 1 | R17: C | S17: LTSR, SB at fault, struck NB at SR 1716
A18: 0 | B18: SR 1716 | C18: 0.009 | D18: W | E18: SR 1003 | F18: SR 1715 | G18: SR 2638 | H18: 1.431 | I18: ADD | J18: 17.691 | K18: Y | L18: 105286496 | M18: 43047 | N18: 19 | O18: 2 | P18: 8 | Q18: 1 | R18: O | S18: Run through int at SR 1716
A19: 0 | B19: SR 1003 | C19: 0 | E19: SR 1716 | F19: SR 1716 | G19: SR 1003 | H19: 17.691 | I19: IS | J19: 17.691 | L19: 105342823 | M19: 43103 | N19: 29 | O19: 4 | P19: 0 | Q19: 5 | R19: O | S19: Sideswipe, opp, SB at fault
A20: 0 | B20: SR 1003 | C20: 0 | E20: SR 1716 | F20: SR 1717 | G20: SR 1003 | H20: 17.691 | I20: RE | J20: 17.811 | L20: 105479722 | M20: 43230 | N20: 23 | O20: 1 | P20: 8 | Q20: 1 | R20: B | S20: LTSR, NB at fault, struck SB
A21: 0 | B21: SR 1003 | C21: 0.009 | D21: W | E21: SR 1716 | F21: PRIVATE PROPERTY | G21: SR 1003 | H21: 17.7 | I21: IS | J21: 17.7 | L21: 105559557 | M21: 43309 | N21: 19 | O21: 1 | P21: 8 | Q21: 1 | R21: O | S21: Run through int at SR 1716
A22: 0 | B22: SR 1003 | C22: 0 | E22: SR 1716 | F22: SR 1716 | G22: SR 1003 | H22: 17.691 | I22: RE | J22: 17.811 | L22: 105647086 | M22: 43396 | N22: 23 | O22: 1 | P22: 9 | Q22: 5 | R22: C | S22: LTSR, NB at fault, struck SB
A23: 0 | B23: SR 1003 | C23: 0 | E23: SR 1716 | F23: SR 2637 | G23: SR 1003 | H23: 17.691 | I23: IS | J23: 17.691 | L23: 105714555 | M23: 43449 | N23: 23 | O23: 2 | P23: 8 | Q23: 5 | R23: A | S23: LTSR, SB at fault, struck NB
A24: 0 | B24: SR 1716 | C24: 0 | E24: SR 1003 | F24: SR 1716 | G24: SR 1716 | H24: 999.999 | I24: ADD | J24: 17.691 | L24: 105723251 | M24: 43460 | N24: 19 | O24: 1 | P24: 8 | Q24: 5 | R24: B | S24: Run through int at SR 1716
A25: 0 | B25: SR 1003 | C25: 0 | E25: SR 1716 | F25: SR 1718 | G25: SR 1003 | H25: 17.691 | I25: RE | J25: 17.811 | L25: 105740600 | M25: 43473 | N25: 24 | O25: 1 | P25: 8 | Q25: 1 | R25: C | S25: LTSR, NB at fault, struck SB
A26: 0 | B26: SR 1003 | C26: 0 | E26: SR 1716 | F26: SR 1716 | G26: SR 1003 | H26: 17.691 | I26: RE | J26: 17.811 | L26: 105736892 | M26: 43474 | N26: 23 | O26: 1 | P26: 8 | Q26: 5 | R26: C | S26: LTSR, NB at fault, struck SB
A27: 0 | B27: SR 1003 | C27: 0 | E27: SR 1716 | F27: SR 1702 | G27: SR 1003 | H27: 17.691 | I27: RE | J27: 17.811 | L27: 105765030 | M27: 43499 | N27: 29 | O27: 1 | P27: 8 | Q27: 5 | R27: C | S27: Sideswipe, opp, fault not determined
A28: 0 | B28: SR 1003 | C28: 0 | E28: SR 1716 | F28: SR 1716 | G28: SR 1003 | H28: 17.691 | I28: RE | J28: 17.811 | L28: 105771630 | M28: 43507 | N28: 23 | O28: 2 | P28: 8 | Q28: 5 | R28: O | S28: LTSR, NB at fault, struck SB
A29: 0 | B29: SR 1003 | C29: 0 | E29: SR 1716 | F29: SR 1716 | G29: SR 1003 | H29: 17.691 | I29: RE | J29: 17.811 | L29: 105801434 | M29: 43535 | N29: 23 | O29: 1 | P29: 8 | Q29: 1 | R29: B | S29: LTSR, NB at fault, struck SB
A30: 0 | B30: SR 1003 | C30: 0 | E30: SR 1716 | F30: SR 1700 | G30: SR 1003 | H30: 17.691 | I30: RE | J30: 17.811 | L30: 105827464 | M30: 43563 | N30: 23 | O30: 2 | P30: 8 | Q30: 5 | R30: C | S30: LTSR, NB at fault, struck SB
A31: 0 | B31: SR 1003 | C31: 0 | E31: SR 1716 | F31: SR 1717 | G31: SR 1003 | H31: 17.691 | I31: RE | J31: 17.811 | L31: 105832371 | M31: 43567 | N31: 23 | O31: 2 | P31: 8 | Q31: 1 | R31: O | S31: LTSR, NB at fault, struck SB
A32: 0 | B32: SR 1003 | C32: 0 | E32: SR 1716 | F32: SR 1715 | G32: SR 1003 | H32: 17.691 | I32: RE | J32: 17.811 | L32: 105926749 | M32: 43661 | N32: 24 | O32: 1 | P32: 9 | Q32: 1 | R32: O | S32: LTSR, NB at fault, struck SB
A33: 0 | B33: SR 1003 | C33: 0 | E33: SR 1716 | F33: SR 1716 | G33: SR 1003 | H33: 17.691 | I33: RE | J33: 17.811 | L33: 105960507 | M33: 43692 | N33: 23 | O33: 1 | P33: 8 | Q33: 1 | R33: C | S33: LTSR, NB at fault, struck SB
... A49: 0 | B49: SR 1003 | C49: 0 | E49: SR 1716 | F49: SR 1716 | G49: SR 1003 | H49: 17.691 | I49: RE | J49: 17.811 | L49: 106196146 | M49: 43908 | N49: 23 | O49: 1 | P49: 9 | Q49: 2 | R49: C | S49: LTSR, NB at fault, struck SB
A50: CONSTRUCTION PERIOD: 5/1/2020 - 6/30/2021
A51: Z | B51: SR 1003 | C51: 0 | E51: SR 1716 | F51: SR 1717 | G51: SR 1003 | H51: 17.691 | I51: RE | J51: 17.811 | L51: 106232720 | M51: 43973 | N51: 31 | O51: 1 | P51: 8 | Q51: 1 | R51: O | S51: Backing up, NB
A52: 0 | B52: SR 1003 | C52: 0 | E52: SR 1716 | F52: SR 1715 | G52: SR 1003 | H52: 17.691 | I52: RE | J52: 17.811 | L52: 106269515 | M52: 44014 | N52: 23 | O52: 1 | P52: 9 | Q52: 1 | R52: O | S52: LTSR, NB at fault, struck SB
A53: 0 | B53: SR 1003 | C53: 0 | E53: SR 1716 | F53: SR 1717 | G53: SR 1003 | H53: 17.691 | I53: RE | J53: 17.811 | L53: 106272366 | M53: 44020 | N53: 30 | O53: 1 | P53: 8 | Q53: 5 | R53: B | S53: LTDR, EB at fault, struck NB, RAN STOP
A54: 0 | B54: SR 1003 | C54: 0 | E54: SR 1716 | F54: SR 1715 | G54: SR 1003 | H54: 17.691 | I54: RE | J54: 17.811 | L54: 106283202 | M54: 44033 | N54: 24 | O54: 1 | P54: 9 | Q54: 1 | R54: O | S54: LTSR, NB at fault, struck SB
A55: 0 | B55: SR 1003 | C55: 0.1 | D55: N | E55: SR 1716 | F55: SR 1716 | G55: SR 1003 | H55: 17.791 | I55: IS | J55: 17.791 | L55: 106338374 | M55: 44090 | N55: 19 | O55: 1 | P55: 0 | Q55: 5 | R55: O | S55: ROR left, NB
A56: 0 | B56: SR 1003 | C56: 0 | E56: SR 1716 | F56: SR 1700 | G56: SR 1003 | H56: 17.691 | I56: RE | J56: 17.811 | L56: 106373076 | M56: 44113 | N56: 23 | O56: 1 | P56: 9 | Q56: 1 | R56: B | S56: LTSR, NB at fault, struck SB
A57: 0 | B57: SR 1003 | C57: 0 | E57: SR 1716 | F57: SR 1717 | G57: SR 1003 | H57: 17.691 | I57: RE | J57: 17.811 | L57: 106410960 | M57: 44153 | N57: 24 | O57: 1 | P57: 8 | Q57: 5 | R57: O | S57: U-turn, NB at fault
A58: 0 | B58: SR 1003 | C58: 0 | E58: SR 1716 | F58: SR 1716 | G58: SR 1003 | H58: 17.691 | I58: IS | J58: 17.691 | L58: 106416494 | M58: 44158 | N58: 23 | O58: 1 | P58: 8 | Q58: 5 | R58: O | S58: LTSR, SB at fault, struck NB
A59: 0 | B59: SR 1003 | C59: 0 | E59: SR 1716 | F59: SR 1717 | G59: SR 1003 | H59: 17.691 | I59: RE | J59: 17.811 | L59: 106428104 | M59: 44165 | N59: 24 | O59: 2 | P59: 9 | Q59: 1 | R59: B | S59: LTSR, NB at fault, struck SB
A60: 0 | B60: SR 1003 | C60: 0 | E60: SR 1716 | F60: SR 1717 | G60: SR 1003 | H60: 17.691 | I60: RE | J60: 17.811 | L60: 106430566 | M60: 44173 | N60: 23 | O60: 1 | P60: 8 | Q60: 5 | R60: B | S60: LTSR, NB at fault, struck SB
A61: 0 | B61: SR 1003 | C61: 0 | E61: SR 2638 | F61: SR 1716 | G61: SR 1003 | H61: 17.811 | I61: IS | J61: 17.811 | L61: 106462820 | M61: 44209 | N61: 21 | O61: 1 | P61: 9 | Q61: 1 | R61: B | S61: Rear end, NB, waiting for left turn
A62: 0 | B62: SR 1003 | C62: 0 | E62: SR 1716 | F62: SR 1715 | G62: SR 1003 | H62: 17.691 | I62: RE | J62: 17.811 | L62: 106474309 | M62: 44223 | N62: 19 | O62: 1 | P62: 8 | Q62: 5 | R62: O | S62: Run through int at SR 2638
A63: 0 | B63: SR 1003 | C63: 0.009 | D63: S | E63: SR 1716 | F63: SR 3523 | G63: SR 1003 | H63: 17.682 | I63: RE | J63: 17.811 | L63: 106585684 | M63: 44342 | N63: 23 | O63: 1 | P63: 8 | Q63: 1 | R63: O | S63: LTSR, NB at fault, struck NB, vehicle making wide turn
A64: AFTER PERIOD: 7/1/2021 - 5/31/2026
A65: 0 | B65: SR 1716 | C65: 0 | E65: SR 1003 | F65: DEAD END | G65: SR 1716 | H65: 999.999 | I65: ADD | J65: 17.691 | L65: 106966487 | M65: 44703 | N65: 19 | O65: 1 | P65: 8 | Q65: 5 | R65: B | S65: Run through int at SR 1716
A66: 0 | B66: SR 1003 | C66: 0.057 | D66: N | E66: SR 1716 | F66: SR 1717 | G66: SR 1003 | H66: 17.748 | I66: IS | J66: 17.748 | L66: 107194517 | M66: 44922 | N66: 21 | O66: 1 | P66: 5 | Q66: 1 | R66: C | S66: Rear end, NB
A67: 0 | B67: SR 1003 | C67: 0 | E67: SR 1716 | F67: CL-WAKE | G67: SR 1003 | H67: 17.691 | I67: RE | J67: 17.811 | L67: 107422984 | M67: 45146 | N67: 24 | O67: 1 | P67: 8 | Q67: 1 | R67: B | S67: LTSR, NB at fault, struck SB
A68: 0 | B68: SR 1716 | C68: 0 | E68: SR 1003 | F68: PRIVATE PROPERTY | G68: SR 1716 | H68: 999.999 | I68: ADD | J68: 17.811 | L68: 107628588 | M68: 45340 | N68: 19 | O68: 1 | P68: 8 | Q68: 5 | R68: C | S68: Run through int at SR 2638
A69: 0 | B69: SR 1003 | C69: 0.006 | D69: E | E69: SR 1716 | F69: SR 1701 | G69: SR 1003 | H69: 17.685 | I69: RE | J69: 17.811 | L69: 107653866 | M69: 45360 | N69: 19 | O69: 1 | P69: 8 | Q69: 5 | R69: O | S69: Run through int at SR 2638
A70: 0 | B70: SR 2638 | C70: 0 | E70: SR 1003 | F70: SR 1716 | G70: SR 2638 | H70: 1.44 | I70: IS | J70: 17.811 | L70: 107693756 | M70: 45403 | N70: 19 | O70: 1 | P70: 8 | Q70: 5 | R70: O | S70: Run through int at SR 2638
A71: 0 | B71: SR 1003 | C71: 0.6 | D71: S | E71: SR 1717 | F71: SR 1716 | G71: SR 1003 | H71: 17.823 | I71: RE | J71: 17.811 | L71: 107863508 | M71: 45560 | N71: 19 | O71: 1 | P71: 8 | Q71: 5 | R71: O | S71: Run through int at SR 2638
A72: 0 | B72: SR 2638 | C72: 0 | E72: SR 1003 | F72: PRIVATE PROPERTY | G72: SR 2638 | H72: 1.44 | I72: IS | J72: 17.811 | L72: 107867161 | M72: 45564 | N72: 30 | O72: 1 | P72: 8 | Q72: 5 | R72: C | S72: LTDR, EB at fault, struck SB, failure to yield
A73: 0 | B73: SR 1716 | C73: 0 | E73: SR 1003 | F73: SR 1717 | G73: SR 1716 | H73: 999.999 | I73: ADD | J73: 17.811 | L73: 107896873 | M73: 45582 | N73: 26 | O73: 1 | P73: 8 | Q73: 5 | R73: O | S73: RTDR, EB at fault, struck SB, at SR 2638
A74: 0 | B74: SR 1003 | C74: 0 | E74: SR 1716 | F74: SR 1717 | G74: SR 1003 | H74: 17.691 | I74: RE | J74: 17.811 | L74: 107897875 | M74: 45589 | N74: 24 | O74: 1 | P74: 8 | Q74: 1 | R74: O | S74: LTDR, NB at fault, struck EB turning veh
A75: 0 | B75: SR 1716 | C75: 0 | E75: SR 1003 | F75: CL-WAKE | G75: SR 2638 | H75: 1.44 | I75: IS | J75: 17.811 | K75: Y | L75: 107899978 | M75: 45592 | N75: 19 | O75: 2 | P75: 8 | Q75: 5 | R75: O | S75: Run through int at SR 2638
A76: 0 | B76: SR 1716 | C76: 0 | E76: SR 1003 | F76: PRIVATE PROPERTY | G76: SR 1716 | H76: 999.999 | I76: ADD | J76: 17.811 | L76: 107954933 | M76: 45637 | N76: 19 | O76: 2 | P76: 8 | Q76: 5 | R76: O | S76: Run through int at SR 2638
A77: 0 | B77: SR 1003 | C77: 0.028 | D77: N | E77: SR 1716 | F77: SR 1717 | G77: SR 1003 | H77: 17.719 | I77: IS | J77: 17.719 | L77: 108305597 | M77: 45975 | N77: 17 | O77: 1 | P77: 0 | Q77: 5 | R77: O | S77: Animal, SB
A78: 0 | B78: SR 1003 | C78: 0 | E78: SR 1716 | F78: CL-WAKE | G78: SR 1003 | H78: 17.691 | I78: RE | J78: 17.811 | L78: 108306761 | M78: 45976 | N78: 24 | O78: 1 | P78: 8 | Q78: 5 | R78: O | S78: LTDR, EB at fault, struck NB, failure to yield
A79: 0 | B79: SR 1003 | C79: 0 | E79: SR 1716 | F79: SR 1702 | G79: SR 1003 | H79: 17.691 | I79: RE | J79: 17.811 | L79: 108319539 | M79: 45985 | N79: 19 | O79: 1 | P79: 8 | Q79: 1 | R79: B | S79: LTDR, EB at fault, struck SB, failure to yield
A80: 0 | B80: SR 1003 | C80: 0 | E80: SR 1716 | F80: SR 1717 | G80: SR 1003 | H80: 17.691 | I80: IS | J80: 17.691 | L80: 108385261 | M80: 46049 | N80: 24 | O80: 1 | P80: 8 | Q80: 5 | R80: O | S80: LTSR, SB at fault, struck NB
A81: 0 | B81: SR 1003 | C81: 0 | E81: SR 1716 | F81: SR 1717 | G81: SR 1003 | H81: 17.691 | I81: RE | J81: 17.811 | L81: 108401181 | M81: 46065 | N81: 24 | O81: 1 | P81: 8 | Q81: 5 | R81: O | S81: LTDR, EB at fault, struck SB, failure to yield
A82: DELETE FROM STUDY
A83: 0 | B83: SR 1003 | C83: 0 | E83: SR 1716 | F83: NC 231 | G83: SR 1003 | H83: 17.691 | I83: DEL | L83: 105875897 | M83: 43609 | N83: 32 | O83: 1 | P83: 7 | Q83: 1 | R83: C | S83: SR 1716/SR 1701 int
A84: 0 | B84: SR 1716 | C84: 0.003 | D84: S | E84: SR 1003 | F84: SR 1715 | G84: SR 2638 | H84: 1.44 | I84: DEL | K84: Y | L84: 105916835 | M84: 43651 | N84: 21 | O84: 1 | P84: 8 | Q84: 1 | R84: O | S84: Rear end on SR 2638
A85: 0 | B85: SR 1716 | C85: 0 | E85: SR 1003 | F85: SR 1715 | G85: SR 2638 | H85: 1.44 | I85: DEL | K85: Y | L85: 105974758 | M85: 43704 | N85: 21 | O85: 1 | P85: 0 | Q85: 1 | R85: C | S85: Rear end on SR 1716
A86: 0 | B86: SR 1716 | C86: 0 | E86: SR 1003 | F86: SR 1715 | G86: SR 2638 | H86: 1.44 | I86: DEL | K86: Y | L86: 106904460 | M86: 44648 | N86: 21 | O86: 1 | P86: 8 | Q86: 1 | R86: C | S86: Rear end on SR 2638
A87: 0 | B87: SR 1716 | C87: 0.4 | D87: E | E87: SR 1715 | F87: SR 1003 | G87: SR 2638 | H87: 1.44 | I87: DEL | L87: 107469143 | M87: 45192 | N87: 19 | O87: 2 | P87: 0 | Q87: 1 | R87: O | S87: On SR 1716
A88: 0 | B88: SR 1003 | C88: 1 | D88: S | E88: SR 1718 | F88: SR 1716 | G88: SR 1003 | H88: 17.881 | I88: DEL | L88: 107623058 | M88: 45334 | N88: 19 | O88: 2 | P88: 0 | Q88: 5 | R88: O | S88: On SR 1701 based on coordinates
A89: 0 | B89: SR 1716 | C89: 0 | E89: SR 1003 | F89: SR 1715 | G89: SR 2638 | H89: 1.44 | I89: DEL | K89: Y | L89: 107951252 | M89: 45633 | N89: 21 | O89: 1 | P89: 9 | Q89: 1 | R89: O | S89: Rear end on SR 2638
A90: 0 | B90: SR 1716 | C90: 1.1 | D90: E | E90: SR 1715 | F90: SR 2233 | G90: SR 2638 | H90: 1.44 | I90: DEL | L90: 108111670 | M90: 45793 | N90: 28 | O90: 1 | P90: 0 | Q90: 1 | R90: O | S90: On SR 1716
A91: 0 | B91: SR 1716 | C91: 1 | D91: E | E91: SR 1715 | F91: SR 1716 | G91: SR 2638 | H91: 1.44 | I91: DEL | L91: 108504401 | M91: 46161 | N91: 22 | O91: 1 | P91: 8 | Q91: 1 | R91: O | S91: Rear end on SR 2638
A92: IN OTHER STUDY
A93: 0 | B93: SR 1003 | C93: 0 | E93: SR 1702 | F93: SR 1700 | G93: SR 1003 | H93: 15.154 | I93: IS | J93: 15.154 | L93: 104017975 | M93: 41723 | N93: 30 | O93: 2 | P93: 7 | Q93: 1 | R93: C | S93: Angle, WB at fault, struck NB, RAN STOP
A94: 0 | B94: SR 1003 | C94: 0 | E94: SR 1702 | G94: SR 1003 | H94: 15.154 | I94: IS | J94: 15.154 | L94: 104480315 | M94: 42249 | N94: 30 | O94: 1 | P94: 7 | Q94: 1 | R94: O | S94: Angle, EB at fault, struck SB, failure to yield
A95: 0 | B95: SR 1003 | C95: 0 | E95: SR 1702 | F95: SR 1003 | G95: SR 1003 | H95: 15.154 | I95: IS | J95: 15.154 | L95: 104510364 | M95: 42282 | N95: 30 | O95: 2 | P95: 7 | Q95: 1 | R95: C | S95: Angle, EB at fault, struck NB, RAN STOP
A96: 721 | B96: SR 1003 | C96: 0 | E96: SR 1702 | F96: SR 1700 | G96: SR 1003 | H96: 15.154 | I96: IS | J96: 15.154 | L96: 104852963 | M96: 42628 | N96: 30 | O96: 1 | P96: 0 | Q96: 1 | R96: C | S96: Angle, EB at fault, struck SB, RAN STOP
A97: 0 | B97: SR 1003 | C97: 0 | E97: SR 1702 | F97: SR 1700 | G97: SR 1003 | H97: 15.154 | I97: IS | J97: 15.154 | L97: 104978168 | M97: 42748 | N97: 24 | O97: 1 | P97: 8 | Q97: 1 | R97: C | S97: LTDR, EB at fault, struck SB, failure to yield
A98: 0 | B98: SR 1003 | C98: 0 | E98: SR 1702 | F98: SR 1703 | G98: SR 1003 | H98: 15.154 | I98: IS | J98: 15.154 | L98: 105013146 | M98: 42783 | N98: 30 | O98: 1 | P98: 7 | Q98: 1 | R98: C | S98: Angle, WB at fault, struck NB, failure to yield
A99: 721 | B99: SR 1003 | C99: 0 | E99: SR 1702 | F99: SR 1701 | G99: SR 1003 | H99: 15.154 | I99: IS | J99: 15.154 | L99: 105084916 | M99: 42841 | N99: 30 | O99: 1 | P99: 7 | Q99: 2 | R99: C | S99: Angle, EB at fault, struck SB, RAN STOP
A100: 721 | B100: SR 1003 | C100: 0 | E100: SR 1702 | F100: SR 1701 | G100: SR 1003 | H100: 15.154 | I100: IS | J100: 15.154 | L100: 105565522 | M100: 43316 | N100: 30 | O100: 1 | P100: 7 | Q100: 1 | R100: B | S100: Angle, WB at fault, struck NB, RAN STOP
A101: 721 | B101: SR 1003 | C101: 0 | E101: SR 1702 | F101: SR 1700 | G101: SR 1003 | H101: 15.154 | I101: IS | J101: 15.154 | L101: 105628937 | M101: 43379 | N101: 30 | O101: 1 | P101: 7 | Q101: 4 | R101: C | S101: Angle, WB at fault, struck SB, failure to yield
A102: 0 | B102: SR 1003 | C102: 0 | E102: SR 1702 | F102: SR 1700 | G102: SR 1003 | H102: 15.154 | I102: IS | J102: 15.154 | L102: 105954288 | M102: 43686 | N102: 30 | O102: 1 | P102: 7 | Q102: 1 | R102: C | S102: Angle, WB at fault, struck SB, failure to yield
A103: 721 | B103: SR 1003 | C103: 0 | E103: SR 1702 | F103: SR 1701 | G103: SR 1003 | H103: 15.154 | I103: IS | J103: 15.154 | L103: 105977989 | M103: 43707 | N103: 30 | O103: 1 | P103: 7 | Q103: 1 | R103: C | S103: Angle, WB at fault, struck SB, failure to yield
A104: 721 | B104: SR 1003 | C104: 0 | E104: SR 1702 | F104: SR 1702 | G104: SR 1003 | H104: 15.154 | I104: IS | J104: 15.154 | L104: 106271226 | M104: 44019 | N104: 30 | O104: 1 | P104: 7 | Q104: 1 | R104: O | S104: Angle, WB at fault, struck NB, failure to yield
A105: 721 | B105: SR 1003 | C105: 0 | E105: SR 1702 | F105: SR 1701 | G105: SR 1003 | H105: 15.154 | I105: IS | J105: 15.154 | L105: 106384474 | M105: 44130 | N105: 5 | O105: 1 | P105: 7 | Q105: 1 | R105: B | S105: Overturn, SB
A106: 721 | B106: SR 1003 | C106: 0 | E106: SR 1702 | F106: SR 1701 | G106: SR 1003 | H106: 15.154 | I106: IS | J106: 15.154 | L106: 106587177 | M106: 44343 | N106: 30 | O106: 1 | P106: 7 | Q106: 1 | R106: O | S106: Angle, EB at fault, struck NB, failure to yield
... A110: 721 | B110: SR 1003 | C110: 0 | E110: SR 1702 | F110: SR 1701 | G110: SR 1003 | H110: 15.154 | I110: IS | J110: 15.154 | L110: 106879035 | M110: 44622 | N110: 30 | O110: 1 | P110: 7 | Q110: 4 | R110: O | S110: Angle, SB at fault, struck WB, failure to yield
B111: SR 1003 | C111: 0 | E111: SR 1702 | F111: SR 1701 | G111: SR 1003 | H111: 15.154 | I111: IS | J111: 15.154 | L111: 107423856 | M111: 45148 | N111: 30 | O111: 1 | P111: 7 | Q111: 1 | R111: B | S111: Angle, EB at fault, struck SB, failure to yield
A112: 0 | B112: SR 1003 | C112: 0 | E112: SR 1702 | F112: SR 1770 | G112: SR 1003 | H112: 15.154 | I112: IS | J112: 15.154 | L112: 107781158 | M112: 45485 | N112: 30 | O112: 2 | P112: 7 | Q112: 1 | R112: B | S112: Angle, WB at fault, struck NB, failure to yield
A113: 0 | B113: SR 1003 | C113: 0 | E113: SR 1702 | F113: SR 1700 | G113: SR 1003 | H113: 15.154 | I113: IS | J113: 15.154 | L113: 107922235 | M113: 45611 | N113: 30 | O113: 1 | P113: 7 | Q113: 4 | R113: O | S113: Angle, SB at fault, struck WB, RAN STOP
A114: 0 | B114: SR 1003 | C114: 0 | E114: SR 1702 | F114: SR 1770 | G114: SR 1003 | H114: 15.154 | I114: IS | J114: 15.154 | L114: 108053908 | M114: 45734 | N114: 30 | O114: 1 | P114: 7 | Q114: 4 | R114: O | S114: Angle, SB at fault, struck WB, RAN STOP
A115: 0 | B115: SR 1003 | C115: 0 | E115: SR 1702 | F115: SR 1700 | G115: SR 1003 | H115: 15.154 | I115: IS | J115: 15.154 | L115: 108068543 | M115: 45749 | N115: 30 | O115: 1 | P115: 7 | Q115: 4 | R115: O | S115: Angle, SB at fault, struck WB, failure to yield
B116: SR 1003 | C116: 0 | E116: SR 1702 | F116: SR 1770 | G116: SR 1003 | H116: 15.154 | I116: IS | J116: 15.154 | L116: 108354952 | M116: 46018 | N116: 30 | O116: 1 | P116: 7 | Q116: 1 | R116: B | S116: Angle, NB at fault, struck EB, RAN STOP
A117: 0 | B117: SR 1702 | C117: 0 | E117: SR 1003 | F117: SR 1700 | G117: SR 1702 | H117: 0.17 | I117: IS | J117: 15.154 | L117: 104060174 | M117: 41775 | N117: 19 | O117: 1 | P117: 7 | Q117: 4 | R117: O | S117: ROR right, NB, avoidance of WB vehicle
A118: 0 | B118: SR 1702 | C118: 0 | E118: SR 1003 | F118: SR 1701 | G118: SR 1702 | H118: 0.17 | I118: IS | J118: 15.154 | L118: 104577175 | M118: 42345 | N118: 30 | O118: 2 | P118: 7 | Q118: 1 | R118: O | S118: Angle, WB at fault, struck SB, RAN STOP
...

Sheet Sheet4
A1: 104509841 | B1: =A1&"|" -> 104509841| | C1: 17.691 | F1: 106966487 | G1: =F1&"|" -> 106966487| | H1: 17.691 | M1: CRASH ID | N1: ON RD CD | O1: SVRTY | P1: DATE | Q1: TYPE
A2: 104515269 | B2: =A2&"|" -> 104515269| | C2: 17.811 | F2: 107194517 | G2: =F2&"|" -> 107194517| | H2: 17.748 | M2: 106879035 | N2: 40001003 | O2: 5 | P2: 44622.826 | Q2: 30
A3: 105381930 | B3: =A3&"|" -> 105381930| | C3: 17.791 | F3: 107422984 | G3: =F3&"|" -> 107422984| | H3: 17.811 | M3: 107423856 | N3: 40001003 | O3: 3 | P3: 45148.692 | Q3: 30
A4: 104781542 | B4: =A4&"|" -> 104781542| | C4: 17.691 | F4: 107628588 | G4: =F4&"|" -> 107628588| | H4: 17.811 | M4: 107781158 | N4: 40001003 | O4: 3 | P4: 45485.573 | Q4: 30
A5: 104830578 | B5: =A5&"|" -> 104830578| | C5: 17.811 | F5: 107653866 | G5: =F5&"|" -> 107653866| | H5: 17.811 | M5: 107922235 | N5: 40001003 | O5: 5 | P5: 45611.815 | Q5: 30
A6: 104866057 | B6: =A6&"|" -> 104866057| | C6: 17.811 | F6: 107693756 | G6: =F6&"|" -> 107693756| | H6: 17.811 | M6: 107948352 | N6: 40001702 | O6: 4 | P6: 45632.865 | Q6: 30
A7: 104895997 | B7: =A7&"|" -> 104895997| | C7: 17.811 | F7: 107863508 | G7: =F7&"|" -> 107863508| | H7: 17.811 | M7: 108053908 | N7: 40001003 | O7: 5 | P7: 45734.84 | Q7: 30
A8: 104990692 | B8: =A8&"|" -> 104990692| | C8: 17.811 | F8: 107867161 | G8: =F8&"|" -> 107867161| | H8: 17.811 | M8: 108068543 | N8: 40001003 | O8: 5 | P8: 45749.957 | Q8: 30
A9: 105002026 | B9: =A9&"|" -> 105002026| | C9: 17.811 | F9: 107896873 | G9: =F9&"|" -> 107896873| | H9: 17.811 | M9: 108354952 | N9: 40001003 | O9: 3 | P9: 46018.685 | Q9: 30
A10: 105014768 | B10: =A10&"|" -> 105014768| | C10: 17.691 | F10: 107897875 | G10: =F10&"|" -> 107897875| | H10: 17.811 | M10: 108148651 | N10: 40001003 | O10: 5 | P10: 45829.034 | Q10: 17
A11: 105286496 | B11: =A11&"|" -> 105286496| | C11: 17.691 | F11: 107899978 | G11: =F11&"|" -> 107899978| | H11: 17.811 | M11: 107113927 | N11: 40001003 | O11: 5 | P11: 44848.658 | Q11: 21
A12: 105342823 | B12: =A12&"|" -> 105342823| | C12: 17.691 | F12: 107954933 | G12: =F12&"|" -> 107954933| | H12: 17.811 | M12: 107137613 | N12: 40001003 | O12: 4 | P12: 44847.319 | Q12: 21
A13: 105479722 | B13: =A13&"|" -> 105479722| | C13: 17.811 | F13: 108305597 | G13: =F13&"|" -> 108305597| | H13: 17.719 | M13: 107607426 | N13: 40001003 | O13: 3 | P13: 45319.383 | Q13: 19
... A17: 105723251 | B17: =A17&"|" -> 105723251| | C17: 17.691 | F17: 108401181 | G17: =F17&"|" -> 108401181| | H17: 17.811 | M17: 107444969 | N17: 40001003 | O17: 5 | P17: 45171.262 | Q17: 19
A18: 105740600 | B18: =A18&"|" -> 105740600| | C18: 17.811 | M18: 106830764 | N18: 40001003 | O18: 5 | P18: 44573.687 | Q18: 19
A19: 105736892 | B19: =A19&"|" -> 105736892| | C19: 17.811 | M19: 108430843 | N19: 40001003 | O19: 4 | P19: 46086.923 | Q19: 5
A20: 105765030 | B20: =A20&"|" -> 105765030| | C20: 17.811 | M20: 107557759 | N20: 40001003 | O20: 5 | P20: 45270.122 | Q20: 19
A21: 105771630 | B21: =A21&"|" -> 105771630| | C21: 17.811 | M21: 107797447 | N21: 40001003 | O21: 6 | P21: 45499.864 | Q21: 19
A22: 105801434 | B22: =A22&"|" -> 105801434| | C22: 17.811 | M22: 107640861 | N22: 40001003 | O22: 5 | P22: 45350.901 | Q22: 19
A23: 105827464 | B23: =A23&"|" -> 105827464| | C23: 17.811 | M23: 107122747 | N23: 40001003 | O23: 5 | P23: 44856.452 | Q23: 17
A24: 105832371 | B24: =A24&"|" -> 105832371| | C24: 17.811 | M24: 108218394 | N24: 40001003 | O24: 5 | P24: 45898.69 | Q24: 19
A25: 105926749 | B25: =A25&"|" -> 105926749| | C25: 17.811 | M25: 107017689 | N25: 40001003 | O25: 5 | P25: 44748.624 | Q25: 19
A26: 105960507 | B26: =A26&"|" -> 105960507| | C26: 17.811 | M26: 107140545 | N26: 40001003 | O26: 2 | P26: 44864.399 | Q26: 19
A27: 105967757 | B27: =A27&"|" -> 105967757| | C27: 17.811 | M27: 107549464 | N27: 40001003 | O27: 4 | P27: 45262.817 | Q27: 17
A28: 105998918 | B28: =A28&"|" -> 105998918| | C28: 17.691 | M28: 106891729 | N28: 40001003 | O28: 5 | P28: 44632.467 | Q28: 19
A29: 106005220 | B29: =A29&"|" -> 106005220| | C29: 17.811 | M29: 108207667 | N29: 40001003 | O29: 5 | P29: 45888.69 | Q29: 19
... A42: 106196146 | B42: =A42&"|" -> 106196146| | C42: 17.811 | M42: 107249049 | N42: 40001003 | O42: 5 | P42: 44971.265 | Q42: 21
M43: 108049386 | N43: 40001003 | O43: 3 | P43: 45731.673 | Q43: 5
M44: 107576053 | N44: 40001003 | O44: 5 | P44: 45281.465 | Q44: 19
M45: 107237915 | N45: 40001003 | O45: 5 | P45: 44964.815 | Q45: 19
M46: 106950839 | N46: 40001003 | O46: 5 | P46: 44690.719 | Q46: 18
M47: 107270207 | N47: 40001003 | O47: 4 | P47: 44995.539 | Q47: 29
M48: 107270251 | N48: 40001003 | O48: 5 | P48: 44995.54 | Q48: 19
M49: 107730387 | N49: 40001003 | O49: 5 | P49: 45436.653 | Q49: 19
M50: 108492561 | N50: 40001003 | O50: 4 | P50: 46150.715 | Q50: 28
M51: 108077755 | N51: 40001003 | O51: 5 | P51: 45760.027 | Q51: 17
M52: 107417559 | N52: 40001003 | O52: 5 | P52: 45139.878 | Q52: 19
M53: 108268106 | N53: 40001003 | O53: 5 | P53: 45945.708 | Q53: 21
M54: 107971869 | N54: 40001003 | O54: 5 | P54: 45651.422 | Q54: 23
... M109: 108023560 | N109: 40001003 | O109: 5 | P109: 45705.379 | Q109: 21

Sheet Before
A1: Manually Edit These Columns (A -> N). | P1: Don't Edit These Columns (O -> ). Calculations are Automatic.
A2: ="Before Period ("&TEXT('Evaluation Set-up'!$D$9, "mm/dd/yyyy")&" - "&TEXT('Evaluation Set-up'!$E$9, "mm/dd/yyyy")&")" -> Before Period (06/01/2015 - 04/30/2020) | P2: Crash # | Q2: Crash Year | R2: Severity Index | S2: Target-1 Severity Index | T2: Target-1 KABCO | U2: Target-2 Severity Index | V2: Target-2 KABCO
A3: Crash ID | B3: Date | C3: T | D3: C | E3: F | F3: L | G3: S | H3: Final MP | I3: Analyst's Notes Column 1 | J3: Analyst's Notes Column 2 | K3: Analyst's Notes Column 3 | L3: Analyst's Notes Column 4 | M3: Target-1? | N3: Target-2? | Z3: Total | AA3: Target-1 | AB3: Target-2 | AC3: All Targets | AR3: Crash # | AS3: Target Crash? | AT3: Within 250' of an intx?
A4: 104509841 | B4: 42276 | C4: 19 | D4: 2 | E4: 0 | F4: 5 | G4: O | H4: 17.691 | I4: Run through int at SR 1716 | P4: =IF(R4 = "", "", COUNT($R$4:R4)) -> 1 | Q4: =IF(B4="", "", YEAR(B4)) -> 2015 | R4: =IF(A4="", "", IF(G4="",1,IF(G4="O",1,IF(G4="C",8.4,IF(G4="B",8.4,IF(G4="A",76.8,IF(G4="K",76.8,"ERR"))))))) -> 1 | S4: =IF(M4<>"",R4,"") | T4: =IF(IF(M4<>"",G4,"")=0, "O", IF(M4<>"",G4,"")) | U4: =IF(N4<>"",R4,"") | V4: =IF(IF(N4<>"",G4,"")=0, "O", IF(N4<>"",G4,"")) | Y4: K | Z4: =COUNTIF($G$4:$G$1048576,$Y4) -> 0 | AA4: =COUNTIF($T$4:$T$1048576,$Y4) -> 0 | AB4: =COUNTIF($V$4:$V$1048576,$Y4) -> 0 | AC4: =COUNTIF($T:$T, Y4)+COUNTIF($V:$V, Y4)-COUNTIFS($T:$T, Y4, $V:$V, Y4) -> 0 | AR4: =IF(P4>0, P4, "") -> 1 | AS4: =IF(OR(M4="Y",N4="Y"),"Y","") | AT4: =IF(AR4="","",IF(AND(H4>='Intersection Mileposts'!$F$5,H4<='Intersection Mileposts'!$G$5),"Y",IF(AND(H4>='Intersection Mileposts'!$F$6,H4<='Intersection Mileposts'!$G$6),"Y",IF(AND(H4>='Intersection Mileposts'!$F$7,H4<='Intersection Mileposts'!$G$7),"Y",IF(AND(H4>='Intersection Mileposts'!$F$8,H4<='Intersection Mileposts'!$G$8),"Y",IF(AND(H4>='Intersection Mileposts'!$F$9,H4<='Intersection Mileposts'!$G$9),"Y",IF(AND(H4>='Intersection Mileposts'!$F$10,H4<='Intersection Mileposts'!$G$10),"Y",IF(AND(H4>='Intersection Mileposts'!$F$11,H4<='Intersection Mileposts'!$G$11),"Y",IF(AND(H4>='Intersection Mileposts'!$F$12,H4<='Intersection Mileposts'!$G$12),"Y",IF(AND(H4>='Intersection Mileposts'!$F$13,H4<='Intersection Mileposts'!$G$13),"Y",IF(AND(H4>='Intersection Mileposts'!$F$14,H4<='Intersection Mileposts'!$G$14),"Y",IF(AND(H4>='Intersection Mileposts'!$F$15,H4<='Intersection Mileposts'!$G$15),"Y",IF(AND(H4>='Intersection Mileposts'!$F$16,H4<='Intersection Mileposts'!$G$16),"Y",IF(AND(H4>='Intersection Mileposts'!$F$17,H4<='Intersection Mileposts'!$G$17),"Y",IF(AND(H4>='Intersection Mileposts'!$F$18,H4<='Intersection Mileposts'!$G$18),"Y",IF(AND(H4>='Intersection Mileposts'!$F$19,H4<='Intersection Mileposts'!$G$19),"Y",IF(AND(H4>='Intersection Mileposts'!$F$20,H4<='Intersection Mileposts'!$G$20),"Y",IF(AND(H4>='Intersection Mileposts'!$F$21,H4<='Intersection Mileposts'!$G$21),"Y",IF(AND(H4>='Intersection Mileposts'!$F$22,H4<='Intersection Mileposts'!$G$22),"Y",IF(AND(H4>='Intersection Mileposts'!$F$23,H4<='Intersection Mileposts'!$G$23),"Y",IF(AND(H4>='Intersection Mileposts'!$F$24,H4<='Intersection Mileposts'!$G$24),"Y",IF(AND(H4>='Intersection Mileposts'!$F$25,H4<='Intersection Mileposts'!$G$25),"Y",IF(AND(H4>='Intersection Mileposts'!$F$26,H4<='Intersection Mileposts'!$G$26),"Y",IF(AND(H4>='Intersection Mileposts'!$F$27,H4<='Intersection Mileposts'!$G$27),"Y",IF(AND(H4>='Intersection Mileposts'!$F$28,H4<='Intersection Mileposts'!$G$28),"Y",IF(AND(H4>='Intersection Mileposts'!$F$29,H4<='Intersection Mileposts'!$G$29),"Y", IF(AND(H4>='Intersection Mileposts'!$F$30,H4<='Intersection Mileposts'!$G$30),"Y",IF(AND(H4>='Intersection Mileposts'!$F$31,H4<='Intersection Mileposts'!$G$31),"Y",IF(AND(H4>='Intersection Mileposts'!$F$32,H4<='Intersection Mileposts'!$G$32),"Y",IF(AND(H4>='Intersection Mileposts'!$F$33,H4<='Intersection Mileposts'!$G$33),"Y",IF(AND(H4>='Intersection Mileposts'!$F$34,H4<='Intersection Mileposts'!$G$34),"Y",IF(AND(H4>='Intersection Mileposts'!$F$35,H4<='Intersection Mileposts'!$G$35),"Y",IF(AND(H4>='Intersection Mileposts'!$F$36,H4<='Intersection Mileposts'!$G$36),"Y",IF(AND(H4>='Intersection Mileposts'!$F$37,H4<='Intersection Mileposts'!$G$37),"Y",IF(AND(H4>='Intersection Mileposts'!$F$38,H4<='Intersection Mileposts'!$G$38),"Y",IF(AND(H4>='Intersection Mileposts'!$F$39,H4<='Intersection Mileposts'!$G$39),"Y","N")))))))))))))))))))))))))))))))))))) -> Y
A5: 104781542 | B5: 42556 | C5: 19 | D5: 1 | E5: 8 | F5: 5 | H5: 17.691 | I5: Run through int at SR 1716 | P5: =IF(R5 = "", "", COUNT($R$4:R5)) -> 2 | Q5: =IF(B5="", "", YEAR(B5)) -> 2016 | R5: =IF(A5="", "", IF(G5="",1,IF(G5="O",1,IF(G5="C",8.4,IF(G5="B",8.4,IF(G5="A",76.8,IF(G5="K",76.8,"ERR"))))))) -> 1 | S5: =IF(M5<>"",R5,"") | T5: =IF(IF(M5<>"",G5,"")=0, "O", IF(M5<>"",G5,"")) | U5: =IF(N5<>"",R5,"") | V5: =IF(IF(N5<>"",G5,"")=0, "O", IF(N5<>"",G5,"")) | Y5: A | Z5: =COUNTIF($G$4:$G$1048576,$Y5) -> 1 | AA5: =COUNTIF($T$4:$T$1048576,$Y5) -> 1 | AB5: =COUNTIF($V$4:$V$1048576,$Y5) -> 0 | AC5: =COUNTIF($T:$T, Y5)+COUNTIF($V:$V, Y5)-COUNTIFS($T:$T, Y5, $V:$V, Y5) -> 1 | AR5: =IF(P5>0, P5, "") -> 2 | AS5: =IF(OR(M5="Y",N5="Y"),"Y","") | AT5: =IF(AR5="","",IF(AND(H5>='Intersection Mileposts'!$F$5,H5<='Intersection Mileposts'!$G$5),"Y",IF(AND(H5>='Intersection Mileposts'!$F$6,H5<='Intersection Mileposts'!$G$6),"Y",IF(AND(H5>='Intersection Mileposts'!$F$7,H5<='Intersection Mileposts'!$G$7),"Y",IF(AND(H5>='Intersection Mileposts'!$F$8,H5<='Intersection Mileposts'!$G$8),"Y",IF(AND(H5>='Intersection Mileposts'!$F$9,H5<='Intersection Mileposts'!$G$9),"Y",IF(AND(H5>='Intersection Mileposts'!$F$10,H5<='Intersection Mileposts'!$G$10),"Y",IF(AND(H5>='Intersection Mileposts'!$F$11,H5<='Intersection Mileposts'!$G$11),"Y",IF(AND(H5>='Intersection Mileposts'!$F$12,H5<='Intersection Mileposts'!$G$12),"Y",IF(AND(H5>='Intersection Mileposts'!$F$13,H5<='Intersection Mileposts'!$G$13),"Y",IF(AND(H5>='Intersection Mileposts'!$F$14,H5<='Intersection Mileposts'!$G$14),"Y",IF(AND(H5>='Intersection Mileposts'!$F$15,H5<='Intersection Mileposts'!$G$15),"Y",IF(AND(H5>='Intersection Mileposts'!$F$16,H5<='Intersection Mileposts'!$G$16),"Y",IF(AND(H5>='Intersection Mileposts'!$F$17,H5<='Intersection Mileposts'!$G$17),"Y",IF(AND(H5>='Intersection Mileposts'!$F$18,H5<='Intersection Mileposts'!$G$18),"Y",IF(AND(H5>='Intersection Mileposts'!$F$19,H5<='Intersection Mileposts'!$G$19),"Y",IF(AND(H5>='Intersection Mileposts'!$F$20,H5<='Intersection Mileposts'!$G$20),"Y",IF(AND(H5>='Intersection Mileposts'!$F$21,H5<='Intersection Mileposts'!$G$21),"Y",IF(AND(H5>='Intersection Mileposts'!$F$22,H5<='Intersection Mileposts'!$G$22),"Y",IF(AND(H5>='Intersection Mileposts'!$F$23,H5<='Intersection Mileposts'!$G$23),"Y",IF(AND(H5>='Intersection Mileposts'!$F$24,H5<='Intersection Mileposts'!$G$24),"Y",IF(AND(H5>='Intersection Mileposts'!$F$25,H5<='Intersection Mileposts'!$G$25),"Y",IF(AND(H5>='Intersection Mileposts'!$F$26,H5<='Intersection Mileposts'!$G$26),"Y",IF(AND(H5>='Intersection Mileposts'!$F$27,H5<='Intersection Mileposts'!$G$27),"Y",IF(AND(H5>='Intersection Mileposts'!$F$28,H5<='Intersection Mileposts'!$G$28),"Y",IF(AND(H5>='Intersection Mileposts'!$F$29,H5<='Intersection Mileposts'!$G$29),"Y", IF(AND(H5>='Intersection Mileposts'!$F$30,H5<='Intersection Mileposts'!$G$30),"Y",IF(AND(H5>='Intersection Mileposts'!$F$31,H5<='Intersection Mileposts'!$G$31),"Y",IF(AND(H5>='Intersection Mileposts'!$F$32,H5<='Intersection Mileposts'!$G$32),"Y",IF(AND(H5>='Intersection Mileposts'!$F$33,H5<='Intersection Mileposts'!$G$33),"Y",IF(AND(H5>='Intersection Mileposts'!$F$34,H5<='Intersection Mileposts'!$G$34),"Y",IF(AND(H5>='Intersection Mileposts'!$F$35,H5<='Intersection Mileposts'!$G$35),"Y",IF(AND(H5>='Intersection Mileposts'!$F$36,H5<='Intersection Mileposts'!$G$36),"Y",IF(AND(H5>='Intersection Mileposts'!$F$37,H5<='Intersection Mileposts'!$G$37),"Y",IF(AND(H5>='Intersection Mileposts'!$F$38,H5<='Intersection Mileposts'!$G$38),"Y",IF(AND(H5>='Intersection Mileposts'!$F$39,H5<='Intersection Mileposts'!$G$39),"Y","N")))))))))))))))))))))))))))))))))))) -> Y
A6: 105014768 | B6: 42783 | C6: 23 | D6: 1 | E6: 0 | F6: 1 | G6: C | H6: 17.691 | I6: LTSR, SB at fault, struck NB at SR 1716 | M6: Y | P6: =IF(R6 = "", "", COUNT($R$4:R6)) -> 3 | Q6: =IF(B6="", "", YEAR(B6)) -> 2017 | R6: =IF(A6="", "", IF(G6="",1,IF(G6="O",1,IF(G6="C",8.4,IF(G6="B",8.4,IF(G6="A",76.8,IF(G6="K",76.8,"ERR"))))))) -> 8.4 | S6: =IF(M6<>"",R6,"") -> 8.4 | T6: =IF(IF(M6<>"",G6,"")=0, "O", IF(M6<>"",G6,"")) -> C | U6: =IF(N6<>"",R6,"") | V6: =IF(IF(N6<>"",G6,"")=0, "O", IF(N6<>"",G6,"")) | Y6: B | Z6: =COUNTIF($G$4:$G$1048576,$Y6) -> 5 | AA6: =COUNTIF($T$4:$T$1048576,$Y6) -> 3 | AB6: =COUNTIF($V$4:$V$1048576,$Y6) -> 1 | AC6: =COUNTIF($T:$T, Y6)+COUNTIF($V:$V, Y6)-COUNTIFS($T:$T, Y6, $V:$V, Y6) -> 4 | AR6: =IF(P6>0, P6, "") -> 3 | AS6: =IF(OR(M6="Y",N6="Y"),"Y","") -> Y | AT6: =IF(AR6="","",IF(AND(H6>='Intersection Mileposts'!$F$5,H6<='Intersection Mileposts'!$G$5),"Y",IF(AND(H6>='Intersection Mileposts'!$F$6,H6<='Intersection Mileposts'!$G$6),"Y",IF(AND(H6>='Intersection Mileposts'!$F$7,H6<='Intersection Mileposts'!$G$7),"Y",IF(AND(H6>='Intersection Mileposts'!$F$8,H6<='Intersection Mileposts'!$G$8),"Y",IF(AND(H6>='Intersection Mileposts'!$F$9,H6<='Intersection Mileposts'!$G$9),"Y",IF(AND(H6>='Intersection Mileposts'!$F$10,H6<='Intersection Mileposts'!$G$10),"Y",IF(AND(H6>='Intersection Mileposts'!$F$11,H6<='Intersection Mileposts'!$G$11),"Y",IF(AND(H6>='Intersection Mileposts'!$F$12,H6<='Intersection Mileposts'!$G$12),"Y",IF(AND(H6>='Intersection Mileposts'!$F$13,H6<='Intersection Mileposts'!$G$13),"Y",IF(AND(H6>='Intersection Mileposts'!$F$14,H6<='Intersection Mileposts'!$G$14),"Y",IF(AND(H6>='Intersection Mileposts'!$F$15,H6<='Intersection Mileposts'!$G$15),"Y",IF(AND(H6>='Intersection Mileposts'!$F$16,H6<='Intersection Mileposts'!$G$16),"Y",IF(AND(H6>='Intersection Mileposts'!$F$17,H6<='Intersection Mileposts'!$G$17),"Y",IF(AND(H6>='Intersection Mileposts'!$F$18,H6<='Intersection Mileposts'!$G$18),"Y",IF(AND(H6>='Intersection Mileposts'!$F$19,H6<='Intersection Mileposts'!$G$19),"Y",IF(AND(H6>='Intersection Mileposts'!$F$20,H6<='Intersection Mileposts'!$G$20),"Y",IF(AND(H6>='Intersection Mileposts'!$F$21,H6<='Intersection Mileposts'!$G$21),"Y",IF(AND(H6>='Intersection Mileposts'!$F$22,H6<='Intersection Mileposts'!$G$22),"Y",IF(AND(H6>='Intersection Mileposts'!$F$23,H6<='Intersection Mileposts'!$G$23),"Y",IF(AND(H6>='Intersection Mileposts'!$F$24,H6<='Intersection Mileposts'!$G$24),"Y",IF(AND(H6>='Intersection Mileposts'!$F$25,H6<='Intersection Mileposts'!$G$25),"Y",IF(AND(H6>='Intersection Mileposts'!$F$26,H6<='Intersection Mileposts'!$G$26),"Y",IF(AND(H6>='Intersection Mileposts'!$F$27,H6<='Intersection Mileposts'!$G$27),"Y",IF(AND(H6>='Intersection Mileposts'!$F$28,H6<='Intersection Mileposts'!$G$28),"Y",IF(AND(H6>='Intersection Mileposts'!$F$29,H6<='Intersection Mileposts'!$G$29),"Y", IF(AND(H6>='Intersection Mileposts'!$F$30,H6<='Intersection Mileposts'!$G$30),"Y",IF(AND(H6>='Intersection Mileposts'!$F$31,H6<='Intersection Mileposts'!$G$31),"Y",IF(AND(H6>='Intersection Mileposts'!$F$32,H6<='Intersection Mileposts'!$G$32),"Y",IF(AND(H6>='Intersection Mileposts'!$F$33,H6<='Intersection Mileposts'!$G$33),"Y",IF(AND(H6>='Intersection Mileposts'!$F$34,H6<='Intersection Mileposts'!$G$34),"Y",IF(AND(H6>='Intersection Mileposts'!$F$35,H6<='Intersection Mileposts'!$G$35),"Y",IF(AND(H6>='Intersection Mileposts'!$F$36,H6<='Intersection Mileposts'!$G$36),"Y",IF(AND(H6>='Intersection Mileposts'!$F$37,H6<='Intersection Mileposts'!$G$37),"Y",IF(AND(H6>='Intersection Mileposts'!$F$38,H6<='Intersection Mileposts'!$G$38),"Y",IF(AND(H6>='Intersection Mileposts'!$F$39,H6<='Intersection Mileposts'!$G$39),"Y","N")))))))))))))))))))))))))))))))))))) -> Y
A7: 105286496 | B7: 43047 | C7: 19 | D7: 2 | E7: 8 | F7: 1 | G7: O | H7: 17.691 | I7: Run through int at SR 1716 | P7: =IF(R7 = "", "", COUNT($R$4:R7)) -> 4 | Q7: =IF(B7="", "", YEAR(B7)) -> 2017 | R7: =IF(A7="", "", IF(G7="",1,IF(G7="O",1,IF(G7="C",8.4,IF(G7="B",8.4,IF(G7="A",76.8,IF(G7="K",76.8,"ERR"))))))) -> 1 | S7: =IF(M7<>"",R7,"") | T7: =IF(IF(M7<>"",G7,"")=0, "O", IF(M7<>"",G7,"")) | U7: =IF(N7<>"",R7,"") | V7: =IF(IF(N7<>"",G7,"")=0, "O", IF(N7<>"",G7,"")) | Y7: C | Z7: =COUNTIF($G$4:$G$1048576,$Y7) -> 15 | AA7: =COUNTIF($T$4:$T$1048576,$Y7) -> 13 | AB7: =COUNTIF($V$4:$V$1048576,$Y7) -> 0 | AC7: =COUNTIF($T:$T, Y7)+COUNTIF($V:$V, Y7)-COUNTIFS($T:$T, Y7, $V:$V, Y7) -> 13 | AR7: =IF(P7>0, P7, "") -> 4 | AS7: =IF(OR(M7="Y",N7="Y"),"Y","") | AT7: =IF(AR7="","",IF(AND(H7>='Intersection Mileposts'!$F$5,H7<='Intersection Mileposts'!$G$5),"Y",IF(AND(H7>='Intersection Mileposts'!$F$6,H7<='Intersection Mileposts'!$G$6),"Y",IF(AND(H7>='Intersection Mileposts'!$F$7,H7<='Intersection Mileposts'!$G$7),"Y",IF(AND(H7>='Intersection Mileposts'!$F$8,H7<='Intersection Mileposts'!$G$8),"Y",IF(AND(H7>='Intersection Mileposts'!$F$9,H7<='Intersection Mileposts'!$G$9),"Y",IF(AND(H7>='Intersection Mileposts'!$F$10,H7<='Intersection Mileposts'!$G$10),"Y",IF(AND(H7>='Intersection Mileposts'!$F$11,H7<='Intersection Mileposts'!$G$11),"Y",IF(AND(H7>='Intersection Mileposts'!$F$12,H7<='Intersection Mileposts'!$G$12),"Y",IF(AND(H7>='Intersection Mileposts'!$F$13,H7<='Intersection Mileposts'!$G$13),"Y",IF(AND(H7>='Intersection Mileposts'!$F$14,H7<='Intersection Mileposts'!$G$14),"Y",IF(AND(H7>='Intersection Mileposts'!$F$15,H7<='Intersection Mileposts'!$G$15),"Y",IF(AND(H7>='Intersection Mileposts'!$F$16,H7<='Intersection Mileposts'!$G$16),"Y",IF(AND(H7>='Intersection Mileposts'!$F$17,H7<='Intersection Mileposts'!$G$17),"Y",IF(AND(H7>='Intersection Mileposts'!$F$18,H7<='Intersection Mileposts'!$G$18),"Y",IF(AND(H7>='Intersection Mileposts'!$F$19,H7<='Intersection Mileposts'!$G$19),"Y",IF(AND(H7>='Intersection Mileposts'!$F$20,H7<='Intersection Mileposts'!$G$20),"Y",IF(AND(H7>='Intersection Mileposts'!$F$21,H7<='Intersection Mileposts'!$G$21),"Y",IF(AND(H7>='Intersection Mileposts'!$F$22,H7<='Intersection Mileposts'!$G$22),"Y",IF(AND(H7>='Intersection Mileposts'!$F$23,H7<='Intersection Mileposts'!$G$23),"Y",IF(AND(H7>='Intersection Mileposts'!$F$24,H7<='Intersection Mileposts'!$G$24),"Y",IF(AND(H7>='Intersection Mileposts'!$F$25,H7<='Intersection Mileposts'!$G$25),"Y",IF(AND(H7>='Intersection Mileposts'!$F$26,H7<='Intersection Mileposts'!$G$26),"Y",IF(AND(H7>='Intersection Mileposts'!$F$27,H7<='Intersection Mileposts'!$G$27),"Y",IF(AND(H7>='Intersection Mileposts'!$F$28,H7<='Intersection Mileposts'!$G$28),"Y",IF(AND(H7>='Intersection Mileposts'!$F$29,H7<='Intersection Mileposts'!$G$29),"Y", IF(AND(H7>='Intersection Mileposts'!$F$30,H7<='Intersection Mileposts'!$G$30),"Y",IF(AND(H7>='Intersection Mileposts'!$F$31,H7<='Intersection Mileposts'!$G$31),"Y",IF(AND(H7>='Intersection Mileposts'!$F$32,H7<='Intersection Mileposts'!$G$32),"Y",IF(AND(H7>='Intersection Mileposts'!$F$33,H7<='Intersection Mileposts'!$G$33),"Y",IF(AND(H7>='Intersection Mileposts'!$F$34,H7<='Intersection Mileposts'!$G$34),"Y",IF(AND(H7>='Intersection Mileposts'!$F$35,H7<='Intersection Mileposts'!$G$35),"Y",IF(AND(H7>='Intersection Mileposts'!$F$36,H7<='Intersection Mileposts'!$G$36),"Y",IF(AND(H7>='Intersection Mileposts'!$F$37,H7<='Intersection Mileposts'!$G$37),"Y",IF(AND(H7>='Intersection Mileposts'!$F$38,H7<='Intersection Mileposts'!$G$38),"Y",IF(AND(H7>='Intersection Mileposts'!$F$39,H7<='Intersection Mileposts'!$G$39),"Y","N")))))))))))))))))))))))))))))))))))) -> Y
A8: 105342823 | B8: 43103 | C8: 29 | D8: 4 | E8: 0 | F8: 5 | G8: O | H8: 17.691 | I8: Sideswipe, opp, SB at fault | P8: =IF(R8 = "", "", COUNT($R$4:R8)) -> 5 | Q8: =IF(B8="", "", YEAR(B8)) -> 2018 | R8: =IF(A8="", "", IF(G8="",1,IF(G8="O",1,IF(G8="C",8.4,IF(G8="B",8.4,IF(G8="A",76.8,IF(G8="K",76.8,"ERR"))))))) -> 1 | S8: =IF(M8<>"",R8,"") | T8: =IF(IF(M8<>"",G8,"")=0, "O", IF(M8<>"",G8,"")) | U8: =IF(N8<>"",R8,"") | V8: =IF(IF(N8<>"",G8,"")=0, "O", IF(N8<>"",G8,"")) | Y8: O | Z8: =COUNTIF($G$4:$G$1048576,$Y8)+COUNTIFS($G$4:$G$1048576, "", $P$4:$P$1048576, ">0") -> 21 | AA8: =COUNTIF($T$4:$T$1048576,$Y8) -> 7 | AB8: =COUNTIF($V$4:$V$1048576,$Y8) -> 2 | AC8: =COUNTIF($T:$T, Y8)+COUNTIF($V:$V, Y8)-COUNTIFS($T:$T, Y8, $V:$V, Y8) -> 9 | AR8: =IF(P8>0, P8, "") -> 5 | AS8: =IF(OR(M8="Y",N8="Y"),"Y","") | AT8: =IF(AR8="","",IF(AND(H8>='Intersection Mileposts'!$F$5,H8<='Intersection Mileposts'!$G$5),"Y",IF(AND(H8>='Intersection Mileposts'!$F$6,H8<='Intersection Mileposts'!$G$6),"Y",IF(AND(H8>='Intersection Mileposts'!$F$7,H8<='Intersection Mileposts'!$G$7),"Y",IF(AND(H8>='Intersection Mileposts'!$F$8,H8<='Intersection Mileposts'!$G$8),"Y",IF(AND(H8>='Intersection Mileposts'!$F$9,H8<='Intersection Mileposts'!$G$9),"Y",IF(AND(H8>='Intersection Mileposts'!$F$10,H8<='Intersection Mileposts'!$G$10),"Y",IF(AND(H8>='Intersection Mileposts'!$F$11,H8<='Intersection Mileposts'!$G$11),"Y",IF(AND(H8>='Intersection Mileposts'!$F$12,H8<='Intersection Mileposts'!$G$12),"Y",IF(AND(H8>='Intersection Mileposts'!$F$13,H8<='Intersection Mileposts'!$G$13),"Y",IF(AND(H8>='Intersection Mileposts'!$F$14,H8<='Intersection Mileposts'!$G$14),"Y",IF(AND(H8>='Intersection Mileposts'!$F$15,H8<='Intersection Mileposts'!$G$15),"Y",IF(AND(H8>='Intersection Mileposts'!$F$16,H8<='Intersection Mileposts'!$G$16),"Y",IF(AND(H8>='Intersection Mileposts'!$F$17,H8<='Intersection Mileposts'!$G$17),"Y",IF(AND(H8>='Intersection Mileposts'!$F$18,H8<='Intersection Mileposts'!$G$18),"Y",IF(AND(H8>='Intersection Mileposts'!$F$19,H8<='Intersection Mileposts'!$G$19),"Y",IF(AND(H8>='Intersection Mileposts'!$F$20,H8<='Intersection Mileposts'!$G$20),"Y",IF(AND(H8>='Intersection Mileposts'!$F$21,H8<='Intersection Mileposts'!$G$21),"Y",IF(AND(H8>='Intersection Mileposts'!$F$22,H8<='Intersection Mileposts'!$G$22),"Y",IF(AND(H8>='Intersection Mileposts'!$F$23,H8<='Intersection Mileposts'!$G$23),"Y",IF(AND(H8>='Intersection Mileposts'!$F$24,H8<='Intersection Mileposts'!$G$24),"Y",IF(AND(H8>='Intersection Mileposts'!$F$25,H8<='Intersection Mileposts'!$G$25),"Y",IF(AND(H8>='Intersection Mileposts'!$F$26,H8<='Intersection Mileposts'!$G$26),"Y",IF(AND(H8>='Intersection Mileposts'!$F$27,H8<='Intersection Mileposts'!$G$27),"Y",IF(AND(H8>='Intersection Mileposts'!$F$28,H8<='Intersection Mileposts'!$G$28),"Y",IF(AND(H8>='Intersection Mileposts'!$F$29,H8<='Intersection Mileposts'!$G$29),"Y", IF(AND(H8>='Intersection Mileposts'!$F$30,H8<='Intersection Mileposts'!$G$30),"Y",IF(AND(H8>='Intersection Mileposts'!$F$31,H8<='Intersection Mileposts'!$G$31),"Y",IF(AND(H8>='Intersection Mileposts'!$F$32,H8<='Intersection Mileposts'!$G$32),"Y",IF(AND(H8>='Intersection Mileposts'!$F$33,H8<='Intersection Mileposts'!$G$33),"Y",IF(AND(H8>='Intersection Mileposts'!$F$34,H8<='Intersection Mileposts'!$G$34),"Y",IF(AND(H8>='Intersection Mileposts'!$F$35,H8<='Intersection Mileposts'!$G$35),"Y",IF(AND(H8>='Intersection Mileposts'!$F$36,H8<='Intersection Mileposts'!$G$36),"Y",IF(AND(H8>='Intersection Mileposts'!$F$37,H8<='Intersection Mileposts'!$G$37),"Y",IF(AND(H8>='Intersection Mileposts'!$F$38,H8<='Intersection Mileposts'!$G$38),"Y",IF(AND(H8>='Intersection Mileposts'!$F$39,H8<='Intersection Mileposts'!$G$39),"Y","N")))))))))))))))))))))))))))))))))))) -> Y
A9: 105714555 | B9: 43449 | C9: 23 | D9: 2 | E9: 8 | F9: 5 | G9: A | H9: 17.691 | I9: LTSR, SB at fault, struck NB | M9: Y | P9: =IF(R9 = "", "", COUNT($R$4:R9)) -> 6 | Q9: =IF(B9="", "", YEAR(B9)) -> 2018 | R9: =IF(A9="", "", IF(G9="",1,IF(G9="O",1,IF(G9="C",8.4,IF(G9="B",8.4,IF(G9="A",76.8,IF(G9="K",76.8,"ERR"))))))) -> 76.8 | S9: =IF(M9<>"",R9,"") -> 76.8 | T9: =IF(IF(M9<>"",G9,"")=0, "O", IF(M9<>"",G9,"")) -> A | U9: =IF(N9<>"",R9,"") | V9: =IF(IF(N9<>"",G9,"")=0, "O", IF(N9<>"",G9,"")) | Y9: Total | Z9: =COUNTIF(P4:P1048576, ">0") -> 42 | AA9: =COUNT(S4:S1048576) -> 24 | AB9: =COUNT(U4:U1048576) -> 3 | AC9: =SUM(AC4:AC8) -> 27 | AR9: =IF(P9>0, P9, "") -> 6 | AS9: =IF(OR(M9="Y",N9="Y"),"Y","") -> Y | AT9: =IF(AR9="","",IF(AND(H9>='Intersection Mileposts'!$F$5,H9<='Intersection Mileposts'!$G$5),"Y",IF(AND(H9>='Intersection Mileposts'!$F$6,H9<='Intersection Mileposts'!$G$6),"Y",IF(AND(H9>='Intersection Mileposts'!$F$7,H9<='Intersection Mileposts'!$G$7),"Y",IF(AND(H9>='Intersection Mileposts'!$F$8,H9<='Intersection Mileposts'!$G$8),"Y",IF(AND(H9>='Intersection Mileposts'!$F$9,H9<='Intersection Mileposts'!$G$9),"Y",IF(AND(H9>='Intersection Mileposts'!$F$10,H9<='Intersection Mileposts'!$G$10),"Y",IF(AND(H9>='Intersection Mileposts'!$F$11,H9<='Intersection Mileposts'!$G$11),"Y",IF(AND(H9>='Intersection Mileposts'!$F$12,H9<='Intersection Mileposts'!$G$12),"Y",IF(AND(H9>='Intersection Mileposts'!$F$13,H9<='Intersection Mileposts'!$G$13),"Y",IF(AND(H9>='Intersection Mileposts'!$F$14,H9<='Intersection Mileposts'!$G$14),"Y",IF(AND(H9>='Intersection Mileposts'!$F$15,H9<='Intersection Mileposts'!$G$15),"Y",IF(AND(H9>='Intersection Mileposts'!$F$16,H9<='Intersection Mileposts'!$G$16),"Y",IF(AND(H9>='Intersection Mileposts'!$F$17,H9<='Intersection Mileposts'!$G$17),"Y",IF(AND(H9>='Intersection Mileposts'!$F$18,H9<='Intersection Mileposts'!$G$18),"Y",IF(AND(H9>='Intersection Mileposts'!$F$19,H9<='Intersection Mileposts'!$G$19),"Y",IF(AND(H9>='Intersection Mileposts'!$F$20,H9<='Intersection Mileposts'!$G$20),"Y",IF(AND(H9>='Intersection Mileposts'!$F$21,H9<='Intersection Mileposts'!$G$21),"Y",IF(AND(H9>='Intersection Mileposts'!$F$22,H9<='Intersection Mileposts'!$G$22),"Y",IF(AND(H9>='Intersection Mileposts'!$F$23,H9<='Intersection Mileposts'!$G$23),"Y",IF(AND(H9>='Intersection Mileposts'!$F$24,H9<='Intersection Mileposts'!$G$24),"Y",IF(AND(H9>='Intersection Mileposts'!$F$25,H9<='Intersection Mileposts'!$G$25),"Y",IF(AND(H9>='Intersection Mileposts'!$F$26,H9<='Intersection Mileposts'!$G$26),"Y",IF(AND(H9>='Intersection Mileposts'!$F$27,H9<='Intersection Mileposts'!$G$27),"Y",IF(AND(H9>='Intersection Mileposts'!$F$28,H9<='Intersection Mileposts'!$G$28),"Y",IF(AND(H9>='Intersection Mileposts'!$F$29,H9<='Intersection Mileposts'!$G$29),"Y", IF(AND(H9>='Intersection Mileposts'!$F$30,H9<='Intersection Mileposts'!$G$30),"Y",IF(AND(H9>='Intersection Mileposts'!$F$31,H9<='Intersection Mileposts'!$G$31),"Y",IF(AND(H9>='Intersection Mileposts'!$F$32,H9<='Intersection Mileposts'!$G$32),"Y",IF(AND(H9>='Intersection Mileposts'!$F$33,H9<='Intersection Mileposts'!$G$33),"Y",IF(AND(H9>='Intersection Mileposts'!$F$34,H9<='Intersection Mileposts'!$G$34),"Y",IF(AND(H9>='Intersection Mileposts'!$F$35,H9<='Intersection Mileposts'!$G$35),"Y",IF(AND(H9>='Intersection Mileposts'!$F$36,H9<='Intersection Mileposts'!$G$36),"Y",IF(AND(H9>='Intersection Mileposts'!$F$37,H9<='Intersection Mileposts'!$G$37),"Y",IF(AND(H9>='Intersection Mileposts'!$F$38,H9<='Intersection Mileposts'!$G$38),"Y",IF(AND(H9>='Intersection Mileposts'!$F$39,H9<='Intersection Mileposts'!$G$39),"Y","N")))))))))))))))))))))))))))))))))))) -> Y
A10: 105723251 | B10: 43460 | C10: 19 | D10: 1 | E10: 8 | F10: 5 | G10: B | H10: 17.691 | I10: Run through int at SR 1716 | P10: =IF(R10 = "", "", COUNT($R$4:R10)) -> 7 | Q10: =IF(B10="", "", YEAR(B10)) -> 2018 | R10: =IF(A10="", "", IF(G10="",1,IF(G10="O",1,IF(G10="C",8.4,IF(G10="B",8.4,IF(G10="A",76.8,IF(G10="K",76.8,"ERR"))))))) -> 8.4 | S10: =IF(M10<>"",R10,"") | T10: =IF(IF(M10<>"",G10,"")=0, "O", IF(M10<>"",G10,"")) | U10: =IF(N10<>"",R10,"") | V10: =IF(IF(N10<>"",G10,"")=0, "O", IF(N10<>"",G10,"")) | Y10: SI | Z10: =IFERROR(AVERAGE(R4:R1048576), 0) -> 6.3285714 | AA10: =IFERROR(AVERAGE(S4:S1048576), 0) -> 9.0916667 | AB10: =IFERROR(AVERAGE(U4:U1048576), 0) -> 3.4666667 | AC10: =IFERROR(AVERAGEIF($AS$4:$AS$1048576,"Y", R4:R1048576 ), 0) -> 8.4666667 | AR10: =IF(P10>0, P10, "") -> 7 | AS10: =IF(OR(M10="Y",N10="Y"),"Y","") | AT10: =IF(AR10="","",IF(AND(H10>='Intersection Mileposts'!$F$5,H10<='Intersection Mileposts'!$G$5),"Y",IF(AND(H10>='Intersection Mileposts'!$F$6,H10<='Intersection Mileposts'!$G$6),"Y",IF(AND(H10>='Intersection Mileposts'!$F$7,H10<='Intersection Mileposts'!$G$7),"Y",IF(AND(H10>='Intersection Mileposts'!$F$8,H10<='Intersection Mileposts'!$G$8),"Y",IF(AND(H10>='Intersection Mileposts'!$F$9,H10<='Intersection Mileposts'!$G$9),"Y",IF(AND(H10>='Intersection Mileposts'!$F$10,H10<='Intersection Mileposts'!$G$10),"Y",IF(AND(H10>='Intersection Mileposts'!$F$11,H10<='Intersection Mileposts'!$G$11),"Y",IF(AND(H10>='Intersection Mileposts'!$F$12,H10<='Intersection Mileposts'!$G$12),"Y",IF(AND(H10>='Intersection Mileposts'!$F$13,H10<='Intersection Mileposts'!$G$13),"Y",IF(AND(H10>='Intersection Mileposts'!$F$14,H10<='Intersection Mileposts'!$G$14),"Y",IF(AND(H10>='Intersection Mileposts'!$F$15,H10<='Intersection Mileposts'!$G$15),"Y",IF(AND(H10>='Intersection Mileposts'!$F$16,H10<='Intersection Mileposts'!$G$16),"Y",IF(AND(H10>='Intersection Mileposts'!$F$17,H10<='Intersection Mileposts'!$G$17),"Y",IF(AND(H10>='Intersection Mileposts'!$F$18,H10<='Intersection Mileposts'!$G$18),"Y",IF(AND(H10>='Intersection Mileposts'!$F$19,H10<='Intersection Mileposts'!$G$19),"Y",IF(AND(H10>='Intersection Mileposts'!$F$20,H10<='Intersection Mileposts'!$G$20),"Y",IF(AND(H10>='Intersection Mileposts'!$F$21,H10<='Intersection Mileposts'!$G$21),"Y",IF(AND(H10>='Intersection Mileposts'!$F$22,H10<='Intersection Mileposts'!$G$22),"Y",IF(AND(H10>='Intersection Mileposts'!$F$23,H10<='Intersection Mileposts'!$G$23),"Y",IF(AND(H10>='Intersection Mileposts'!$F$24,H10<='Intersection Mileposts'!$G$24),"Y",IF(AND(H10>='Intersection Mileposts'!$F$25,H10<='Intersection Mileposts'!$G$25),"Y",IF(AND(H10>='Intersection Mileposts'!$F$26,H10<='Intersection Mileposts'!$G$26),"Y",IF(AND(H10>='Intersection Mileposts'!$F$27,H10<='Intersection Mileposts'!$G$27),"Y",IF(AND(H10>='Intersection Mileposts'!$F$28,H10<='Intersection Mileposts'!$G$28),"Y",IF(AND(H10>='Intersection Mileposts'!$F$29,H10<='Intersection Mileposts'!$G$29),"Y", IF(AND(H10>='Intersection Mileposts'!$F$30,H10<='Intersection Mileposts'!$G$30),"Y",IF(AND(H10>='Intersection Mileposts'!$F$31,H10<='Intersection Mileposts'!$G$31),"Y",IF(AND(H10>='Intersection Mileposts'!$F$32,H10<='Intersection Mileposts'!$G$32),"Y",IF(AND(H10>='Intersection Mileposts'!$F$33,H10<='Intersection Mileposts'!$G$33),"Y",IF(AND(H10>='Intersection Mileposts'!$F$34,H10<='Intersection Mileposts'!$G$34),"Y",IF(AND(H10>='Intersection Mileposts'!$F$35,H10<='Intersection Mileposts'!$G$35),"Y",IF(AND(H10>='Intersection Mileposts'!$F$36,H10<='Intersection Mileposts'!$G$36),"Y",IF(AND(H10>='Intersection Mileposts'!$F$37,H10<='Intersection Mileposts'!$G$37),"Y",IF(AND(H10>='Intersection Mileposts'!$F$38,H10<='Intersection Mileposts'!$G$38),"Y",IF(AND(H10>='Intersection Mileposts'!$F$39,H10<='Intersection Mileposts'!$G$39),"Y","N")))))))))))))))))))))))))))))))))))) -> Y
A11: 105998918 | B11: 43713 | C11: 25 | D11: 2 | E11: 8 | F11: 1 | G11: O | H11: 17.691 | I11: RTDR, WB at fault, struck SB | P11: =IF(R11 = "", "", COUNT($R$4:R11)) -> 8 | Q11: =IF(B11="", "", YEAR(B11)) -> 2019 | R11: =IF(A11="", "", IF(G11="",1,IF(G11="O",1,IF(G11="C",8.4,IF(G11="B",8.4,IF(G11="A",76.8,IF(G11="K",76.8,"ERR"))))))) -> 1 | S11: =IF(M11<>"",R11,"") | T11: =IF(IF(M11<>"",G11,"")=0, "O", IF(M11<>"",G11,"")) | U11: =IF(N11<>"",R11,"") | V11: =IF(IF(N11<>"",G11,"")=0, "O", IF(N11<>"",G11,"")) | AR11: =IF(P11>0, P11, "") -> 8 | AS11: =IF(OR(M11="Y",N11="Y"),"Y","") | AT11: =IF(AR11="","",IF(AND(H11>='Intersection Mileposts'!$F$5,H11<='Intersection Mileposts'!$G$5),"Y",IF(AND(H11>='Intersection Mileposts'!$F$6,H11<='Intersection Mileposts'!$G$6),"Y",IF(AND(H11>='Intersection Mileposts'!$F$7,H11<='Intersection Mileposts'!$G$7),"Y",IF(AND(H11>='Intersection Mileposts'!$F$8,H11<='Intersection Mileposts'!$G$8),"Y",IF(AND(H11>='Intersection Mileposts'!$F$9,H11<='Intersection Mileposts'!$G$9),"Y",IF(AND(H11>='Intersection Mileposts'!$F$10,H11<='Intersection Mileposts'!$G$10),"Y",IF(AND(H11>='Intersection Mileposts'!$F$11,H11<='Intersection Mileposts'!$G$11),"Y",IF(AND(H11>='Intersection Mileposts'!$F$12,H11<='Intersection Mileposts'!$G$12),"Y",IF(AND(H11>='Intersection Mileposts'!$F$13,H11<='Intersection Mileposts'!$G$13),"Y",IF(AND(H11>='Intersection Mileposts'!$F$14,H11<='Intersection Mileposts'!$G$14),"Y",IF(AND(H11>='Intersection Mileposts'!$F$15,H11<='Intersection Mileposts'!$G$15),"Y",IF(AND(H11>='Intersection Mileposts'!$F$16,H11<='Intersection Mileposts'!$G$16),"Y",IF(AND(H11>='Intersection Mileposts'!$F$17,H11<='Intersection Mileposts'!$G$17),"Y",IF(AND(H11>='Intersection Mileposts'!$F$18,H11<='Intersection Mileposts'!$G$18),"Y",IF(AND(H11>='Intersection Mileposts'!$F$19,H11<='Intersection Mileposts'!$G$19),"Y",IF(AND(H11>='Intersection Mileposts'!$F$20,H11<='Intersection Mileposts'!$G$20),"Y",IF(AND(H11>='Intersection Mileposts'!$F$21,H11<='Intersection Mileposts'!$G$21),"Y",IF(AND(H11>='Intersection Mileposts'!$F$22,H11<='Intersection Mileposts'!$G$22),"Y",IF(AND(H11>='Intersection Mileposts'!$F$23,H11<='Intersection Mileposts'!$G$23),"Y",IF(AND(H11>='Intersection Mileposts'!$F$24,H11<='Intersection Mileposts'!$G$24),"Y",IF(AND(H11>='Intersection Mileposts'!$F$25,H11<='Intersection Mileposts'!$G$25),"Y",IF(AND(H11>='Intersection Mileposts'!$F$26,H11<='Intersection Mileposts'!$G$26),"Y",IF(AND(H11>='Intersection Mileposts'!$F$27,H11<='Intersection Mileposts'!$G$27),"Y",IF(AND(H11>='Intersection Mileposts'!$F$28,H11<='Intersection Mileposts'!$G$28),"Y",IF(AND(H11>='Intersection Mileposts'!$F$29,H11<='Intersection Mileposts'!$G$29),"Y", IF(AND(H11>='Intersection Mileposts'!$F$30,H11<='Intersection Mileposts'!$G$30),"Y",IF(AND(H11>='Intersection Mileposts'!$F$31,H11<='Intersection Mileposts'!$G$31),"Y",IF(AND(H11>='Intersection Mileposts'!$F$32,H11<='Intersection Mileposts'!$G$32),"Y",IF(AND(H11>='Intersection Mileposts'!$F$33,H11<='Intersection Mileposts'!$G$33),"Y",IF(AND(H11>='Intersection Mileposts'!$F$34,H11<='Intersection Mileposts'!$G$34),"Y",IF(AND(H11>='Intersection Mileposts'!$F$35,H11<='Intersection Mileposts'!$G$35),"Y",IF(AND(H11>='Intersection Mileposts'!$F$36,H11<='Intersection Mileposts'!$G$36),"Y",IF(AND(H11>='Intersection Mileposts'!$F$37,H11<='Intersection Mileposts'!$G$37),"Y",IF(AND(H11>='Intersection Mileposts'!$F$38,H11<='Intersection Mileposts'!$G$38),"Y",IF(AND(H11>='Intersection Mileposts'!$F$39,H11<='Intersection Mileposts'!$G$39),"Y","N")))))))))))))))))))))))))))))))))))) -> Y
A12: 106060542 | B12: 43782 | C12: 21 | D12: 1 | E12: 8 | F12: 1 | G12: O | H12: 17.691 | I12: Rear end, SB | N12: Y | P12: =IF(R12 = "", "", COUNT($R$4:R12)) -> 9 | Q12: =IF(B12="", "", YEAR(B12)) -> 2019 | R12: =IF(A12="", "", IF(G12="",1,IF(G12="O",1,IF(G12="C",8.4,IF(G12="B",8.4,IF(G12="A",76.8,IF(G12="K",76.8,"ERR"))))))) -> 1 | S12: =IF(M12<>"",R12,"") | T12: =IF(IF(M12<>"",G12,"")=0, "O", IF(M12<>"",G12,"")) | U12: =IF(N12<>"",R12,"") -> 1 | V12: =IF(IF(N12<>"",G12,"")=0, "O", IF(N12<>"",G12,"")) -> O | AR12: =IF(P12>0, P12, "") -> 9 | AS12: =IF(OR(M12="Y",N12="Y"),"Y","") -> Y | AT12: =IF(AR12="","",IF(AND(H12>='Intersection Mileposts'!$F$5,H12<='Intersection Mileposts'!$G$5),"Y",IF(AND(H12>='Intersection Mileposts'!$F$6,H12<='Intersection Mileposts'!$G$6),"Y",IF(AND(H12>='Intersection Mileposts'!$F$7,H12<='Intersection Mileposts'!$G$7),"Y",IF(AND(H12>='Intersection Mileposts'!$F$8,H12<='Intersection Mileposts'!$G$8),"Y",IF(AND(H12>='Intersection Mileposts'!$F$9,H12<='Intersection Mileposts'!$G$9),"Y",IF(AND(H12>='Intersection Mileposts'!$F$10,H12<='Intersection Mileposts'!$G$10),"Y",IF(AND(H12>='Intersection Mileposts'!$F$11,H12<='Intersection Mileposts'!$G$11),"Y",IF(AND(H12>='Intersection Mileposts'!$F$12,H12<='Intersection Mileposts'!$G$12),"Y",IF(AND(H12>='Intersection Mileposts'!$F$13,H12<='Intersection Mileposts'!$G$13),"Y",IF(AND(H12>='Intersection Mileposts'!$F$14,H12<='Intersection Mileposts'!$G$14),"Y",IF(AND(H12>='Intersection Mileposts'!$F$15,H12<='Intersection Mileposts'!$G$15),"Y",IF(AND(H12>='Intersection Mileposts'!$F$16,H12<='Intersection Mileposts'!$G$16),"Y",IF(AND(H12>='Intersection Mileposts'!$F$17,H12<='Intersection Mileposts'!$G$17),"Y",IF(AND(H12>='Intersection Mileposts'!$F$18,H12<='Intersection Mileposts'!$G$18),"Y",IF(AND(H12>='Intersection Mileposts'!$F$19,H12<='Intersection Mileposts'!$G$19),"Y",IF(AND(H12>='Intersection Mileposts'!$F$20,H12<='Intersection Mileposts'!$G$20),"Y",IF(AND(H12>='Intersection Mileposts'!$F$21,H12<='Intersection Mileposts'!$G$21),"Y",IF(AND(H12>='Intersection Mileposts'!$F$22,H12<='Intersection Mileposts'!$G$22),"Y",IF(AND(H12>='Intersection Mileposts'!$F$23,H12<='Intersection Mileposts'!$G$23),"Y",IF(AND(H12>='Intersection Mileposts'!$F$24,H12<='Intersection Mileposts'!$G$24),"Y",IF(AND(H12>='Intersection Mileposts'!$F$25,H12<='Intersection Mileposts'!$G$25),"Y",IF(AND(H12>='Intersection Mileposts'!$F$26,H12<='Intersection Mileposts'!$G$26),"Y",IF(AND(H12>='Intersection Mileposts'!$F$27,H12<='Intersection Mileposts'!$G$27),"Y",IF(AND(H12>='Intersection Mileposts'!$F$28,H12<='Intersection Mileposts'!$G$28),"Y",IF(AND(H12>='Intersection Mileposts'!$F$29,H12<='Intersection Mileposts'!$G$29),"Y", IF(AND(H12>='Intersection Mileposts'!$F$30,H12<='Intersection Mileposts'!$G$30),"Y",IF(AND(H12>='Intersection Mileposts'!$F$31,H12<='Intersection Mileposts'!$G$31),"Y",IF(AND(H12>='Intersection Mileposts'!$F$32,H12<='Intersection Mileposts'!$G$32),"Y",IF(AND(H12>='Intersection Mileposts'!$F$33,H12<='Intersection Mileposts'!$G$33),"Y",IF(AND(H12>='Intersection Mileposts'!$F$34,H12<='Intersection Mileposts'!$G$34),"Y",IF(AND(H12>='Intersection Mileposts'!$F$35,H12<='Intersection Mileposts'!$G$35),"Y",IF(AND(H12>='Intersection Mileposts'!$F$36,H12<='Intersection Mileposts'!$G$36),"Y",IF(AND(H12>='Intersection Mileposts'!$F$37,H12<='Intersection Mileposts'!$G$37),"Y",IF(AND(H12>='Intersection Mileposts'!$F$38,H12<='Intersection Mileposts'!$G$38),"Y",IF(AND(H12>='Intersection Mileposts'!$F$39,H12<='Intersection Mileposts'!$G$39),"Y","N")))))))))))))))))))))))))))))))))))) -> Y
A13: 106062228 | B13: 43783 | C13: 21 | D13: 1 | E13: 8 | F13: 1 | G13: B | H13: 17.691 | I13: Rear end, SB | N13: Y | P13: =IF(R13 = "", "", COUNT($R$4:R13)) -> 10 | Q13: =IF(B13="", "", YEAR(B13)) -> 2019 | R13: =IF(A13="", "", IF(G13="",1,IF(G13="O",1,IF(G13="C",8.4,IF(G13="B",8.4,IF(G13="A",76.8,IF(G13="K",76.8,"ERR"))))))) -> 8.4 | S13: =IF(M13<>"",R13,"") | T13: =IF(IF(M13<>"",G13,"")=0, "O", IF(M13<>"",G13,"")) | U13: =IF(N13<>"",R13,"") -> 8.4 | V13: =IF(IF(N13<>"",G13,"")=0, "O", IF(N13<>"",G13,"")) -> B | AR13: =IF(P13>0, P13, "") -> 10 | AS13: =IF(OR(M13="Y",N13="Y"),"Y","") -> Y | AT13: =IF(AR13="","",IF(AND(H13>='Intersection Mileposts'!$F$5,H13<='Intersection Mileposts'!$G$5),"Y",IF(AND(H13>='Intersection Mileposts'!$F$6,H13<='Intersection Mileposts'!$G$6),"Y",IF(AND(H13>='Intersection Mileposts'!$F$7,H13<='Intersection Mileposts'!$G$7),"Y",IF(AND(H13>='Intersection Mileposts'!$F$8,H13<='Intersection Mileposts'!$G$8),"Y",IF(AND(H13>='Intersection Mileposts'!$F$9,H13<='Intersection Mileposts'!$G$9),"Y",IF(AND(H13>='Intersection Mileposts'!$F$10,H13<='Intersection Mileposts'!$G$10),"Y",IF(AND(H13>='Intersection Mileposts'!$F$11,H13<='Intersection Mileposts'!$G$11),"Y",IF(AND(H13>='Intersection Mileposts'!$F$12,H13<='Intersection Mileposts'!$G$12),"Y",IF(AND(H13>='Intersection Mileposts'!$F$13,H13<='Intersection Mileposts'!$G$13),"Y",IF(AND(H13>='Intersection Mileposts'!$F$14,H13<='Intersection Mileposts'!$G$14),"Y",IF(AND(H13>='Intersection Mileposts'!$F$15,H13<='Intersection Mileposts'!$G$15),"Y",IF(AND(H13>='Intersection Mileposts'!$F$16,H13<='Intersection Mileposts'!$G$16),"Y",IF(AND(H13>='Intersection Mileposts'!$F$17,H13<='Intersection Mileposts'!$G$17),"Y",IF(AND(H13>='Intersection Mileposts'!$F$18,H13<='Intersection Mileposts'!$G$18),"Y",IF(AND(H13>='Intersection Mileposts'!$F$19,H13<='Intersection Mileposts'!$G$19),"Y",IF(AND(H13>='Intersection Mileposts'!$F$20,H13<='Intersection Mileposts'!$G$20),"Y",IF(AND(H13>='Intersection Mileposts'!$F$21,H13<='Intersection Mileposts'!$G$21),"Y",IF(AND(H13>='Intersection Mileposts'!$F$22,H13<='Intersection Mileposts'!$G$22),"Y",IF(AND(H13>='Intersection Mileposts'!$F$23,H13<='Intersection Mileposts'!$G$23),"Y",IF(AND(H13>='Intersection Mileposts'!$F$24,H13<='Intersection Mileposts'!$G$24),"Y",IF(AND(H13>='Intersection Mileposts'!$F$25,H13<='Intersection Mileposts'!$G$25),"Y",IF(AND(H13>='Intersection Mileposts'!$F$26,H13<='Intersection Mileposts'!$G$26),"Y",IF(AND(H13>='Intersection Mileposts'!$F$27,H13<='Intersection Mileposts'!$G$27),"Y",IF(AND(H13>='Intersection Mileposts'!$F$28,H13<='Intersection Mileposts'!$G$28),"Y",IF(AND(H13>='Intersection Mileposts'!$F$29,H13<='Intersection Mileposts'!$G$29),"Y", IF(AND(H13>='Intersection Mileposts'!$F$30,H13<='Intersection Mileposts'!$G$30),"Y",IF(AND(H13>='Intersection Mileposts'!$F$31,H13<='Intersection Mileposts'!$G$31),"Y",IF(AND(H13>='Intersection Mileposts'!$F$32,H13<='Intersection Mileposts'!$G$32),"Y",IF(AND(H13>='Intersection Mileposts'!$F$33,H13<='Intersection Mileposts'!$G$33),"Y",IF(AND(H13>='Intersection Mileposts'!$F$34,H13<='Intersection Mileposts'!$G$34),"Y",IF(AND(H13>='Intersection Mileposts'!$F$35,H13<='Intersection Mileposts'!$G$35),"Y",IF(AND(H13>='Intersection Mileposts'!$F$36,H13<='Intersection Mileposts'!$G$36),"Y",IF(AND(H13>='Intersection Mileposts'!$F$37,H13<='Intersection Mileposts'!$G$37),"Y",IF(AND(H13>='Intersection Mileposts'!$F$38,H13<='Intersection Mileposts'!$G$38),"Y",IF(AND(H13>='Intersection Mileposts'!$F$39,H13<='Intersection Mileposts'!$G$39),"Y","N")))))))))))))))))))))))))))))))))))) -> Y
A14: 106116382 | B14: 43834 | C14: 24 | D14: 1 | E14: 8 | F14: 1 | G14: O | H14: 17.691 | I14: LTDR, SB at fault, struck WB at STOP | P14: =IF(R14 = "", "", COUNT($R$4:R14)) -> 11 | Q14: =IF(B14="", "", YEAR(B14)) -> 2020 | R14: =IF(A14="", "", IF(G14="",1,IF(G14="O",1,IF(G14="C",8.4,IF(G14="B",8.4,IF(G14="A",76.8,IF(G14="K",76.8,"ERR"))))))) -> 1 | S14: =IF(M14<>"",R14,"") | T14: =IF(IF(M14<>"",G14,"")=0, "O", IF(M14<>"",G14,"")) | U14: =IF(N14<>"",R14,"") | V14: =IF(IF(N14<>"",G14,"")=0, "O", IF(N14<>"",G14,"")) | X14: Steps | AR14: =IF(P14>0, P14, "") -> 11 | AS14: =IF(OR(M14="Y",N14="Y"),"Y","") | AT14: =IF(AR14="","",IF(AND(H14>='Intersection Mileposts'!$F$5,H14<='Intersection Mileposts'!$G$5),"Y",IF(AND(H14>='Intersection Mileposts'!$F$6,H14<='Intersection Mileposts'!$G$6),"Y",IF(AND(H14>='Intersection Mileposts'!$F$7,H14<='Intersection Mileposts'!$G$7),"Y",IF(AND(H14>='Intersection Mileposts'!$F$8,H14<='Intersection Mileposts'!$G$8),"Y",IF(AND(H14>='Intersection Mileposts'!$F$9,H14<='Intersection Mileposts'!$G$9),"Y",IF(AND(H14>='Intersection Mileposts'!$F$10,H14<='Intersection Mileposts'!$G$10),"Y",IF(AND(H14>='Intersection Mileposts'!$F$11,H14<='Intersection Mileposts'!$G$11),"Y",IF(AND(H14>='Intersection Mileposts'!$F$12,H14<='Intersection Mileposts'!$G$12),"Y",IF(AND(H14>='Intersection Mileposts'!$F$13,H14<='Intersection Mileposts'!$G$13),"Y",IF(AND(H14>='Intersection Mileposts'!$F$14,H14<='Intersection Mileposts'!$G$14),"Y",IF(AND(H14>='Intersection Mileposts'!$F$15,H14<='Intersection Mileposts'!$G$15),"Y",IF(AND(H14>='Intersection Mileposts'!$F$16,H14<='Intersection Mileposts'!$G$16),"Y",IF(AND(H14>='Intersection Mileposts'!$F$17,H14<='Intersection Mileposts'!$G$17),"Y",IF(AND(H14>='Intersection Mileposts'!$F$18,H14<='Intersection Mileposts'!$G$18),"Y",IF(AND(H14>='Intersection Mileposts'!$F$19,H14<='Intersection Mileposts'!$G$19),"Y",IF(AND(H14>='Intersection Mileposts'!$F$20,H14<='Intersection Mileposts'!$G$20),"Y",IF(AND(H14>='Intersection Mileposts'!$F$21,H14<='Intersection Mileposts'!$G$21),"Y",IF(AND(H14>='Intersection Mileposts'!$F$22,H14<='Intersection Mileposts'!$G$22),"Y",IF(AND(H14>='Intersection Mileposts'!$F$23,H14<='Intersection Mileposts'!$G$23),"Y",IF(AND(H14>='Intersection Mileposts'!$F$24,H14<='Intersection Mileposts'!$G$24),"Y",IF(AND(H14>='Intersection Mileposts'!$F$25,H14<='Intersection Mileposts'!$G$25),"Y",IF(AND(H14>='Intersection Mileposts'!$F$26,H14<='Intersection Mileposts'!$G$26),"Y",IF(AND(H14>='Intersection Mileposts'!$F$27,H14<='Intersection Mileposts'!$G$27),"Y",IF(AND(H14>='Intersection Mileposts'!$F$28,H14<='Intersection Mileposts'!$G$28),"Y",IF(AND(H14>='Intersection Mileposts'!$F$29,H14<='Intersection Mileposts'!$G$29),"Y", IF(AND(H14>='Intersection Mileposts'!$F$30,H14<='Intersection Mileposts'!$G$30),"Y",IF(AND(H14>='Intersection Mileposts'!$F$31,H14<='Intersection Mileposts'!$G$31),"Y",IF(AND(H14>='Intersection Mileposts'!$F$32,H14<='Intersection Mileposts'!$G$32),"Y",IF(AND(H14>='Intersection Mileposts'!$F$33,H14<='Intersection Mileposts'!$G$33),"Y",IF(AND(H14>='Intersection Mileposts'!$F$34,H14<='Intersection Mileposts'!$G$34),"Y",IF(AND(H14>='Intersection Mileposts'!$F$35,H14<='Intersection Mileposts'!$G$35),"Y",IF(AND(H14>='Intersection Mileposts'!$F$36,H14<='Intersection Mileposts'!$G$36),"Y",IF(AND(H14>='Intersection Mileposts'!$F$37,H14<='Intersection Mileposts'!$G$37),"Y",IF(AND(H14>='Intersection Mileposts'!$F$38,H14<='Intersection Mileposts'!$G$38),"Y",IF(AND(H14>='Intersection Mileposts'!$F$39,H14<='Intersection Mileposts'!$G$39),"Y","N")))))))))))))))))))))))))))))))))))) -> Y
A15: 105559557 | B15: 43309 | C15: 19 | D15: 1 | E15: 8 | F15: 1 | G15: O | H15: 17.7 | I15: Run through int at SR 1716 | P15: =IF(R15 = "", "", COUNT($R$4:R15)) -> 12 | Q15: =IF(B15="", "", YEAR(B15)) -> 2018 | R15: =IF(A15="", "", IF(G15="",1,IF(G15="O",1,IF(G15="C",8.4,IF(G15="B",8.4,IF(G15="A",76.8,IF(G15="K",76.8,"ERR"))))))) -> 1 | S15: =IF(M15<>"",R15,"") | T15: =IF(IF(M15<>"",G15,"")=0, "O", IF(M15<>"",G15,"")) | U15: =IF(N15<>"",R15,"") | V15: =IF(IF(N15<>"",G15,"")=0, "O", IF(N15<>"",G15,"")) | X15: 1 | Y15: For the crashes you have determined to be within your study area and in the BEFORE period, copy and paste the Crash ID, Date, T, C, F, L, and S columns from your filtered fiche into this tab's Columns A -> G. | AR15: =IF(P15>0, P15, "") -> 12 | AS15: =IF(OR(M15="Y",N15="Y"),"Y","") | AT15: =IF(AR15="","",IF(AND(H15>='Intersection Mileposts'!$F$5,H15<='Intersection Mileposts'!$G$5),"Y",IF(AND(H15>='Intersection Mileposts'!$F$6,H15<='Intersection Mileposts'!$G$6),"Y",IF(AND(H15>='Intersection Mileposts'!$F$7,H15<='Intersection Mileposts'!$G$7),"Y",IF(AND(H15>='Intersection Mileposts'!$F$8,H15<='Intersection Mileposts'!$G$8),"Y",IF(AND(H15>='Intersection Mileposts'!$F$9,H15<='Intersection Mileposts'!$G$9),"Y",IF(AND(H15>='Intersection Mileposts'!$F$10,H15<='Intersection Mileposts'!$G$10),"Y",IF(AND(H15>='Intersection Mileposts'!$F$11,H15<='Intersection Mileposts'!$G$11),"Y",IF(AND(H15>='Intersection Mileposts'!$F$12,H15<='Intersection Mileposts'!$G$12),"Y",IF(AND(H15>='Intersection Mileposts'!$F$13,H15<='Intersection Mileposts'!$G$13),"Y",IF(AND(H15>='Intersection Mileposts'!$F$14,H15<='Intersection Mileposts'!$G$14),"Y",IF(AND(H15>='Intersection Mileposts'!$F$15,H15<='Intersection Mileposts'!$G$15),"Y",IF(AND(H15>='Intersection Mileposts'!$F$16,H15<='Intersection Mileposts'!$G$16),"Y",IF(AND(H15>='Intersection Mileposts'!$F$17,H15<='Intersection Mileposts'!$G$17),"Y",IF(AND(H15>='Intersection Mileposts'!$F$18,H15<='Intersection Mileposts'!$G$18),"Y",IF(AND(H15>='Intersection Mileposts'!$F$19,H15<='Intersection Mileposts'!$G$19),"Y",IF(AND(H15>='Intersection Mileposts'!$F$20,H15<='Intersection Mileposts'!$G$20),"Y",IF(AND(H15>='Intersection Mileposts'!$F$21,H15<='Intersection Mileposts'!$G$21),"Y",IF(AND(H15>='Intersection Mileposts'!$F$22,H15<='Intersection Mileposts'!$G$22),"Y",IF(AND(H15>='Intersection Mileposts'!$F$23,H15<='Intersection Mileposts'!$G$23),"Y",IF(AND(H15>='Intersection Mileposts'!$F$24,H15<='Intersection Mileposts'!$G$24),"Y",IF(AND(H15>='Intersection Mileposts'!$F$25,H15<='Intersection Mileposts'!$G$25),"Y",IF(AND(H15>='Intersection Mileposts'!$F$26,H15<='Intersection Mileposts'!$G$26),"Y",IF(AND(H15>='Intersection Mileposts'!$F$27,H15<='Intersection Mileposts'!$G$27),"Y",IF(AND(H15>='Intersection Mileposts'!$F$28,H15<='Intersection Mileposts'!$G$28),"Y",IF(AND(H15>='Intersection Mileposts'!$F$29,H15<='Intersection Mileposts'!$G$29),"Y", IF(AND(H15>='Intersection Mileposts'!$F$30,H15<='Intersection Mileposts'!$G$30),"Y",IF(AND(H15>='Intersection Mileposts'!$F$31,H15<='Intersection Mileposts'!$G$31),"Y",IF(AND(H15>='Intersection Mileposts'!$F$32,H15<='Intersection Mileposts'!$G$32),"Y",IF(AND(H15>='Intersection Mileposts'!$F$33,H15<='Intersection Mileposts'!$G$33),"Y",IF(AND(H15>='Intersection Mileposts'!$F$34,H15<='Intersection Mileposts'!$G$34),"Y",IF(AND(H15>='Intersection Mileposts'!$F$35,H15<='Intersection Mileposts'!$G$35),"Y",IF(AND(H15>='Intersection Mileposts'!$F$36,H15<='Intersection Mileposts'!$G$36),"Y",IF(AND(H15>='Intersection Mileposts'!$F$37,H15<='Intersection Mileposts'!$G$37),"Y",IF(AND(H15>='Intersection Mileposts'!$F$38,H15<='Intersection Mileposts'!$G$38),"Y",IF(AND(H15>='Intersection Mileposts'!$F$39,H15<='Intersection Mileposts'!$G$39),"Y","N")))))))))))))))))))))))))))))))))))) -> Y
A16: 105381930 | B16: 42371 | C16: 17 | D16: 1 | E16: 0 | F16: 5 | G16: O | H16: 17.791 | I16: Animal, SB | P16: =IF(R16 = "", "", COUNT($R$4:R16)) -> 13 | Q16: =IF(B16="", "", YEAR(B16)) -> 2016 | R16: =IF(A16="", "", IF(G16="",1,IF(G16="O",1,IF(G16="C",8.4,IF(G16="B",8.4,IF(G16="A",76.8,IF(G16="K",76.8,"ERR"))))))) -> 1 | S16: =IF(M16<>"",R16,"") | T16: =IF(IF(M16<>"",G16,"")=0, "O", IF(M16<>"",G16,"")) | U16: =IF(N16<>"",R16,"") | V16: =IF(IF(N16<>"",G16,"")=0, "O", IF(N16<>"",G16,"")) | AR16: =IF(P16>0, P16, "") -> 13 | AS16: =IF(OR(M16="Y",N16="Y"),"Y","") | AT16: =IF(AR16="","",IF(AND(H16>='Intersection Mileposts'!$F$5,H16<='Intersection Mileposts'!$G$5),"Y",IF(AND(H16>='Intersection Mileposts'!$F$6,H16<='Intersection Mileposts'!$G$6),"Y",IF(AND(H16>='Intersection Mileposts'!$F$7,H16<='Intersection Mileposts'!$G$7),"Y",IF(AND(H16>='Intersection Mileposts'!$F$8,H16<='Intersection Mileposts'!$G$8),"Y",IF(AND(H16>='Intersection Mileposts'!$F$9,H16<='Intersection Mileposts'!$G$9),"Y",IF(AND(H16>='Intersection Mileposts'!$F$10,H16<='Intersection Mileposts'!$G$10),"Y",IF(AND(H16>='Intersection Mileposts'!$F$11,H16<='Intersection Mileposts'!$G$11),"Y",IF(AND(H16>='Intersection Mileposts'!$F$12,H16<='Intersection Mileposts'!$G$12),"Y",IF(AND(H16>='Intersection Mileposts'!$F$13,H16<='Intersection Mileposts'!$G$13),"Y",IF(AND(H16>='Intersection Mileposts'!$F$14,H16<='Intersection Mileposts'!$G$14),"Y",IF(AND(H16>='Intersection Mileposts'!$F$15,H16<='Intersection Mileposts'!$G$15),"Y",IF(AND(H16>='Intersection Mileposts'!$F$16,H16<='Intersection Mileposts'!$G$16),"Y",IF(AND(H16>='Intersection Mileposts'!$F$17,H16<='Intersection Mileposts'!$G$17),"Y",IF(AND(H16>='Intersection Mileposts'!$F$18,H16<='Intersection Mileposts'!$G$18),"Y",IF(AND(H16>='Intersection Mileposts'!$F$19,H16<='Intersection Mileposts'!$G$19),"Y",IF(AND(H16>='Intersection Mileposts'!$F$20,H16<='Intersection Mileposts'!$G$20),"Y",IF(AND(H16>='Intersection Mileposts'!$F$21,H16<='Intersection Mileposts'!$G$21),"Y",IF(AND(H16>='Intersection Mileposts'!$F$22,H16<='Intersection Mileposts'!$G$22),"Y",IF(AND(H16>='Intersection Mileposts'!$F$23,H16<='Intersection Mileposts'!$G$23),"Y",IF(AND(H16>='Intersection Mileposts'!$F$24,H16<='Intersection Mileposts'!$G$24),"Y",IF(AND(H16>='Intersection Mileposts'!$F$25,H16<='Intersection Mileposts'!$G$25),"Y",IF(AND(H16>='Intersection Mileposts'!$F$26,H16<='Intersection Mileposts'!$G$26),"Y",IF(AND(H16>='Intersection Mileposts'!$F$27,H16<='Intersection Mileposts'!$G$27),"Y",IF(AND(H16>='Intersection Mileposts'!$F$28,H16<='Intersection Mileposts'!$G$28),"Y",IF(AND(H16>='Intersection Mileposts'!$F$29,H16<='Intersection Mileposts'!$G$29),"Y", IF(AND(H16>='Intersection Mileposts'!$F$30,H16<='Intersection Mileposts'!$G$30),"Y",IF(AND(H16>='Intersection Mileposts'!$F$31,H16<='Intersection Mileposts'!$G$31),"Y",IF(AND(H16>='Intersection Mileposts'!$F$32,H16<='Intersection Mileposts'!$G$32),"Y",IF(AND(H16>='Intersection Mileposts'!$F$33,H16<='Intersection Mileposts'!$G$33),"Y",IF(AND(H16>='Intersection Mileposts'!$F$34,H16<='Intersection Mileposts'!$G$34),"Y",IF(AND(H16>='Intersection Mileposts'!$F$35,H16<='Intersection Mileposts'!$G$35),"Y",IF(AND(H16>='Intersection Mileposts'!$F$36,H16<='Intersection Mileposts'!$G$36),"Y",IF(AND(H16>='Intersection Mileposts'!$F$37,H16<='Intersection Mileposts'!$G$37),"Y",IF(AND(H16>='Intersection Mileposts'!$F$38,H16<='Intersection Mileposts'!$G$38),"Y",IF(AND(H16>='Intersection Mileposts'!$F$39,H16<='Intersection Mileposts'!$G$39),"Y","N")))))))))))))))))))))))))))))))))))) -> Y
A17: 104515269 | B17: 42284 | C17: 23 | D17: 1 | E17: 8 | F17: 5 | G17: O | H17: 17.811 | I17: LTSR, NB at fault, struck SB | M17: Y | P17: =IF(R17 = "", "", COUNT($R$4:R17)) -> 14 | Q17: =IF(B17="", "", YEAR(B17)) -> 2015 | R17: =IF(A17="", "", IF(G17="",1,IF(G17="O",1,IF(G17="C",8.4,IF(G17="B",8.4,IF(G17="A",76.8,IF(G17="K",76.8,"ERR"))))))) -> 1 | S17: =IF(M17<>"",R17,"") -> 1 | T17: =IF(IF(M17<>"",G17,"")=0, "O", IF(M17<>"",G17,"")) -> O | U17: =IF(N17<>"",R17,"") | V17: =IF(IF(N17<>"",G17,"")=0, "O", IF(N17<>"",G17,"")) | AR17: =IF(P17>0, P17, "") -> 14 | AS17: =IF(OR(M17="Y",N17="Y"),"Y","") -> Y | AT17: =IF(AR17="","",IF(AND(H17>='Intersection Mileposts'!$F$5,H17<='Intersection Mileposts'!$G$5),"Y",IF(AND(H17>='Intersection Mileposts'!$F$6,H17<='Intersection Mileposts'!$G$6),"Y",IF(AND(H17>='Intersection Mileposts'!$F$7,H17<='Intersection Mileposts'!$G$7),"Y",IF(AND(H17>='Intersection Mileposts'!$F$8,H17<='Intersection Mileposts'!$G$8),"Y",IF(AND(H17>='Intersection Mileposts'!$F$9,H17<='Intersection Mileposts'!$G$9),"Y",IF(AND(H17>='Intersection Mileposts'!$F$10,H17<='Intersection Mileposts'!$G$10),"Y",IF(AND(H17>='Intersection Mileposts'!$F$11,H17<='Intersection Mileposts'!$G$11),"Y",IF(AND(H17>='Intersection Mileposts'!$F$12,H17<='Intersection Mileposts'!$G$12),"Y",IF(AND(H17>='Intersection Mileposts'!$F$13,H17<='Intersection Mileposts'!$G$13),"Y",IF(AND(H17>='Intersection Mileposts'!$F$14,H17<='Intersection Mileposts'!$G$14),"Y",IF(AND(H17>='Intersection Mileposts'!$F$15,H17<='Intersection Mileposts'!$G$15),"Y",IF(AND(H17>='Intersection Mileposts'!$F$16,H17<='Intersection Mileposts'!$G$16),"Y",IF(AND(H17>='Intersection Mileposts'!$F$17,H17<='Intersection Mileposts'!$G$17),"Y",IF(AND(H17>='Intersection Mileposts'!$F$18,H17<='Intersection Mileposts'!$G$18),"Y",IF(AND(H17>='Intersection Mileposts'!$F$19,H17<='Intersection Mileposts'!$G$19),"Y",IF(AND(H17>='Intersection Mileposts'!$F$20,H17<='Intersection Mileposts'!$G$20),"Y",IF(AND(H17>='Intersection Mileposts'!$F$21,H17<='Intersection Mileposts'!$G$21),"Y",IF(AND(H17>='Intersection Mileposts'!$F$22,H17<='Intersection Mileposts'!$G$22),"Y",IF(AND(H17>='Intersection Mileposts'!$F$23,H17<='Intersection Mileposts'!$G$23),"Y",IF(AND(H17>='Intersection Mileposts'!$F$24,H17<='Intersection Mileposts'!$G$24),"Y",IF(AND(H17>='Intersection Mileposts'!$F$25,H17<='Intersection Mileposts'!$G$25),"Y",IF(AND(H17>='Intersection Mileposts'!$F$26,H17<='Intersection Mileposts'!$G$26),"Y",IF(AND(H17>='Intersection Mileposts'!$F$27,H17<='Intersection Mileposts'!$G$27),"Y",IF(AND(H17>='Intersection Mileposts'!$F$28,H17<='Intersection Mileposts'!$G$28),"Y",IF(AND(H17>='Intersection Mileposts'!$F$29,H17<='Intersection Mileposts'!$G$29),"Y", IF(AND(H17>='Intersection Mileposts'!$F$30,H17<='Intersection Mileposts'!$G$30),"Y",IF(AND(H17>='Intersection Mileposts'!$F$31,H17<='Intersection Mileposts'!$G$31),"Y",IF(AND(H17>='Intersection Mileposts'!$F$32,H17<='Intersection Mileposts'!$G$32),"Y",IF(AND(H17>='Intersection Mileposts'!$F$33,H17<='Intersection Mileposts'!$G$33),"Y",IF(AND(H17>='Intersection Mileposts'!$F$34,H17<='Intersection Mileposts'!$G$34),"Y",IF(AND(H17>='Intersection Mileposts'!$F$35,H17<='Intersection Mileposts'!$G$35),"Y",IF(AND(H17>='Intersection Mileposts'!$F$36,H17<='Intersection Mileposts'!$G$36),"Y",IF(AND(H17>='Intersection Mileposts'!$F$37,H17<='Intersection Mileposts'!$G$37),"Y",IF(AND(H17>='Intersection Mileposts'!$F$38,H17<='Intersection Mileposts'!$G$38),"Y",IF(AND(H17>='Intersection Mileposts'!$F$39,H17<='Intersection Mileposts'!$G$39),"Y","N")))))))))))))))))))))))))))))))))))) -> Y
A18: 104830578 | B18: 42608 | C18: 19 | D18: 1 | E18: 8 | F18: 5 | G18: O | H18: 17.811 | I18: Run through int at SR 2638 | P18: =IF(R18 = "", "", COUNT($R$4:R18)) -> 15 | Q18: =IF(B18="", "", YEAR(B18)) -> 2016 | R18: =IF(A18="", "", IF(G18="",1,IF(G18="O",1,IF(G18="C",8.4,IF(G18="B",8.4,IF(G18="A",76.8,IF(G18="K",76.8,"ERR"))))))) -> 1 | S18: =IF(M18<>"",R18,"") | T18: =IF(IF(M18<>"",G18,"")=0, "O", IF(M18<>"",G18,"")) | U18: =IF(N18<>"",R18,"") | V18: =IF(IF(N18<>"",G18,"")=0, "O", IF(N18<>"",G18,"")) | Y18: ● | Z18: It is ESSENTIAL that the data you are pasting into these columns corresponds to their above headers. | AR18: =IF(P18>0, P18, "") -> 15 | AS18: =IF(OR(M18="Y",N18="Y"),"Y","") | AT18: =IF(AR18="","",IF(AND(H18>='Intersection Mileposts'!$F$5,H18<='Intersection Mileposts'!$G$5),"Y",IF(AND(H18>='Intersection Mileposts'!$F$6,H18<='Intersection Mileposts'!$G$6),"Y",IF(AND(H18>='Intersection Mileposts'!$F$7,H18<='Intersection Mileposts'!$G$7),"Y",IF(AND(H18>='Intersection Mileposts'!$F$8,H18<='Intersection Mileposts'!$G$8),"Y",IF(AND(H18>='Intersection Mileposts'!$F$9,H18<='Intersection Mileposts'!$G$9),"Y",IF(AND(H18>='Intersection Mileposts'!$F$10,H18<='Intersection Mileposts'!$G$10),"Y",IF(AND(H18>='Intersection Mileposts'!$F$11,H18<='Intersection Mileposts'!$G$11),"Y",IF(AND(H18>='Intersection Mileposts'!$F$12,H18<='Intersection Mileposts'!$G$12),"Y",IF(AND(H18>='Intersection Mileposts'!$F$13,H18<='Intersection Mileposts'!$G$13),"Y",IF(AND(H18>='Intersection Mileposts'!$F$14,H18<='Intersection Mileposts'!$G$14),"Y",IF(AND(H18>='Intersection Mileposts'!$F$15,H18<='Intersection Mileposts'!$G$15),"Y",IF(AND(H18>='Intersection Mileposts'!$F$16,H18<='Intersection Mileposts'!$G$16),"Y",IF(AND(H18>='Intersection Mileposts'!$F$17,H18<='Intersection Mileposts'!$G$17),"Y",IF(AND(H18>='Intersection Mileposts'!$F$18,H18<='Intersection Mileposts'!$G$18),"Y",IF(AND(H18>='Intersection Mileposts'!$F$19,H18<='Intersection Mileposts'!$G$19),"Y",IF(AND(H18>='Intersection Mileposts'!$F$20,H18<='Intersection Mileposts'!$G$20),"Y",IF(AND(H18>='Intersection Mileposts'!$F$21,H18<='Intersection Mileposts'!$G$21),"Y",IF(AND(H18>='Intersection Mileposts'!$F$22,H18<='Intersection Mileposts'!$G$22),"Y",IF(AND(H18>='Intersection Mileposts'!$F$23,H18<='Intersection Mileposts'!$G$23),"Y",IF(AND(H18>='Intersection Mileposts'!$F$24,H18<='Intersection Mileposts'!$G$24),"Y",IF(AND(H18>='Intersection Mileposts'!$F$25,H18<='Intersection Mileposts'!$G$25),"Y",IF(AND(H18>='Intersection Mileposts'!$F$26,H18<='Intersection Mileposts'!$G$26),"Y",IF(AND(H18>='Intersection Mileposts'!$F$27,H18<='Intersection Mileposts'!$G$27),"Y",IF(AND(H18>='Intersection Mileposts'!$F$28,H18<='Intersection Mileposts'!$G$28),"Y",IF(AND(H18>='Intersection Mileposts'!$F$29,H18<='Intersection Mileposts'!$G$29),"Y", IF(AND(H18>='Intersection Mileposts'!$F$30,H18<='Intersection Mileposts'!$G$30),"Y",IF(AND(H18>='Intersection Mileposts'!$F$31,H18<='Intersection Mileposts'!$G$31),"Y",IF(AND(H18>='Intersection Mileposts'!$F$32,H18<='Intersection Mileposts'!$G$32),"Y",IF(AND(H18>='Intersection Mileposts'!$F$33,H18<='Intersection Mileposts'!$G$33),"Y",IF(AND(H18>='Intersection Mileposts'!$F$34,H18<='Intersection Mileposts'!$G$34),"Y",IF(AND(H18>='Intersection Mileposts'!$F$35,H18<='Intersection Mileposts'!$G$35),"Y",IF(AND(H18>='Intersection Mileposts'!$F$36,H18<='Intersection Mileposts'!$G$36),"Y",IF(AND(H18>='Intersection Mileposts'!$F$37,H18<='Intersection Mileposts'!$G$37),"Y",IF(AND(H18>='Intersection Mileposts'!$F$38,H18<='Intersection Mileposts'!$G$38),"Y",IF(AND(H18>='Intersection Mileposts'!$F$39,H18<='Intersection Mileposts'!$G$39),"Y","N")))))))))))))))))))))))))))))))))))) -> Y
A19: 104866057 | B19: 42636 | C19: 24 | D19: 1 | E19: 9 | F19: 1 | G19: O | H19: 17.811 | I19: LTDR, EB at fault, struck SB, at SR 2638 | P19: =IF(R19 = "", "", COUNT($R$4:R19)) -> 16 | Q19: =IF(B19="", "", YEAR(B19)) -> 2016 | R19: =IF(A19="", "", IF(G19="",1,IF(G19="O",1,IF(G19="C",8.4,IF(G19="B",8.4,IF(G19="A",76.8,IF(G19="K",76.8,"ERR"))))))) -> 1 | S19: =IF(M19<>"",R19,"") | T19: =IF(IF(M19<>"",G19,"")=0, "O", IF(M19<>"",G19,"")) | U19: =IF(N19<>"",R19,"") | V19: =IF(IF(N19<>"",G19,"")=0, "O", IF(N19<>"",G19,"")) | AR19: =IF(P19>0, P19, "") -> 16 | AS19: =IF(OR(M19="Y",N19="Y"),"Y","") | AT19: =IF(AR19="","",IF(AND(H19>='Intersection Mileposts'!$F$5,H19<='Intersection Mileposts'!$G$5),"Y",IF(AND(H19>='Intersection Mileposts'!$F$6,H19<='Intersection Mileposts'!$G$6),"Y",IF(AND(H19>='Intersection Mileposts'!$F$7,H19<='Intersection Mileposts'!$G$7),"Y",IF(AND(H19>='Intersection Mileposts'!$F$8,H19<='Intersection Mileposts'!$G$8),"Y",IF(AND(H19>='Intersection Mileposts'!$F$9,H19<='Intersection Mileposts'!$G$9),"Y",IF(AND(H19>='Intersection Mileposts'!$F$10,H19<='Intersection Mileposts'!$G$10),"Y",IF(AND(H19>='Intersection Mileposts'!$F$11,H19<='Intersection Mileposts'!$G$11),"Y",IF(AND(H19>='Intersection Mileposts'!$F$12,H19<='Intersection Mileposts'!$G$12),"Y",IF(AND(H19>='Intersection Mileposts'!$F$13,H19<='Intersection Mileposts'!$G$13),"Y",IF(AND(H19>='Intersection Mileposts'!$F$14,H19<='Intersection Mileposts'!$G$14),"Y",IF(AND(H19>='Intersection Mileposts'!$F$15,H19<='Intersection Mileposts'!$G$15),"Y",IF(AND(H19>='Intersection Mileposts'!$F$16,H19<='Intersection Mileposts'!$G$16),"Y",IF(AND(H19>='Intersection Mileposts'!$F$17,H19<='Intersection Mileposts'!$G$17),"Y",IF(AND(H19>='Intersection Mileposts'!$F$18,H19<='Intersection Mileposts'!$G$18),"Y",IF(AND(H19>='Intersection Mileposts'!$F$19,H19<='Intersection Mileposts'!$G$19),"Y",IF(AND(H19>='Intersection Mileposts'!$F$20,H19<='Intersection Mileposts'!$G$20),"Y",IF(AND(H19>='Intersection Mileposts'!$F$21,H19<='Intersection Mileposts'!$G$21),"Y",IF(AND(H19>='Intersection Mileposts'!$F$22,H19<='Intersection Mileposts'!$G$22),"Y",IF(AND(H19>='Intersection Mileposts'!$F$23,H19<='Intersection Mileposts'!$G$23),"Y",IF(AND(H19>='Intersection Mileposts'!$F$24,H19<='Intersection Mileposts'!$G$24),"Y",IF(AND(H19>='Intersection Mileposts'!$F$25,H19<='Intersection Mileposts'!$G$25),"Y",IF(AND(H19>='Intersection Mileposts'!$F$26,H19<='Intersection Mileposts'!$G$26),"Y",IF(AND(H19>='Intersection Mileposts'!$F$27,H19<='Intersection Mileposts'!$G$27),"Y",IF(AND(H19>='Intersection Mileposts'!$F$28,H19<='Intersection Mileposts'!$G$28),"Y",IF(AND(H19>='Intersection Mileposts'!$F$29,H19<='Intersection Mileposts'!$G$29),"Y", IF(AND(H19>='Intersection Mileposts'!$F$30,H19<='Intersection Mileposts'!$G$30),"Y",IF(AND(H19>='Intersection Mileposts'!$F$31,H19<='Intersection Mileposts'!$G$31),"Y",IF(AND(H19>='Intersection Mileposts'!$F$32,H19<='Intersection Mileposts'!$G$32),"Y",IF(AND(H19>='Intersection Mileposts'!$F$33,H19<='Intersection Mileposts'!$G$33),"Y",IF(AND(H19>='Intersection Mileposts'!$F$34,H19<='Intersection Mileposts'!$G$34),"Y",IF(AND(H19>='Intersection Mileposts'!$F$35,H19<='Intersection Mileposts'!$G$35),"Y",IF(AND(H19>='Intersection Mileposts'!$F$36,H19<='Intersection Mileposts'!$G$36),"Y",IF(AND(H19>='Intersection Mileposts'!$F$37,H19<='Intersection Mileposts'!$G$37),"Y",IF(AND(H19>='Intersection Mileposts'!$F$38,H19<='Intersection Mileposts'!$G$38),"Y",IF(AND(H19>='Intersection Mileposts'!$F$39,H19<='Intersection Mileposts'!$G$39),"Y","N")))))))))))))))))))))))))))))))))))) -> Y
A20: 104895997 | B20: 42670 | C20: 23 | D20: 1 | E20: 8 | F20: 3 | G20: C | H20: 17.811 | I20: LTSR, NB at fault, struck SB | M20: Y | P20: =IF(R20 = "", "", COUNT($R$4:R20)) -> 17 | Q20: =IF(B20="", "", YEAR(B20)) -> 2016 | R20: =IF(A20="", "", IF(G20="",1,IF(G20="O",1,IF(G20="C",8.4,IF(G20="B",8.4,IF(G20="A",76.8,IF(G20="K",76.8,"ERR"))))))) -> 8.4 | S20: =IF(M20<>"",R20,"") -> 8.4 | T20: =IF(IF(M20<>"",G20,"")=0, "O", IF(M20<>"",G20,"")) -> C | U20: =IF(N20<>"",R20,"") | V20: =IF(IF(N20<>"",G20,"")=0, "O", IF(N20<>"",G20,"")) | Y20: ● | Z20: It is recommended that the user of this workbook enters in the crash data in the same order of the TEAAS study’s crash #s. This allows for consistency between this workbook’s crash #s with the TEAAS study’s crash #s and the collision diagram’s crash #s. Reviewers would find this consistency helpful. | AR20: =IF(P20>0, P20, "") -> 17 | AS20: =IF(OR(M20="Y",N20="Y"),"Y","") -> Y | AT20: =IF(AR20="","",IF(AND(H20>='Intersection Mileposts'!$F$5,H20<='Intersection Mileposts'!$G$5),"Y",IF(AND(H20>='Intersection Mileposts'!$F$6,H20<='Intersection Mileposts'!$G$6),"Y",IF(AND(H20>='Intersection Mileposts'!$F$7,H20<='Intersection Mileposts'!$G$7),"Y",IF(AND(H20>='Intersection Mileposts'!$F$8,H20<='Intersection Mileposts'!$G$8),"Y",IF(AND(H20>='Intersection Mileposts'!$F$9,H20<='Intersection Mileposts'!$G$9),"Y",IF(AND(H20>='Intersection Mileposts'!$F$10,H20<='Intersection Mileposts'!$G$10),"Y",IF(AND(H20>='Intersection Mileposts'!$F$11,H20<='Intersection Mileposts'!$G$11),"Y",IF(AND(H20>='Intersection Mileposts'!$F$12,H20<='Intersection Mileposts'!$G$12),"Y",IF(AND(H20>='Intersection Mileposts'!$F$13,H20<='Intersection Mileposts'!$G$13),"Y",IF(AND(H20>='Intersection Mileposts'!$F$14,H20<='Intersection Mileposts'!$G$14),"Y",IF(AND(H20>='Intersection Mileposts'!$F$15,H20<='Intersection Mileposts'!$G$15),"Y",IF(AND(H20>='Intersection Mileposts'!$F$16,H20<='Intersection Mileposts'!$G$16),"Y",IF(AND(H20>='Intersection Mileposts'!$F$17,H20<='Intersection Mileposts'!$G$17),"Y",IF(AND(H20>='Intersection Mileposts'!$F$18,H20<='Intersection Mileposts'!$G$18),"Y",IF(AND(H20>='Intersection Mileposts'!$F$19,H20<='Intersection Mileposts'!$G$19),"Y",IF(AND(H20>='Intersection Mileposts'!$F$20,H20<='Intersection Mileposts'!$G$20),"Y",IF(AND(H20>='Intersection Mileposts'!$F$21,H20<='Intersection Mileposts'!$G$21),"Y",IF(AND(H20>='Intersection Mileposts'!$F$22,H20<='Intersection Mileposts'!$G$22),"Y",IF(AND(H20>='Intersection Mileposts'!$F$23,H20<='Intersection Mileposts'!$G$23),"Y",IF(AND(H20>='Intersection Mileposts'!$F$24,H20<='Intersection Mileposts'!$G$24),"Y",IF(AND(H20>='Intersection Mileposts'!$F$25,H20<='Intersection Mileposts'!$G$25),"Y",IF(AND(H20>='Intersection Mileposts'!$F$26,H20<='Intersection Mileposts'!$G$26),"Y",IF(AND(H20>='Intersection Mileposts'!$F$27,H20<='Intersection Mileposts'!$G$27),"Y",IF(AND(H20>='Intersection Mileposts'!$F$28,H20<='Intersection Mileposts'!$G$28),"Y",IF(AND(H20>='Intersection Mileposts'!$F$29,H20<='Intersection Mileposts'!$G$29),"Y", IF(AND(H20>='Intersection Mileposts'!$F$30,H20<='Intersection Mileposts'!$G$30),"Y",IF(AND(H20>='Intersection Mileposts'!$F$31,H20<='Intersection Mileposts'!$G$31),"Y",IF(AND(H20>='Intersection Mileposts'!$F$32,H20<='Intersection Mileposts'!$G$32),"Y",IF(AND(H20>='Intersection Mileposts'!$F$33,H20<='Intersection Mileposts'!$G$33),"Y",IF(AND(H20>='Intersection Mileposts'!$F$34,H20<='Intersection Mileposts'!$G$34),"Y",IF(AND(H20>='Intersection Mileposts'!$F$35,H20<='Intersection Mileposts'!$G$35),"Y",IF(AND(H20>='Intersection Mileposts'!$F$36,H20<='Intersection Mileposts'!$G$36),"Y",IF(AND(H20>='Intersection Mileposts'!$F$37,H20<='Intersection Mileposts'!$G$37),"Y",IF(AND(H20>='Intersection Mileposts'!$F$38,H20<='Intersection Mileposts'!$G$38),"Y",IF(AND(H20>='Intersection Mileposts'!$F$39,H20<='Intersection Mileposts'!$G$39),"Y","N")))))))))))))))))))))))))))))))))))) -> Y
A21: 104990692 | B21: 42765 | C21: 24 | D21: 1 | E21: 8 | F21: 5 | G21: O | H21: 17.811 | I21: LTSR, NB at fault, struck SB | M21: Y | P21: =IF(R21 = "", "", COUNT($R$4:R21)) -> 18 | Q21: =IF(B21="", "", YEAR(B21)) -> 2017 | R21: =IF(A21="", "", IF(G21="",1,IF(G21="O",1,IF(G21="C",8.4,IF(G21="B",8.4,IF(G21="A",76.8,IF(G21="K",76.8,"ERR"))))))) -> 1 | S21: =IF(M21<>"",R21,"") -> 1 | T21: =IF(IF(M21<>"",G21,"")=0, "O", IF(M21<>"",G21,"")) -> O | U21: =IF(N21<>"",R21,"") | V21: =IF(IF(N21<>"",G21,"")=0, "O", IF(N21<>"",G21,"")) | AR21: =IF(P21>0, P21, "") -> 18 | AS21: =IF(OR(M21="Y",N21="Y"),"Y","") -> Y | AT21: =IF(AR21="","",IF(AND(H21>='Intersection Mileposts'!$F$5,H21<='Intersection Mileposts'!$G$5),"Y",IF(AND(H21>='Intersection Mileposts'!$F$6,H21<='Intersection Mileposts'!$G$6),"Y",IF(AND(H21>='Intersection Mileposts'!$F$7,H21<='Intersection Mileposts'!$G$7),"Y",IF(AND(H21>='Intersection Mileposts'!$F$8,H21<='Intersection Mileposts'!$G$8),"Y",IF(AND(H21>='Intersection Mileposts'!$F$9,H21<='Intersection Mileposts'!$G$9),"Y",IF(AND(H21>='Intersection Mileposts'!$F$10,H21<='Intersection Mileposts'!$G$10),"Y",IF(AND(H21>='Intersection Mileposts'!$F$11,H21<='Intersection Mileposts'!$G$11),"Y",IF(AND(H21>='Intersection Mileposts'!$F$12,H21<='Intersection Mileposts'!$G$12),"Y",IF(AND(H21>='Intersection Mileposts'!$F$13,H21<='Intersection Mileposts'!$G$13),"Y",IF(AND(H21>='Intersection Mileposts'!$F$14,H21<='Intersection Mileposts'!$G$14),"Y",IF(AND(H21>='Intersection Mileposts'!$F$15,H21<='Intersection Mileposts'!$G$15),"Y",IF(AND(H21>='Intersection Mileposts'!$F$16,H21<='Intersection Mileposts'!$G$16),"Y",IF(AND(H21>='Intersection Mileposts'!$F$17,H21<='Intersection Mileposts'!$G$17),"Y",IF(AND(H21>='Intersection Mileposts'!$F$18,H21<='Intersection Mileposts'!$G$18),"Y",IF(AND(H21>='Intersection Mileposts'!$F$19,H21<='Intersection Mileposts'!$G$19),"Y",IF(AND(H21>='Intersection Mileposts'!$F$20,H21<='Intersection Mileposts'!$G$20),"Y",IF(AND(H21>='Intersection Mileposts'!$F$21,H21<='Intersection Mileposts'!$G$21),"Y",IF(AND(H21>='Intersection Mileposts'!$F$22,H21<='Intersection Mileposts'!$G$22),"Y",IF(AND(H21>='Intersection Mileposts'!$F$23,H21<='Intersection Mileposts'!$G$23),"Y",IF(AND(H21>='Intersection Mileposts'!$F$24,H21<='Intersection Mileposts'!$G$24),"Y",IF(AND(H21>='Intersection Mileposts'!$F$25,H21<='Intersection Mileposts'!$G$25),"Y",IF(AND(H21>='Intersection Mileposts'!$F$26,H21<='Intersection Mileposts'!$G$26),"Y",IF(AND(H21>='Intersection Mileposts'!$F$27,H21<='Intersection Mileposts'!$G$27),"Y",IF(AND(H21>='Intersection Mileposts'!$F$28,H21<='Intersection Mileposts'!$G$28),"Y",IF(AND(H21>='Intersection Mileposts'!$F$29,H21<='Intersection Mileposts'!$G$29),"Y", IF(AND(H21>='Intersection Mileposts'!$F$30,H21<='Intersection Mileposts'!$G$30),"Y",IF(AND(H21>='Intersection Mileposts'!$F$31,H21<='Intersection Mileposts'!$G$31),"Y",IF(AND(H21>='Intersection Mileposts'!$F$32,H21<='Intersection Mileposts'!$G$32),"Y",IF(AND(H21>='Intersection Mileposts'!$F$33,H21<='Intersection Mileposts'!$G$33),"Y",IF(AND(H21>='Intersection Mileposts'!$F$34,H21<='Intersection Mileposts'!$G$34),"Y",IF(AND(H21>='Intersection Mileposts'!$F$35,H21<='Intersection Mileposts'!$G$35),"Y",IF(AND(H21>='Intersection Mileposts'!$F$36,H21<='Intersection Mileposts'!$G$36),"Y",IF(AND(H21>='Intersection Mileposts'!$F$37,H21<='Intersection Mileposts'!$G$37),"Y",IF(AND(H21>='Intersection Mileposts'!$F$38,H21<='Intersection Mileposts'!$G$38),"Y",IF(AND(H21>='Intersection Mileposts'!$F$39,H21<='Intersection Mileposts'!$G$39),"Y","N")))))))))))))))))))))))))))))))))))) -> Y
A22: 105002026 | B22: 42773 | C22: 24 | D22: 1 | E22: 8 | F22: 1 | G22: C | H22: 17.811 | I22: LTSR, NB at fault, struck SB | M22: Y | P22: =IF(R22 = "", "", COUNT($R$4:R22)) -> 19 | Q22: =IF(B22="", "", YEAR(B22)) -> 2017 | R22: =IF(A22="", "", IF(G22="",1,IF(G22="O",1,IF(G22="C",8.4,IF(G22="B",8.4,IF(G22="A",76.8,IF(G22="K",76.8,"ERR"))))))) -> 8.4 | S22: =IF(M22<>"",R22,"") -> 8.4 | T22: =IF(IF(M22<>"",G22,"")=0, "O", IF(M22<>"",G22,"")) -> C | U22: =IF(N22<>"",R22,"") | V22: =IF(IF(N22<>"",G22,"")=0, "O", IF(N22<>"",G22,"")) | AR22: =IF(P22>0, P22, "") -> 19 | AS22: =IF(OR(M22="Y",N22="Y"),"Y","") -> Y | AT22: =IF(AR22="","",IF(AND(H22>='Intersection Mileposts'!$F$5,H22<='Intersection Mileposts'!$G$5),"Y",IF(AND(H22>='Intersection Mileposts'!$F$6,H22<='Intersection Mileposts'!$G$6),"Y",IF(AND(H22>='Intersection Mileposts'!$F$7,H22<='Intersection Mileposts'!$G$7),"Y",IF(AND(H22>='Intersection Mileposts'!$F$8,H22<='Intersection Mileposts'!$G$8),"Y",IF(AND(H22>='Intersection Mileposts'!$F$9,H22<='Intersection Mileposts'!$G$9),"Y",IF(AND(H22>='Intersection Mileposts'!$F$10,H22<='Intersection Mileposts'!$G$10),"Y",IF(AND(H22>='Intersection Mileposts'!$F$11,H22<='Intersection Mileposts'!$G$11),"Y",IF(AND(H22>='Intersection Mileposts'!$F$12,H22<='Intersection Mileposts'!$G$12),"Y",IF(AND(H22>='Intersection Mileposts'!$F$13,H22<='Intersection Mileposts'!$G$13),"Y",IF(AND(H22>='Intersection Mileposts'!$F$14,H22<='Intersection Mileposts'!$G$14),"Y",IF(AND(H22>='Intersection Mileposts'!$F$15,H22<='Intersection Mileposts'!$G$15),"Y",IF(AND(H22>='Intersection Mileposts'!$F$16,H22<='Intersection Mileposts'!$G$16),"Y",IF(AND(H22>='Intersection Mileposts'!$F$17,H22<='Intersection Mileposts'!$G$17),"Y",IF(AND(H22>='Intersection Mileposts'!$F$18,H22<='Intersection Mileposts'!$G$18),"Y",IF(AND(H22>='Intersection Mileposts'!$F$19,H22<='Intersection Mileposts'!$G$19),"Y",IF(AND(H22>='Intersection Mileposts'!$F$20,H22<='Intersection Mileposts'!$G$20),"Y",IF(AND(H22>='Intersection Mileposts'!$F$21,H22<='Intersection Mileposts'!$G$21),"Y",IF(AND(H22>='Intersection Mileposts'!$F$22,H22<='Intersection Mileposts'!$G$22),"Y",IF(AND(H22>='Intersection Mileposts'!$F$23,H22<='Intersection Mileposts'!$G$23),"Y",IF(AND(H22>='Intersection Mileposts'!$F$24,H22<='Intersection Mileposts'!$G$24),"Y",IF(AND(H22>='Intersection Mileposts'!$F$25,H22<='Intersection Mileposts'!$G$25),"Y",IF(AND(H22>='Intersection Mileposts'!$F$26,H22<='Intersection Mileposts'!$G$26),"Y",IF(AND(H22>='Intersection Mileposts'!$F$27,H22<='Intersection Mileposts'!$G$27),"Y",IF(AND(H22>='Intersection Mileposts'!$F$28,H22<='Intersection Mileposts'!$G$28),"Y",IF(AND(H22>='Intersection Mileposts'!$F$29,H22<='Intersection Mileposts'!$G$29),"Y", IF(AND(H22>='Intersection Mileposts'!$F$30,H22<='Intersection Mileposts'!$G$30),"Y",IF(AND(H22>='Intersection Mileposts'!$F$31,H22<='Intersection Mileposts'!$G$31),"Y",IF(AND(H22>='Intersection Mileposts'!$F$32,H22<='Intersection Mileposts'!$G$32),"Y",IF(AND(H22>='Intersection Mileposts'!$F$33,H22<='Intersection Mileposts'!$G$33),"Y",IF(AND(H22>='Intersection Mileposts'!$F$34,H22<='Intersection Mileposts'!$G$34),"Y",IF(AND(H22>='Intersection Mileposts'!$F$35,H22<='Intersection Mileposts'!$G$35),"Y",IF(AND(H22>='Intersection Mileposts'!$F$36,H22<='Intersection Mileposts'!$G$36),"Y",IF(AND(H22>='Intersection Mileposts'!$F$37,H22<='Intersection Mileposts'!$G$37),"Y",IF(AND(H22>='Intersection Mileposts'!$F$38,H22<='Intersection Mileposts'!$G$38),"Y",IF(AND(H22>='Intersection Mileposts'!$F$39,H22<='Intersection Mileposts'!$G$39),"Y","N")))))))))))))))))))))))))))))))))))) -> Y
A23: 105479722 | B23: 43230 | C23: 23 | D23: 1 | E23: 8 | F23: 1 | G23: B | H23: 17.811 | I23: LTSR, NB at fault, struck SB | M23: Y | P23: =IF(R23 = "", "", COUNT($R$4:R23)) -> 20 | Q23: =IF(B23="", "", YEAR(B23)) -> 2018 | R23: =IF(A23="", "", IF(G23="",1,IF(G23="O",1,IF(G23="C",8.4,IF(G23="B",8.4,IF(G23="A",76.8,IF(G23="K",76.8,"ERR"))))))) -> 8.4 | S23: =IF(M23<>"",R23,"") -> 8.4 | T23: =IF(IF(M23<>"",G23,"")=0, "O", IF(M23<>"",G23,"")) -> B | U23: =IF(N23<>"",R23,"") | V23: =IF(IF(N23<>"",G23,"")=0, "O", IF(N23<>"",G23,"")) | AR23: =IF(P23>0, P23, "") -> 20 | AS23: =IF(OR(M23="Y",N23="Y"),"Y","") -> Y | AT23: =IF(AR23="","",IF(AND(H23>='Intersection Mileposts'!$F$5,H23<='Intersection Mileposts'!$G$5),"Y",IF(AND(H23>='Intersection Mileposts'!$F$6,H23<='Intersection Mileposts'!$G$6),"Y",IF(AND(H23>='Intersection Mileposts'!$F$7,H23<='Intersection Mileposts'!$G$7),"Y",IF(AND(H23>='Intersection Mileposts'!$F$8,H23<='Intersection Mileposts'!$G$8),"Y",IF(AND(H23>='Intersection Mileposts'!$F$9,H23<='Intersection Mileposts'!$G$9),"Y",IF(AND(H23>='Intersection Mileposts'!$F$10,H23<='Intersection Mileposts'!$G$10),"Y",IF(AND(H23>='Intersection Mileposts'!$F$11,H23<='Intersection Mileposts'!$G$11),"Y",IF(AND(H23>='Intersection Mileposts'!$F$12,H23<='Intersection Mileposts'!$G$12),"Y",IF(AND(H23>='Intersection Mileposts'!$F$13,H23<='Intersection Mileposts'!$G$13),"Y",IF(AND(H23>='Intersection Mileposts'!$F$14,H23<='Intersection Mileposts'!$G$14),"Y",IF(AND(H23>='Intersection Mileposts'!$F$15,H23<='Intersection Mileposts'!$G$15),"Y",IF(AND(H23>='Intersection Mileposts'!$F$16,H23<='Intersection Mileposts'!$G$16),"Y",IF(AND(H23>='Intersection Mileposts'!$F$17,H23<='Intersection Mileposts'!$G$17),"Y",IF(AND(H23>='Intersection Mileposts'!$F$18,H23<='Intersection Mileposts'!$G$18),"Y",IF(AND(H23>='Intersection Mileposts'!$F$19,H23<='Intersection Mileposts'!$G$19),"Y",IF(AND(H23>='Intersection Mileposts'!$F$20,H23<='Intersection Mileposts'!$G$20),"Y",IF(AND(H23>='Intersection Mileposts'!$F$21,H23<='Intersection Mileposts'!$G$21),"Y",IF(AND(H23>='Intersection Mileposts'!$F$22,H23<='Intersection Mileposts'!$G$22),"Y",IF(AND(H23>='Intersection Mileposts'!$F$23,H23<='Intersection Mileposts'!$G$23),"Y",IF(AND(H23>='Intersection Mileposts'!$F$24,H23<='Intersection Mileposts'!$G$24),"Y",IF(AND(H23>='Intersection Mileposts'!$F$25,H23<='Intersection Mileposts'!$G$25),"Y",IF(AND(H23>='Intersection Mileposts'!$F$26,H23<='Intersection Mileposts'!$G$26),"Y",IF(AND(H23>='Intersection Mileposts'!$F$27,H23<='Intersection Mileposts'!$G$27),"Y",IF(AND(H23>='Intersection Mileposts'!$F$28,H23<='Intersection Mileposts'!$G$28),"Y",IF(AND(H23>='Intersection Mileposts'!$F$29,H23<='Intersection Mileposts'!$G$29),"Y", IF(AND(H23>='Intersection Mileposts'!$F$30,H23<='Intersection Mileposts'!$G$30),"Y",IF(AND(H23>='Intersection Mileposts'!$F$31,H23<='Intersection Mileposts'!$G$31),"Y",IF(AND(H23>='Intersection Mileposts'!$F$32,H23<='Intersection Mileposts'!$G$32),"Y",IF(AND(H23>='Intersection Mileposts'!$F$33,H23<='Intersection Mileposts'!$G$33),"Y",IF(AND(H23>='Intersection Mileposts'!$F$34,H23<='Intersection Mileposts'!$G$34),"Y",IF(AND(H23>='Intersection Mileposts'!$F$35,H23<='Intersection Mileposts'!$G$35),"Y",IF(AND(H23>='Intersection Mileposts'!$F$36,H23<='Intersection Mileposts'!$G$36),"Y",IF(AND(H23>='Intersection Mileposts'!$F$37,H23<='Intersection Mileposts'!$G$37),"Y",IF(AND(H23>='Intersection Mileposts'!$F$38,H23<='Intersection Mileposts'!$G$38),"Y",IF(AND(H23>='Intersection Mileposts'!$F$39,H23<='Intersection Mileposts'!$G$39),"Y","N")))))))))))))))))))))))))))))))))))) -> Y
A24: 105647086 | B24: 43396 | C24: 23 | D24: 1 | E24: 9 | F24: 5 | G24: C | H24: 17.811 | I24: LTSR, NB at fault, struck SB | M24: Y | P24: =IF(R24 = "", "", COUNT($R$4:R24)) -> 21 | Q24: =IF(B24="", "", YEAR(B24)) -> 2018 | R24: =IF(A24="", "", IF(G24="",1,IF(G24="O",1,IF(G24="C",8.4,IF(G24="B",8.4,IF(G24="A",76.8,IF(G24="K",76.8,"ERR"))))))) -> 8.4 | S24: =IF(M24<>"",R24,"") -> 8.4 | T24: =IF(IF(M24<>"",G24,"")=0, "O", IF(M24<>"",G24,"")) -> C | U24: =IF(N24<>"",R24,"") | V24: =IF(IF(N24<>"",G24,"")=0, "O", IF(N24<>"",G24,"")) | AR24: =IF(P24>0, P24, "") -> 21 | AS24: =IF(OR(M24="Y",N24="Y"),"Y","") -> Y | AT24: =IF(AR24="","",IF(AND(H24>='Intersection Mileposts'!$F$5,H24<='Intersection Mileposts'!$G$5),"Y",IF(AND(H24>='Intersection Mileposts'!$F$6,H24<='Intersection Mileposts'!$G$6),"Y",IF(AND(H24>='Intersection Mileposts'!$F$7,H24<='Intersection Mileposts'!$G$7),"Y",IF(AND(H24>='Intersection Mileposts'!$F$8,H24<='Intersection Mileposts'!$G$8),"Y",IF(AND(H24>='Intersection Mileposts'!$F$9,H24<='Intersection Mileposts'!$G$9),"Y",IF(AND(H24>='Intersection Mileposts'!$F$10,H24<='Intersection Mileposts'!$G$10),"Y",IF(AND(H24>='Intersection Mileposts'!$F$11,H24<='Intersection Mileposts'!$G$11),"Y",IF(AND(H24>='Intersection Mileposts'!$F$12,H24<='Intersection Mileposts'!$G$12),"Y",IF(AND(H24>='Intersection Mileposts'!$F$13,H24<='Intersection Mileposts'!$G$13),"Y",IF(AND(H24>='Intersection Mileposts'!$F$14,H24<='Intersection Mileposts'!$G$14),"Y",IF(AND(H24>='Intersection Mileposts'!$F$15,H24<='Intersection Mileposts'!$G$15),"Y",IF(AND(H24>='Intersection Mileposts'!$F$16,H24<='Intersection Mileposts'!$G$16),"Y",IF(AND(H24>='Intersection Mileposts'!$F$17,H24<='Intersection Mileposts'!$G$17),"Y",IF(AND(H24>='Intersection Mileposts'!$F$18,H24<='Intersection Mileposts'!$G$18),"Y",IF(AND(H24>='Intersection Mileposts'!$F$19,H24<='Intersection Mileposts'!$G$19),"Y",IF(AND(H24>='Intersection Mileposts'!$F$20,H24<='Intersection Mileposts'!$G$20),"Y",IF(AND(H24>='Intersection Mileposts'!$F$21,H24<='Intersection Mileposts'!$G$21),"Y",IF(AND(H24>='Intersection Mileposts'!$F$22,H24<='Intersection Mileposts'!$G$22),"Y",IF(AND(H24>='Intersection Mileposts'!$F$23,H24<='Intersection Mileposts'!$G$23),"Y",IF(AND(H24>='Intersection Mileposts'!$F$24,H24<='Intersection Mileposts'!$G$24),"Y",IF(AND(H24>='Intersection Mileposts'!$F$25,H24<='Intersection Mileposts'!$G$25),"Y",IF(AND(H24>='Intersection Mileposts'!$F$26,H24<='Intersection Mileposts'!$G$26),"Y",IF(AND(H24>='Intersection Mileposts'!$F$27,H24<='Intersection Mileposts'!$G$27),"Y",IF(AND(H24>='Intersection Mileposts'!$F$28,H24<='Intersection Mileposts'!$G$28),"Y",IF(AND(H24>='Intersection Mileposts'!$F$29,H24<='Intersection Mileposts'!$G$29),"Y", IF(AND(H24>='Intersection Mileposts'!$F$30,H24<='Intersection Mileposts'!$G$30),"Y",IF(AND(H24>='Intersection Mileposts'!$F$31,H24<='Intersection Mileposts'!$G$31),"Y",IF(AND(H24>='Intersection Mileposts'!$F$32,H24<='Intersection Mileposts'!$G$32),"Y",IF(AND(H24>='Intersection Mileposts'!$F$33,H24<='Intersection Mileposts'!$G$33),"Y",IF(AND(H24>='Intersection Mileposts'!$F$34,H24<='Intersection Mileposts'!$G$34),"Y",IF(AND(H24>='Intersection Mileposts'!$F$35,H24<='Intersection Mileposts'!$G$35),"Y",IF(AND(H24>='Intersection Mileposts'!$F$36,H24<='Intersection Mileposts'!$G$36),"Y",IF(AND(H24>='Intersection Mileposts'!$F$37,H24<='Intersection Mileposts'!$G$37),"Y",IF(AND(H24>='Intersection Mileposts'!$F$38,H24<='Intersection Mileposts'!$G$38),"Y",IF(AND(H24>='Intersection Mileposts'!$F$39,H24<='Intersection Mileposts'!$G$39),"Y","N")))))))))))))))))))))))))))))))))))) -> Y
A25: 105740600 | B25: 43473 | C25: 24 | D25: 1 | E25: 8 | F25: 1 | G25: C | H25: 17.811 | I25: LTSR, NB at fault, struck SB | M25: Y | P25: =IF(R25 = "", "", COUNT($R$4:R25)) -> 22 | Q25: =IF(B25="", "", YEAR(B25)) -> 2019 | R25: =IF(A25="", "", IF(G25="",1,IF(G25="O",1,IF(G25="C",8.4,IF(G25="B",8.4,IF(G25="A",76.8,IF(G25="K",76.8,"ERR"))))))) -> 8.4 | S25: =IF(M25<>"",R25,"") -> 8.4 | T25: =IF(IF(M25<>"",G25,"")=0, "O", IF(M25<>"",G25,"")) -> C | U25: =IF(N25<>"",R25,"") | V25: =IF(IF(N25<>"",G25,"")=0, "O", IF(N25<>"",G25,"")) | Y25: ● | Z25: Make sure that rows are not skipped when pasting the fiche's in-study crash data. Skipping rows will break some of the background formulas | AR25: =IF(P25>0, P25, "") -> 22 | AS25: =IF(OR(M25="Y",N25="Y"),"Y","") -> Y | AT25: =IF(AR25="","",IF(AND(H25>='Intersection Mileposts'!$F$5,H25<='Intersection Mileposts'!$G$5),"Y",IF(AND(H25>='Intersection Mileposts'!$F$6,H25<='Intersection Mileposts'!$G$6),"Y",IF(AND(H25>='Intersection Mileposts'!$F$7,H25<='Intersection Mileposts'!$G$7),"Y",IF(AND(H25>='Intersection Mileposts'!$F$8,H25<='Intersection Mileposts'!$G$8),"Y",IF(AND(H25>='Intersection Mileposts'!$F$9,H25<='Intersection Mileposts'!$G$9),"Y",IF(AND(H25>='Intersection Mileposts'!$F$10,H25<='Intersection Mileposts'!$G$10),"Y",IF(AND(H25>='Intersection Mileposts'!$F$11,H25<='Intersection Mileposts'!$G$11),"Y",IF(AND(H25>='Intersection Mileposts'!$F$12,H25<='Intersection Mileposts'!$G$12),"Y",IF(AND(H25>='Intersection Mileposts'!$F$13,H25<='Intersection Mileposts'!$G$13),"Y",IF(AND(H25>='Intersection Mileposts'!$F$14,H25<='Intersection Mileposts'!$G$14),"Y",IF(AND(H25>='Intersection Mileposts'!$F$15,H25<='Intersection Mileposts'!$G$15),"Y",IF(AND(H25>='Intersection Mileposts'!$F$16,H25<='Intersection Mileposts'!$G$16),"Y",IF(AND(H25>='Intersection Mileposts'!$F$17,H25<='Intersection Mileposts'!$G$17),"Y",IF(AND(H25>='Intersection Mileposts'!$F$18,H25<='Intersection Mileposts'!$G$18),"Y",IF(AND(H25>='Intersection Mileposts'!$F$19,H25<='Intersection Mileposts'!$G$19),"Y",IF(AND(H25>='Intersection Mileposts'!$F$20,H25<='Intersection Mileposts'!$G$20),"Y",IF(AND(H25>='Intersection Mileposts'!$F$21,H25<='Intersection Mileposts'!$G$21),"Y",IF(AND(H25>='Intersection Mileposts'!$F$22,H25<='Intersection Mileposts'!$G$22),"Y",IF(AND(H25>='Intersection Mileposts'!$F$23,H25<='Intersection Mileposts'!$G$23),"Y",IF(AND(H25>='Intersection Mileposts'!$F$24,H25<='Intersection Mileposts'!$G$24),"Y",IF(AND(H25>='Intersection Mileposts'!$F$25,H25<='Intersection Mileposts'!$G$25),"Y",IF(AND(H25>='Intersection Mileposts'!$F$26,H25<='Intersection Mileposts'!$G$26),"Y",IF(AND(H25>='Intersection Mileposts'!$F$27,H25<='Intersection Mileposts'!$G$27),"Y",IF(AND(H25>='Intersection Mileposts'!$F$28,H25<='Intersection Mileposts'!$G$28),"Y",IF(AND(H25>='Intersection Mileposts'!$F$29,H25<='Intersection Mileposts'!$G$29),"Y", IF(AND(H25>='Intersection Mileposts'!$F$30,H25<='Intersection Mileposts'!$G$30),"Y",IF(AND(H25>='Intersection Mileposts'!$F$31,H25<='Intersection Mileposts'!$G$31),"Y",IF(AND(H25>='Intersection Mileposts'!$F$32,H25<='Intersection Mileposts'!$G$32),"Y",IF(AND(H25>='Intersection Mileposts'!$F$33,H25<='Intersection Mileposts'!$G$33),"Y",IF(AND(H25>='Intersection Mileposts'!$F$34,H25<='Intersection Mileposts'!$G$34),"Y",IF(AND(H25>='Intersection Mileposts'!$F$35,H25<='Intersection Mileposts'!$G$35),"Y",IF(AND(H25>='Intersection Mileposts'!$F$36,H25<='Intersection Mileposts'!$G$36),"Y",IF(AND(H25>='Intersection Mileposts'!$F$37,H25<='Intersection Mileposts'!$G$37),"Y",IF(AND(H25>='Intersection Mileposts'!$F$38,H25<='Intersection Mileposts'!$G$38),"Y",IF(AND(H25>='Intersection Mileposts'!$F$39,H25<='Intersection Mileposts'!$G$39),"Y","N")))))))))))))))))))))))))))))))))))) -> Y
A26: 105736892 | B26: 43474 | C26: 23 | D26: 1 | E26: 8 | F26: 5 | G26: C | H26: 17.811 | I26: LTSR, NB at fault, struck SB | M26: Y | P26: =IF(R26 = "", "", COUNT($R$4:R26)) -> 23 | Q26: =IF(B26="", "", YEAR(B26)) -> 2019 | R26: =IF(A26="", "", IF(G26="",1,IF(G26="O",1,IF(G26="C",8.4,IF(G26="B",8.4,IF(G26="A",76.8,IF(G26="K",76.8,"ERR"))))))) -> 8.4 | S26: =IF(M26<>"",R26,"") -> 8.4 | T26: =IF(IF(M26<>"",G26,"")=0, "O", IF(M26<>"",G26,"")) -> C | U26: =IF(N26<>"",R26,"") | V26: =IF(IF(N26<>"",G26,"")=0, "O", IF(N26<>"",G26,"")) | AR26: =IF(P26>0, P26, "") -> 23 | AS26: =IF(OR(M26="Y",N26="Y"),"Y","") -> Y | AT26: =IF(AR26="","",IF(AND(H26>='Intersection Mileposts'!$F$5,H26<='Intersection Mileposts'!$G$5),"Y",IF(AND(H26>='Intersection Mileposts'!$F$6,H26<='Intersection Mileposts'!$G$6),"Y",IF(AND(H26>='Intersection Mileposts'!$F$7,H26<='Intersection Mileposts'!$G$7),"Y",IF(AND(H26>='Intersection Mileposts'!$F$8,H26<='Intersection Mileposts'!$G$8),"Y",IF(AND(H26>='Intersection Mileposts'!$F$9,H26<='Intersection Mileposts'!$G$9),"Y",IF(AND(H26>='Intersection Mileposts'!$F$10,H26<='Intersection Mileposts'!$G$10),"Y",IF(AND(H26>='Intersection Mileposts'!$F$11,H26<='Intersection Mileposts'!$G$11),"Y",IF(AND(H26>='Intersection Mileposts'!$F$12,H26<='Intersection Mileposts'!$G$12),"Y",IF(AND(H26>='Intersection Mileposts'!$F$13,H26<='Intersection Mileposts'!$G$13),"Y",IF(AND(H26>='Intersection Mileposts'!$F$14,H26<='Intersection Mileposts'!$G$14),"Y",IF(AND(H26>='Intersection Mileposts'!$F$15,H26<='Intersection Mileposts'!$G$15),"Y",IF(AND(H26>='Intersection Mileposts'!$F$16,H26<='Intersection Mileposts'!$G$16),"Y",IF(AND(H26>='Intersection Mileposts'!$F$17,H26<='Intersection Mileposts'!$G$17),"Y",IF(AND(H26>='Intersection Mileposts'!$F$18,H26<='Intersection Mileposts'!$G$18),"Y",IF(AND(H26>='Intersection Mileposts'!$F$19,H26<='Intersection Mileposts'!$G$19),"Y",IF(AND(H26>='Intersection Mileposts'!$F$20,H26<='Intersection Mileposts'!$G$20),"Y",IF(AND(H26>='Intersection Mileposts'!$F$21,H26<='Intersection Mileposts'!$G$21),"Y",IF(AND(H26>='Intersection Mileposts'!$F$22,H26<='Intersection Mileposts'!$G$22),"Y",IF(AND(H26>='Intersection Mileposts'!$F$23,H26<='Intersection Mileposts'!$G$23),"Y",IF(AND(H26>='Intersection Mileposts'!$F$24,H26<='Intersection Mileposts'!$G$24),"Y",IF(AND(H26>='Intersection Mileposts'!$F$25,H26<='Intersection Mileposts'!$G$25),"Y",IF(AND(H26>='Intersection Mileposts'!$F$26,H26<='Intersection Mileposts'!$G$26),"Y",IF(AND(H26>='Intersection Mileposts'!$F$27,H26<='Intersection Mileposts'!$G$27),"Y",IF(AND(H26>='Intersection Mileposts'!$F$28,H26<='Intersection Mileposts'!$G$28),"Y",IF(AND(H26>='Intersection Mileposts'!$F$29,H26<='Intersection Mileposts'!$G$29),"Y", IF(AND(H26>='Intersection Mileposts'!$F$30,H26<='Intersection Mileposts'!$G$30),"Y",IF(AND(H26>='Intersection Mileposts'!$F$31,H26<='Intersection Mileposts'!$G$31),"Y",IF(AND(H26>='Intersection Mileposts'!$F$32,H26<='Intersection Mileposts'!$G$32),"Y",IF(AND(H26>='Intersection Mileposts'!$F$33,H26<='Intersection Mileposts'!$G$33),"Y",IF(AND(H26>='Intersection Mileposts'!$F$34,H26<='Intersection Mileposts'!$G$34),"Y",IF(AND(H26>='Intersection Mileposts'!$F$35,H26<='Intersection Mileposts'!$G$35),"Y",IF(AND(H26>='Intersection Mileposts'!$F$36,H26<='Intersection Mileposts'!$G$36),"Y",IF(AND(H26>='Intersection Mileposts'!$F$37,H26<='Intersection Mileposts'!$G$37),"Y",IF(AND(H26>='Intersection Mileposts'!$F$38,H26<='Intersection Mileposts'!$G$38),"Y",IF(AND(H26>='Intersection Mileposts'!$F$39,H26<='Intersection Mileposts'!$G$39),"Y","N")))))))))))))))))))))))))))))))))))) -> Y
A27: 105765030 | B27: 43499 | C27: 29 | D27: 1 | E27: 8 | F27: 5 | G27: C | H27: 17.811 | I27: Sideswipe, opp, fault not determined | P27: =IF(R27 = "", "", COUNT($R$4:R27)) -> 24 | Q27: =IF(B27="", "", YEAR(B27)) -> 2019 | R27: =IF(A27="", "", IF(G27="",1,IF(G27="O",1,IF(G27="C",8.4,IF(G27="B",8.4,IF(G27="A",76.8,IF(G27="K",76.8,"ERR"))))))) -> 8.4 | S27: =IF(M27<>"",R27,"") | T27: =IF(IF(M27<>"",G27,"")=0, "O", IF(M27<>"",G27,"")) | U27: =IF(N27<>"",R27,"") | V27: =IF(IF(N27<>"",G27,"")=0, "O", IF(N27<>"",G27,"")) | Y27: ● | Z27: The determination of the crashes in the study should be finalized/set-in-stone before pasting into this tab. Deleting and adjusting cells in the tab may break the formulas used in the calculations. | AR27: =IF(P27>0, P27, "") -> 24 | AS27: =IF(OR(M27="Y",N27="Y"),"Y","") | AT27: =IF(AR27="","",IF(AND(H27>='Intersection Mileposts'!$F$5,H27<='Intersection Mileposts'!$G$5),"Y",IF(AND(H27>='Intersection Mileposts'!$F$6,H27<='Intersection Mileposts'!$G$6),"Y",IF(AND(H27>='Intersection Mileposts'!$F$7,H27<='Intersection Mileposts'!$G$7),"Y",IF(AND(H27>='Intersection Mileposts'!$F$8,H27<='Intersection Mileposts'!$G$8),"Y",IF(AND(H27>='Intersection Mileposts'!$F$9,H27<='Intersection Mileposts'!$G$9),"Y",IF(AND(H27>='Intersection Mileposts'!$F$10,H27<='Intersection Mileposts'!$G$10),"Y",IF(AND(H27>='Intersection Mileposts'!$F$11,H27<='Intersection Mileposts'!$G$11),"Y",IF(AND(H27>='Intersection Mileposts'!$F$12,H27<='Intersection Mileposts'!$G$12),"Y",IF(AND(H27>='Intersection Mileposts'!$F$13,H27<='Intersection Mileposts'!$G$13),"Y",IF(AND(H27>='Intersection Mileposts'!$F$14,H27<='Intersection Mileposts'!$G$14),"Y",IF(AND(H27>='Intersection Mileposts'!$F$15,H27<='Intersection Mileposts'!$G$15),"Y",IF(AND(H27>='Intersection Mileposts'!$F$16,H27<='Intersection Mileposts'!$G$16),"Y",IF(AND(H27>='Intersection Mileposts'!$F$17,H27<='Intersection Mileposts'!$G$17),"Y",IF(AND(H27>='Intersection Mileposts'!$F$18,H27<='Intersection Mileposts'!$G$18),"Y",IF(AND(H27>='Intersection Mileposts'!$F$19,H27<='Intersection Mileposts'!$G$19),"Y",IF(AND(H27>='Intersection Mileposts'!$F$20,H27<='Intersection Mileposts'!$G$20),"Y",IF(AND(H27>='Intersection Mileposts'!$F$21,H27<='Intersection Mileposts'!$G$21),"Y",IF(AND(H27>='Intersection Mileposts'!$F$22,H27<='Intersection Mileposts'!$G$22),"Y",IF(AND(H27>='Intersection Mileposts'!$F$23,H27<='Intersection Mileposts'!$G$23),"Y",IF(AND(H27>='Intersection Mileposts'!$F$24,H27<='Intersection Mileposts'!$G$24),"Y",IF(AND(H27>='Intersection Mileposts'!$F$25,H27<='Intersection Mileposts'!$G$25),"Y",IF(AND(H27>='Intersection Mileposts'!$F$26,H27<='Intersection Mileposts'!$G$26),"Y",IF(AND(H27>='Intersection Mileposts'!$F$27,H27<='Intersection Mileposts'!$G$27),"Y",IF(AND(H27>='Intersection Mileposts'!$F$28,H27<='Intersection Mileposts'!$G$28),"Y",IF(AND(H27>='Intersection Mileposts'!$F$29,H27<='Intersection Mileposts'!$G$29),"Y", IF(AND(H27>='Intersection Mileposts'!$F$30,H27<='Intersection Mileposts'!$G$30),"Y",IF(AND(H27>='Intersection Mileposts'!$F$31,H27<='Intersection Mileposts'!$G$31),"Y",IF(AND(H27>='Intersection Mileposts'!$F$32,H27<='Intersection Mileposts'!$G$32),"Y",IF(AND(H27>='Intersection Mileposts'!$F$33,H27<='Intersection Mileposts'!$G$33),"Y",IF(AND(H27>='Intersection Mileposts'!$F$34,H27<='Intersection Mileposts'!$G$34),"Y",IF(AND(H27>='Intersection Mileposts'!$F$35,H27<='Intersection Mileposts'!$G$35),"Y",IF(AND(H27>='Intersection Mileposts'!$F$36,H27<='Intersection Mileposts'!$G$36),"Y",IF(AND(H27>='Intersection Mileposts'!$F$37,H27<='Intersection Mileposts'!$G$37),"Y",IF(AND(H27>='Intersection Mileposts'!$F$38,H27<='Intersection Mileposts'!$G$38),"Y",IF(AND(H27>='Intersection Mileposts'!$F$39,H27<='Intersection Mileposts'!$G$39),"Y","N")))))))))))))))))))))))))))))))))))) -> Y
A28: 105771630 | B28: 43507 | C28: 23 | D28: 2 | E28: 8 | F28: 5 | G28: O | H28: 17.811 | I28: LTSR, NB at fault, struck SB | M28: Y | P28: =IF(R28 = "", "", COUNT($R$4:R28)) -> 25 | Q28: =IF(B28="", "", YEAR(B28)) -> 2019 | R28: =IF(A28="", "", IF(G28="",1,IF(G28="O",1,IF(G28="C",8.4,IF(G28="B",8.4,IF(G28="A",76.8,IF(G28="K",76.8,"ERR"))))))) -> 1 | S28: =IF(M28<>"",R28,"") -> 1 | T28: =IF(IF(M28<>"",G28,"")=0, "O", IF(M28<>"",G28,"")) -> O | U28: =IF(N28<>"",R28,"") | V28: =IF(IF(N28<>"",G28,"")=0, "O", IF(N28<>"",G28,"")) | AR28: =IF(P28>0, P28, "") -> 25 | AS28: =IF(OR(M28="Y",N28="Y"),"Y","") -> Y | AT28: =IF(AR28="","",IF(AND(H28>='Intersection Mileposts'!$F$5,H28<='Intersection Mileposts'!$G$5),"Y",IF(AND(H28>='Intersection Mileposts'!$F$6,H28<='Intersection Mileposts'!$G$6),"Y",IF(AND(H28>='Intersection Mileposts'!$F$7,H28<='Intersection Mileposts'!$G$7),"Y",IF(AND(H28>='Intersection Mileposts'!$F$8,H28<='Intersection Mileposts'!$G$8),"Y",IF(AND(H28>='Intersection Mileposts'!$F$9,H28<='Intersection Mileposts'!$G$9),"Y",IF(AND(H28>='Intersection Mileposts'!$F$10,H28<='Intersection Mileposts'!$G$10),"Y",IF(AND(H28>='Intersection Mileposts'!$F$11,H28<='Intersection Mileposts'!$G$11),"Y",IF(AND(H28>='Intersection Mileposts'!$F$12,H28<='Intersection Mileposts'!$G$12),"Y",IF(AND(H28>='Intersection Mileposts'!$F$13,H28<='Intersection Mileposts'!$G$13),"Y",IF(AND(H28>='Intersection Mileposts'!$F$14,H28<='Intersection Mileposts'!$G$14),"Y",IF(AND(H28>='Intersection Mileposts'!$F$15,H28<='Intersection Mileposts'!$G$15),"Y",IF(AND(H28>='Intersection Mileposts'!$F$16,H28<='Intersection Mileposts'!$G$16),"Y",IF(AND(H28>='Intersection Mileposts'!$F$17,H28<='Intersection Mileposts'!$G$17),"Y",IF(AND(H28>='Intersection Mileposts'!$F$18,H28<='Intersection Mileposts'!$G$18),"Y",IF(AND(H28>='Intersection Mileposts'!$F$19,H28<='Intersection Mileposts'!$G$19),"Y",IF(AND(H28>='Intersection Mileposts'!$F$20,H28<='Intersection Mileposts'!$G$20),"Y",IF(AND(H28>='Intersection Mileposts'!$F$21,H28<='Intersection Mileposts'!$G$21),"Y",IF(AND(H28>='Intersection Mileposts'!$F$22,H28<='Intersection Mileposts'!$G$22),"Y",IF(AND(H28>='Intersection Mileposts'!$F$23,H28<='Intersection Mileposts'!$G$23),"Y",IF(AND(H28>='Intersection Mileposts'!$F$24,H28<='Intersection Mileposts'!$G$24),"Y",IF(AND(H28>='Intersection Mileposts'!$F$25,H28<='Intersection Mileposts'!$G$25),"Y",IF(AND(H28>='Intersection Mileposts'!$F$26,H28<='Intersection Mileposts'!$G$26),"Y",IF(AND(H28>='Intersection Mileposts'!$F$27,H28<='Intersection Mileposts'!$G$27),"Y",IF(AND(H28>='Intersection Mileposts'!$F$28,H28<='Intersection Mileposts'!$G$28),"Y",IF(AND(H28>='Intersection Mileposts'!$F$29,H28<='Intersection Mileposts'!$G$29),"Y", IF(AND(H28>='Intersection Mileposts'!$F$30,H28<='Intersection Mileposts'!$G$30),"Y",IF(AND(H28>='Intersection Mileposts'!$F$31,H28<='Intersection Mileposts'!$G$31),"Y",IF(AND(H28>='Intersection Mileposts'!$F$32,H28<='Intersection Mileposts'!$G$32),"Y",IF(AND(H28>='Intersection Mileposts'!$F$33,H28<='Intersection Mileposts'!$G$33),"Y",IF(AND(H28>='Intersection Mileposts'!$F$34,H28<='Intersection Mileposts'!$G$34),"Y",IF(AND(H28>='Intersection Mileposts'!$F$35,H28<='Intersection Mileposts'!$G$35),"Y",IF(AND(H28>='Intersection Mileposts'!$F$36,H28<='Intersection Mileposts'!$G$36),"Y",IF(AND(H28>='Intersection Mileposts'!$F$37,H28<='Intersection Mileposts'!$G$37),"Y",IF(AND(H28>='Intersection Mileposts'!$F$38,H28<='Intersection Mileposts'!$G$38),"Y",IF(AND(H28>='Intersection Mileposts'!$F$39,H28<='Intersection Mileposts'!$G$39),"Y","N")))))))))))))))))))))))))))))))))))) -> Y
A29: 105801434 | B29: 43535 | C29: 23 | D29: 1 | E29: 8 | F29: 1 | G29: B | H29: 17.811 | I29: LTSR, NB at fault, struck SB | M29: Y | P29: =IF(R29 = "", "", COUNT($R$4:R29)) -> 26 | Q29: =IF(B29="", "", YEAR(B29)) -> 2019 | R29: =IF(A29="", "", IF(G29="",1,IF(G29="O",1,IF(G29="C",8.4,IF(G29="B",8.4,IF(G29="A",76.8,IF(G29="K",76.8,"ERR"))))))) -> 8.4 | S29: =IF(M29<>"",R29,"") -> 8.4 | T29: =IF(IF(M29<>"",G29,"")=0, "O", IF(M29<>"",G29,"")) -> B | U29: =IF(N29<>"",R29,"") | V29: =IF(IF(N29<>"",G29,"")=0, "O", IF(N29<>"",G29,"")) | AR29: =IF(P29>0, P29, "") -> 26 | AS29: =IF(OR(M29="Y",N29="Y"),"Y","") -> Y | AT29: =IF(AR29="","",IF(AND(H29>='Intersection Mileposts'!$F$5,H29<='Intersection Mileposts'!$G$5),"Y",IF(AND(H29>='Intersection Mileposts'!$F$6,H29<='Intersection Mileposts'!$G$6),"Y",IF(AND(H29>='Intersection Mileposts'!$F$7,H29<='Intersection Mileposts'!$G$7),"Y",IF(AND(H29>='Intersection Mileposts'!$F$8,H29<='Intersection Mileposts'!$G$8),"Y",IF(AND(H29>='Intersection Mileposts'!$F$9,H29<='Intersection Mileposts'!$G$9),"Y",IF(AND(H29>='Intersection Mileposts'!$F$10,H29<='Intersection Mileposts'!$G$10),"Y",IF(AND(H29>='Intersection Mileposts'!$F$11,H29<='Intersection Mileposts'!$G$11),"Y",IF(AND(H29>='Intersection Mileposts'!$F$12,H29<='Intersection Mileposts'!$G$12),"Y",IF(AND(H29>='Intersection Mileposts'!$F$13,H29<='Intersection Mileposts'!$G$13),"Y",IF(AND(H29>='Intersection Mileposts'!$F$14,H29<='Intersection Mileposts'!$G$14),"Y",IF(AND(H29>='Intersection Mileposts'!$F$15,H29<='Intersection Mileposts'!$G$15),"Y",IF(AND(H29>='Intersection Mileposts'!$F$16,H29<='Intersection Mileposts'!$G$16),"Y",IF(AND(H29>='Intersection Mileposts'!$F$17,H29<='Intersection Mileposts'!$G$17),"Y",IF(AND(H29>='Intersection Mileposts'!$F$18,H29<='Intersection Mileposts'!$G$18),"Y",IF(AND(H29>='Intersection Mileposts'!$F$19,H29<='Intersection Mileposts'!$G$19),"Y",IF(AND(H29>='Intersection Mileposts'!$F$20,H29<='Intersection Mileposts'!$G$20),"Y",IF(AND(H29>='Intersection Mileposts'!$F$21,H29<='Intersection Mileposts'!$G$21),"Y",IF(AND(H29>='Intersection Mileposts'!$F$22,H29<='Intersection Mileposts'!$G$22),"Y",IF(AND(H29>='Intersection Mileposts'!$F$23,H29<='Intersection Mileposts'!$G$23),"Y",IF(AND(H29>='Intersection Mileposts'!$F$24,H29<='Intersection Mileposts'!$G$24),"Y",IF(AND(H29>='Intersection Mileposts'!$F$25,H29<='Intersection Mileposts'!$G$25),"Y",IF(AND(H29>='Intersection Mileposts'!$F$26,H29<='Intersection Mileposts'!$G$26),"Y",IF(AND(H29>='Intersection Mileposts'!$F$27,H29<='Intersection Mileposts'!$G$27),"Y",IF(AND(H29>='Intersection Mileposts'!$F$28,H29<='Intersection Mileposts'!$G$28),"Y",IF(AND(H29>='Intersection Mileposts'!$F$29,H29<='Intersection Mileposts'!$G$29),"Y", IF(AND(H29>='Intersection Mileposts'!$F$30,H29<='Intersection Mileposts'!$G$30),"Y",IF(AND(H29>='Intersection Mileposts'!$F$31,H29<='Intersection Mileposts'!$G$31),"Y",IF(AND(H29>='Intersection Mileposts'!$F$32,H29<='Intersection Mileposts'!$G$32),"Y",IF(AND(H29>='Intersection Mileposts'!$F$33,H29<='Intersection Mileposts'!$G$33),"Y",IF(AND(H29>='Intersection Mileposts'!$F$34,H29<='Intersection Mileposts'!$G$34),"Y",IF(AND(H29>='Intersection Mileposts'!$F$35,H29<='Intersection Mileposts'!$G$35),"Y",IF(AND(H29>='Intersection Mileposts'!$F$36,H29<='Intersection Mileposts'!$G$36),"Y",IF(AND(H29>='Intersection Mileposts'!$F$37,H29<='Intersection Mileposts'!$G$37),"Y",IF(AND(H29>='Intersection Mileposts'!$F$38,H29<='Intersection Mileposts'!$G$38),"Y",IF(AND(H29>='Intersection Mileposts'!$F$39,H29<='Intersection Mileposts'!$G$39),"Y","N")))))))))))))))))))))))))))))))))))) -> Y
A30: 105827464 | B30: 43563 | C30: 23 | D30: 2 | E30: 8 | F30: 5 | G30: C | H30: 17.811 | I30: LTSR, NB at fault, struck SB | M30: Y | P30: =IF(R30 = "", "", COUNT($R$4:R30)) -> 27 | Q30: =IF(B30="", "", YEAR(B30)) -> 2019 | R30: =IF(A30="", "", IF(G30="",1,IF(G30="O",1,IF(G30="C",8.4,IF(G30="B",8.4,IF(G30="A",76.8,IF(G30="K",76.8,"ERR"))))))) -> 8.4 | S30: =IF(M30<>"",R30,"") -> 8.4 | T30: =IF(IF(M30<>"",G30,"")=0, "O", IF(M30<>"",G30,"")) -> C | U30: =IF(N30<>"",R30,"") | V30: =IF(IF(N30<>"",G30,"")=0, "O", IF(N30<>"",G30,"")) | X30: 2 | Y30: For the crashes you have determined to be within your study area and in the BEFORE period, enter in the FINAL milepost location of the crash into column H. The mileposts entered into this column should correlate with the crash ID and other crash information copied into the row during step 1. Again, this should be the FINAL milepost location (after any necessary re-mileposting). | AR30: =IF(P30>0, P30, "") -> 27 | AS30: =IF(OR(M30="Y",N30="Y"),"Y","") -> Y | AT30: =IF(AR30="","",IF(AND(H30>='Intersection Mileposts'!$F$5,H30<='Intersection Mileposts'!$G$5),"Y",IF(AND(H30>='Intersection Mileposts'!$F$6,H30<='Intersection Mileposts'!$G$6),"Y",IF(AND(H30>='Intersection Mileposts'!$F$7,H30<='Intersection Mileposts'!$G$7),"Y",IF(AND(H30>='Intersection Mileposts'!$F$8,H30<='Intersection Mileposts'!$G$8),"Y",IF(AND(H30>='Intersection Mileposts'!$F$9,H30<='Intersection Mileposts'!$G$9),"Y",IF(AND(H30>='Intersection Mileposts'!$F$10,H30<='Intersection Mileposts'!$G$10),"Y",IF(AND(H30>='Intersection Mileposts'!$F$11,H30<='Intersection Mileposts'!$G$11),"Y",IF(AND(H30>='Intersection Mileposts'!$F$12,H30<='Intersection Mileposts'!$G$12),"Y",IF(AND(H30>='Intersection Mileposts'!$F$13,H30<='Intersection Mileposts'!$G$13),"Y",IF(AND(H30>='Intersection Mileposts'!$F$14,H30<='Intersection Mileposts'!$G$14),"Y",IF(AND(H30>='Intersection Mileposts'!$F$15,H30<='Intersection Mileposts'!$G$15),"Y",IF(AND(H30>='Intersection Mileposts'!$F$16,H30<='Intersection Mileposts'!$G$16),"Y",IF(AND(H30>='Intersection Mileposts'!$F$17,H30<='Intersection Mileposts'!$G$17),"Y",IF(AND(H30>='Intersection Mileposts'!$F$18,H30<='Intersection Mileposts'!$G$18),"Y",IF(AND(H30>='Intersection Mileposts'!$F$19,H30<='Intersection Mileposts'!$G$19),"Y",IF(AND(H30>='Intersection Mileposts'!$F$20,H30<='Intersection Mileposts'!$G$20),"Y",IF(AND(H30>='Intersection Mileposts'!$F$21,H30<='Intersection Mileposts'!$G$21),"Y",IF(AND(H30>='Intersection Mileposts'!$F$22,H30<='Intersection Mileposts'!$G$22),"Y",IF(AND(H30>='Intersection Mileposts'!$F$23,H30<='Intersection Mileposts'!$G$23),"Y",IF(AND(H30>='Intersection Mileposts'!$F$24,H30<='Intersection Mileposts'!$G$24),"Y",IF(AND(H30>='Intersection Mileposts'!$F$25,H30<='Intersection Mileposts'!$G$25),"Y",IF(AND(H30>='Intersection Mileposts'!$F$26,H30<='Intersection Mileposts'!$G$26),"Y",IF(AND(H30>='Intersection Mileposts'!$F$27,H30<='Intersection Mileposts'!$G$27),"Y",IF(AND(H30>='Intersection Mileposts'!$F$28,H30<='Intersection Mileposts'!$G$28),"Y",IF(AND(H30>='Intersection Mileposts'!$F$29,H30<='Intersection Mileposts'!$G$29),"Y", IF(AND(H30>='Intersection Mileposts'!$F$30,H30<='Intersection Mileposts'!$G$30),"Y",IF(AND(H30>='Intersection Mileposts'!$F$31,H30<='Intersection Mileposts'!$G$31),"Y",IF(AND(H30>='Intersection Mileposts'!$F$32,H30<='Intersection Mileposts'!$G$32),"Y",IF(AND(H30>='Intersection Mileposts'!$F$33,H30<='Intersection Mileposts'!$G$33),"Y",IF(AND(H30>='Intersection Mileposts'!$F$34,H30<='Intersection Mileposts'!$G$34),"Y",IF(AND(H30>='Intersection Mileposts'!$F$35,H30<='Intersection Mileposts'!$G$35),"Y",IF(AND(H30>='Intersection Mileposts'!$F$36,H30<='Intersection Mileposts'!$G$36),"Y",IF(AND(H30>='Intersection Mileposts'!$F$37,H30<='Intersection Mileposts'!$G$37),"Y",IF(AND(H30>='Intersection Mileposts'!$F$38,H30<='Intersection Mileposts'!$G$38),"Y",IF(AND(H30>='Intersection Mileposts'!$F$39,H30<='Intersection Mileposts'!$G$39),"Y","N")))))))))))))))))))))))))))))))))))) -> Y
A31: 105832371 | B31: 43567 | C31: 23 | D31: 2 | E31: 8 | F31: 1 | G31: O | H31: 17.811 | I31: LTSR, NB at fault, struck SB | M31: Y | P31: =IF(R31 = "", "", COUNT($R$4:R31)) -> 28 | Q31: =IF(B31="", "", YEAR(B31)) -> 2019 | R31: =IF(A31="", "", IF(G31="",1,IF(G31="O",1,IF(G31="C",8.4,IF(G31="B",8.4,IF(G31="A",76.8,IF(G31="K",76.8,"ERR"))))))) -> 1 | S31: =IF(M31<>"",R31,"") -> 1 | T31: =IF(IF(M31<>"",G31,"")=0, "O", IF(M31<>"",G31,"")) -> O | U31: =IF(N31<>"",R31,"") | V31: =IF(IF(N31<>"",G31,"")=0, "O", IF(N31<>"",G31,"")) | AR31: =IF(P31>0, P31, "") -> 28 | AS31: =IF(OR(M31="Y",N31="Y"),"Y","") -> Y | AT31: =IF(AR31="","",IF(AND(H31>='Intersection Mileposts'!$F$5,H31<='Intersection Mileposts'!$G$5),"Y",IF(AND(H31>='Intersection Mileposts'!$F$6,H31<='Intersection Mileposts'!$G$6),"Y",IF(AND(H31>='Intersection Mileposts'!$F$7,H31<='Intersection Mileposts'!$G$7),"Y",IF(AND(H31>='Intersection Mileposts'!$F$8,H31<='Intersection Mileposts'!$G$8),"Y",IF(AND(H31>='Intersection Mileposts'!$F$9,H31<='Intersection Mileposts'!$G$9),"Y",IF(AND(H31>='Intersection Mileposts'!$F$10,H31<='Intersection Mileposts'!$G$10),"Y",IF(AND(H31>='Intersection Mileposts'!$F$11,H31<='Intersection Mileposts'!$G$11),"Y",IF(AND(H31>='Intersection Mileposts'!$F$12,H31<='Intersection Mileposts'!$G$12),"Y",IF(AND(H31>='Intersection Mileposts'!$F$13,H31<='Intersection Mileposts'!$G$13),"Y",IF(AND(H31>='Intersection Mileposts'!$F$14,H31<='Intersection Mileposts'!$G$14),"Y",IF(AND(H31>='Intersection Mileposts'!$F$15,H31<='Intersection Mileposts'!$G$15),"Y",IF(AND(H31>='Intersection Mileposts'!$F$16,H31<='Intersection Mileposts'!$G$16),"Y",IF(AND(H31>='Intersection Mileposts'!$F$17,H31<='Intersection Mileposts'!$G$17),"Y",IF(AND(H31>='Intersection Mileposts'!$F$18,H31<='Intersection Mileposts'!$G$18),"Y",IF(AND(H31>='Intersection Mileposts'!$F$19,H31<='Intersection Mileposts'!$G$19),"Y",IF(AND(H31>='Intersection Mileposts'!$F$20,H31<='Intersection Mileposts'!$G$20),"Y",IF(AND(H31>='Intersection Mileposts'!$F$21,H31<='Intersection Mileposts'!$G$21),"Y",IF(AND(H31>='Intersection Mileposts'!$F$22,H31<='Intersection Mileposts'!$G$22),"Y",IF(AND(H31>='Intersection Mileposts'!$F$23,H31<='Intersection Mileposts'!$G$23),"Y",IF(AND(H31>='Intersection Mileposts'!$F$24,H31<='Intersection Mileposts'!$G$24),"Y",IF(AND(H31>='Intersection Mileposts'!$F$25,H31<='Intersection Mileposts'!$G$25),"Y",IF(AND(H31>='Intersection Mileposts'!$F$26,H31<='Intersection Mileposts'!$G$26),"Y",IF(AND(H31>='Intersection Mileposts'!$F$27,H31<='Intersection Mileposts'!$G$27),"Y",IF(AND(H31>='Intersection Mileposts'!$F$28,H31<='Intersection Mileposts'!$G$28),"Y",IF(AND(H31>='Intersection Mileposts'!$F$29,H31<='Intersection Mileposts'!$G$29),"Y", IF(AND(H31>='Intersection Mileposts'!$F$30,H31<='Intersection Mileposts'!$G$30),"Y",IF(AND(H31>='Intersection Mileposts'!$F$31,H31<='Intersection Mileposts'!$G$31),"Y",IF(AND(H31>='Intersection Mileposts'!$F$32,H31<='Intersection Mileposts'!$G$32),"Y",IF(AND(H31>='Intersection Mileposts'!$F$33,H31<='Intersection Mileposts'!$G$33),"Y",IF(AND(H31>='Intersection Mileposts'!$F$34,H31<='Intersection Mileposts'!$G$34),"Y",IF(AND(H31>='Intersection Mileposts'!$F$35,H31<='Intersection Mileposts'!$G$35),"Y",IF(AND(H31>='Intersection Mileposts'!$F$36,H31<='Intersection Mileposts'!$G$36),"Y",IF(AND(H31>='Intersection Mileposts'!$F$37,H31<='Intersection Mileposts'!$G$37),"Y",IF(AND(H31>='Intersection Mileposts'!$F$38,H31<='Intersection Mileposts'!$G$38),"Y",IF(AND(H31>='Intersection Mileposts'!$F$39,H31<='Intersection Mileposts'!$G$39),"Y","N")))))))))))))))))))))))))))))))))))) -> Y
A32: 105926749 | B32: 43661 | C32: 24 | D32: 1 | E32: 9 | F32: 1 | G32: O | H32: 17.811 | I32: LTSR, NB at fault, struck SB | M32: Y | P32: =IF(R32 = "", "", COUNT($R$4:R32)) -> 29 | Q32: =IF(B32="", "", YEAR(B32)) -> 2019 | R32: =IF(A32="", "", IF(G32="",1,IF(G32="O",1,IF(G32="C",8.4,IF(G32="B",8.4,IF(G32="A",76.8,IF(G32="K",76.8,"ERR"))))))) -> 1 | S32: =IF(M32<>"",R32,"") -> 1 | T32: =IF(IF(M32<>"",G32,"")=0, "O", IF(M32<>"",G32,"")) -> O | U32: =IF(N32<>"",R32,"") | V32: =IF(IF(N32<>"",G32,"")=0, "O", IF(N32<>"",G32,"")) | AR32: =IF(P32>0, P32, "") -> 29 | AS32: =IF(OR(M32="Y",N32="Y"),"Y","") -> Y | AT32: =IF(AR32="","",IF(AND(H32>='Intersection Mileposts'!$F$5,H32<='Intersection Mileposts'!$G$5),"Y",IF(AND(H32>='Intersection Mileposts'!$F$6,H32<='Intersection Mileposts'!$G$6),"Y",IF(AND(H32>='Intersection Mileposts'!$F$7,H32<='Intersection Mileposts'!$G$7),"Y",IF(AND(H32>='Intersection Mileposts'!$F$8,H32<='Intersection Mileposts'!$G$8),"Y",IF(AND(H32>='Intersection Mileposts'!$F$9,H32<='Intersection Mileposts'!$G$9),"Y",IF(AND(H32>='Intersection Mileposts'!$F$10,H32<='Intersection Mileposts'!$G$10),"Y",IF(AND(H32>='Intersection Mileposts'!$F$11,H32<='Intersection Mileposts'!$G$11),"Y",IF(AND(H32>='Intersection Mileposts'!$F$12,H32<='Intersection Mileposts'!$G$12),"Y",IF(AND(H32>='Intersection Mileposts'!$F$13,H32<='Intersection Mileposts'!$G$13),"Y",IF(AND(H32>='Intersection Mileposts'!$F$14,H32<='Intersection Mileposts'!$G$14),"Y",IF(AND(H32>='Intersection Mileposts'!$F$15,H32<='Intersection Mileposts'!$G$15),"Y",IF(AND(H32>='Intersection Mileposts'!$F$16,H32<='Intersection Mileposts'!$G$16),"Y",IF(AND(H32>='Intersection Mileposts'!$F$17,H32<='Intersection Mileposts'!$G$17),"Y",IF(AND(H32>='Intersection Mileposts'!$F$18,H32<='Intersection Mileposts'!$G$18),"Y",IF(AND(H32>='Intersection Mileposts'!$F$19,H32<='Intersection Mileposts'!$G$19),"Y",IF(AND(H32>='Intersection Mileposts'!$F$20,H32<='Intersection Mileposts'!$G$20),"Y",IF(AND(H32>='Intersection Mileposts'!$F$21,H32<='Intersection Mileposts'!$G$21),"Y",IF(AND(H32>='Intersection Mileposts'!$F$22,H32<='Intersection Mileposts'!$G$22),"Y",IF(AND(H32>='Intersection Mileposts'!$F$23,H32<='Intersection Mileposts'!$G$23),"Y",IF(AND(H32>='Intersection Mileposts'!$F$24,H32<='Intersection Mileposts'!$G$24),"Y",IF(AND(H32>='Intersection Mileposts'!$F$25,H32<='Intersection Mileposts'!$G$25),"Y",IF(AND(H32>='Intersection Mileposts'!$F$26,H32<='Intersection Mileposts'!$G$26),"Y",IF(AND(H32>='Intersection Mileposts'!$F$27,H32<='Intersection Mileposts'!$G$27),"Y",IF(AND(H32>='Intersection Mileposts'!$F$28,H32<='Intersection Mileposts'!$G$28),"Y",IF(AND(H32>='Intersection Mileposts'!$F$29,H32<='Intersection Mileposts'!$G$29),"Y", IF(AND(H32>='Intersection Mileposts'!$F$30,H32<='Intersection Mileposts'!$G$30),"Y",IF(AND(H32>='Intersection Mileposts'!$F$31,H32<='Intersection Mileposts'!$G$31),"Y",IF(AND(H32>='Intersection Mileposts'!$F$32,H32<='Intersection Mileposts'!$G$32),"Y",IF(AND(H32>='Intersection Mileposts'!$F$33,H32<='Intersection Mileposts'!$G$33),"Y",IF(AND(H32>='Intersection Mileposts'!$F$34,H32<='Intersection Mileposts'!$G$34),"Y",IF(AND(H32>='Intersection Mileposts'!$F$35,H32<='Intersection Mileposts'!$G$35),"Y",IF(AND(H32>='Intersection Mileposts'!$F$36,H32<='Intersection Mileposts'!$G$36),"Y",IF(AND(H32>='Intersection Mileposts'!$F$37,H32<='Intersection Mileposts'!$G$37),"Y",IF(AND(H32>='Intersection Mileposts'!$F$38,H32<='Intersection Mileposts'!$G$38),"Y",IF(AND(H32>='Intersection Mileposts'!$F$39,H32<='Intersection Mileposts'!$G$39),"Y","N")))))))))))))))))))))))))))))))))))) -> Y
A33: 105960507 | B33: 43692 | C33: 23 | D33: 1 | E33: 8 | F33: 1 | G33: C | H33: 17.811 | I33: LTSR, NB at fault, struck SB | M33: Y | P33: =IF(R33 = "", "", COUNT($R$4:R33)) -> 30 | Q33: =IF(B33="", "", YEAR(B33)) -> 2019 | R33: =IF(A33="", "", IF(G33="",1,IF(G33="O",1,IF(G33="C",8.4,IF(G33="B",8.4,IF(G33="A",76.8,IF(G33="K",76.8,"ERR"))))))) -> 8.4 | S33: =IF(M33<>"",R33,"") -> 8.4 | T33: =IF(IF(M33<>"",G33,"")=0, "O", IF(M33<>"",G33,"")) -> C | U33: =IF(N33<>"",R33,"") | V33: =IF(IF(N33<>"",G33,"")=0, "O", IF(N33<>"",G33,"")) | AR33: =IF(P33>0, P33, "") -> 30 | AS33: =IF(OR(M33="Y",N33="Y"),"Y","") -> Y | AT33: =IF(AR33="","",IF(AND(H33>='Intersection Mileposts'!$F$5,H33<='Intersection Mileposts'!$G$5),"Y",IF(AND(H33>='Intersection Mileposts'!$F$6,H33<='Intersection Mileposts'!$G$6),"Y",IF(AND(H33>='Intersection Mileposts'!$F$7,H33<='Intersection Mileposts'!$G$7),"Y",IF(AND(H33>='Intersection Mileposts'!$F$8,H33<='Intersection Mileposts'!$G$8),"Y",IF(AND(H33>='Intersection Mileposts'!$F$9,H33<='Intersection Mileposts'!$G$9),"Y",IF(AND(H33>='Intersection Mileposts'!$F$10,H33<='Intersection Mileposts'!$G$10),"Y",IF(AND(H33>='Intersection Mileposts'!$F$11,H33<='Intersection Mileposts'!$G$11),"Y",IF(AND(H33>='Intersection Mileposts'!$F$12,H33<='Intersection Mileposts'!$G$12),"Y",IF(AND(H33>='Intersection Mileposts'!$F$13,H33<='Intersection Mileposts'!$G$13),"Y",IF(AND(H33>='Intersection Mileposts'!$F$14,H33<='Intersection Mileposts'!$G$14),"Y",IF(AND(H33>='Intersection Mileposts'!$F$15,H33<='Intersection Mileposts'!$G$15),"Y",IF(AND(H33>='Intersection Mileposts'!$F$16,H33<='Intersection Mileposts'!$G$16),"Y",IF(AND(H33>='Intersection Mileposts'!$F$17,H33<='Intersection Mileposts'!$G$17),"Y",IF(AND(H33>='Intersection Mileposts'!$F$18,H33<='Intersection Mileposts'!$G$18),"Y",IF(AND(H33>='Intersection Mileposts'!$F$19,H33<='Intersection Mileposts'!$G$19),"Y",IF(AND(H33>='Intersection Mileposts'!$F$20,H33<='Intersection Mileposts'!$G$20),"Y",IF(AND(H33>='Intersection Mileposts'!$F$21,H33<='Intersection Mileposts'!$G$21),"Y",IF(AND(H33>='Intersection Mileposts'!$F$22,H33<='Intersection Mileposts'!$G$22),"Y",IF(AND(H33>='Intersection Mileposts'!$F$23,H33<='Intersection Mileposts'!$G$23),"Y",IF(AND(H33>='Intersection Mileposts'!$F$24,H33<='Intersection Mileposts'!$G$24),"Y",IF(AND(H33>='Intersection Mileposts'!$F$25,H33<='Intersection Mileposts'!$G$25),"Y",IF(AND(H33>='Intersection Mileposts'!$F$26,H33<='Intersection Mileposts'!$G$26),"Y",IF(AND(H33>='Intersection Mileposts'!$F$27,H33<='Intersection Mileposts'!$G$27),"Y",IF(AND(H33>='Intersection Mileposts'!$F$28,H33<='Intersection Mileposts'!$G$28),"Y",IF(AND(H33>='Intersection Mileposts'!$F$29,H33<='Intersection Mileposts'!$G$29),"Y", IF(AND(H33>='Intersection Mileposts'!$F$30,H33<='Intersection Mileposts'!$G$30),"Y",IF(AND(H33>='Intersection Mileposts'!$F$31,H33<='Intersection Mileposts'!$G$31),"Y",IF(AND(H33>='Intersection Mileposts'!$F$32,H33<='Intersection Mileposts'!$G$32),"Y",IF(AND(H33>='Intersection Mileposts'!$F$33,H33<='Intersection Mileposts'!$G$33),"Y",IF(AND(H33>='Intersection Mileposts'!$F$34,H33<='Intersection Mileposts'!$G$34),"Y",IF(AND(H33>='Intersection Mileposts'!$F$35,H33<='Intersection Mileposts'!$G$35),"Y",IF(AND(H33>='Intersection Mileposts'!$F$36,H33<='Intersection Mileposts'!$G$36),"Y",IF(AND(H33>='Intersection Mileposts'!$F$37,H33<='Intersection Mileposts'!$G$37),"Y",IF(AND(H33>='Intersection Mileposts'!$F$38,H33<='Intersection Mileposts'!$G$38),"Y",IF(AND(H33>='Intersection Mileposts'!$F$39,H33<='Intersection Mileposts'!$G$39),"Y","N")))))))))))))))))))))))))))))))))))) -> Y
A34: 105967757 | B34: 43698 | C34: 23 | D34: 1 | E34: 8 | F34: 1 | G34: C | H34: 17.811 | I34: LTSR, NB at fault, struck SB | M34: Y | P34: =IF(R34 = "", "", COUNT($R$4:R34)) -> 31 | Q34: =IF(B34="", "", YEAR(B34)) -> 2019 | R34: =IF(A34="", "", IF(G34="",1,IF(G34="O",1,IF(G34="C",8.4,IF(G34="B",8.4,IF(G34="A",76.8,IF(G34="K",76.8,"ERR"))))))) -> 8.4 | S34: =IF(M34<>"",R34,"") -> 8.4 | T34: =IF(IF(M34<>"",G34,"")=0, "O", IF(M34<>"",G34,"")) -> C | U34: =IF(N34<>"",R34,"") | V34: =IF(IF(N34<>"",G34,"")=0, "O", IF(N34<>"",G34,"")) | AR34: =IF(P34>0, P34, "") -> 31 | AS34: =IF(OR(M34="Y",N34="Y"),"Y","") -> Y | AT34: =IF(AR34="","",IF(AND(H34>='Intersection Mileposts'!$F$5,H34<='Intersection Mileposts'!$G$5),"Y",IF(AND(H34>='Intersection Mileposts'!$F$6,H34<='Intersection Mileposts'!$G$6),"Y",IF(AND(H34>='Intersection Mileposts'!$F$7,H34<='Intersection Mileposts'!$G$7),"Y",IF(AND(H34>='Intersection Mileposts'!$F$8,H34<='Intersection Mileposts'!$G$8),"Y",IF(AND(H34>='Intersection Mileposts'!$F$9,H34<='Intersection Mileposts'!$G$9),"Y",IF(AND(H34>='Intersection Mileposts'!$F$10,H34<='Intersection Mileposts'!$G$10),"Y",IF(AND(H34>='Intersection Mileposts'!$F$11,H34<='Intersection Mileposts'!$G$11),"Y",IF(AND(H34>='Intersection Mileposts'!$F$12,H34<='Intersection Mileposts'!$G$12),"Y",IF(AND(H34>='Intersection Mileposts'!$F$13,H34<='Intersection Mileposts'!$G$13),"Y",IF(AND(H34>='Intersection Mileposts'!$F$14,H34<='Intersection Mileposts'!$G$14),"Y",IF(AND(H34>='Intersection Mileposts'!$F$15,H34<='Intersection Mileposts'!$G$15),"Y",IF(AND(H34>='Intersection Mileposts'!$F$16,H34<='Intersection Mileposts'!$G$16),"Y",IF(AND(H34>='Intersection Mileposts'!$F$17,H34<='Intersection Mileposts'!$G$17),"Y",IF(AND(H34>='Intersection Mileposts'!$F$18,H34<='Intersection Mileposts'!$G$18),"Y",IF(AND(H34>='Intersection Mileposts'!$F$19,H34<='Intersection Mileposts'!$G$19),"Y",IF(AND(H34>='Intersection Mileposts'!$F$20,H34<='Intersection Mileposts'!$G$20),"Y",IF(AND(H34>='Intersection Mileposts'!$F$21,H34<='Intersection Mileposts'!$G$21),"Y",IF(AND(H34>='Intersection Mileposts'!$F$22,H34<='Intersection Mileposts'!$G$22),"Y",IF(AND(H34>='Intersection Mileposts'!$F$23,H34<='Intersection Mileposts'!$G$23),"Y",IF(AND(H34>='Intersection Mileposts'!$F$24,H34<='Intersection Mileposts'!$G$24),"Y",IF(AND(H34>='Intersection Mileposts'!$F$25,H34<='Intersection Mileposts'!$G$25),"Y",IF(AND(H34>='Intersection Mileposts'!$F$26,H34<='Intersection Mileposts'!$G$26),"Y",IF(AND(H34>='Intersection Mileposts'!$F$27,H34<='Intersection Mileposts'!$G$27),"Y",IF(AND(H34>='Intersection Mileposts'!$F$28,H34<='Intersection Mileposts'!$G$28),"Y",IF(AND(H34>='Intersection Mileposts'!$F$29,H34<='Intersection Mileposts'!$G$29),"Y", IF(AND(H34>='Intersection Mileposts'!$F$30,H34<='Intersection Mileposts'!$G$30),"Y",IF(AND(H34>='Intersection Mileposts'!$F$31,H34<='Intersection Mileposts'!$G$31),"Y",IF(AND(H34>='Intersection Mileposts'!$F$32,H34<='Intersection Mileposts'!$G$32),"Y",IF(AND(H34>='Intersection Mileposts'!$F$33,H34<='Intersection Mileposts'!$G$33),"Y",IF(AND(H34>='Intersection Mileposts'!$F$34,H34<='Intersection Mileposts'!$G$34),"Y",IF(AND(H34>='Intersection Mileposts'!$F$35,H34<='Intersection Mileposts'!$G$35),"Y",IF(AND(H34>='Intersection Mileposts'!$F$36,H34<='Intersection Mileposts'!$G$36),"Y",IF(AND(H34>='Intersection Mileposts'!$F$37,H34<='Intersection Mileposts'!$G$37),"Y",IF(AND(H34>='Intersection Mileposts'!$F$38,H34<='Intersection Mileposts'!$G$38),"Y",IF(AND(H34>='Intersection Mileposts'!$F$39,H34<='Intersection Mileposts'!$G$39),"Y","N")))))))))))))))))))))))))))))))))))) -> Y
