Workbook

Sheet 260722124BA_Fiche
A1: Muni. Code | B1: On Road | C1: Miles | D1: Dir From | E1: From Road | F1: Toward Road | G1: Milepost Road | H1: MP | I1: IS? | J1: MA | K1: Crash ID | L1: Date | M1: T | N1: C | O1: F | P1: L | Q1: S | R1: Type | S1: Dir | T1: Comment | U1: Latitude | V1: Longitude | X1: Unit 1 Dir | Y1: Unit 2 Dir | Z1: Movement
A2: IN STUDY
A3: 74 | B3: NC 179BUS | C3: 0.07 | D3: S | E3: NC 179 | F3: SR 1810 | G3: NC 179BUS | H3: 0.07 | I3: IS | J3: Y | K3: 108569891 | L3: 46225 | M3: 23 | N3: 1 | O3: 4 | P3: 1 | Q3: K | R3: =IFERROR(VLOOKUP(M3,Index!$A$1:$B$26,2,FALSE),"") | S3: =Z3 | T3: in initial study; report: NC 179 BUS, 368 ft S of NC 179 toward SR 1810; lat/long 33.898099, -78.55168; left turn from southbound NC 179B into the PVA of Los Nuevos Charros Mexican Restaurant; inside the section; report MP 0.070 | U3: =IFERROR(INDEX(DetailedFiche!Q:Q,MATCH(K3,DetailedFiche!J:J,0)),"") | V3: =IFERROR(INDEX(DetailedFiche!R:R,MATCH(K3,DetailedFiche!J:J,0)),"") | X3: =IFERROR(IF(AND(INDEX('Initial Study'!K:K, MATCH(K3, 'Initial Study'!B:B, 0)+1)<>0,INDEX('Initial Study'!K:K, MATCH(K3, 'Initial Study'!B:B, 0)+1)<>""),INDEX('Initial Study'!K:K, MATCH(K3, 'Initial Study'!B:B, 0)+1),""),"") | Y3: =IFERROR(IF(AND(INDEX('Initial Study'!K:K, MATCH(K3, 'Initial Study'!B:B, 0)+2)<>0,INDEX('Initial Study'!K:K, MATCH(K3, 'Initial Study'!B:B, 0)+2)<>"",NOT(ISNUMBER(INDEX('Initial Study'!K:K, MATCH(K3, 'Initial Study'!B:B, 0)+2)))),INDEX('Initial Study'!K:K, MATCH(K3, 'Initial Study'!B:B, 0)+2),"-"),"-") | Z3: =IF(R3="RE", X3 & "BT/" & IF(Y3 <> "-", Y3 & "BT", ""), IF(OR(R3="LTDR", R3="LTSR"), X3 & "BL" & IF(Y3 <> "-", "/" & Y3 & "BT", ""), IF(OR(R3="RTDR", R3="RTSR"), X3 & "BR" & IF(Y3 <> "-", "/" & Y3 & "BT", ""), IF(Y3 <> "-", X3 & "BT/" & Y3 & "BT", X3 & "BT"))))
A4: 74 | B4: NC 179BUS | C4: 0.083 | D4: E | E4: NC 179 | F4: SR 1810 | G4: NC 179BUS | H4: 0.083 | I4: IS | J4: Y | K4: 108457510 | L4: 46114 | M4: 23 | N4: 1 | O4: 4 | P4: 1 | Q4: O | R4: =IFERROR(VLOOKUP(M4,Index!$A$1:$B$26,2,FALSE),"") | S4: =Z4 | T4: in initial study; report: NC 179 BUS, 437 ft E of NC 179 toward SR 1810; lat/long 33.898100, -78.55169 (the same coordinates as the fatal); eastbound (southeast-bound) unit 1 turning left into a public drive on the north side; inside the section; report MP 0.083; Coordinates identical to the fatal crash's; the PVA is in all likelihood the same restaurant driveway (437 ft vs 368 ft written by different troopers). | U4: =IFERROR(INDEX(DetailedFiche!Q:Q,MATCH(K4,DetailedFiche!J:J,0)),"") | V4: =IFERROR(INDEX(DetailedFiche!R:R,MATCH(K4,DetailedFiche!J:J,0)),"") | X4: =IFERROR(IF(AND(INDEX('Initial Study'!K:K, MATCH(K4, 'Initial Study'!B:B, 0)+1)<>0,INDEX('Initial Study'!K:K, MATCH(K4, 'Initial Study'!B:B, 0)+1)<>""),INDEX('Initial Study'!K:K, MATCH(K4, 'Initial Study'!B:B, 0)+1),""),"") | Y4: =IFERROR(IF(AND(INDEX('Initial Study'!K:K, MATCH(K4, 'Initial Study'!B:B, 0)+2)<>0,INDEX('Initial Study'!K:K, MATCH(K4, 'Initial Study'!B:B, 0)+2)<>"",NOT(ISNUMBER(INDEX('Initial Study'!K:K, MATCH(K4, 'Initial Study'!B:B, 0)+2)))),INDEX('Initial Study'!K:K, MATCH(K4, 'Initial Study'!B:B, 0)+2),"-"),"-") | Z4: =IF(R4="RE", X4 & "BT/" & IF(Y4 <> "-", Y4 & "BT", ""), IF(OR(R4="LTDR", R4="LTSR"), X4 & "BL" & IF(Y4 <> "-", "/" & Y4 & "BT", ""), IF(OR(R4="RTDR", R4="RTSR"), X4 & "BR" & IF(Y4 <> "-", "/" & Y4 & "BT", ""), IF(Y4 <> "-", X4 & "BT/" & Y4 & "BT", X4 & "BT"))))
A5: 74 | B5: NC 179BUS | C5: 0.1 | D5: S | E5: NC 179 | F5: SR 1246 | G5: NC 179BUS | H5: 0.1 | I5: IS | J5: Y | K5: 107392672 | L5: 45112 | M5: 23 | N5: 1 | O5: 4 | P5: 1 | Q5: O | R5: =IFERROR(VLOOKUP(M5,Index!$A$1:$B$26,2,FALSE),"") | S5: =Z5 | T5: in initial study; report: NC 179 BUS, 0.10 mi S of NC 179 toward SR 1246; no lat/long; southbound unit 1 turning left into the PVA of Central Mamma's Mexican Restaurant (east side) - the same restaurant site as the fatal crash (Los Nuevos Charros), so the true distance is about 370 ft (MP 0.07) rather than the rounded 0.10 mi; inside the section; report MP 0.100 | U5: =IFERROR(INDEX(DetailedFiche!Q:Q,MATCH(K5,DetailedFiche!J:J,0)),"") | V5: =IFERROR(INDEX(DetailedFiche!R:R,MATCH(K5,DetailedFiche!J:J,0)),"") | X5: =IFERROR(IF(AND(INDEX('Initial Study'!K:K, MATCH(K5, 'Initial Study'!B:B, 0)+1)<>0,INDEX('Initial Study'!K:K, MATCH(K5, 'Initial Study'!B:B, 0)+1)<>""),INDEX('Initial Study'!K:K, MATCH(K5, 'Initial Study'!B:B, 0)+1),""),"") | Y5: =IFERROR(IF(AND(INDEX('Initial Study'!K:K, MATCH(K5, 'Initial Study'!B:B, 0)+2)<>0,INDEX('Initial Study'!K:K, MATCH(K5, 'Initial Study'!B:B, 0)+2)<>"",NOT(ISNUMBER(INDEX('Initial Study'!K:K, MATCH(K5, 'Initial Study'!B:B, 0)+2)))),INDEX('Initial Study'!K:K, MATCH(K5, 'Initial Study'!B:B, 0)+2),"-"),"-") | Z5: =IF(R5="RE", X5 & "BT/" & IF(Y5 <> "-", Y5 & "BT", ""), IF(OR(R5="LTDR", R5="LTSR"), X5 & "BL" & IF(Y5 <> "-", "/" & Y5 & "BT", ""), IF(OR(R5="RTDR", R5="RTSR"), X5 & "BR" & IF(Y5 <> "-", "/" & Y5 & "BT", ""), IF(Y5 <> "-", X5 & "BT/" & Y5 & "BT", X5 & "BT"))))
A6: 0 | B6: NC 179BUS | C6: 0.2 | D6: E | E6: NC 179 | F6: SR 1810 | G6: NC 179BUS | H6: 0.2 | I6: IS | J6: Y | K6: 108192988 | L6: 45873 | M6: 26 | N6: 1 | O6: 4 | P6: 1 | Q6: O | R6: =IFERROR(VLOOKUP(M6,Index!$A$1:$B$26,2,FALSE),"") | S6: =Z6 | T6: in initial study; report: NC 179 BUS, written as 0.20 mi E of NC 179 toward SR 1810, 0.90 mi outside Calabash; lat/long 33.897720, -78.55146 (projects to MP 0.105); unit 1 northbound on the PVA of Dollar General turning right onto NC 179B - the Dollar General sits on the west side just past Little Ln (about MP 0.10), which matches the coordinates, not the 0.20 mi written; inside the section; report MP 0.105; TEAAS MP 0.200 comes from the officer's 0.20 mi; the Dollar General PVA and the coordinates put it near MP 0.10. In the section either way. | U6: =IFERROR(INDEX(DetailedFiche!Q:Q,MATCH(K6,DetailedFiche!J:J,0)),"") | V6: =IFERROR(INDEX(DetailedFiche!R:R,MATCH(K6,DetailedFiche!J:J,0)),"") | X6: =IFERROR(IF(AND(INDEX('Initial Study'!K:K, MATCH(K6, 'Initial Study'!B:B, 0)+1)<>0,INDEX('Initial Study'!K:K, MATCH(K6, 'Initial Study'!B:B, 0)+1)<>""),INDEX('Initial Study'!K:K, MATCH(K6, 'Initial Study'!B:B, 0)+1),""),"") | Y6: =IFERROR(IF(AND(INDEX('Initial Study'!K:K, MATCH(K6, 'Initial Study'!B:B, 0)+2)<>0,INDEX('Initial Study'!K:K, MATCH(K6, 'Initial Study'!B:B, 0)+2)<>"",NOT(ISNUMBER(INDEX('Initial Study'!K:K, MATCH(K6, 'Initial Study'!B:B, 0)+2)))),INDEX('Initial Study'!K:K, MATCH(K6, 'Initial Study'!B:B, 0)+2),"-"),"-") | Z6: =IF(R6="RE", X6 & "BT/" & IF(Y6 <> "-", Y6 & "BT", ""), IF(OR(R6="LTDR", R6="LTSR"), X6 & "BL" & IF(Y6 <> "-", "/" & Y6 & "BT", ""), IF(OR(R6="RTDR", R6="RTSR"), X6 & "BR" & IF(Y6 <> "-", "/" & Y6 & "BT", ""), IF(Y6 <> "-", X6 & "BT/" & Y6 & "BT", X6 & "BT"))))
A7: ADDED TO STUDY
A8: 74 | B8: NC 179BUS | C8: 0.057 | D8: W | E8: NC 179 | F8: SR 1810 | G8: NC 179BUS | H8: 0 | I8: ADD | J8: Y | K8: 107422740 | L8: 45149 | M8: 19 | N8: 2 | O8: 4 | P8: 1 | Q8: O | R8: =IFERROR(VLOOKUP(M8,Index!$A$1:$B$26,2,FALSE),"") | S8: =Z8 | T8: report: NC 179 BUS, 300 ft W of NC 179 toward SR 1810, in Calabash; single vehicle westbound (toward the NC 179 intersection) ran off the road to the right into the ditch and culvert; the diagram shows the NAPA Autocenter PVA just ahead of the rest position. 300 ft from NC 179 is MP 0.057, past the NAPA driveway (132 ft) - inside the section; inside the section; report MP 0.057; TEAAS MP 0.000 (the W direction does not run with the route); the report's 300 ft puts it at MP 0.057. | U8: =IFERROR(INDEX(DetailedFiche!Q:Q,MATCH(K8,DetailedFiche!J:J,0)),"") | V8: =IFERROR(INDEX(DetailedFiche!R:R,MATCH(K8,DetailedFiche!J:J,0)),"") | X8: =IFERROR(IF(AND(INDEX('Initial Study'!K:K, MATCH(K8, 'Initial Study'!B:B, 0)+1)<>0,INDEX('Initial Study'!K:K, MATCH(K8, 'Initial Study'!B:B, 0)+1)<>""),INDEX('Initial Study'!K:K, MATCH(K8, 'Initial Study'!B:B, 0)+1),""),"") | Y8: =IFERROR(IF(AND(INDEX('Initial Study'!K:K, MATCH(K8, 'Initial Study'!B:B, 0)+2)<>0,INDEX('Initial Study'!K:K, MATCH(K8, 'Initial Study'!B:B, 0)+2)<>"",NOT(ISNUMBER(INDEX('Initial Study'!K:K, MATCH(K8, 'Initial Study'!B:B, 0)+2)))),INDEX('Initial Study'!K:K, MATCH(K8, 'Initial Study'!B:B, 0)+2),"-"),"-") | Z8: =IF(R8="RE", X8 & "BT/" & IF(Y8 <> "-", Y8 & "BT", ""), IF(OR(R8="LTDR", R8="LTSR"), X8 & "BL" & IF(Y8 <> "-", "/" & Y8 & "BT", ""), IF(OR(R8="RTDR", R8="RTSR"), X8 & "BR" & IF(Y8 <> "-", "/" & Y8 & "BT", ""), IF(Y8 <> "-", X8 & "BT/" & Y8 & "BT", X8 & "BT"))))
A9: 74 | B9: NC 179BUS | C9: 0.019 | D9: S | E9: NC 179 | F9: SR 1246 | G9: NC 179BUS | H9: 0.019 | I9: ADD | J9: Y | K9: 106989320 | L9: 44727 | M9: 23 | N9: 1 | O9: 0 | P9: 1 | Q9: O | R9: =IFERROR(VLOOKUP(M9,Index!$A$1:$B$26,2,FALSE),"") | S9: =Z9 | T9: report: NC 179 BUS, 100 ft S of NC 179 toward SR 1246, in Calabash; southbound unit 1 turning left into the PVA of 1001 Beach Dr SW (east side as drawn, north arrow to the left), struck by northbound unit 2. 1001 Beach Dr SW is the NAPA Auto Parts parcel (OpenStreetMap geocode 33.89915, -78.55171, the lot in the wedge between NC 179 BUS and Old Georgetown Rd) whose driveway is the begin limit; 100 ft is the trooper's round figure; at the begin limit; report MP 0.019; TEAAS MP 0.019 (100 ft), 32 ft before the limit; the driveway is the NAPA lot's (1001 Beach Dr SW). Fourth left-turn-into-NAPA crash with 106921434, 108438531 and 108347203. PE to confirm; proposed ADD. | U9: =IFERROR(INDEX(DetailedFiche!Q:Q,MATCH(K9,DetailedFiche!J:J,0)),"") | V9: =IFERROR(INDEX(DetailedFiche!R:R,MATCH(K9,DetailedFiche!J:J,0)),"") | X9: =IFERROR(IF(AND(INDEX('Initial Study'!K:K, MATCH(K9, 'Initial Study'!B:B, 0)+1)<>0,INDEX('Initial Study'!K:K, MATCH(K9, 'Initial Study'!B:B, 0)+1)<>""),INDEX('Initial Study'!K:K, MATCH(K9, 'Initial Study'!B:B, 0)+1),""),"") | Y9: =IFERROR(IF(AND(INDEX('Initial Study'!K:K, MATCH(K9, 'Initial Study'!B:B, 0)+2)<>0,INDEX('Initial Study'!K:K, MATCH(K9, 'Initial Study'!B:B, 0)+2)<>"",NOT(ISNUMBER(INDEX('Initial Study'!K:K, MATCH(K9, 'Initial Study'!B:B, 0)+2)))),INDEX('Initial Study'!K:K, MATCH(K9, 'Initial Study'!B:B, 0)+2),"-"),"-") | Z9: =IF(R9="RE", X9 & "BT/" & IF(Y9 <> "-", Y9 & "BT", ""), IF(OR(R9="LTDR", R9="LTSR"), X9 & "BL" & IF(Y9 <> "-", "/" & Y9 & "BT", ""), IF(OR(R9="RTDR", R9="RTSR"), X9 & "BR" & IF(Y9 <> "-", "/" & Y9 & "BT", ""), IF(Y9 <> "-", X9 & "BT/" & Y9 & "BT", X9 & "BT"))))
A10: 0 | B10: NC 179BUS | C10: 0.019 | D10: S | E10: SR 1164 | F10: SR 1246 | G10: NC 179BUS | H10: 0.019 | I10: ADD | K10: 107361667 | L10: 45086 | M10: 23 | N10: 1 | O10: 4 | P10: 1 | Q10: O | R10: =IFERROR(VLOOKUP(M10,Index!$A$1:$B$26,2,FALSE),"") | S10: =Z10 | T10: report: NC 179 BUS, written as 100 ft S of SR 1164 toward SR 1246, 0.20 mi N of Calabash outside the town; southbound unit 1 turning left into the PVA of 1021 Beach Dr (east side), struck by northbound unit 2. 1021 Beach Dr SW geocodes (OpenStreetMap) to the east side of NC 179 BUS about 70 ft past Crocker Dr, MP 0.115, between Crocker Dr and Small Way; the written 100 ft is the same round figure this trooper used on 106989320; inside the section; report MP 0.115; TEAAS MP 0.019 from the 100 ft; the 1021 Beach Dr address geocodes to MP 0.115, inside the section. Location rests on the address. | U10: =IFERROR(INDEX(DetailedFiche!Q:Q,MATCH(K10,DetailedFiche!J:J,0)),"") | V10: =IFERROR(INDEX(DetailedFiche!R:R,MATCH(K10,DetailedFiche!J:J,0)),"") | X10: =IFERROR(IF(AND(INDEX('Initial Study'!K:K, MATCH(K10, 'Initial Study'!B:B, 0)+1)<>0,INDEX('Initial Study'!K:K, MATCH(K10, 'Initial Study'!B:B, 0)+1)<>""),INDEX('Initial Study'!K:K, MATCH(K10, 'Initial Study'!B:B, 0)+1),""),"") | Y10: =IFERROR(IF(AND(INDEX('Initial Study'!K:K, MATCH(K10, 'Initial Study'!B:B, 0)+2)<>0,INDEX('Initial Study'!K:K, MATCH(K10, 'Initial Study'!B:B, 0)+2)<>"",NOT(ISNUMBER(INDEX('Initial Study'!K:K, MATCH(K10, 'Initial Study'!B:B, 0)+2)))),INDEX('Initial Study'!K:K, MATCH(K10, 'Initial Study'!B:B, 0)+2),"-"),"-") | Z10: =IF(R10="RE", X10 & "BT/" & IF(Y10 <> "-", Y10 & "BT", ""), IF(OR(R10="LTDR", R10="LTSR"), X10 & "BL" & IF(Y10 <> "-", "/" & Y10 & "BT", ""), IF(OR(R10="RTDR", R10="RTSR"), X10 & "BR" & IF(Y10 <> "-", "/" & Y10 & "BT", ""), IF(Y10 <> "-", X10 & "BT/" & Y10 & "BT", X10 & "BT"))))
A11: 74 | B11: NC 179BUS | C11: 0.023 | D11: E | E11: NC 179 | F11: SR 1810 | G11: NC 179BUS | H11: 0.023 | I11: ADD | J11: Y | K11: 108438531 | L11: 46101 | M11: 23 | N11: 1 | O11: 4 | P11: 1 | Q11: C | R11: =IFERROR(VLOOKUP(M11,Index!$A$1:$B$26,2,FALSE),"") | S11: =Z11 | T11: report: NC 179 BUS, 120 ft E of NC 179 toward SR 1810, in Calabash; lat/long 33.898720, -78.55223 (about 116 ft from the intersection). Eastbound unit 1, stopped for traffic, turned left into the PVA of NAPA Auto Care Center (drawn on the diagram) and was struck by westbound unit 2 - the begin-limit driveway itself; at the begin limit; report MP 0.023; TEAAS MP 0.023 (120 ft) is 11 ft short of the 0.025 limit; the crash is the NAPA driveway left-turn conflict. PE to confirm; proposed ADD. | U11: =IFERROR(INDEX(DetailedFiche!Q:Q,MATCH(K11,DetailedFiche!J:J,0)),"") | V11: =IFERROR(INDEX(DetailedFiche!R:R,MATCH(K11,DetailedFiche!J:J,0)),"") | X11: =IFERROR(IF(AND(INDEX('Initial Study'!K:K, MATCH(K11, 'Initial Study'!B:B, 0)+1)<>0,INDEX('Initial Study'!K:K, MATCH(K11, 'Initial Study'!B:B, 0)+1)<>""),INDEX('Initial Study'!K:K, MATCH(K11, 'Initial Study'!B:B, 0)+1),""),"") | Y11: =IFERROR(IF(AND(INDEX('Initial Study'!K:K, MATCH(K11, 'Initial Study'!B:B, 0)+2)<>0,INDEX('Initial Study'!K:K, MATCH(K11, 'Initial Study'!B:B, 0)+2)<>"",NOT(ISNUMBER(INDEX('Initial Study'!K:K, MATCH(K11, 'Initial Study'!B:B, 0)+2)))),INDEX('Initial Study'!K:K, MATCH(K11, 'Initial Study'!B:B, 0)+2),"-"),"-") | Z11: =IF(R11="RE", X11 & "BT/" & IF(Y11 <> "-", Y11 & "BT", ""), IF(OR(R11="LTDR", R11="LTSR"), X11 & "BL" & IF(Y11 <> "-", "/" & Y11 & "BT", ""), IF(OR(R11="RTDR", R11="RTSR"), X11 & "BR" & IF(Y11 <> "-", "/" & Y11 & "BT", ""), IF(Y11 <> "-", X11 & "BT/" & Y11 & "BT", X11 & "BT"))))
A12: 74 | B12: NC 179BUS | C12: 0.024 | D12: E | E12: NC 179 | F12: SR 1810 | G12: NC 179BUS | H12: 0.024 | I12: ADD | J12: Y | K12: 106921434 | L12: 44663 | M12: 23 | N12: 1 | O12: 4 | P12: 1 | Q12: O | R12: =IFERROR(VLOOKUP(M12,Index!$A$1:$B$26,2,FALSE),"") | S12: =Z12 | T12: report: NC 179 BUS, 126 ft E of NC 179 toward SR 1810, in Calabash; eastbound unit 1 turned left into the NAPA parking lot (NAPA PVA drawn on the diagram, south side as drawn with north down) and collided with westbound unit 2. The NAPA driveway is the begin limit; at the begin limit; report MP 0.024; TEAAS MP 0.024, 5 ft short of the 0.025 limit; the crash is the NAPA driveway left turn. Third left-turn crash at this driveway (with 108438531 and 108347203). PE to confirm; proposed ADD. | U12: =IFERROR(INDEX(DetailedFiche!Q:Q,MATCH(K12,DetailedFiche!J:J,0)),"") | V12: =IFERROR(INDEX(DetailedFiche!R:R,MATCH(K12,DetailedFiche!J:J,0)),"") | X12: =IFERROR(IF(AND(INDEX('Initial Study'!K:K, MATCH(K12, 'Initial Study'!B:B, 0)+1)<>0,INDEX('Initial Study'!K:K, MATCH(K12, 'Initial Study'!B:B, 0)+1)<>""),INDEX('Initial Study'!K:K, MATCH(K12, 'Initial Study'!B:B, 0)+1),""),"") | Y12: =IFERROR(IF(AND(INDEX('Initial Study'!K:K, MATCH(K12, 'Initial Study'!B:B, 0)+2)<>0,INDEX('Initial Study'!K:K, MATCH(K12, 'Initial Study'!B:B, 0)+2)<>"",NOT(ISNUMBER(INDEX('Initial Study'!K:K, MATCH(K12, 'Initial Study'!B:B, 0)+2)))),INDEX('Initial Study'!K:K, MATCH(K12, 'Initial Study'!B:B, 0)+2),"-"),"-") | Z12: =IF(R12="RE", X12 & "BT/" & IF(Y12 <> "-", Y12 & "BT", ""), IF(OR(R12="LTDR", R12="LTSR"), X12 & "BL" & IF(Y12 <> "-", "/" & Y12 & "BT", ""), IF(OR(R12="RTDR", R12="RTSR"), X12 & "BR" & IF(Y12 <> "-", "/" & Y12 & "BT", ""), IF(Y12 <> "-", X12 & "BT/" & Y12 & "BT", X12 & "BT"))))
A13: 0 | B13: NC 179BUS | C13: 0.5 | D13: S | E13: NC 179 | F13: SR 1810 | G13: NC 179BUS | H13: 0.5 | I13: ADD | J13: Y | K13: 108196690 | L13: 45878 | M13: 17 | N13: 1 | O13: 0 | P13: 1 | Q13: O | R13: =IFERROR(VLOOKUP(M13,Index!$A$1:$B$26,2,FALSE),"") | S13: =Z13 | T13: report: NC 179 BUS, written as 0.50 mi S of NC 179 toward SR 1810, 1.00 mi E of Calabash outside the town; lat/long 33.896610, -78.55053, which is on NC 179 BUS 40 ft before Hidden Valley Pl (MP 0.198). The coordinates and the written half mile disagree; the coordinates are the trooper's device reading at the scene and are taken as the location; inside the section; report MP 0.198; TEAAS MP 0.500 follows the written 0.50 mi; the coordinates put the crash inside the section near the end limit. | U13: =IFERROR(INDEX(DetailedFiche!Q:Q,MATCH(K13,DetailedFiche!J:J,0)),"") | V13: =IFERROR(INDEX(DetailedFiche!R:R,MATCH(K13,DetailedFiche!J:J,0)),"") | X13: =IFERROR(IF(AND(INDEX('Initial Study'!K:K, MATCH(K13, 'Initial Study'!B:B, 0)+1)<>0,INDEX('Initial Study'!K:K, MATCH(K13, 'Initial Study'!B:B, 0)+1)<>""),INDEX('Initial Study'!K:K, MATCH(K13, 'Initial Study'!B:B, 0)+1),""),"") | Y13: =IFERROR(IF(AND(INDEX('Initial Study'!K:K, MATCH(K13, 'Initial Study'!B:B, 0)+2)<>0,INDEX('Initial Study'!K:K, MATCH(K13, 'Initial Study'!B:B, 0)+2)<>"",NOT(ISNUMBER(INDEX('Initial Study'!K:K, MATCH(K13, 'Initial Study'!B:B, 0)+2)))),INDEX('Initial Study'!K:K, MATCH(K13, 'Initial Study'!B:B, 0)+2),"-"),"-") | Z13: =IF(R13="RE", X13 & "BT/" & IF(Y13 <> "-", Y13 & "BT", ""), IF(OR(R13="LTDR", R13="LTSR"), X13 & "BL" & IF(Y13 <> "-", "/" & Y13 & "BT", ""), IF(OR(R13="RTDR", R13="RTSR"), X13 & "BR" & IF(Y13 <> "-", "/" & Y13 & "BT", ""), IF(Y13 <> "-", X13 & "BT/" & Y13 & "BT", X13 & "BT"))))
A14: 0 | B14: SR 1164 | C14: 0.2 | D14: S | E14: NC 179 | F14: SR 1810 | G14: SR 1164 | H14: 0.51 | I14: ADD | K14: 107102711 | L14: 44838 | M14: 28 | N14: 1 | O14: 0 | P14: 1 | Q14: O | R14: =IFERROR(VLOOKUP(M14,Index!$A$1:$B$26,2,FALSE),"") | S14: =Z14 | T14: report: Written as SR 1164, 0.20 mi S of NC 179 toward SR 1810, 1.50 mi E of Calabash; unit 2's road is written NC 179 BUS and the diagram is a 24-ft two-lane road with 8-ft shoulders labeled SR1164. SR 1164 (Clariday Rd) runs north from NC 179, so a point 0.2 mi south of NC 179 toward SR 1810 is on NC 179 BUS, about MP 0.20 near Small Way / Hidden Valley Pl, where the road is two lanes; inside the section; report MP 0.200; TEAAS mileposted it on SR 1164 at 0.510 (the NC 179 junction) from the on-road name; the description places it on NC 179 BUS inside the section. Location by description only, no coordinates. | U14: =IFERROR(INDEX(DetailedFiche!Q:Q,MATCH(K14,DetailedFiche!J:J,0)),"") | V14: =IFERROR(INDEX(DetailedFiche!R:R,MATCH(K14,DetailedFiche!J:J,0)),"") | X14: =IFERROR(IF(AND(INDEX('Initial Study'!K:K, MATCH(K14, 'Initial Study'!B:B, 0)+1)<>0,INDEX('Initial Study'!K:K, MATCH(K14, 'Initial Study'!B:B, 0)+1)<>""),INDEX('Initial Study'!K:K, MATCH(K14, 'Initial Study'!B:B, 0)+1),""),"") | Y14: =IFERROR(IF(AND(INDEX('Initial Study'!K:K, MATCH(K14, 'Initial Study'!B:B, 0)+2)<>0,INDEX('Initial Study'!K:K, MATCH(K14, 'Initial Study'!B:B, 0)+2)<>"",NOT(ISNUMBER(INDEX('Initial Study'!K:K, MATCH(K14, 'Initial Study'!B:B, 0)+2)))),INDEX('Initial Study'!K:K, MATCH(K14, 'Initial Study'!B:B, 0)+2),"-"),"-") | Z14: =IF(R14="RE", X14 & "BT/" & IF(Y14 <> "-", Y14 & "BT", ""), IF(OR(R14="LTDR", R14="LTSR"), X14 & "BL" & IF(Y14 <> "-", "/" & Y14 & "BT", ""), IF(OR(R14="RTDR", R14="RTSR"), X14 & "BR" & IF(Y14 <> "-", "/" & Y14 & "BT", ""), IF(Y14 <> "-", X14 & "BT/" & Y14 & "BT", X14 & "BT"))))
A15: 74 | B15: NC 179 | C15: 0.023 | D15: E | E15: SR 1163 | F15: SR 1186 | G15: NC 179 | H15: 5.939 | I15: ADD | K15: 108109880 | L15: 45791 | M15: 19 | N15: 1 | O15: 4 | P15: 1 | Q15: C | R15: =IFERROR(VLOOKUP(M15,Index!$A$1:$B$26,2,FALSE),"") | S15: =Z15 | T15: report: Written as NC 179, 123 ft E of SR 1163 toward SR 1186, in Calabash (the SR numbers are wrong for this spot); lat/long 33.898680, -78.55214, which is on NC 179 BUS about 150 ft southeast of the intersection. Westbound (toward NC 179) unit 1 turned right into a PVA on the north side and dropped into the ditch - at 123 to 150 ft from the intersection on the northeast side that PVA is the Calabash NAPA Auto Care Center driveway, i.e. the begin limit itself; at the begin limit; report MP 0.025; TEAAS coded it on NC 179 at MP 5.939 from the SR 1163 / SR 1186 names; the report and coordinates put it at the NAPA driveway. PE to decide whether a crash turning into the begin-limit driveway counts; proposed ADD. | U15: =IFERROR(INDEX(DetailedFiche!Q:Q,MATCH(K15,DetailedFiche!J:J,0)),"") | V15: =IFERROR(INDEX(DetailedFiche!R:R,MATCH(K15,DetailedFiche!J:J,0)),"") | X15: =IFERROR(IF(AND(INDEX('Initial Study'!K:K, MATCH(K15, 'Initial Study'!B:B, 0)+1)<>0,INDEX('Initial Study'!K:K, MATCH(K15, 'Initial Study'!B:B, 0)+1)<>""),INDEX('Initial Study'!K:K, MATCH(K15, 'Initial Study'!B:B, 0)+1),""),"") | Y15: =IFERROR(IF(AND(INDEX('Initial Study'!K:K, MATCH(K15, 'Initial Study'!B:B, 0)+2)<>0,INDEX('Initial Study'!K:K, MATCH(K15, 'Initial Study'!B:B, 0)+2)<>"",NOT(ISNUMBER(INDEX('Initial Study'!K:K, MATCH(K15, 'Initial Study'!B:B, 0)+2)))),INDEX('Initial Study'!K:K, MATCH(K15, 'Initial Study'!B:B, 0)+2),"-"),"-") | Z15: =IF(R15="RE", X15 & "BT/" & IF(Y15 <> "-", Y15 & "BT", ""), IF(OR(R15="LTDR", R15="LTSR"), X15 & "BL" & IF(Y15 <> "-", "/" & Y15 & "BT", ""), IF(OR(R15="RTDR", R15="RTSR"), X15 & "BR" & IF(Y15 <> "-", "/" & Y15 & "BT", ""), IF(Y15 <> "-", X15 & "BT/" & Y15 & "BT", X15 & "BT"))))
A16: 74 | B16: NC 179 | C16: 0.1 | D16: E | E16: NC 179 | F16: NC 904 | G16: NC 179 | H16: 999.999 | I16: ADD | K16: 108175124 | L16: 45855 | M16: 23 | N16: 1 | O16: 4 | P16: 1 | Q16: O | R16: =IFERROR(VLOOKUP(M16,Index!$A$1:$B$26,2,FALSE),"") | S16: =Z16 | T16: report: Written as NC 179, 0.10 mi E of NC 179 toward NC 904, in Calabash; lat/long 33.898308, -78.55196, which is on NC 179 BUS 290 ft southeast of the intersection (MP 0.055, 5 ft off the centerline), not on the NC 179 leg toward NC 904. The diagram shows a PVA on the north side with eastbound unit 1 turning left into it - the restaurant side of Beach Dr SW. Taken as a left turn into a PVA on NC 179 BUS between the NAPA driveway and the restaurant; inside the section; report MP 0.055; Coded on NC 179 toward NC 904 (MP 999.999) because the trooper wrote NC 179 for both roads; the coordinates put it on NC 179 BUS inside the section. | U16: =IFERROR(INDEX(DetailedFiche!Q:Q,MATCH(K16,DetailedFiche!J:J,0)),"") | V16: =IFERROR(INDEX(DetailedFiche!R:R,MATCH(K16,DetailedFiche!J:J,0)),"") | X16: =IFERROR(IF(AND(INDEX('Initial Study'!K:K, MATCH(K16, 'Initial Study'!B:B, 0)+1)<>0,INDEX('Initial Study'!K:K, MATCH(K16, 'Initial Study'!B:B, 0)+1)<>""),INDEX('Initial Study'!K:K, MATCH(K16, 'Initial Study'!B:B, 0)+1),""),"") | Y16: =IFERROR(IF(AND(INDEX('Initial Study'!K:K, MATCH(K16, 'Initial Study'!B:B, 0)+2)<>0,INDEX('Initial Study'!K:K, MATCH(K16, 'Initial Study'!B:B, 0)+2)<>"",NOT(ISNUMBER(INDEX('Initial Study'!K:K, MATCH(K16, 'Initial Study'!B:B, 0)+2)))),INDEX('Initial Study'!K:K, MATCH(K16, 'Initial Study'!B:B, 0)+2),"-"),"-") | Z16: =IF(R16="RE", X16 & "BT/" & IF(Y16 <> "-", Y16 & "BT", ""), IF(OR(R16="LTDR", R16="LTSR"), X16 & "BL" & IF(Y16 <> "-", "/" & Y16 & "BT", ""), IF(OR(R16="RTDR", R16="RTSR"), X16 & "BR" & IF(Y16 <> "-", "/" & Y16 & "BT", ""), IF(Y16 <> "-", X16 & "BT/" & Y16 & "BT", X16 & "BT"))))
A17: 74 | B17: NC 179BUS | C17: 0.013 | D17: E | E17: NC 179 | F17: SR 1288 | G17: NC 179BUS | H17: 999.999 | I17: ADD | K17: 108347203 | L17: 46010 | M17: 23 | N17: 1 | O17: 4 | P17: 1 | Q17: O | R17: =IFERROR(VLOOKUP(M17,Index!$A$1:$B$26,2,FALSE),"") | S17: =Z17 | T17: report: NC 179 BUS, written as 68 ft E of NC 179 toward SR 1288 (wrong road name), in Calabash; lat/long 33.898700, -78.55222 (about 125 ft from the intersection, the same device position as the other NAPA driveway crashes). Eastbound unit 1 turned left into a PVA on the north side (the NAPA side) and was struck by westbound unit 2. The written 68 ft would put it 64 ft short of the limit; the coordinates and the north-side PVA put it at the NAPA driveway; at the begin limit; report MP 0.024; MP 999.999 from the SR 1288 name; the screening implied MP 0.013 from the 68 ft. Same NAPA-driveway conflict as 108438531; proposed ADD with the limit question flagged for the PE. | U17: =IFERROR(INDEX(DetailedFiche!Q:Q,MATCH(K17,DetailedFiche!J:J,0)),"") | V17: =IFERROR(INDEX(DetailedFiche!R:R,MATCH(K17,DetailedFiche!J:J,0)),"") | X17: =IFERROR(IF(AND(INDEX('Initial Study'!K:K, MATCH(K17, 'Initial Study'!B:B, 0)+1)<>0,INDEX('Initial Study'!K:K, MATCH(K17, 'Initial Study'!B:B, 0)+1)<>""),INDEX('Initial Study'!K:K, MATCH(K17, 'Initial Study'!B:B, 0)+1),""),"") | Y17: =IFERROR(IF(AND(INDEX('Initial Study'!K:K, MATCH(K17, 'Initial Study'!B:B, 0)+2)<>0,INDEX('Initial Study'!K:K, MATCH(K17, 'Initial Study'!B:B, 0)+2)<>"",NOT(ISNUMBER(INDEX('Initial Study'!K:K, MATCH(K17, 'Initial Study'!B:B, 0)+2)))),INDEX('Initial Study'!K:K, MATCH(K17, 'Initial Study'!B:B, 0)+2),"-"),"-") | Z17: =IF(R17="RE", X17 & "BT/" & IF(Y17 <> "-", Y17 & "BT", ""), IF(OR(R17="LTDR", R17="LTSR"), X17 & "BL" & IF(Y17 <> "-", "/" & Y17 & "BT", ""), IF(OR(R17="RTDR", R17="RTSR"), X17 & "BR" & IF(Y17 <> "-", "/" & Y17 & "BT", ""), IF(Y17 <> "-", X17 & "BT/" & Y17 & "BT", X17 & "BT"))))
A18: 0 | B18: BEACH | C18: 0.019 | D18: S | E18: CROCKER | F18: OLD GEORGETOWN | G18: BEACH | H18: 999.999 | I18: ADD | K18: 108481478 | L18: 46141 | M18: 21 | N18: 1 | O18: 0 | P18: 1 | Q18: O | R18: =IFERROR(VLOOKUP(M18,Index!$A$1:$B$26,2,FALSE),"") | S18: =Z18 | T18: report: Beach Dr (NC 179 BUS), written as 100 ft from Crocker Dr toward Old Georgetown Rd with the S box checked (Brunswick County Sheriff report; no lat/long; no business or driveway named). The toward road and the diagram put both vehicles on Beach Dr between Crocker Dr and the NC 179 / Old Georgetown Rd intersection, about 375 ft from NC 179 (MP 0.071); taken literally the S box gives 575 ft (MP 0.109). Inside the section either way; inside the section; report MP 0.071; MP 999.999 because the on road is coded BEACH; the description locates it inside the section. | U18: =IFERROR(INDEX(DetailedFiche!Q:Q,MATCH(K18,DetailedFiche!J:J,0)),"") | V18: =IFERROR(INDEX(DetailedFiche!R:R,MATCH(K18,DetailedFiche!J:J,0)),"") | X18: =IFERROR(IF(AND(INDEX('Initial Study'!K:K, MATCH(K18, 'Initial Study'!B:B, 0)+1)<>0,INDEX('Initial Study'!K:K, MATCH(K18, 'Initial Study'!B:B, 0)+1)<>""),INDEX('Initial Study'!K:K, MATCH(K18, 'Initial Study'!B:B, 0)+1),""),"") | Y18: =IFERROR(IF(AND(INDEX('Initial Study'!K:K, MATCH(K18, 'Initial Study'!B:B, 0)+2)<>0,INDEX('Initial Study'!K:K, MATCH(K18, 'Initial Study'!B:B, 0)+2)<>"",NOT(ISNUMBER(INDEX('Initial Study'!K:K, MATCH(K18, 'Initial Study'!B:B, 0)+2)))),INDEX('Initial Study'!K:K, MATCH(K18, 'Initial Study'!B:B, 0)+2),"-"),"-") | Z18: =IF(R18="RE", X18 & "BT/" & IF(Y18 <> "-", Y18 & "BT", ""), IF(OR(R18="LTDR", R18="LTSR"), X18 & "BL" & IF(Y18 <> "-", "/" & Y18 & "BT", ""), IF(OR(R18="RTDR", R18="RTSR"), X18 & "BR" & IF(Y18 <> "-", "/" & Y18 & "BT", ""), IF(Y18 <> "-", X18 & "BT/" & Y18 & "BT", X18 & "BT"))))
A19: 0 | B19: NC 179BUS | C19: 0.2 | D19: E | E19: SR 1163 | F19: SR 1810 | G19: NC 179BUS | H19: 999.999 | I19: ADD | K19: 108512267 | L19: 46169 | M19: 24 | N19: 1 | O19: 4 | P19: 1 | Q19: C | R19: =IFERROR(VLOOKUP(M19,Index!$A$1:$B$26,2,FALSE),"") | S19: =Z19 | T19: report: NC 179 BUS, written as 0.20 mi E of SR 1163 toward SR 1810 (SR 1163 is a wrong name), 0.20 mi E of Calabash; lat/long 33.896540, -78.55039 is the Hidden Valley Pl junction (MP 0.206). Unit 1 came north out of Hidden Valley Pl (written as a PVA) turning left onto NC 179 BUS; the diagram is labeled PVA Hidden Valley Pl. The junction is the end limit of the section; at the end limit; report MP 0.205; MP 999.999 because of the SR 1163 / SR 1810 names; the coordinates and narrative put it at Hidden Valley Pl, the end limit. A junction crash at the limit: proposed ADD (TEAAS would include a crash mileposted 0.205). | U19: =IFERROR(INDEX(DetailedFiche!Q:Q,MATCH(K19,DetailedFiche!J:J,0)),"") | V19: =IFERROR(INDEX(DetailedFiche!R:R,MATCH(K19,DetailedFiche!J:J,0)),"") | X19: =IFERROR(IF(AND(INDEX('Initial Study'!K:K, MATCH(K19, 'Initial Study'!B:B, 0)+1)<>0,INDEX('Initial Study'!K:K, MATCH(K19, 'Initial Study'!B:B, 0)+1)<>""),INDEX('Initial Study'!K:K, MATCH(K19, 'Initial Study'!B:B, 0)+1),""),"") | Y19: =IFERROR(IF(AND(INDEX('Initial Study'!K:K, MATCH(K19, 'Initial Study'!B:B, 0)+2)<>0,INDEX('Initial Study'!K:K, MATCH(K19, 'Initial Study'!B:B, 0)+2)<>"",NOT(ISNUMBER(INDEX('Initial Study'!K:K, MATCH(K19, 'Initial Study'!B:B, 0)+2)))),INDEX('Initial Study'!K:K, MATCH(K19, 'Initial Study'!B:B, 0)+2),"-"),"-") | Z19: =IF(R19="RE", X19 & "BT/" & IF(Y19 <> "-", Y19 & "BT", ""), IF(OR(R19="LTDR", R19="LTSR"), X19 & "BL" & IF(Y19 <> "-", "/" & Y19 & "BT", ""), IF(OR(R19="RTDR", R19="RTSR"), X19 & "BR" & IF(Y19 <> "-", "/" & Y19 & "BT", ""), IF(Y19 <> "-", X19 & "BT/" & Y19 & "BT", X19 & "BT"))))
A20: 0 | B20: NC 179 | C20: 0.031 | D20: E | E20: SR 1164 | F20: SR 1810 | G20: NC 179 | H20: 999.999 | I20: ADD | K20: 108581555 | L20: 46227 | M20: 24 | N20: 2 | O20: 0 | P20: 1 | Q20: C | R20: =IFERROR(VLOOKUP(M20,Index!$A$1:$B$26,2,FALSE),"") | S20: =Z20 | T20: report: Written as NC 179, 163 ft E of SR 1164 toward SR 1810, 0.10 mi E of Calabash; lat/long 33.898720, -78.55224 is on NC 179 BUS about 116 ft from the intersection. The diagram shows unit 1 leaving the PVA of Minuteman (the food mart on the southwest side, opposite the NAPA driveway) and turning northwest across eastbound unit 2 on a 3-lane 32-ft road. The Minuteman driveway sits opposite the begin-limit driveway, 116 to 163 ft from the intersection; at the begin limit; report MP 0.025; Coded on NC 179 (MP 999.999) from the road names; the report puts it at the Minuteman driveway at the begin limit. PE to confirm; proposed ADD. | U20: =IFERROR(INDEX(DetailedFiche!Q:Q,MATCH(K20,DetailedFiche!J:J,0)),"") | V20: =IFERROR(INDEX(DetailedFiche!R:R,MATCH(K20,DetailedFiche!J:J,0)),"") | X20: =IFERROR(IF(AND(INDEX('Initial Study'!K:K, MATCH(K20, 'Initial Study'!B:B, 0)+1)<>0,INDEX('Initial Study'!K:K, MATCH(K20, 'Initial Study'!B:B, 0)+1)<>""),INDEX('Initial Study'!K:K, MATCH(K20, 'Initial Study'!B:B, 0)+1),""),"") | Y20: =IFERROR(IF(AND(INDEX('Initial Study'!K:K, MATCH(K20, 'Initial Study'!B:B, 0)+2)<>0,INDEX('Initial Study'!K:K, MATCH(K20, 'Initial Study'!B:B, 0)+2)<>"",NOT(ISNUMBER(INDEX('Initial Study'!K:K, MATCH(K20, 'Initial Study'!B:B, 0)+2)))),INDEX('Initial Study'!K:K, MATCH(K20, 'Initial Study'!B:B, 0)+2),"-"),"-") | Z20: =IF(R20="RE", X20 & "BT/" & IF(Y20 <> "-", Y20 & "BT", ""), IF(OR(R20="LTDR", R20="LTSR"), X20 & "BL" & IF(Y20 <> "-", "/" & Y20 & "BT", ""), IF(OR(R20="RTDR", R20="RTSR"), X20 & "BR" & IF(Y20 <> "-", "/" & Y20 & "BT", ""), IF(Y20 <> "-", X20 & "BT/" & Y20 & "BT", X20 & "BT"))))
A21: DELETED FROM STUDY
A22: NOT IN STUDY - REPORT REVIEWED
A23: 0 | B23: NC 179 | C23: 0.006 | D23: W | E23: NC 179 | F23: SR 1167 | G23: NC 179 | H23: 999.999 | I23: NIS | K23: 108175794 | L23: 45855 | M23: 21 | N23: 1 | O23: 12 | P23: 1 | Q23: O | R23: =IFERROR(VLOOKUP(M23,Index!$A$1:$B$26,2,FALSE),"") | S23: =Z23 | T23: report: NC 179, 30 ft W of NC 179 toward SR 1167, near Calabash (0.30 mi E of the town); both vehicles eastbound on NC 179, unit 2 stopped for traffic - a queue on the NC 179 west leg approaching the intersection. The diagram is a two-lane curbed NC 179 (33 ft) with no side street. The lat/long (33.898450, -78.55227) falls about 200 ft southeast of the intersection on Beach Dr SW, which disagrees with the written location; the written location and the stopped-for-traffic narrative are specific and are taken as the crash location; outside the section; Screening flagged it from the coordinates; the report puts it on NC 179 west of the intersection, outside the section. The coordinates were probably taken from where the trooper parked. | U23: =IFERROR(INDEX(DetailedFiche!Q:Q,MATCH(K23,DetailedFiche!J:J,0)),"") | V23: =IFERROR(INDEX(DetailedFiche!R:R,MATCH(K23,DetailedFiche!J:J,0)),"") | X23: =IFERROR(IF(AND(INDEX('Initial Study'!K:K, MATCH(K23, 'Initial Study'!B:B, 0)+1)<>0,INDEX('Initial Study'!K:K, MATCH(K23, 'Initial Study'!B:B, 0)+1)<>""),INDEX('Initial Study'!K:K, MATCH(K23, 'Initial Study'!B:B, 0)+1),""),"") | Y23: =IFERROR(IF(AND(INDEX('Initial Study'!K:K, MATCH(K23, 'Initial Study'!B:B, 0)+2)<>0,INDEX('Initial Study'!K:K, MATCH(K23, 'Initial Study'!B:B, 0)+2)<>"",NOT(ISNUMBER(INDEX('Initial Study'!K:K, MATCH(K23, 'Initial Study'!B:B, 0)+2)))),INDEX('Initial Study'!K:K, MATCH(K23, 'Initial Study'!B:B, 0)+2),"-"),"-") | Z23: =IF(R23="RE", X23 & "BT/" & IF(Y23 <> "-", Y23 & "BT", ""), IF(OR(R23="LTDR", R23="LTSR"), X23 & "BL" & IF(Y23 <> "-", "/" & Y23 & "BT", ""), IF(OR(R23="RTDR", R23="RTSR"), X23 & "BR" & IF(Y23 <> "-", "/" & Y23 & "BT", ""), IF(Y23 <> "-", X23 & "BT/" & Y23 & "BT", X23 & "BT"))))
A24: 74 | B24: NC 179 | C24: 0 | E24: SR 1164 | F24: NC 904 | G24: NC 179 | H24: 999.999 | I24: NIS | K24: 108595754 | L24: 46249 | M24: 26 | N24: 1 | O24: 7 | P24: 1 | Q24: O | R24: =IFERROR(VLOOKUP(M24,Index!$A$1:$B$26,2,FALSE),"") | S24: =Z24 | T24: report: NC 179 at SR 1164 (0 ft, intersection) toward NC 904, in Calabash; lat/long 33.898720, -78.55247 (the intersection); unit 1 northbound on NC 179 turning right onto NC 179B collided in the intersection with unit 2 eastbound on SR 1164; the signal was in flashing red. An intersection crash; outside the section; report MP 0.000; Screening flagged it from the coordinates 55 ft short of the limit; the report puts it in the NC 179 intersection. Not a section crash. Note for the PE: the signal was on flash. | U24: =IFERROR(INDEX(DetailedFiche!Q:Q,MATCH(K24,DetailedFiche!J:J,0)),"") | V24: =IFERROR(INDEX(DetailedFiche!R:R,MATCH(K24,DetailedFiche!J:J,0)),"") | X24: =IFERROR(IF(AND(INDEX('Initial Study'!K:K, MATCH(K24, 'Initial Study'!B:B, 0)+1)<>0,INDEX('Initial Study'!K:K, MATCH(K24, 'Initial Study'!B:B, 0)+1)<>""),INDEX('Initial Study'!K:K, MATCH(K24, 'Initial Study'!B:B, 0)+1),""),"") | Y24: =IFERROR(IF(AND(INDEX('Initial Study'!K:K, MATCH(K24, 'Initial Study'!B:B, 0)+2)<>0,INDEX('Initial Study'!K:K, MATCH(K24, 'Initial Study'!B:B, 0)+2)<>"",NOT(ISNUMBER(INDEX('Initial Study'!K:K, MATCH(K24, 'Initial Study'!B:B, 0)+2)))),INDEX('Initial Study'!K:K, MATCH(K24, 'Initial Study'!B:B, 0)+2),"-"),"-") | Z24: =IF(R24="RE", X24 & "BT/" & IF(Y24 <> "-", Y24 & "BT", ""), IF(OR(R24="LTDR", R24="LTSR"), X24 & "BL" & IF(Y24 <> "-", "/" & Y24 & "BT", ""), IF(OR(R24="RTDR", R24="RTSR"), X24 & "BR" & IF(Y24 <> "-", "/" & Y24 & "BT", ""), IF(Y24 <> "-", X24 & "BT/" & Y24 & "BT", X24 & "BT"))))
A25: 74 | B25: NC 179 | C25: 0.004 | D25: N | E25: SR 1164 | F25: SR 1810 | G25: NC 179 | H25: 999.999 | I25: NIS | K25: 107421425 | L25: 45147 | M25: 25 | N25: 1 | O25: 12 | P25: 1 | Q25: O | R25: =IFERROR(VLOOKUP(M25,Index!$A$1:$B$26,2,FALSE),"") | S25: =Z25 | T25: report: NC 179, 20 ft N of SR 1164 toward SR 1810, in Calabash; the diagram shows the four-leg signalized intersection (SR 1164, Old Georgetown Rd, NC 179, NC 179 south leg): unit 1 turned right from NC 179 into the NC 179 BUS leg, went left of center and struck unit 2 stopped for the red light facing north on that leg, within about 20 ft of the intersection. An intersection crash, 112 ft before the begin limit; outside the section; report MP 0.004; MP 999.999 on NC 179; the crash is in the NC 179 intersection approach, outside the section. | U25: =IFERROR(INDEX(DetailedFiche!Q:Q,MATCH(K25,DetailedFiche!J:J,0)),"") | V25: =IFERROR(INDEX(DetailedFiche!R:R,MATCH(K25,DetailedFiche!J:J,0)),"") | X25: =IFERROR(IF(AND(INDEX('Initial Study'!K:K, MATCH(K25, 'Initial Study'!B:B, 0)+1)<>0,INDEX('Initial Study'!K:K, MATCH(K25, 'Initial Study'!B:B, 0)+1)<>""),INDEX('Initial Study'!K:K, MATCH(K25, 'Initial Study'!B:B, 0)+1),""),"") | Y25: =IFERROR(IF(AND(INDEX('Initial Study'!K:K, MATCH(K25, 'Initial Study'!B:B, 0)+2)<>0,INDEX('Initial Study'!K:K, MATCH(K25, 'Initial Study'!B:B, 0)+2)<>"",NOT(ISNUMBER(INDEX('Initial Study'!K:K, MATCH(K25, 'Initial Study'!B:B, 0)+2)))),INDEX('Initial Study'!K:K, MATCH(K25, 'Initial Study'!B:B, 0)+2),"-"),"-") | Z25: =IF(R25="RE", X25 & "BT/" & IF(Y25 <> "-", Y25 & "BT", ""), IF(OR(R25="LTDR", R25="LTSR"), X25 & "BL" & IF(Y25 <> "-", "/" & Y25 & "BT", ""), IF(OR(R25="RTDR", R25="RTSR"), X25 & "BR" & IF(Y25 <> "-", "/" & Y25 & "BT", ""), IF(Y25 <> "-", X25 & "BT/" & Y25 & "BT", X25 & "BT"))))
A26: 74 | B26: NC 179 | C26: 1 | D26: N | E26: SR 1810 | F26: SR 1164 | G26: NC 179 | H26: 999.999 | I26: NIS | K26: 108280240 | L26: 45950 | M26: 23 | N26: 1 | O26: 4 | P26: 1 | Q26: C | R26: =IFERROR(VLOOKUP(M26,Index!$A$1:$B$26,2,FALSE),"") | S26: =Z26 | T26: report: Written as NC 179, 1.00 mi N of SR 1810 toward SR 1164, in Calabash; lat/long 33.885400, -78.54851; unit 1 northbound turning left into the PVA of Bonaparte Dr (the diagram names it), unit 2 southbound. Bonaparte Dr meets NC 179 BUS at inventory MP 0.955, about 0.75 mi past the end limit, which matches the coordinates (0.8 mi south-southeast of the section); outside the section; report MP 0.955; Coded on NC 179 MP 999.999 from the trooper's road name; it is on NC 179 BUS at about MP 0.95, outside the section. | U26: =IFERROR(INDEX(DetailedFiche!Q:Q,MATCH(K26,DetailedFiche!J:J,0)),"") | V26: =IFERROR(INDEX(DetailedFiche!R:R,MATCH(K26,DetailedFiche!J:J,0)),"") | X26: =IFERROR(IF(AND(INDEX('Initial Study'!K:K, MATCH(K26, 'Initial Study'!B:B, 0)+1)<>0,INDEX('Initial Study'!K:K, MATCH(K26, 'Initial Study'!B:B, 0)+1)<>""),INDEX('Initial Study'!K:K, MATCH(K26, 'Initial Study'!B:B, 0)+1),""),"") | Y26: =IFERROR(IF(AND(INDEX('Initial Study'!K:K, MATCH(K26, 'Initial Study'!B:B, 0)+2)<>0,INDEX('Initial Study'!K:K, MATCH(K26, 'Initial Study'!B:B, 0)+2)<>"",NOT(ISNUMBER(INDEX('Initial Study'!K:K, MATCH(K26, 'Initial Study'!B:B, 0)+2)))),INDEX('Initial Study'!K:K, MATCH(K26, 'Initial Study'!B:B, 0)+2),"-"),"-") | Z26: =IF(R26="RE", X26 & "BT/" & IF(Y26 <> "-", Y26 & "BT", ""), IF(OR(R26="LTDR", R26="LTSR"), X26 & "BL" & IF(Y26 <> "-", "/" & Y26 & "BT", ""), IF(OR(R26="RTDR", R26="RTSR"), X26 & "BR" & IF(Y26 <> "-", "/" & Y26 & "BT", ""), IF(Y26 <> "-", X26 & "BT/" & Y26 & "BT", X26 & "BT"))))
A27: 74 | B27: NC 179BUS | C27: 0 | E27: SR 1164 | F27: SR 1165 | G27: NC 179BUS | H27: 0 | I27: NIS | K27: 108186124 | L27: 45865 | M27: 23 | N27: 1 | O27: 7 | P27: 1 | Q27: B | R27: =IFERROR(VLOOKUP(M27,Index!$A$1:$B$26,2,FALSE),"") | S27: =Z27 | T27: report: NC 179 BUS at SR 1164 (0 ft, intersection) toward SR 1165, in Calabash; lat/long 33.898900, -78.55268 (the intersection); unit 1 westbound on NC 179B turning left into NC 179 was struck in the intersection by unit 2 eastbound on SR 1164. An intersection crash at the signal; outside the section; report MP 0.000; TEAAS MP 0.000 is correct; the crash is in the intersection, outside the section. | U27: =IFERROR(INDEX(DetailedFiche!Q:Q,MATCH(K27,DetailedFiche!J:J,0)),"") | V27: =IFERROR(INDEX(DetailedFiche!R:R,MATCH(K27,DetailedFiche!J:J,0)),"") | X27: =IFERROR(IF(AND(INDEX('Initial Study'!K:K, MATCH(K27, 'Initial Study'!B:B, 0)+1)<>0,INDEX('Initial Study'!K:K, MATCH(K27, 'Initial Study'!B:B, 0)+1)<>""),INDEX('Initial Study'!K:K, MATCH(K27, 'Initial Study'!B:B, 0)+1),""),"") | Y27: =IFERROR(IF(AND(INDEX('Initial Study'!K:K, MATCH(K27, 'Initial Study'!B:B, 0)+2)<>0,INDEX('Initial Study'!K:K, MATCH(K27, 'Initial Study'!B:B, 0)+2)<>"",NOT(ISNUMBER(INDEX('Initial Study'!K:K, MATCH(K27, 'Initial Study'!B:B, 0)+2)))),INDEX('Initial Study'!K:K, MATCH(K27, 'Initial Study'!B:B, 0)+2),"-"),"-") | Z27: =IF(R27="RE", X27 & "BT/" & IF(Y27 <> "-", Y27 & "BT", ""), IF(OR(R27="LTDR", R27="LTSR"), X27 & "BL" & IF(Y27 <> "-", "/" & Y27 & "BT", ""), IF(OR(R27="RTDR", R27="RTSR"), X27 & "BR" & IF(Y27 <> "-", "/" & Y27 & "BT", ""), IF(Y27 <> "-", X27 & "BT/" & Y27 & "BT", X27 & "BT"))))
A28: 74 | B28: NC 179BUS | C28: 0.014 | D28: S | E28: NC 179 | F28: SR 1810 | G28: NC 179BUS | H28: 0.014 | I28: NIS | J28: Y | K28: 107407446 | L28: 45131 | M28: 24 | N28: 1 | O28: 4 | P28: 1 | Q28: O | R28: =IFERROR(VLOOKUP(M28,Index!$A$1:$B$26,2,FALSE),"") | S28: =Z28 | T28: report: NC 179 BUS, 75 ft S of NC 179 toward SR 1810, in Calabash; unit 1 stopped on the PVA of the Minuteman Food Mart (southwest corner lot) turned left onto NC 179B into the path of northbound unit 2; the diagram shows the PVA on the west side with a 36-ft road. 75 ft from the intersection is 57 ft before the begin limit; outside the section; report MP 0.014; Same Minuteman driveway conflict as 108581555 (written 163 ft) but written at 75 ft, before the limit. Proposed NIS; the PE may take both Minuteman crashes together if the begin limit is moved to the intersection. | U28: =IFERROR(INDEX(DetailedFiche!Q:Q,MATCH(K28,DetailedFiche!J:J,0)),"") | V28: =IFERROR(INDEX(DetailedFiche!R:R,MATCH(K28,DetailedFiche!J:J,0)),"") | X28: =IFERROR(IF(AND(INDEX('Initial Study'!K:K, MATCH(K28, 'Initial Study'!B:B, 0)+1)<>0,INDEX('Initial Study'!K:K, MATCH(K28, 'Initial Study'!B:B, 0)+1)<>""),INDEX('Initial Study'!K:K, MATCH(K28, 'Initial Study'!B:B, 0)+1),""),"") | Y28: =IFERROR(IF(AND(INDEX('Initial Study'!K:K, MATCH(K28, 'Initial Study'!B:B, 0)+2)<>0,INDEX('Initial Study'!K:K, MATCH(K28, 'Initial Study'!B:B, 0)+2)<>"",NOT(ISNUMBER(INDEX('Initial Study'!K:K, MATCH(K28, 'Initial Study'!B:B, 0)+2)))),INDEX('Initial Study'!K:K, MATCH(K28, 'Initial Study'!B:B, 0)+2),"-"),"-") | Z28: =IF(R28="RE", X28 & "BT/" & IF(Y28 <> "-", Y28 & "BT", ""), IF(OR(R28="LTDR", R28="LTSR"), X28 & "BL" & IF(Y28 <> "-", "/" & Y28 & "BT", ""), IF(OR(R28="RTDR", R28="RTSR"), X28 & "BR" & IF(Y28 <> "-", "/" & Y28 & "BT", ""), IF(Y28 <> "-", X28 & "BT/" & Y28 & "BT", X28 & "BT"))))
A29: 74 | B29: NC 179BUS | C29: 0.024 | D29: S | E29: NC 179 | F29: SR 1246 | G29: NC 179BUS | H29: 0.024 | I29: NIS | J29: Y | K29: 106894323 | L29: 44638 | M29: 26 | N29: 1 | O29: 4 | P29: 1 | Q29: C | R29: =IFERROR(VLOOKUP(M29,Index!$A$1:$B$26,2,FALSE),"") | S29: =Z29 | T29: report: NC 179 BUS, 126 ft S of NC 179 toward SR 1246, in Calabash; unit 2 came out of the Sunoco PVA on the southwest side (drawn at the right-turn radius) turning right onto NC 179 B and was struck by a southbound tractor-trailer. The Sunoco station is the corner lot on the southwest side at the NC 179 intersection; its driveway at 126 ft is just before the NAPA driveway (132 ft), opposite side; outside the section; report MP 0.024; TEAAS MP 0.024, 5 ft short of the limit. The Sunoco driveway is the corner station's, not a section driveway; proposed NIS. The ITRE_CMV coordinates in the Detailed Fiche (33.941238, -78.411575) are wrong by 8 miles. PE may fold it in if the limits move to the intersection. | U29: =IFERROR(INDEX(DetailedFiche!Q:Q,MATCH(K29,DetailedFiche!J:J,0)),"") | V29: =IFERROR(INDEX(DetailedFiche!R:R,MATCH(K29,DetailedFiche!J:J,0)),"") | X29: =IFERROR(IF(AND(INDEX('Initial Study'!K:K, MATCH(K29, 'Initial Study'!B:B, 0)+1)<>0,INDEX('Initial Study'!K:K, MATCH(K29, 'Initial Study'!B:B, 0)+1)<>""),INDEX('Initial Study'!K:K, MATCH(K29, 'Initial Study'!B:B, 0)+1),""),"") | Y29: =IFERROR(IF(AND(INDEX('Initial Study'!K:K, MATCH(K29, 'Initial Study'!B:B, 0)+2)<>0,INDEX('Initial Study'!K:K, MATCH(K29, 'Initial Study'!B:B, 0)+2)<>"",NOT(ISNUMBER(INDEX('Initial Study'!K:K, MATCH(K29, 'Initial Study'!B:B, 0)+2)))),INDEX('Initial Study'!K:K, MATCH(K29, 'Initial Study'!B:B, 0)+2),"-"),"-") | Z29: =IF(R29="RE", X29 & "BT/" & IF(Y29 <> "-", Y29 & "BT", ""), IF(OR(R29="LTDR", R29="LTSR"), X29 & "BL" & IF(Y29 <> "-", "/" & Y29 & "BT", ""), IF(OR(R29="RTDR", R29="RTSR"), X29 & "BR" & IF(Y29 <> "-", "/" & Y29 & "BT", ""), IF(Y29 <> "-", X29 & "BT/" & Y29 & "BT", X29 & "BT"))))
A30: 0 | B30: NC 179BUS | C30: 0 | E30: NC 179 | F30: *LCL LITTLE LN SW | G30: NC 179BUS | H30: 999.999 | I30: NIS | K30: 107449205 | L30: 45170 | M30: 26 | N30: 1 | O30: 7 | P30: 1 | Q30: O | R30: =IFERROR(VLOOKUP(M30,Index!$A$1:$B$26,2,FALSE),"") | S30: =Z30 | T30: report: NC 179 BUS at NC 179 (0 ft, intersection) toward Little Ln SW, 0.10 mi E of Calabash; the diagram shows the signalized NC 179 / NC 179 B intersection with unit 2 stopped at the light facing north on NC 179 B and eastbound unit 1 turning right onto NC 179 B and striking it in the intersection. An intersection crash, 132 ft before the begin limit; outside the section; report MP 0.000; MP 999.999 because of the Little Ln SW name; the crash is at the NC 179 signal, outside the section. | U30: =IFERROR(INDEX(DetailedFiche!Q:Q,MATCH(K30,DetailedFiche!J:J,0)),"") | V30: =IFERROR(INDEX(DetailedFiche!R:R,MATCH(K30,DetailedFiche!J:J,0)),"") | X30: =IFERROR(IF(AND(INDEX('Initial Study'!K:K, MATCH(K30, 'Initial Study'!B:B, 0)+1)<>0,INDEX('Initial Study'!K:K, MATCH(K30, 'Initial Study'!B:B, 0)+1)<>""),INDEX('Initial Study'!K:K, MATCH(K30, 'Initial Study'!B:B, 0)+1),""),"") | Y30: =IFERROR(IF(AND(INDEX('Initial Study'!K:K, MATCH(K30, 'Initial Study'!B:B, 0)+2)<>0,INDEX('Initial Study'!K:K, MATCH(K30, 'Initial Study'!B:B, 0)+2)<>"",NOT(ISNUMBER(INDEX('Initial Study'!K:K, MATCH(K30, 'Initial Study'!B:B, 0)+2)))),INDEX('Initial Study'!K:K, MATCH(K30, 'Initial Study'!B:B, 0)+2),"-"),"-") | Z30: =IF(R30="RE", X30 & "BT/" & IF(Y30 <> "-", Y30 & "BT", ""), IF(OR(R30="LTDR", R30="LTSR"), X30 & "BL" & IF(Y30 <> "-", "/" & Y30 & "BT", ""), IF(OR(R30="RTDR", R30="RTSR"), X30 & "BR" & IF(Y30 <> "-", "/" & Y30 & "BT", ""), IF(Y30 <> "-", X30 & "BT/" & Y30 & "BT", X30 & "BT"))))
A31: NOT IN STUDY - REPORT NOT REVIEWED
A32: 0 | B32: *LCL ANGEL TRACE RD SW | C32: 0 | E32: NC 179 | F32: NC 904 | H32: 999.999 | I32: NIS | K32: 107342083 | L32: 45064 | M32: 21 | N32: 2 | O32: 8 | P32: 1 | Q32: O | R32: =IFERROR(VLOOKUP(M32,Index!$A$1:$B$26,2,FALSE),"") | S32: =Z32 | U32: =IFERROR(INDEX(DetailedFiche!Q:Q,MATCH(K32,DetailedFiche!J:J,0)),"") | V32: =IFERROR(INDEX(DetailedFiche!R:R,MATCH(K32,DetailedFiche!J:J,0)),"") | X32: =IFERROR(IF(AND(INDEX('Initial Study'!K:K, MATCH(K32, 'Initial Study'!B:B, 0)+1)<>0,INDEX('Initial Study'!K:K, MATCH(K32, 'Initial Study'!B:B, 0)+1)<>""),INDEX('Initial Study'!K:K, MATCH(K32, 'Initial Study'!B:B, 0)+1),""),"") | Y32: =IFERROR(IF(AND(INDEX('Initial Study'!K:K, MATCH(K32, 'Initial Study'!B:B, 0)+2)<>0,INDEX('Initial Study'!K:K, MATCH(K32, 'Initial Study'!B:B, 0)+2)<>"",NOT(ISNUMBER(INDEX('Initial Study'!K:K, MATCH(K32, 'Initial Study'!B:B, 0)+2)))),INDEX('Initial Study'!K:K, MATCH(K32, 'Initial Study'!B:B, 0)+2),"-"),"-") | Z32: =IF(R32="RE", X32 & "BT/" & IF(Y32 <> "-", Y32 & "BT", ""), IF(OR(R32="LTDR", R32="LTSR"), X32 & "BL" & IF(Y32 <> "-", "/" & Y32 & "BT", ""), IF(OR(R32="RTDR", R32="RTSR"), X32 & "BR" & IF(Y32 <> "-", "/" & Y32 & "BT", ""), IF(Y32 <> "-", X32 & "BT/" & Y32 & "BT", X32 & "BT"))))
A33: 631 | B33: BEACH | C33: 0 | E33: *LCL 1904 E BEACH DR | H33: 999.999 | I33: NIS | K33: 108173956 | L33: 45841 | M33: 31 | N33: 1 | O33: 5 | P33: 1 | Q33: O | R33: =IFERROR(VLOOKUP(M33,Index!$A$1:$B$26,2,FALSE),"") | S33: =Z33 | U33: =IFERROR(INDEX(DetailedFiche!Q:Q,MATCH(K33,DetailedFiche!J:J,0)),"") | V33: =IFERROR(INDEX(DetailedFiche!R:R,MATCH(K33,DetailedFiche!J:J,0)),"") | X33: =IFERROR(IF(AND(INDEX('Initial Study'!K:K, MATCH(K33, 'Initial Study'!B:B, 0)+1)<>0,INDEX('Initial Study'!K:K, MATCH(K33, 'Initial Study'!B:B, 0)+1)<>""),INDEX('Initial Study'!K:K, MATCH(K33, 'Initial Study'!B:B, 0)+1),""),"") | Y33: =IFERROR(IF(AND(INDEX('Initial Study'!K:K, MATCH(K33, 'Initial Study'!B:B, 0)+2)<>0,INDEX('Initial Study'!K:K, MATCH(K33, 'Initial Study'!B:B, 0)+2)<>"",NOT(ISNUMBER(INDEX('Initial Study'!K:K, MATCH(K33, 'Initial Study'!B:B, 0)+2)))),INDEX('Initial Study'!K:K, MATCH(K33, 'Initial Study'!B:B, 0)+2),"-"),"-") | Z33: =IF(R33="RE", X33 & "BT/" & IF(Y33 <> "-", Y33 & "BT", ""), IF(OR(R33="LTDR", R33="LTSR"), X33 & "BL" & IF(Y33 <> "-", "/" & Y33 & "BT", ""), IF(OR(R33="RTDR", R33="RTSR"), X33 & "BR" & IF(Y33 <> "-", "/" & Y33 & "BT", ""), IF(Y33 <> "-", X33 & "BT/" & Y33 & "BT", X33 & "BT"))))
A34: 0 | B34: BEACH | C34: 0 | E34: *LCL DUNES BLVD | F34: HALE BEACH | H34: 999.999 | I34: NIS | K34: 108199076 | L34: 45874 | M34: 23 | N34: 1 | O34: 0 | P34: 1 | Q34: O | R34: =IFERROR(VLOOKUP(M34,Index!$A$1:$B$26,2,FALSE),"") | S34: =Z34 | U34: =IFERROR(INDEX(DetailedFiche!Q:Q,MATCH(K34,DetailedFiche!J:J,0)),"") | V34: =IFERROR(INDEX(DetailedFiche!R:R,MATCH(K34,DetailedFiche!J:J,0)),"") | X34: =IFERROR(IF(AND(INDEX('Initial Study'!K:K, MATCH(K34, 'Initial Study'!B:B, 0)+1)<>0,INDEX('Initial Study'!K:K, MATCH(K34, 'Initial Study'!B:B, 0)+1)<>""),INDEX('Initial Study'!K:K, MATCH(K34, 'Initial Study'!B:B, 0)+1),""),"") | Y34: =IFERROR(IF(AND(INDEX('Initial Study'!K:K, MATCH(K34, 'Initial Study'!B:B, 0)+2)<>0,INDEX('Initial Study'!K:K, MATCH(K34, 'Initial Study'!B:B, 0)+2)<>"",NOT(ISNUMBER(INDEX('Initial Study'!K:K, MATCH(K34, 'Initial Study'!B:B, 0)+2)))),INDEX('Initial Study'!K:K, MATCH(K34, 'Initial Study'!B:B, 0)+2),"-"),"-") | Z34: =IF(R34="RE", X34 & "BT/" & IF(Y34 <> "-", Y34 & "BT", ""), IF(OR(R34="LTDR", R34="LTSR"), X34 & "BL" & IF(Y34 <> "-", "/" & Y34 & "BT", ""), IF(OR(R34="RTDR", R34="RTSR"), X34 & "BR" & IF(Y34 <> "-", "/" & Y34 & "BT", ""), IF(Y34 <> "-", X34 & "BT/" & Y34 & "BT", X34 & "BT"))))
A35: 534 | B35: BEACH | C35: 0 | E35: *LCL EVERGREEN LN SW | F35: HOLLY | H35: 999.999 | I35: NIS | K35: 107639269 | L35: 45342 | M35: 17 | N35: 1 | O35: 0 | P35: 5 | Q35: O | R35: =IFERROR(VLOOKUP(M35,Index!$A$1:$B$26,2,FALSE),"") | S35: =Z35 | U35: =IFERROR(INDEX(DetailedFiche!Q:Q,MATCH(K35,DetailedFiche!J:J,0)),"") | V35: =IFERROR(INDEX(DetailedFiche!R:R,MATCH(K35,DetailedFiche!J:J,0)),"") | X35: =IFERROR(IF(AND(INDEX('Initial Study'!K:K, MATCH(K35, 'Initial Study'!B:B, 0)+1)<>0,INDEX('Initial Study'!K:K, MATCH(K35, 'Initial Study'!B:B, 0)+1)<>""),INDEX('Initial Study'!K:K, MATCH(K35, 'Initial Study'!B:B, 0)+1),""),"") | Y35: =IFERROR(IF(AND(INDEX('Initial Study'!K:K, MATCH(K35, 'Initial Study'!B:B, 0)+2)<>0,INDEX('Initial Study'!K:K, MATCH(K35, 'Initial Study'!B:B, 0)+2)<>"",NOT(ISNUMBER(INDEX('Initial Study'!K:K, MATCH(K35, 'Initial Study'!B:B, 0)+2)))),INDEX('Initial Study'!K:K, MATCH(K35, 'Initial Study'!B:B, 0)+2),"-"),"-") | Z35: =IF(R35="RE", X35 & "BT/" & IF(Y35 <> "-", Y35 & "BT", ""), IF(OR(R35="LTDR", R35="LTSR"), X35 & "BL" & IF(Y35 <> "-", "/" & Y35 & "BT", ""), IF(OR(R35="RTDR", R35="RTSR"), X35 & "BR" & IF(Y35 <> "-", "/" & Y35 & "BT", ""), IF(Y35 <> "-", X35 & "BT/" & Y35 & "BT", X35 & "BT"))))
A36: 0 | B36: BEACH | C36: 0.009 | D36: W | E36: *LCL HIDEAWAY RD SW | F36: SEASIDE | H36: 999.999 | I36: NIS | K36: 108532023 | L36: 46187 | M36: 17 | N36: 1 | O36: 0 | P36: 4 | Q36: O | R36: =IFERROR(VLOOKUP(M36,Index!$A$1:$B$26,2,FALSE),"") | S36: =Z36 | U36: =IFERROR(INDEX(DetailedFiche!Q:Q,MATCH(K36,DetailedFiche!J:J,0)),"") | V36: =IFERROR(INDEX(DetailedFiche!R:R,MATCH(K36,DetailedFiche!J:J,0)),"") | X36: =IFERROR(IF(AND(INDEX('Initial Study'!K:K, MATCH(K36, 'Initial Study'!B:B, 0)+1)<>0,INDEX('Initial Study'!K:K, MATCH(K36, 'Initial Study'!B:B, 0)+1)<>""),INDEX('Initial Study'!K:K, MATCH(K36, 'Initial Study'!B:B, 0)+1),""),"") | Y36: =IFERROR(IF(AND(INDEX('Initial Study'!K:K, MATCH(K36, 'Initial Study'!B:B, 0)+2)<>0,INDEX('Initial Study'!K:K, MATCH(K36, 'Initial Study'!B:B, 0)+2)<>"",NOT(ISNUMBER(INDEX('Initial Study'!K:K, MATCH(K36, 'Initial Study'!B:B, 0)+2)))),INDEX('Initial Study'!K:K, MATCH(K36, 'Initial Study'!B:B, 0)+2),"-"),"-") | Z36: =IF(R36="RE", X36 & "BT/" & IF(Y36 <> "-", Y36 & "BT", ""), IF(OR(R36="LTDR", R36="LTSR"), X36 & "BL" & IF(Y36 <> "-", "/" & Y36 & "BT", ""), IF(OR(R36="RTDR", R36="RTSR"), X36 & "BR" & IF(Y36 <> "-", "/" & Y36 & "BT", ""), IF(Y36 <> "-", X36 & "BT/" & Y36 & "BT", X36 & "BT"))))
A37: 631 | B37: BEACH | C37: 0.019 | E37: *LCL SE 46TH STREET | F37: *LCL SE 49TH STREET | H37: 999.999 | I37: NIS | K37: 108419436 | L37: 46083 | M37: 20 | N37: 1 | O37: 0 | P37: 1 | Q37: O | R37: =IFERROR(VLOOKUP(M37,Index!$A$1:$B$26,2,FALSE),"") | S37: =Z37 | U37: =IFERROR(INDEX(DetailedFiche!Q:Q,MATCH(K37,DetailedFiche!J:J,0)),"") | V37: =IFERROR(INDEX(DetailedFiche!R:R,MATCH(K37,DetailedFiche!J:J,0)),"") | X37: =IFERROR(IF(AND(INDEX('Initial Study'!K:K, MATCH(K37, 'Initial Study'!B:B, 0)+1)<>0,INDEX('Initial Study'!K:K, MATCH(K37, 'Initial Study'!B:B, 0)+1)<>""),INDEX('Initial Study'!K:K, MATCH(K37, 'Initial Study'!B:B, 0)+1),""),"") | Y37: =IFERROR(IF(AND(INDEX('Initial Study'!K:K, MATCH(K37, 'Initial Study'!B:B, 0)+2)<>0,INDEX('Initial Study'!K:K, MATCH(K37, 'Initial Study'!B:B, 0)+2)<>"",NOT(ISNUMBER(INDEX('Initial Study'!K:K, MATCH(K37, 'Initial Study'!B:B, 0)+2)))),INDEX('Initial Study'!K:K, MATCH(K37, 'Initial Study'!B:B, 0)+2),"-"),"-") | Z37: =IF(R37="RE", X37 & "BT/" & IF(Y37 <> "-", Y37 & "BT", ""), IF(OR(R37="LTDR", R37="LTSR"), X37 & "BL" & IF(Y37 <> "-", "/" & Y37 & "BT", ""), IF(OR(R37="RTDR", R37="RTSR"), X37 & "BR" & IF(Y37 <> "-", "/" & Y37 & "BT", ""), IF(Y37 <> "-", X37 & "BT/" & Y37 & "BT", X37 & "BT"))))
A38: 401 | B38: BEACH | C38: 0 | E38: *LCL THORPE LANDING RD | H38: 999.999 | I38: NIS | K38: 107765292 | L38: 45457 | M38: 17 | N38: 1 | O38: 0 | P38: 5 | Q38: O | R38: =IFERROR(VLOOKUP(M38,Index!$A$1:$B$26,2,FALSE),"") | S38: =Z38 | U38: =IFERROR(INDEX(DetailedFiche!Q:Q,MATCH(K38,DetailedFiche!J:J,0)),"") | V38: =IFERROR(INDEX(DetailedFiche!R:R,MATCH(K38,DetailedFiche!J:J,0)),"") | X38: =IFERROR(IF(AND(INDEX('Initial Study'!K:K, MATCH(K38, 'Initial Study'!B:B, 0)+1)<>0,INDEX('Initial Study'!K:K, MATCH(K38, 'Initial Study'!B:B, 0)+1)<>""),INDEX('Initial Study'!K:K, MATCH(K38, 'Initial Study'!B:B, 0)+1),""),"") | Y38: =IFERROR(IF(AND(INDEX('Initial Study'!K:K, MATCH(K38, 'Initial Study'!B:B, 0)+2)<>0,INDEX('Initial Study'!K:K, MATCH(K38, 'Initial Study'!B:B, 0)+2)<>"",NOT(ISNUMBER(INDEX('Initial Study'!K:K, MATCH(K38, 'Initial Study'!B:B, 0)+2)))),INDEX('Initial Study'!K:K, MATCH(K38, 'Initial Study'!B:B, 0)+2),"-"),"-") | Z38: =IF(R38="RE", X38 & "BT/" & IF(Y38 <> "-", Y38 & "BT", ""), IF(OR(R38="LTDR", R38="LTSR"), X38 & "BL" & IF(Y38 <> "-", "/" & Y38 & "BT", ""), IF(OR(R38="RTDR", R38="RTSR"), X38 & "BR" & IF(Y38 <> "-", "/" & Y38 & "BT", ""), IF(Y38 <> "-", X38 & "BT/" & Y38 & "BT", X38 & "BT"))))
A39: 401 | B39: BEACH | C39: 1 | D39: W | E39: *LCL WEST KILBART | F39: CAUSEWAY | H39: 999.999 | I39: NIS | K39: 108494151 | L39: 46150 | M39: 13 | N39: 1 | O39: 10 | P39: 1 | Q39: O | R39: =IFERROR(VLOOKUP(M39,Index!$A$1:$B$26,2,FALSE),"") | S39: =Z39 | U39: =IFERROR(INDEX(DetailedFiche!Q:Q,MATCH(K39,DetailedFiche!J:J,0)),"") | V39: =IFERROR(INDEX(DetailedFiche!R:R,MATCH(K39,DetailedFiche!J:J,0)),"") | X39: =IFERROR(IF(AND(INDEX('Initial Study'!K:K, MATCH(K39, 'Initial Study'!B:B, 0)+1)<>0,INDEX('Initial Study'!K:K, MATCH(K39, 'Initial Study'!B:B, 0)+1)<>""),INDEX('Initial Study'!K:K, MATCH(K39, 'Initial Study'!B:B, 0)+1),""),"") | Y39: =IFERROR(IF(AND(INDEX('Initial Study'!K:K, MATCH(K39, 'Initial Study'!B:B, 0)+2)<>0,INDEX('Initial Study'!K:K, MATCH(K39, 'Initial Study'!B:B, 0)+2)<>"",NOT(ISNUMBER(INDEX('Initial Study'!K:K, MATCH(K39, 'Initial Study'!B:B, 0)+2)))),INDEX('Initial Study'!K:K, MATCH(K39, 'Initial Study'!B:B, 0)+2),"-"),"-") | Z39: =IF(R39="RE", X39 & "BT/" & IF(Y39 <> "-", Y39 & "BT", ""), IF(OR(R39="LTDR", R39="LTSR"), X39 & "BL" & IF(Y39 <> "-", "/" & Y39 & "BT", ""), IF(OR(R39="RTDR", R39="RTSR"), X39 & "BR" & IF(Y39 <> "-", "/" & Y39 & "BT", ""), IF(Y39 <> "-", X39 & "BT/" & Y39 & "BT", X39 & "BT"))))
B40: NC 179 | C40: 0.3 | D40: N | E40: *LCL BRENDA LN | F40: NC 130 | H40: 999.999 | I40: NIS | K40: 107620171 | L40: 45330 | M40: 22 | N40: 1 | O40: 0 | P40: 1 | Q40: O | R40: =IFERROR(VLOOKUP(M40,Index!$A$1:$B$26,2,FALSE),"") | S40: =Z40 | U40: =IFERROR(INDEX(DetailedFiche!Q:Q,MATCH(K40,DetailedFiche!J:J,0)),"") | V40: =IFERROR(INDEX(DetailedFiche!R:R,MATCH(K40,DetailedFiche!J:J,0)),"") | X40: =IFERROR(IF(AND(INDEX('Initial Study'!K:K, MATCH(K40, 'Initial Study'!B:B, 0)+1)<>0,INDEX('Initial Study'!K:K, MATCH(K40, 'Initial Study'!B:B, 0)+1)<>""),INDEX('Initial Study'!K:K, MATCH(K40, 'Initial Study'!B:B, 0)+1),""),"") | Y40: =IFERROR(IF(AND(INDEX('Initial Study'!K:K, MATCH(K40, 'Initial Study'!B:B, 0)+2)<>0,INDEX('Initial Study'!K:K, MATCH(K40, 'Initial Study'!B:B, 0)+2)<>"",NOT(ISNUMBER(INDEX('Initial Study'!K:K, MATCH(K40, 'Initial Study'!B:B, 0)+2)))),INDEX('Initial Study'!K:K, MATCH(K40, 'Initial Study'!B:B, 0)+2),"-"),"-") | Z40: =IF(R40="RE", X40 & "BT/" & IF(Y40 <> "-", Y40 & "BT", ""), IF(OR(R40="LTDR", R40="LTSR"), X40 & "BL" & IF(Y40 <> "-", "/" & Y40 & "BT", ""), IF(OR(R40="RTDR", R40="RTSR"), X40 & "BR" & IF(Y40 <> "-", "/" & Y40 & "BT", ""), IF(Y40 <> "-", X40 & "BT/" & Y40 & "BT", X40 & "BT"))))
A41: 0 | B41: NC 179 | C41: 0.25 | D41: E | E41: *LCL COASTAL PINE DR | H41: 999.999 | I41: NIS | K41: 107576477 | L41: 45279 | M41: 17 | N41: 1 | O41: 0 | P41: 5 | Q41: O | R41: =IFERROR(VLOOKUP(M41,Index!$A$1:$B$26,2,FALSE),"") | S41: =Z41 | U41: =IFERROR(INDEX(DetailedFiche!Q:Q,MATCH(K41,DetailedFiche!J:J,0)),"") | V41: =IFERROR(INDEX(DetailedFiche!R:R,MATCH(K41,DetailedFiche!J:J,0)),"") | X41: =IFERROR(IF(AND(INDEX('Initial Study'!K:K, MATCH(K41, 'Initial Study'!B:B, 0)+1)<>0,INDEX('Initial Study'!K:K, MATCH(K41, 'Initial Study'!B:B, 0)+1)<>""),INDEX('Initial Study'!K:K, MATCH(K41, 'Initial Study'!B:B, 0)+1),""),"") | Y41: =IFERROR(IF(AND(INDEX('Initial Study'!K:K, MATCH(K41, 'Initial Study'!B:B, 0)+2)<>0,INDEX('Initial Study'!K:K, MATCH(K41, 'Initial Study'!B:B, 0)+2)<>"",NOT(ISNUMBER(INDEX('Initial Study'!K:K, MATCH(K41, 'Initial Study'!B:B, 0)+2)))),INDEX('Initial Study'!K:K, MATCH(K41, 'Initial Study'!B:B, 0)+2),"-"),"-") | Z41: =IF(R41="RE", X41 & "BT/" & IF(Y41 <> "-", Y41 & "BT", ""), IF(OR(R41="LTDR", R41="LTSR"), X41 & "BL" & IF(Y41 <> "-", "/" & Y41 & "BT", ""), IF(OR(R41="RTDR", R41="RTSR"), X41 & "BR" & IF(Y41 <> "-", "/" & Y41 & "BT", ""), IF(Y41 <> "-", X41 & "BT/" & Y41 & "BT", X41 & "BT"))))
A42: 0 | B42: NC 179 | C42: 0.3 | D42: S | E42: *LCL GEORGETOWN DOCK RD | F42: NC 904 | H42: 999.999 | I42: NIS | K42: 107581475 | L42: 45289 | M42: 26 | N42: 1 | O42: 0 | P42: 1 | Q42: O | R42: =IFERROR(VLOOKUP(M42,Index!$A$1:$B$26,2,FALSE),"") | S42: =Z42 | U42: =IFERROR(INDEX(DetailedFiche!Q:Q,MATCH(K42,DetailedFiche!J:J,0)),"") | V42: =IFERROR(INDEX(DetailedFiche!R:R,MATCH(K42,DetailedFiche!J:J,0)),"") | X42: =IFERROR(IF(AND(INDEX('Initial Study'!K:K, MATCH(K42, 'Initial Study'!B:B, 0)+1)<>0,INDEX('Initial Study'!K:K, MATCH(K42, 'Initial Study'!B:B, 0)+1)<>""),INDEX('Initial Study'!K:K, MATCH(K42, 'Initial Study'!B:B, 0)+1),""),"") | Y42: =IFERROR(IF(AND(INDEX('Initial Study'!K:K, MATCH(K42, 'Initial Study'!B:B, 0)+2)<>0,INDEX('Initial Study'!K:K, MATCH(K42, 'Initial Study'!B:B, 0)+2)<>"",NOT(ISNUMBER(INDEX('Initial Study'!K:K, MATCH(K42, 'Initial Study'!B:B, 0)+2)))),INDEX('Initial Study'!K:K, MATCH(K42, 'Initial Study'!B:B, 0)+2),"-"),"-") | Z42: =IF(R42="RE", X42 & "BT/" & IF(Y42 <> "-", Y42 & "BT", ""), IF(OR(R42="LTDR", R42="LTSR"), X42 & "BL" & IF(Y42 <> "-", "/" & Y42 & "BT", ""), IF(OR(R42="RTDR", R42="RTSR"), X42 & "BR" & IF(Y42 <> "-", "/" & Y42 & "BT", ""), IF(Y42 <> "-", X42 & "BT/" & Y42 & "BT", X42 & "BT"))))
A43: 0 | B43: NC 179 | C43: 0.008 | D43: W | E43: *LCL LOBLOLLY LN SE | F43: SR 1185 | H43: 999.999 | I43: NIS | K43: 107442152 | L43: 45167 | M43: 28 | N43: 1 | O43: 0 | P43: 1 | Q43: C | R43: =IFERROR(VLOOKUP(M43,Index!$A$1:$B$26,2,FALSE),"") | S43: =Z43 | U43: =IFERROR(INDEX(DetailedFiche!Q:Q,MATCH(K43,DetailedFiche!J:J,0)),"") | V43: =IFERROR(INDEX(DetailedFiche!R:R,MATCH(K43,DetailedFiche!J:J,0)),"") | X43: =IFERROR(IF(AND(INDEX('Initial Study'!K:K, MATCH(K43, 'Initial Study'!B:B, 0)+1)<>0,INDEX('Initial Study'!K:K, MATCH(K43, 'Initial Study'!B:B, 0)+1)<>""),INDEX('Initial Study'!K:K, MATCH(K43, 'Initial Study'!B:B, 0)+1),""),"") | Y43: =IFERROR(IF(AND(INDEX('Initial Study'!K:K, MATCH(K43, 'Initial Study'!B:B, 0)+2)<>0,INDEX('Initial Study'!K:K, MATCH(K43, 'Initial Study'!B:B, 0)+2)<>"",NOT(ISNUMBER(INDEX('Initial Study'!K:K, MATCH(K43, 'Initial Study'!B:B, 0)+2)))),INDEX('Initial Study'!K:K, MATCH(K43, 'Initial Study'!B:B, 0)+2),"-"),"-") | Z43: =IF(R43="RE", X43 & "BT/" & IF(Y43 <> "-", Y43 & "BT", ""), IF(OR(R43="LTDR", R43="LTSR"), X43 & "BL" & IF(Y43 <> "-", "/" & Y43 & "BT", ""), IF(OR(R43="RTDR", R43="RTSR"), X43 & "BR" & IF(Y43 <> "-", "/" & Y43 & "BT", ""), IF(Y43 <> "-", X43 & "BT/" & Y43 & "BT", X43 & "BT"))))
A44: 534 | B44: NC 179 | C44: 0.43 | D44: S | E44: *LCL SIRWOOD PL | F44: CLUB HOUSE | H44: 999.999 | I44: NIS | K44: 107674486 | L44: 45381 | M44: 30 | N44: 1 | O44: 0 | P44: 1 | Q44: O | R44: =IFERROR(VLOOKUP(M44,Index!$A$1:$B$26,2,FALSE),"") | S44: =Z44 | U44: =IFERROR(INDEX(DetailedFiche!Q:Q,MATCH(K44,DetailedFiche!J:J,0)),"") | V44: =IFERROR(INDEX(DetailedFiche!R:R,MATCH(K44,DetailedFiche!J:J,0)),"") | X44: =IFERROR(IF(AND(INDEX('Initial Study'!K:K, MATCH(K44, 'Initial Study'!B:B, 0)+1)<>0,INDEX('Initial Study'!K:K, MATCH(K44, 'Initial Study'!B:B, 0)+1)<>""),INDEX('Initial Study'!K:K, MATCH(K44, 'Initial Study'!B:B, 0)+1),""),"") | Y44: =IFERROR(IF(AND(INDEX('Initial Study'!K:K, MATCH(K44, 'Initial Study'!B:B, 0)+2)<>0,INDEX('Initial Study'!K:K, MATCH(K44, 'Initial Study'!B:B, 0)+2)<>"",NOT(ISNUMBER(INDEX('Initial Study'!K:K, MATCH(K44, 'Initial Study'!B:B, 0)+2)))),INDEX('Initial Study'!K:K, MATCH(K44, 'Initial Study'!B:B, 0)+2),"-"),"-") | Z44: =IF(R44="RE", X44 & "BT/" & IF(Y44 <> "-", Y44 & "BT", ""), IF(OR(R44="LTDR", R44="LTSR"), X44 & "BL" & IF(Y44 <> "-", "/" & Y44 & "BT", ""), IF(OR(R44="RTDR", R44="RTSR"), X44 & "BR" & IF(Y44 <> "-", "/" & Y44 & "BT", ""), IF(Y44 <> "-", X44 & "BT/" & Y44 & "BT", X44 & "BT"))))
A45: 0 | B45: NC 179 | C45: 0.014 | D45: N | E45: *LCL THORPE LANDING RD | F45: SR 1184 | H45: 999.999 | I45: NIS | K45: 107080484 | L45: 44812 | M45: 23 | N45: 1 | O45: 0 | P45: 1 | Q45: O | R45: =IFERROR(VLOOKUP(M45,Index!$A$1:$B$26,2,FALSE),"") | S45: =Z45 | U45: =IFERROR(INDEX(DetailedFiche!Q:Q,MATCH(K45,DetailedFiche!J:J,0)),"") | V45: =IFERROR(INDEX(DetailedFiche!R:R,MATCH(K45,DetailedFiche!J:J,0)),"") | X45: =IFERROR(IF(AND(INDEX('Initial Study'!K:K, MATCH(K45, 'Initial Study'!B:B, 0)+1)<>0,INDEX('Initial Study'!K:K, MATCH(K45, 'Initial Study'!B:B, 0)+1)<>""),INDEX('Initial Study'!K:K, MATCH(K45, 'Initial Study'!B:B, 0)+1),""),"") | Y45: =IFERROR(IF(AND(INDEX('Initial Study'!K:K, MATCH(K45, 'Initial Study'!B:B, 0)+2)<>0,INDEX('Initial Study'!K:K, MATCH(K45, 'Initial Study'!B:B, 0)+2)<>"",NOT(ISNUMBER(INDEX('Initial Study'!K:K, MATCH(K45, 'Initial Study'!B:B, 0)+2)))),INDEX('Initial Study'!K:K, MATCH(K45, 'Initial Study'!B:B, 0)+2),"-"),"-") | Z45: =IF(R45="RE", X45 & "BT/" & IF(Y45 <> "-", Y45 & "BT", ""), IF(OR(R45="LTDR", R45="LTSR"), X45 & "BL" & IF(Y45 <> "-", "/" & Y45 & "BT", ""), IF(OR(R45="RTDR", R45="RTSR"), X45 & "BR" & IF(Y45 <> "-", "/" & Y45 & "BT", ""), IF(Y45 <> "-", X45 & "BT/" & Y45 & "BT", X45 & "BT"))))
A46: 401 | B46: NC 179 | C46: 0 | E46: *LCL WONDERLAND ST SW | F46: *LCL WONDERLAND ST SW | H46: 999.999 | I46: NIS | K46: 107645673 | L46: 45357 | M46: 17 | N46: 1 | O46: 0 | P46: 5 | Q46: O | R46: =IFERROR(VLOOKUP(M46,Index!$A$1:$B$26,2,FALSE),"") | S46: =Z46 | U46: =IFERROR(INDEX(DetailedFiche!Q:Q,MATCH(K46,DetailedFiche!J:J,0)),"") | V46: =IFERROR(INDEX(DetailedFiche!R:R,MATCH(K46,DetailedFiche!J:J,0)),"") | X46: =IFERROR(IF(AND(INDEX('Initial Study'!K:K, MATCH(K46, 'Initial Study'!B:B, 0)+1)<>0,INDEX('Initial Study'!K:K, MATCH(K46, 'Initial Study'!B:B, 0)+1)<>""),INDEX('Initial Study'!K:K, MATCH(K46, 'Initial Study'!B:B, 0)+1),""),"") | Y46: =IFERROR(IF(AND(INDEX('Initial Study'!K:K, MATCH(K46, 'Initial Study'!B:B, 0)+2)<>0,INDEX('Initial Study'!K:K, MATCH(K46, 'Initial Study'!B:B, 0)+2)<>"",NOT(ISNUMBER(INDEX('Initial Study'!K:K, MATCH(K46, 'Initial Study'!B:B, 0)+2)))),INDEX('Initial Study'!K:K, MATCH(K46, 'Initial Study'!B:B, 0)+2),"-"),"-") | Z46: =IF(R46="RE", X46 & "BT/" & IF(Y46 <> "-", Y46 & "BT", ""), IF(OR(R46="LTDR", R46="LTSR"), X46 & "BL" & IF(Y46 <> "-", "/" & Y46 & "BT", ""), IF(OR(R46="RTDR", R46="RTSR"), X46 & "BR" & IF(Y46 <> "-", "/" & Y46 & "BT", ""), IF(Y46 <> "-", X46 & "BT/" & Y46 & "BT", X46 & "BT"))))
A47: 401 | B47: NC 179 | C47: 0 | E47: PVA PUBLIX ENTRANCE | F47: EYOTA | H47: 999.999 | I47: NIS | K47: 107004692 | L47: 44743 | M47: 21 | N47: 1 | O47: 0 | P47: 1 | Q47: O | R47: =IFERROR(VLOOKUP(M47,Index!$A$1:$B$26,2,FALSE),"") | S47: =Z47 | U47: =IFERROR(INDEX(DetailedFiche!Q:Q,MATCH(K47,DetailedFiche!J:J,0)),"") | V47: =IFERROR(INDEX(DetailedFiche!R:R,MATCH(K47,DetailedFiche!J:J,0)),"") | X47: =IFERROR(IF(AND(INDEX('Initial Study'!K:K, MATCH(K47, 'Initial Study'!B:B, 0)+1)<>0,INDEX('Initial Study'!K:K, MATCH(K47, 'Initial Study'!B:B, 0)+1)<>""),INDEX('Initial Study'!K:K, MATCH(K47, 'Initial Study'!B:B, 0)+1),""),"") | Y47: =IFERROR(IF(AND(INDEX('Initial Study'!K:K, MATCH(K47, 'Initial Study'!B:B, 0)+2)<>0,INDEX('Initial Study'!K:K, MATCH(K47, 'Initial Study'!B:B, 0)+2)<>"",NOT(ISNUMBER(INDEX('Initial Study'!K:K, MATCH(K47, 'Initial Study'!B:B, 0)+2)))),INDEX('Initial Study'!K:K, MATCH(K47, 'Initial Study'!B:B, 0)+2),"-"),"-") | Z47: =IF(R47="RE", X47 & "BT/" & IF(Y47 <> "-", Y47 & "BT", ""), IF(OR(R47="LTDR", R47="LTSR"), X47 & "BL" & IF(Y47 <> "-", "/" & Y47 & "BT", ""), IF(OR(R47="RTDR", R47="RTSR"), X47 & "BR" & IF(Y47 <> "-", "/" & Y47 & "BT", ""), IF(Y47 <> "-", X47 & "BT/" & Y47 & "BT", X47 & "BT"))))
A48: 631 | B48: PVA 1407 E BEACH DR (ISLAN | C48: 0 | D48: S | E48: BEACH | H48: 999.999 | I48: NIS | K48: 107471892 | L48: 45143 | M48: 20 | N48: 10 | O48: 4 | P48: 2 | Q48: O | R48: =IFERROR(VLOOKUP(M48,Index!$A$1:$B$26,2,FALSE),"") | S48: =Z48 | U48: =IFERROR(INDEX(DetailedFiche!Q:Q,MATCH(K48,DetailedFiche!J:J,0)),"") | V48: =IFERROR(INDEX(DetailedFiche!R:R,MATCH(K48,DetailedFiche!J:J,0)),"") | X48: =IFERROR(IF(AND(INDEX('Initial Study'!K:K, MATCH(K48, 'Initial Study'!B:B, 0)+1)<>0,INDEX('Initial Study'!K:K, MATCH(K48, 'Initial Study'!B:B, 0)+1)<>""),INDEX('Initial Study'!K:K, MATCH(K48, 'Initial Study'!B:B, 0)+1),""),"") | Y48: =IFERROR(IF(AND(INDEX('Initial Study'!K:K, MATCH(K48, 'Initial Study'!B:B, 0)+2)<>0,INDEX('Initial Study'!K:K, MATCH(K48, 'Initial Study'!B:B, 0)+2)<>"",NOT(ISNUMBER(INDEX('Initial Study'!K:K, MATCH(K48, 'Initial Study'!B:B, 0)+2)))),INDEX('Initial Study'!K:K, MATCH(K48, 'Initial Study'!B:B, 0)+2),"-"),"-") | Z48: =IF(R48="RE", X48 & "BT/" & IF(Y48 <> "-", Y48 & "BT", ""), IF(OR(R48="LTDR", R48="LTSR"), X48 & "BL" & IF(Y48 <> "-", "/" & Y48 & "BT", ""), IF(OR(R48="RTDR", R48="RTSR"), X48 & "BR" & IF(Y48 <> "-", "/" & Y48 & "BT", ""), IF(Y48 <> "-", X48 & "BT/" & Y48 & "BT", X48 & "BT"))))
A49: 631 | B49: PVA 40TH PL E BEACH ACCESS | C49: 0 | D49: S | E49: BEACH | H49: 999.999 | I49: NIS | K49: 107083922 | L49: 44822 | M49: 20 | N49: 7 | O49: 4 | P49: 1 | Q49: O | R49: =IFERROR(VLOOKUP(M49,Index!$A$1:$B$26,2,FALSE),"") | S49: =Z49 | U49: =IFERROR(INDEX(DetailedFiche!Q:Q,MATCH(K49,DetailedFiche!J:J,0)),"") | V49: =IFERROR(INDEX(DetailedFiche!R:R,MATCH(K49,DetailedFiche!J:J,0)),"") | X49: =IFERROR(IF(AND(INDEX('Initial Study'!K:K, MATCH(K49, 'Initial Study'!B:B, 0)+1)<>0,INDEX('Initial Study'!K:K, MATCH(K49, 'Initial Study'!B:B, 0)+1)<>""),INDEX('Initial Study'!K:K, MATCH(K49, 'Initial Study'!B:B, 0)+1),""),"") | Y49: =IFERROR(IF(AND(INDEX('Initial Study'!K:K, MATCH(K49, 'Initial Study'!B:B, 0)+2)<>0,INDEX('Initial Study'!K:K, MATCH(K49, 'Initial Study'!B:B, 0)+2)<>"",NOT(ISNUMBER(INDEX('Initial Study'!K:K, MATCH(K49, 'Initial Study'!B:B, 0)+2)))),INDEX('Initial Study'!K:K, MATCH(K49, 'Initial Study'!B:B, 0)+2),"-"),"-") | Z49: =IF(R49="RE", X49 & "BT/" & IF(Y49 <> "-", Y49 & "BT", ""), IF(OR(R49="LTDR", R49="LTSR"), X49 & "BL" & IF(Y49 <> "-", "/" & Y49 & "BT", ""), IF(OR(R49="RTDR", R49="RTSR"), X49 & "BR" & IF(Y49 <> "-", "/" & Y49 & "BT", ""), IF(Y49 <> "-", X49 & "BT/" & Y49 & "BT", X49 & "BT"))))
A50: 534 | B50: PVA 7300 BEACH DR | C50: 0 | E50: BEACH | F50: SEASIDE | H50: 999.999 | I50: NIS | K50: 108419838 | L50: 46078 | M50: 19 | N50: 1 | O50: 0 | P50: 1 | Q50: O | R50: =IFERROR(VLOOKUP(M50,Index!$A$1:$B$26,2,FALSE),"") | S50: =Z50 | U50: =IFERROR(INDEX(DetailedFiche!Q:Q,MATCH(K50,DetailedFiche!J:J,0)),"") | V50: =IFERROR(INDEX(DetailedFiche!R:R,MATCH(K50,DetailedFiche!J:J,0)),"") | X50: =IFERROR(IF(AND(INDEX('Initial Study'!K:K, MATCH(K50, 'Initial Study'!B:B, 0)+1)<>0,INDEX('Initial Study'!K:K, MATCH(K50, 'Initial Study'!B:B, 0)+1)<>""),INDEX('Initial Study'!K:K, MATCH(K50, 'Initial Study'!B:B, 0)+1),""),"") | Y50: =IFERROR(IF(AND(INDEX('Initial Study'!K:K, MATCH(K50, 'Initial Study'!B:B, 0)+2)<>0,INDEX('Initial Study'!K:K, MATCH(K50, 'Initial Study'!B:B, 0)+2)<>"",NOT(ISNUMBER(INDEX('Initial Study'!K:K, MATCH(K50, 'Initial Study'!B:B, 0)+2)))),INDEX('Initial Study'!K:K, MATCH(K50, 'Initial Study'!B:B, 0)+2),"-"),"-") | Z50: =IF(R50="RE", X50 & "BT/" & IF(Y50 <> "-", Y50 & "BT", ""), IF(OR(R50="LTDR", R50="LTSR"), X50 & "BL" & IF(Y50 <> "-", "/" & Y50 & "BT", ""), IF(OR(R50="RTDR", R50="RTSR"), X50 & "BR" & IF(Y50 <> "-", "/" & Y50 & "BT", ""), IF(Y50 <> "-", X50 & "BT/" & Y50 & "BT", X50 & "BT"))))
A51: 534 | B51: PVA CVS PARKING LOT | C51: 0 | E51: BEACH | F51: SEASIDE | H51: 999.999 | I51: NIS | K51: 108462644 | L51: 46116 | M51: 25 | N51: 1 | O51: 0 | P51: 1 | Q51: O | R51: =IFERROR(VLOOKUP(M51,Index!$A$1:$B$26,2,FALSE),"") | S51: =Z51 | U51: =IFERROR(INDEX(DetailedFiche!Q:Q,MATCH(K51,DetailedFiche!J:J,0)),"") | V51: =IFERROR(INDEX(DetailedFiche!R:R,MATCH(K51,DetailedFiche!J:J,0)),"") | X51: =IFERROR(IF(AND(INDEX('Initial Study'!K:K, MATCH(K51, 'Initial Study'!B:B, 0)+1)<>0,INDEX('Initial Study'!K:K, MATCH(K51, 'Initial Study'!B:B, 0)+1)<>""),INDEX('Initial Study'!K:K, MATCH(K51, 'Initial Study'!B:B, 0)+1),""),"") | Y51: =IFERROR(IF(AND(INDEX('Initial Study'!K:K, MATCH(K51, 'Initial Study'!B:B, 0)+2)<>0,INDEX('Initial Study'!K:K, MATCH(K51, 'Initial Study'!B:B, 0)+2)<>"",NOT(ISNUMBER(INDEX('Initial Study'!K:K, MATCH(K51, 'Initial Study'!B:B, 0)+2)))),INDEX('Initial Study'!K:K, MATCH(K51, 'Initial Study'!B:B, 0)+2),"-"),"-") | Z51: =IF(R51="RE", X51 & "BT/" & IF(Y51 <> "-", Y51 & "BT", ""), IF(OR(R51="LTDR", R51="LTSR"), X51 & "BL" & IF(Y51 <> "-", "/" & Y51 & "BT", ""), IF(OR(R51="RTDR", R51="RTSR"), X51 & "BR" & IF(Y51 <> "-", "/" & Y51 & "BT", ""), IF(Y51 <> "-", X51 & "BT/" & Y51 & "BT", X51 & "BT"))))
A52: 631 | B52: PVA E BEACH DRIVE | C52: 0 | E52: PVA SE 49TH STREET | H52: 999.999 | I52: NIS | K52: 108209340 | L52: 45888 | M52: 31 | N52: 7 | O52: 4 | P52: 1 | Q52: O | R52: =IFERROR(VLOOKUP(M52,Index!$A$1:$B$26,2,FALSE),"") | S52: =Z52 | U52: =IFERROR(INDEX(DetailedFiche!Q:Q,MATCH(K52,DetailedFiche!J:J,0)),"") | V52: =IFERROR(INDEX(DetailedFiche!R:R,MATCH(K52,DetailedFiche!J:J,0)),"") | X52: =IFERROR(IF(AND(INDEX('Initial Study'!K:K, MATCH(K52, 'Initial Study'!B:B, 0)+1)<>0,INDEX('Initial Study'!K:K, MATCH(K52, 'Initial Study'!B:B, 0)+1)<>""),INDEX('Initial Study'!K:K, MATCH(K52, 'Initial Study'!B:B, 0)+1),""),"") | Y52: =IFERROR(IF(AND(INDEX('Initial Study'!K:K, MATCH(K52, 'Initial Study'!B:B, 0)+2)<>0,INDEX('Initial Study'!K:K, MATCH(K52, 'Initial Study'!B:B, 0)+2)<>"",NOT(ISNUMBER(INDEX('Initial Study'!K:K, MATCH(K52, 'Initial Study'!B:B, 0)+2)))),INDEX('Initial Study'!K:K, MATCH(K52, 'Initial Study'!B:B, 0)+2),"-"),"-") | Z52: =IF(R52="RE", X52 & "BT/" & IF(Y52 <> "-", Y52 & "BT", ""), IF(OR(R52="LTDR", R52="LTSR"), X52 & "BL" & IF(Y52 <> "-", "/" & Y52 & "BT", ""), IF(OR(R52="RTDR", R52="RTSR"), X52 & "BR" & IF(Y52 <> "-", "/" & Y52 & "BT", ""), IF(Y52 <> "-", X52 & "BT/" & Y52 & "BT", X52 & "BT"))))
A53: 401 | B53: PVA MINUTEMAN PVA | C53: 0 | E53: BEACH | F53: CAUSEWAY | H53: 999.999 | I53: NIS | K53: 106887427 | L53: 44631 | M53: 19 | N53: 1 | O53: 4 | P53: 2 | Q53: O | R53: =IFERROR(VLOOKUP(M53,Index!$A$1:$B$26,2,FALSE),"") | S53: =Z53 | U53: =IFERROR(INDEX(DetailedFiche!Q:Q,MATCH(K53,DetailedFiche!J:J,0)),"") | V53: =IFERROR(INDEX(DetailedFiche!R:R,MATCH(K53,DetailedFiche!J:J,0)),"") | X53: =IFERROR(IF(AND(INDEX('Initial Study'!K:K, MATCH(K53, 'Initial Study'!B:B, 0)+1)<>0,INDEX('Initial Study'!K:K, MATCH(K53, 'Initial Study'!B:B, 0)+1)<>""),INDEX('Initial Study'!K:K, MATCH(K53, 'Initial Study'!B:B, 0)+1),""),"") | Y53: =IFERROR(IF(AND(INDEX('Initial Study'!K:K, MATCH(K53, 'Initial Study'!B:B, 0)+2)<>0,INDEX('Initial Study'!K:K, MATCH(K53, 'Initial Study'!B:B, 0)+2)<>"",NOT(ISNUMBER(INDEX('Initial Study'!K:K, MATCH(K53, 'Initial Study'!B:B, 0)+2)))),INDEX('Initial Study'!K:K, MATCH(K53, 'Initial Study'!B:B, 0)+2),"-"),"-") | Z53: =IF(R53="RE", X53 & "BT/" & IF(Y53 <> "-", Y53 & "BT", ""), IF(OR(R53="LTDR", R53="LTSR"), X53 & "BL" & IF(Y53 <> "-", "/" & Y53 & "BT", ""), IF(OR(R53="RTDR", R53="RTSR"), X53 & "BR" & IF(Y53 <> "-", "/" & Y53 & "BT", ""), IF(Y53 <> "-", X53 & "BT/" & Y53 & "BT", X53 & "BT"))))
A54: 401 | B54: PVA TSUNAMI SURFSHOP | C54: 0 | D54: S | E54: NC 179 | F54: RICK | H54: 999.999 | I54: NIS | K54: 106962803 | L54: 44703 | M54: 31 | N54: 1 | O54: 5 | P54: 1 | Q54: O | R54: =IFERROR(VLOOKUP(M54,Index!$A$1:$B$26,2,FALSE),"") | S54: =Z54 | U54: =IFERROR(INDEX(DetailedFiche!Q:Q,MATCH(K54,DetailedFiche!J:J,0)),"") | V54: =IFERROR(INDEX(DetailedFiche!R:R,MATCH(K54,DetailedFiche!J:J,0)),"") | X54: =IFERROR(IF(AND(INDEX('Initial Study'!K:K, MATCH(K54, 'Initial Study'!B:B, 0)+1)<>0,INDEX('Initial Study'!K:K, MATCH(K54, 'Initial Study'!B:B, 0)+1)<>""),INDEX('Initial Study'!K:K, MATCH(K54, 'Initial Study'!B:B, 0)+1),""),"") | Y54: =IFERROR(IF(AND(INDEX('Initial Study'!K:K, MATCH(K54, 'Initial Study'!B:B, 0)+2)<>0,INDEX('Initial Study'!K:K, MATCH(K54, 'Initial Study'!B:B, 0)+2)<>"",NOT(ISNUMBER(INDEX('Initial Study'!K:K, MATCH(K54, 'Initial Study'!B:B, 0)+2)))),INDEX('Initial Study'!K:K, MATCH(K54, 'Initial Study'!B:B, 0)+2),"-"),"-") | Z54: =IF(R54="RE", X54 & "BT/" & IF(Y54 <> "-", Y54 & "BT", ""), IF(OR(R54="LTDR", R54="LTSR"), X54 & "BL" & IF(Y54 <> "-", "/" & Y54 & "BT", ""), IF(OR(R54="RTDR", R54="RTSR"), X54 & "BR" & IF(Y54 <> "-", "/" & Y54 & "BT", ""), IF(Y54 <> "-", X54 & "BT/" & Y54 & "BT", X54 & "BT"))))
A55: 74 | B55: SR 1164 | C55: 0.095 | D55: E | E55: *LCL AUBREY LN | H55: 999.999 | I55: NIS | K55: 108278805 | L55: 45922 | M55: 21 | N55: 1 | O55: 0 | P55: 1 | Q55: O | R55: =IFERROR(VLOOKUP(M55,Index!$A$1:$B$26,2,FALSE),"") | S55: =Z55 | U55: =IFERROR(INDEX(DetailedFiche!Q:Q,MATCH(K55,DetailedFiche!J:J,0)),"") | V55: =IFERROR(INDEX(DetailedFiche!R:R,MATCH(K55,DetailedFiche!J:J,0)),"") | X55: =IFERROR(IF(AND(INDEX('Initial Study'!K:K, MATCH(K55, 'Initial Study'!B:B, 0)+1)<>0,INDEX('Initial Study'!K:K, MATCH(K55, 'Initial Study'!B:B, 0)+1)<>""),INDEX('Initial Study'!K:K, MATCH(K55, 'Initial Study'!B:B, 0)+1),""),"") | Y55: =IFERROR(IF(AND(INDEX('Initial Study'!K:K, MATCH(K55, 'Initial Study'!B:B, 0)+2)<>0,INDEX('Initial Study'!K:K, MATCH(K55, 'Initial Study'!B:B, 0)+2)<>"",NOT(ISNUMBER(INDEX('Initial Study'!K:K, MATCH(K55, 'Initial Study'!B:B, 0)+2)))),INDEX('Initial Study'!K:K, MATCH(K55, 'Initial Study'!B:B, 0)+2),"-"),"-") | Z55: =IF(R55="RE", X55 & "BT/" & IF(Y55 <> "-", Y55 & "BT", ""), IF(OR(R55="LTDR", R55="LTSR"), X55 & "BL" & IF(Y55 <> "-", "/" & Y55 & "BT", ""), IF(OR(R55="RTDR", R55="RTSR"), X55 & "BR" & IF(Y55 <> "-", "/" & Y55 & "BT", ""), IF(Y55 <> "-", X55 & "BT/" & Y55 & "BT", X55 & "BT"))))
A56: 534 | B56: BEACH | C56: 0 | E56: BEACH | F56: SEASIDE | G56: BEACH | H56: 999.999 | I56: NIS | K56: 107511212 | L56: 45215 | M56: 27 | N56: 1 | O56: 7 | P56: 4 | Q56: B | R56: =IFERROR(VLOOKUP(M56,Index!$A$1:$B$26,2,FALSE),"") | S56: =Z56 | U56: =IFERROR(INDEX(DetailedFiche!Q:Q,MATCH(K56,DetailedFiche!J:J,0)),"") | V56: =IFERROR(INDEX(DetailedFiche!R:R,MATCH(K56,DetailedFiche!J:J,0)),"") | X56: =IFERROR(IF(AND(INDEX('Initial Study'!K:K, MATCH(K56, 'Initial Study'!B:B, 0)+1)<>0,INDEX('Initial Study'!K:K, MATCH(K56, 'Initial Study'!B:B, 0)+1)<>""),INDEX('Initial Study'!K:K, MATCH(K56, 'Initial Study'!B:B, 0)+1),""),"") | Y56: =IFERROR(IF(AND(INDEX('Initial Study'!K:K, MATCH(K56, 'Initial Study'!B:B, 0)+2)<>0,INDEX('Initial Study'!K:K, MATCH(K56, 'Initial Study'!B:B, 0)+2)<>"",NOT(ISNUMBER(INDEX('Initial Study'!K:K, MATCH(K56, 'Initial Study'!B:B, 0)+2)))),INDEX('Initial Study'!K:K, MATCH(K56, 'Initial Study'!B:B, 0)+2),"-"),"-") | Z56: =IF(R56="RE", X56 & "BT/" & IF(Y56 <> "-", Y56 & "BT", ""), IF(OR(R56="LTDR", R56="LTSR"), X56 & "BL" & IF(Y56 <> "-", "/" & Y56 & "BT", ""), IF(OR(R56="RTDR", R56="RTSR"), X56 & "BR" & IF(Y56 <> "-", "/" & Y56 & "BT", ""), IF(Y56 <> "-", X56 & "BT/" & Y56 & "BT", X56 & "BT"))))
A57: 401 | B57: BEACH | C57: 0.002 | D57: W | E57: BEACH | F57: OCEAN ISLE BEACH | G57: BEACH | H57: 999.999 | I57: NIS | K57: 108426038 | L57: 45501 | M57: 18 | N57: 1 | O57: 10 | P57: 1 | Q57: O | R57: =IFERROR(VLOOKUP(M57,Index!$A$1:$B$26,2,FALSE),"") | S57: =Z57 | U57: =IFERROR(INDEX(DetailedFiche!Q:Q,MATCH(K57,DetailedFiche!J:J,0)),"") | V57: =IFERROR(INDEX(DetailedFiche!R:R,MATCH(K57,DetailedFiche!J:J,0)),"") | X57: =IFERROR(IF(AND(INDEX('Initial Study'!K:K, MATCH(K57, 'Initial Study'!B:B, 0)+1)<>0,INDEX('Initial Study'!K:K, MATCH(K57, 'Initial Study'!B:B, 0)+1)<>""),INDEX('Initial Study'!K:K, MATCH(K57, 'Initial Study'!B:B, 0)+1),""),"") | Y57: =IFERROR(IF(AND(INDEX('Initial Study'!K:K, MATCH(K57, 'Initial Study'!B:B, 0)+2)<>0,INDEX('Initial Study'!K:K, MATCH(K57, 'Initial Study'!B:B, 0)+2)<>"",NOT(ISNUMBER(INDEX('Initial Study'!K:K, MATCH(K57, 'Initial Study'!B:B, 0)+2)))),INDEX('Initial Study'!K:K, MATCH(K57, 'Initial Study'!B:B, 0)+2),"-"),"-") | Z57: =IF(R57="RE", X57 & "BT/" & IF(Y57 <> "-", Y57 & "BT", ""), IF(OR(R57="LTDR", R57="LTSR"), X57 & "BL" & IF(Y57 <> "-", "/" & Y57 & "BT", ""), IF(OR(R57="RTDR", R57="RTSR"), X57 & "BR" & IF(Y57 <> "-", "/" & Y57 & "BT", ""), IF(Y57 <> "-", X57 & "BT/" & Y57 & "BT", X57 & "BT"))))
A58: 534 | B58: BEACH | C58: 0.028 | D58: NW | E58: BEACH | F58: *LCL LITTLE OSPREY DR | G58: BEACH | H58: 999.999 | I58: NIS | K58: 108278801 | L58: 45915 | M58: 17 | N58: 1 | O58: 0 | P58: 5 | Q58: O | R58: =IFERROR(VLOOKUP(M58,Index!$A$1:$B$26,2,FALSE),"") | S58: =Z58 | U58: =IFERROR(INDEX(DetailedFiche!Q:Q,MATCH(K58,DetailedFiche!J:J,0)),"") | V58: =IFERROR(INDEX(DetailedFiche!R:R,MATCH(K58,DetailedFiche!J:J,0)),"") | X58: =IFERROR(IF(AND(INDEX('Initial Study'!K:K, MATCH(K58, 'Initial Study'!B:B, 0)+1)<>0,INDEX('Initial Study'!K:K, MATCH(K58, 'Initial Study'!B:B, 0)+1)<>""),INDEX('Initial Study'!K:K, MATCH(K58, 'Initial Study'!B:B, 0)+1),""),"") | Y58: =IFERROR(IF(AND(INDEX('Initial Study'!K:K, MATCH(K58, 'Initial Study'!B:B, 0)+2)<>0,INDEX('Initial Study'!K:K, MATCH(K58, 'Initial Study'!B:B, 0)+2)<>"",NOT(ISNUMBER(INDEX('Initial Study'!K:K, MATCH(K58, 'Initial Study'!B:B, 0)+2)))),INDEX('Initial Study'!K:K, MATCH(K58, 'Initial Study'!B:B, 0)+2),"-"),"-") | Z58: =IF(R58="RE", X58 & "BT/" & IF(Y58 <> "-", Y58 & "BT", ""), IF(OR(R58="LTDR", R58="LTSR"), X58 & "BL" & IF(Y58 <> "-", "/" & Y58 & "BT", ""), IF(OR(R58="RTDR", R58="RTSR"), X58 & "BR" & IF(Y58 <> "-", "/" & Y58 & "BT", ""), IF(Y58 <> "-", X58 & "BT/" & Y58 & "BT", X58 & "BT"))))
A59: 401 | B59: BEACH | C59: 0 | E59: CAUSEWAY | F59: *LCL HALE BEACH RD SW | G59: BEACH | H59: 999.999 | I59: NIS | K59: 106681459 | L59: 44440 | M59: 21 | N59: 1 | O59: 10 | P59: 1 | Q59: O | R59: =IFERROR(VLOOKUP(M59,Index!$A$1:$B$26,2,FALSE),"") | S59: =Z59 | U59: =IFERROR(INDEX(DetailedFiche!Q:Q,MATCH(K59,DetailedFiche!J:J,0)),"") | V59: =IFERROR(INDEX(DetailedFiche!R:R,MATCH(K59,DetailedFiche!J:J,0)),"") | X59: =IFERROR(IF(AND(INDEX('Initial Study'!K:K, MATCH(K59, 'Initial Study'!B:B, 0)+1)<>0,INDEX('Initial Study'!K:K, MATCH(K59, 'Initial Study'!B:B, 0)+1)<>""),INDEX('Initial Study'!K:K, MATCH(K59, 'Initial Study'!B:B, 0)+1),""),"") | Y59: =IFERROR(IF(AND(INDEX('Initial Study'!K:K, MATCH(K59, 'Initial Study'!B:B, 0)+2)<>0,INDEX('Initial Study'!K:K, MATCH(K59, 'Initial Study'!B:B, 0)+2)<>"",NOT(ISNUMBER(INDEX('Initial Study'!K:K, MATCH(K59, 'Initial Study'!B:B, 0)+2)))),INDEX('Initial Study'!K:K, MATCH(K59, 'Initial Study'!B:B, 0)+2),"-"),"-") | Z59: =IF(R59="RE", X59 & "BT/" & IF(Y59 <> "-", Y59 & "BT", ""), IF(OR(R59="LTDR", R59="LTSR"), X59 & "BL" & IF(Y59 <> "-", "/" & Y59 & "BT", ""), IF(OR(R59="RTDR", R59="RTSR"), X59 & "BR" & IF(Y59 <> "-", "/" & Y59 & "BT", ""), IF(Y59 <> "-", X59 & "BT/" & Y59 & "BT", X59 & "BT"))))
A60: 401 | B60: BEACH | C60: 0 | E60: CAUSEWAY | F60: HALE BEACH | G60: BEACH | H60: 999.999 | I60: NIS | K60: 106910119 | L60: 44653 | M60: 21 | N60: 1 | O60: 10 | P60: 1 | Q60: O | R60: =IFERROR(VLOOKUP(M60,Index!$A$1:$B$26,2,FALSE),"") | S60: =Z60 | U60: =IFERROR(INDEX(DetailedFiche!Q:Q,MATCH(K60,DetailedFiche!J:J,0)),"") | V60: =IFERROR(INDEX(DetailedFiche!R:R,MATCH(K60,DetailedFiche!J:J,0)),"") | X60: =IFERROR(IF(AND(INDEX('Initial Study'!K:K, MATCH(K60, 'Initial Study'!B:B, 0)+1)<>0,INDEX('Initial Study'!K:K, MATCH(K60, 'Initial Study'!B:B, 0)+1)<>""),INDEX('Initial Study'!K:K, MATCH(K60, 'Initial Study'!B:B, 0)+1),""),"") | Y60: =IFERROR(IF(AND(INDEX('Initial Study'!K:K, MATCH(K60, 'Initial Study'!B:B, 0)+2)<>0,INDEX('Initial Study'!K:K, MATCH(K60, 'Initial Study'!B:B, 0)+2)<>"",NOT(ISNUMBER(INDEX('Initial Study'!K:K, MATCH(K60, 'Initial Study'!B:B, 0)+2)))),INDEX('Initial Study'!K:K, MATCH(K60, 'Initial Study'!B:B, 0)+2),"-"),"-") | Z60: =IF(R60="RE", X60 & "BT/" & IF(Y60 <> "-", Y60 & "BT", ""), IF(OR(R60="LTDR", R60="LTSR"), X60 & "BL" & IF(Y60 <> "-", "/" & Y60 & "BT", ""), IF(OR(R60="RTDR", R60="RTSR"), X60 & "BR" & IF(Y60 <> "-", "/" & Y60 & "BT", ""), IF(Y60 <> "-", X60 & "BT/" & Y60 & "BT", X60 & "BT"))))
A61: 401 | B61: BEACH | C61: 0 | E61: CAUSEWAY | F61: *LCL CULLPEPPER ST | G61: BEACH | H61: 999.999 | I61: NIS | K61: 108425568 | L61: 45710 | M61: 26 | N61: 1 | O61: 10 | P61: 4 | Q61: O | R61: =IFERROR(VLOOKUP(M61,Index!$A$1:$B$26,2,FALSE),"") | S61: =Z61 | U61: =IFERROR(INDEX(DetailedFiche!Q:Q,MATCH(K61,DetailedFiche!J:J,0)),"") | V61: =IFERROR(INDEX(DetailedFiche!R:R,MATCH(K61,DetailedFiche!J:J,0)),"") | X61: =IFERROR(IF(AND(INDEX('Initial Study'!K:K, MATCH(K61, 'Initial Study'!B:B, 0)+1)<>0,INDEX('Initial Study'!K:K, MATCH(K61, 'Initial Study'!B:B, 0)+1)<>""),INDEX('Initial Study'!K:K, MATCH(K61, 'Initial Study'!B:B, 0)+1),""),"") | Y61: =IFERROR(IF(AND(INDEX('Initial Study'!K:K, MATCH(K61, 'Initial Study'!B:B, 0)+2)<>0,INDEX('Initial Study'!K:K, MATCH(K61, 'Initial Study'!B:B, 0)+2)<>"",NOT(ISNUMBER(INDEX('Initial Study'!K:K, MATCH(K61, 'Initial Study'!B:B, 0)+2)))),INDEX('Initial Study'!K:K, MATCH(K61, 'Initial Study'!B:B, 0)+2),"-"),"-") | Z61: =IF(R61="RE", X61 & "BT/" & IF(Y61 <> "-", Y61 & "BT", ""), IF(OR(R61="LTDR", R61="LTSR"), X61 & "BL" & IF(Y61 <> "-", "/" & Y61 & "BT", ""), IF(OR(R61="RTDR", R61="RTSR"), X61 & "BR" & IF(Y61 <> "-", "/" & Y61 & "BT", ""), IF(Y61 <> "-", X61 & "BT/" & Y61 & "BT", X61 & "BT"))))
A62: 401 | B62: BEACH | C62: 0.009 | D62: W | E62: CAUSEWAY | F62: HALE BEACH | G62: BEACH | H62: 999.999 | I62: NIS | K62: 108095408 | L62: 44909 | M62: 21 | N62: 1 | O62: 0 | P62: 1 | Q62: O | R62: =IFERROR(VLOOKUP(M62,Index!$A$1:$B$26,2,FALSE),"") | S62: =Z62 | U62: =IFERROR(INDEX(DetailedFiche!Q:Q,MATCH(K62,DetailedFiche!J:J,0)),"") | V62: =IFERROR(INDEX(DetailedFiche!R:R,MATCH(K62,DetailedFiche!J:J,0)),"") | X62: =IFERROR(IF(AND(INDEX('Initial Study'!K:K, MATCH(K62, 'Initial Study'!B:B, 0)+1)<>0,INDEX('Initial Study'!K:K, MATCH(K62, 'Initial Study'!B:B, 0)+1)<>""),INDEX('Initial Study'!K:K, MATCH(K62, 'Initial Study'!B:B, 0)+1),""),"") | Y62: =IFERROR(IF(AND(INDEX('Initial Study'!K:K, MATCH(K62, 'Initial Study'!B:B, 0)+2)<>0,INDEX('Initial Study'!K:K, MATCH(K62, 'Initial Study'!B:B, 0)+2)<>"",NOT(ISNUMBER(INDEX('Initial Study'!K:K, MATCH(K62, 'Initial Study'!B:B, 0)+2)))),INDEX('Initial Study'!K:K, MATCH(K62, 'Initial Study'!B:B, 0)+2),"-"),"-") | Z62: =IF(R62="RE", X62 & "BT/" & IF(Y62 <> "-", Y62 & "BT", ""), IF(OR(R62="LTDR", R62="LTSR"), X62 & "BL" & IF(Y62 <> "-", "/" & Y62 & "BT", ""), IF(OR(R62="RTDR", R62="RTSR"), X62 & "BR" & IF(Y62 <> "-", "/" & Y62 & "BT", ""), IF(Y62 <> "-", X62 & "BT/" & Y62 & "BT", X62 & "BT"))))
A63: 401 | B63: BEACH | C63: 0.049 | D63: W | E63: CAUSEWAY | F63: *LCL HALE BEACH DR | G63: BEACH | H63: 999.999 | I63: NIS | K63: 108580083 | L63: 46235 | M63: 21 | N63: 1 | O63: 0 | P63: 1 | Q63: O | R63: =IFERROR(VLOOKUP(M63,Index!$A$1:$B$26,2,FALSE),"") | S63: =Z63 | U63: =IFERROR(INDEX(DetailedFiche!Q:Q,MATCH(K63,DetailedFiche!J:J,0)),"") | V63: =IFERROR(INDEX(DetailedFiche!R:R,MATCH(K63,DetailedFiche!J:J,0)),"") | X63: =IFERROR(IF(AND(INDEX('Initial Study'!K:K, MATCH(K63, 'Initial Study'!B:B, 0)+1)<>0,INDEX('Initial Study'!K:K, MATCH(K63, 'Initial Study'!B:B, 0)+1)<>""),INDEX('Initial Study'!K:K, MATCH(K63, 'Initial Study'!B:B, 0)+1),""),"") | Y63: =IFERROR(IF(AND(INDEX('Initial Study'!K:K, MATCH(K63, 'Initial Study'!B:B, 0)+2)<>0,INDEX('Initial Study'!K:K, MATCH(K63, 'Initial Study'!B:B, 0)+2)<>"",NOT(ISNUMBER(INDEX('Initial Study'!K:K, MATCH(K63, 'Initial Study'!B:B, 0)+2)))),INDEX('Initial Study'!K:K, MATCH(K63, 'Initial Study'!B:B, 0)+2),"-"),"-") | Z63: =IF(R63="RE", X63 & "BT/" & IF(Y63 <> "-", Y63 & "BT", ""), IF(OR(R63="LTDR", R63="LTSR"), X63 & "BL" & IF(Y63 <> "-", "/" & Y63 & "BT", ""), IF(OR(R63="RTDR", R63="RTSR"), X63 & "BR" & IF(Y63 <> "-", "/" & Y63 & "BT", ""), IF(Y63 <> "-", X63 & "BT/" & Y63 & "BT", X63 & "BT"))))
A64: 401 | B64: BEACH | C64: 0.057 | D64: W | E64: CAUSEWAY | F64: CAUSEWAY | G64: BEACH | H64: 999.999 | I64: NIS | K64: 108432862 | L64: 45752 | M64: 1 | N64: 1 | O64: 4 | P64: 1 | Q64: B | R64: =IFERROR(VLOOKUP(M64,Index!$A$1:$B$26,2,FALSE),"") | S64: =Z64 | U64: =IFERROR(INDEX(DetailedFiche!Q:Q,MATCH(K64,DetailedFiche!J:J,0)),"") | V64: =IFERROR(INDEX(DetailedFiche!R:R,MATCH(K64,DetailedFiche!J:J,0)),"") | X64: =IFERROR(IF(AND(INDEX('Initial Study'!K:K, MATCH(K64, 'Initial Study'!B:B, 0)+1)<>0,INDEX('Initial Study'!K:K, MATCH(K64, 'Initial Study'!B:B, 0)+1)<>""),INDEX('Initial Study'!K:K, MATCH(K64, 'Initial Study'!B:B, 0)+1),""),"") | Y64: =IFERROR(IF(AND(INDEX('Initial Study'!K:K, MATCH(K64, 'Initial Study'!B:B, 0)+2)<>0,INDEX('Initial Study'!K:K, MATCH(K64, 'Initial Study'!B:B, 0)+2)<>"",NOT(ISNUMBER(INDEX('Initial Study'!K:K, MATCH(K64, 'Initial Study'!B:B, 0)+2)))),INDEX('Initial Study'!K:K, MATCH(K64, 'Initial Study'!B:B, 0)+2),"-"),"-") | Z64: =IF(R64="RE", X64 & "BT/" & IF(Y64 <> "-", Y64 & "BT", ""), IF(OR(R64="LTDR", R64="LTSR"), X64 & "BL" & IF(Y64 <> "-", "/" & Y64 & "BT", ""), IF(OR(R64="RTDR", R64="RTSR"), X64 & "BR" & IF(Y64 <> "-", "/" & Y64 & "BT", ""), IF(Y64 <> "-", X64 & "BT/" & Y64 & "BT", X64 & "BT"))))
A65: 0 | B65: BEACH | C65: 0.019 | D65: S | E65: EVERGREEN | F65: *LCL COASTAL PINE DR | G65: BEACH | H65: 999.999 | I65: NIS | K65: 107398489 | L65: 45122 | M65: 28 | N65: 1 | O65: 0 | P65: 1 | Q65: O | R65: =IFERROR(VLOOKUP(M65,Index!$A$1:$B$26,2,FALSE),"") | S65: =Z65 | U65: =IFERROR(INDEX(DetailedFiche!Q:Q,MATCH(K65,DetailedFiche!J:J,0)),"") | V65: =IFERROR(INDEX(DetailedFiche!R:R,MATCH(K65,DetailedFiche!J:J,0)),"") | X65: =IFERROR(IF(AND(INDEX('Initial Study'!K:K, MATCH(K65, 'Initial Study'!B:B, 0)+1)<>0,INDEX('Initial Study'!K:K, MATCH(K65, 'Initial Study'!B:B, 0)+1)<>""),INDEX('Initial Study'!K:K, MATCH(K65, 'Initial Study'!B:B, 0)+1),""),"") | Y65: =IFERROR(IF(AND(INDEX('Initial Study'!K:K, MATCH(K65, 'Initial Study'!B:B, 0)+2)<>0,INDEX('Initial Study'!K:K, MATCH(K65, 'Initial Study'!B:B, 0)+2)<>"",NOT(ISNUMBER(INDEX('Initial Study'!K:K, MATCH(K65, 'Initial Study'!B:B, 0)+2)))),INDEX('Initial Study'!K:K, MATCH(K65, 'Initial Study'!B:B, 0)+2),"-"),"-") | Z65: =IF(R65="RE", X65 & "BT/" & IF(Y65 <> "-", Y65 & "BT", ""), IF(OR(R65="LTDR", R65="LTSR"), X65 & "BL" & IF(Y65 <> "-", "/" & Y65 & "BT", ""), IF(OR(R65="RTDR", R65="RTSR"), X65 & "BR" & IF(Y65 <> "-", "/" & Y65 & "BT", ""), IF(Y65 <> "-", X65 & "BT/" & Y65 & "BT", X65 & "BT"))))
A66: 0 | B66: BEACH | C66: 0 | E66: HICKORY | G66: BEACH | H66: 999.999 | I66: NIS | K66: 107352367 | L66: 45077 | M66: 25 | N66: 1 | O66: 8 | P66: 1 | Q66: C | R66: =IFERROR(VLOOKUP(M66,Index!$A$1:$B$26,2,FALSE),"") | S66: =Z66 | U66: =IFERROR(INDEX(DetailedFiche!Q:Q,MATCH(K66,DetailedFiche!J:J,0)),"") | V66: =IFERROR(INDEX(DetailedFiche!R:R,MATCH(K66,DetailedFiche!J:J,0)),"") | X66: =IFERROR(IF(AND(INDEX('Initial Study'!K:K, MATCH(K66, 'Initial Study'!B:B, 0)+1)<>0,INDEX('Initial Study'!K:K, MATCH(K66, 'Initial Study'!B:B, 0)+1)<>""),INDEX('Initial Study'!K:K, MATCH(K66, 'Initial Study'!B:B, 0)+1),""),"") | Y66: =IFERROR(IF(AND(INDEX('Initial Study'!K:K, MATCH(K66, 'Initial Study'!B:B, 0)+2)<>0,INDEX('Initial Study'!K:K, MATCH(K66, 'Initial Study'!B:B, 0)+2)<>"",NOT(ISNUMBER(INDEX('Initial Study'!K:K, MATCH(K66, 'Initial Study'!B:B, 0)+2)))),INDEX('Initial Study'!K:K, MATCH(K66, 'Initial Study'!B:B, 0)+2),"-"),"-") | Z66: =IF(R66="RE", X66 & "BT/" & IF(Y66 <> "-", Y66 & "BT", ""), IF(OR(R66="LTDR", R66="LTSR"), X66 & "BL" & IF(Y66 <> "-", "/" & Y66 & "BT", ""), IF(OR(R66="RTDR", R66="RTSR"), X66 & "BR" & IF(Y66 <> "-", "/" & Y66 & "BT", ""), IF(Y66 <> "-", X66 & "BT/" & Y66 & "BT", X66 & "BT"))))
A67: 0 | B67: BEACH | C67: 0.076 | D67: E | E67: HICKORY | F67: *LCL GAUSE LANDING RD | G67: BEACH | H67: 999.999 | I67: NIS | K67: 106693681 | L67: 44451 | M67: 21 | N67: 1 | O67: 0 | P67: 1 | Q67: O | R67: =IFERROR(VLOOKUP(M67,Index!$A$1:$B$26,2,FALSE),"") | S67: =Z67 | U67: =IFERROR(INDEX(DetailedFiche!Q:Q,MATCH(K67,DetailedFiche!J:J,0)),"") | V67: =IFERROR(INDEX(DetailedFiche!R:R,MATCH(K67,DetailedFiche!J:J,0)),"") | X67: =IFERROR(IF(AND(INDEX('Initial Study'!K:K, MATCH(K67, 'Initial Study'!B:B, 0)+1)<>0,INDEX('Initial Study'!K:K, MATCH(K67, 'Initial Study'!B:B, 0)+1)<>""),INDEX('Initial Study'!K:K, MATCH(K67, 'Initial Study'!B:B, 0)+1),""),"") | Y67: =IFERROR(IF(AND(INDEX('Initial Study'!K:K, MATCH(K67, 'Initial Study'!B:B, 0)+2)<>0,INDEX('Initial Study'!K:K, MATCH(K67, 'Initial Study'!B:B, 0)+2)<>"",NOT(ISNUMBER(INDEX('Initial Study'!K:K, MATCH(K67, 'Initial Study'!B:B, 0)+2)))),INDEX('Initial Study'!K:K, MATCH(K67, 'Initial Study'!B:B, 0)+2),"-"),"-") | Z67: =IF(R67="RE", X67 & "BT/" & IF(Y67 <> "-", Y67 & "BT", ""), IF(OR(R67="LTDR", R67="LTSR"), X67 & "BL" & IF(Y67 <> "-", "/" & Y67 & "BT", ""), IF(OR(R67="RTDR", R67="RTSR"), X67 & "BR" & IF(Y67 <> "-", "/" & Y67 & "BT", ""), IF(Y67 <> "-", X67 & "BT/" & Y67 & "BT", X67 & "BT"))))
A68: 0 | B68: BEACH | C68: 0.009 | D68: NE | E68: HORSE BRANCH | F68: *LCL LANDING BLVD | G68: BEACH | H68: 999.999 | I68: NIS | K68: 107974471 | L68: 45648 | M68: 17 | N68: 1 | O68: 0 | P68: 6 | Q68: O | R68: =IFERROR(VLOOKUP(M68,Index!$A$1:$B$26,2,FALSE),"") | S68: =Z68 | U68: =IFERROR(INDEX(DetailedFiche!Q:Q,MATCH(K68,DetailedFiche!J:J,0)),"") | V68: =IFERROR(INDEX(DetailedFiche!R:R,MATCH(K68,DetailedFiche!J:J,0)),"") | X68: =IFERROR(IF(AND(INDEX('Initial Study'!K:K, MATCH(K68, 'Initial Study'!B:B, 0)+1)<>0,INDEX('Initial Study'!K:K, MATCH(K68, 'Initial Study'!B:B, 0)+1)<>""),INDEX('Initial Study'!K:K, MATCH(K68, 'Initial Study'!B:B, 0)+1),""),"") | Y68: =IFERROR(IF(AND(INDEX('Initial Study'!K:K, MATCH(K68, 'Initial Study'!B:B, 0)+2)<>0,INDEX('Initial Study'!K:K, MATCH(K68, 'Initial Study'!B:B, 0)+2)<>"",NOT(ISNUMBER(INDEX('Initial Study'!K:K, MATCH(K68, 'Initial Study'!B:B, 0)+2)))),INDEX('Initial Study'!K:K, MATCH(K68, 'Initial Study'!B:B, 0)+2),"-"),"-") | Z68: =IF(R68="RE", X68 & "BT/" & IF(Y68 <> "-", Y68 & "BT", ""), IF(OR(R68="LTDR", R68="LTSR"), X68 & "BL" & IF(Y68 <> "-", "/" & Y68 & "BT", ""), IF(OR(R68="RTDR", R68="RTSR"), X68 & "BR" & IF(Y68 <> "-", "/" & Y68 & "BT", ""), IF(Y68 <> "-", X68 & "BT/" & Y68 & "BT", X68 & "BT"))))
A69: 0 | B69: BEACH | C69: 0.095 | D69: NE | E69: KENNEDY | F69: PEARCE | G69: BEACH | H69: 999.999 | I69: NIS | K69: 108177333 | L69: 45849 | M69: 24 | N69: 1 | O69: 0 | P69: 1 | Q69: O | R69: =IFERROR(VLOOKUP(M69,Index!$A$1:$B$26,2,FALSE),"") | S69: =Z69 | U69: =IFERROR(INDEX(DetailedFiche!Q:Q,MATCH(K69,DetailedFiche!J:J,0)),"") | V69: =IFERROR(INDEX(DetailedFiche!R:R,MATCH(K69,DetailedFiche!J:J,0)),"") | X69: =IFERROR(IF(AND(INDEX('Initial Study'!K:K, MATCH(K69, 'Initial Study'!B:B, 0)+1)<>0,INDEX('Initial Study'!K:K, MATCH(K69, 'Initial Study'!B:B, 0)+1)<>""),INDEX('Initial Study'!K:K, MATCH(K69, 'Initial Study'!B:B, 0)+1),""),"") | Y69: =IFERROR(IF(AND(INDEX('Initial Study'!K:K, MATCH(K69, 'Initial Study'!B:B, 0)+2)<>0,INDEX('Initial Study'!K:K, MATCH(K69, 'Initial Study'!B:B, 0)+2)<>"",NOT(ISNUMBER(INDEX('Initial Study'!K:K, MATCH(K69, 'Initial Study'!B:B, 0)+2)))),INDEX('Initial Study'!K:K, MATCH(K69, 'Initial Study'!B:B, 0)+2),"-"),"-") | Z69: =IF(R69="RE", X69 & "BT/" & IF(Y69 <> "-", Y69 & "BT", ""), IF(OR(R69="LTDR", R69="LTSR"), X69 & "BL" & IF(Y69 <> "-", "/" & Y69 & "BT", ""), IF(OR(R69="RTDR", R69="RTSR"), X69 & "BR" & IF(Y69 <> "-", "/" & Y69 & "BT", ""), IF(Y69 <> "-", X69 & "BT/" & Y69 & "BT", X69 & "BT"))))
A70: 74 | B70: BEACH | C70: 0.13 | D70: NE | E70: KINGFISH | F70: THOMASBORO | G70: BEACH | H70: 999.999 | I70: NIS | K70: 107624866 | L70: 45337 | M70: 17 | N70: 1 | O70: 0 | P70: 4 | Q70: O | R70: =IFERROR(VLOOKUP(M70,Index!$A$1:$B$26,2,FALSE),"") | S70: =Z70 | U70: =IFERROR(INDEX(DetailedFiche!Q:Q,MATCH(K70,DetailedFiche!J:J,0)),"") | V70: =IFERROR(INDEX(DetailedFiche!R:R,MATCH(K70,DetailedFiche!J:J,0)),"") | X70: =IFERROR(IF(AND(INDEX('Initial Study'!K:K, MATCH(K70, 'Initial Study'!B:B, 0)+1)<>0,INDEX('Initial Study'!K:K, MATCH(K70, 'Initial Study'!B:B, 0)+1)<>""),INDEX('Initial Study'!K:K, MATCH(K70, 'Initial Study'!B:B, 0)+1),""),"") | Y70: =IFERROR(IF(AND(INDEX('Initial Study'!K:K, MATCH(K70, 'Initial Study'!B:B, 0)+2)<>0,INDEX('Initial Study'!K:K, MATCH(K70, 'Initial Study'!B:B, 0)+2)<>"",NOT(ISNUMBER(INDEX('Initial Study'!K:K, MATCH(K70, 'Initial Study'!B:B, 0)+2)))),INDEX('Initial Study'!K:K, MATCH(K70, 'Initial Study'!B:B, 0)+2),"-"),"-") | Z70: =IF(R70="RE", X70 & "BT/" & IF(Y70 <> "-", Y70 & "BT", ""), IF(OR(R70="LTDR", R70="LTSR"), X70 & "BL" & IF(Y70 <> "-", "/" & Y70 & "BT", ""), IF(OR(R70="RTDR", R70="RTSR"), X70 & "BR" & IF(Y70 <> "-", "/" & Y70 & "BT", ""), IF(Y70 <> "-", X70 & "BT/" & Y70 & "BT", X70 & "BT"))))
A71: 74 | B71: BEACH | C71: 0.1 | D71: W | E71: MARSH HARBOR | F71: COUNTRY CLUB | G71: BEACH | H71: 999.999 | I71: NIS | K71: 107543421 | L71: 45257 | M71: 28 | N71: 1 | P71: 1 | Q71: O | R71: =IFERROR(VLOOKUP(M71,Index!$A$1:$B$26,2,FALSE),"") | S71: =Z71 | U71: =IFERROR(INDEX(DetailedFiche!Q:Q,MATCH(K71,DetailedFiche!J:J,0)),"") | V71: =IFERROR(INDEX(DetailedFiche!R:R,MATCH(K71,DetailedFiche!J:J,0)),"") | X71: =IFERROR(IF(AND(INDEX('Initial Study'!K:K, MATCH(K71, 'Initial Study'!B:B, 0)+1)<>0,INDEX('Initial Study'!K:K, MATCH(K71, 'Initial Study'!B:B, 0)+1)<>""),INDEX('Initial Study'!K:K, MATCH(K71, 'Initial Study'!B:B, 0)+1),""),"") | Y71: =IFERROR(IF(AND(INDEX('Initial Study'!K:K, MATCH(K71, 'Initial Study'!B:B, 0)+2)<>0,INDEX('Initial Study'!K:K, MATCH(K71, 'Initial Study'!B:B, 0)+2)<>"",NOT(ISNUMBER(INDEX('Initial Study'!K:K, MATCH(K71, 'Initial Study'!B:B, 0)+2)))),INDEX('Initial Study'!K:K, MATCH(K71, 'Initial Study'!B:B, 0)+2),"-"),"-") | Z71: =IF(R71="RE", X71 & "BT/" & IF(Y71 <> "-", Y71 & "BT", ""), IF(OR(R71="LTDR", R71="LTSR"), X71 & "BL" & IF(Y71 <> "-", "/" & Y71 & "BT", ""), IF(OR(R71="RTDR", R71="RTSR"), X71 & "BR" & IF(Y71 <> "-", "/" & Y71 & "BT", ""), IF(Y71 <> "-", X71 & "BT/" & Y71 & "BT", X71 & "BT"))))
A72: 0 | B72: BEACH | C72: 0 | E72: OCEAN ISLE BEACH | F72: HALE BEACH | G72: BEACH | H72: 999.999 | I72: NIS | K72: 106769206 | L72: 44511 | M72: 21 | N72: 1 | O72: 0 | P72: 1 | R72: =IFERROR(VLOOKUP(M72,Index!$A$1:$B$26,2,FALSE),"") | S72: =Z72 | U72: =IFERROR(INDEX(DetailedFiche!Q:Q,MATCH(K72,DetailedFiche!J:J,0)),"") | V72: =IFERROR(INDEX(DetailedFiche!R:R,MATCH(K72,DetailedFiche!J:J,0)),"") | X72: =IFERROR(IF(AND(INDEX('Initial Study'!K:K, MATCH(K72, 'Initial Study'!B:B, 0)+1)<>0,INDEX('Initial Study'!K:K, MATCH(K72, 'Initial Study'!B:B, 0)+1)<>""),INDEX('Initial Study'!K:K, MATCH(K72, 'Initial Study'!B:B, 0)+1),""),"") | Y72: =IFERROR(IF(AND(INDEX('Initial Study'!K:K, MATCH(K72, 'Initial Study'!B:B, 0)+2)<>0,INDEX('Initial Study'!K:K, MATCH(K72, 'Initial Study'!B:B, 0)+2)<>"",NOT(ISNUMBER(INDEX('Initial Study'!K:K, MATCH(K72, 'Initial Study'!B:B, 0)+2)))),INDEX('Initial Study'!K:K, MATCH(K72, 'Initial Study'!B:B, 0)+2),"-"),"-") | Z72: =IF(R72="RE", X72 & "BT/" & IF(Y72 <> "-", Y72 & "BT", ""), IF(OR(R72="LTDR", R72="LTSR"), X72 & "BL" & IF(Y72 <> "-", "/" & Y72 & "BT", ""), IF(OR(R72="RTDR", R72="RTSR"), X72 & "BR" & IF(Y72 <> "-", "/" & Y72 & "BT", ""), IF(Y72 <> "-", X72 & "BT/" & Y72 & "BT", X72 & "BT"))))
A73: 401 | B73: BEACH | C73: 0.005 | D73: W | E73: OCEAN ISLE BEACH | F73: BEACH | G73: BEACH | H73: 999.999 | I73: NIS | K73: 107361024 | L73: 45084 | M73: 21 | N73: 1 | O73: 0 | P73: 1 | Q73: O | R73: =IFERROR(VLOOKUP(M73,Index!$A$1:$B$26,2,FALSE),"") | S73: =Z73 | U73: =IFERROR(INDEX(DetailedFiche!Q:Q,MATCH(K73,DetailedFiche!J:J,0)),"") | V73: =IFERROR(INDEX(DetailedFiche!R:R,MATCH(K73,DetailedFiche!J:J,0)),"") | X73: =IFERROR(IF(AND(INDEX('Initial Study'!K:K, MATCH(K73, 'Initial Study'!B:B, 0)+1)<>0,INDEX('Initial Study'!K:K, MATCH(K73, 'Initial Study'!B:B, 0)+1)<>""),INDEX('Initial Study'!K:K, MATCH(K73, 'Initial Study'!B:B, 0)+1),""),"") | Y73: =IFERROR(IF(AND(INDEX('Initial Study'!K:K, MATCH(K73, 'Initial Study'!B:B, 0)+2)<>0,INDEX('Initial Study'!K:K, MATCH(K73, 'Initial Study'!B:B, 0)+2)<>"",NOT(ISNUMBER(INDEX('Initial Study'!K:K, MATCH(K73, 'Initial Study'!B:B, 0)+2)))),INDEX('Initial Study'!K:K, MATCH(K73, 'Initial Study'!B:B, 0)+2),"-"),"-") | Z73: =IF(R73="RE", X73 & "BT/" & IF(Y73 <> "-", Y73 & "BT", ""), IF(OR(R73="LTDR", R73="LTSR"), X73 & "BL" & IF(Y73 <> "-", "/" & Y73 & "BT", ""), IF(OR(R73="RTDR", R73="RTSR"), X73 & "BR" & IF(Y73 <> "-", "/" & Y73 & "BT", ""), IF(Y73 <> "-", X73 & "BT/" & Y73 & "BT", X73 & "BT"))))
A74: 74 | B74: BEACH | C74: 0.095 | D74: S | E74: RIVER | F74: COUNTRY CLUB | G74: BEACH | H74: 999.999 | I74: NIS | K74: 108171992 | L74: 45841 | M74: 21 | N74: 1 | O74: 0 | P74: 1 | Q74: C | R74: =IFERROR(VLOOKUP(M74,Index!$A$1:$B$26,2,FALSE),"") | S74: =Z74 | U74: =IFERROR(INDEX(DetailedFiche!Q:Q,MATCH(K74,DetailedFiche!J:J,0)),"") | V74: =IFERROR(INDEX(DetailedFiche!R:R,MATCH(K74,DetailedFiche!J:J,0)),"") | X74: =IFERROR(IF(AND(INDEX('Initial Study'!K:K, MATCH(K74, 'Initial Study'!B:B, 0)+1)<>0,INDEX('Initial Study'!K:K, MATCH(K74, 'Initial Study'!B:B, 0)+1)<>""),INDEX('Initial Study'!K:K, MATCH(K74, 'Initial Study'!B:B, 0)+1),""),"") | Y74: =IFERROR(IF(AND(INDEX('Initial Study'!K:K, MATCH(K74, 'Initial Study'!B:B, 0)+2)<>0,INDEX('Initial Study'!K:K, MATCH(K74, 'Initial Study'!B:B, 0)+2)<>"",NOT(ISNUMBER(INDEX('Initial Study'!K:K, MATCH(K74, 'Initial Study'!B:B, 0)+2)))),INDEX('Initial Study'!K:K, MATCH(K74, 'Initial Study'!B:B, 0)+2),"-"),"-") | Z74: =IF(R74="RE", X74 & "BT/" & IF(Y74 <> "-", Y74 & "BT", ""), IF(OR(R74="LTDR", R74="LTSR"), X74 & "BL" & IF(Y74 <> "-", "/" & Y74 & "BT", ""), IF(OR(R74="RTDR", R74="RTSR"), X74 & "BR" & IF(Y74 <> "-", "/" & Y74 & "BT", ""), IF(Y74 <> "-", X74 & "BT/" & Y74 & "BT", X74 & "BT"))))
A75: 534 | B75: BEACH | C75: 0 | E75: SEASIDE | G75: BEACH | H75: 999.999 | I75: NIS | K75: 108402108 | L75: 46068 | M75: 28 | N75: 2 | O75: 7 | P75: 1 | Q75: O | R75: =IFERROR(VLOOKUP(M75,Index!$A$1:$B$26,2,FALSE),"") | S75: =Z75 | U75: =IFERROR(INDEX(DetailedFiche!Q:Q,MATCH(K75,DetailedFiche!J:J,0)),"") | V75: =IFERROR(INDEX(DetailedFiche!R:R,MATCH(K75,DetailedFiche!J:J,0)),"") | X75: =IFERROR(IF(AND(INDEX('Initial Study'!K:K, MATCH(K75, 'Initial Study'!B:B, 0)+1)<>0,INDEX('Initial Study'!K:K, MATCH(K75, 'Initial Study'!B:B, 0)+1)<>""),INDEX('Initial Study'!K:K, MATCH(K75, 'Initial Study'!B:B, 0)+1),""),"") | Y75: =IFERROR(IF(AND(INDEX('Initial Study'!K:K, MATCH(K75, 'Initial Study'!B:B, 0)+2)<>0,INDEX('Initial Study'!K:K, MATCH(K75, 'Initial Study'!B:B, 0)+2)<>"",NOT(ISNUMBER(INDEX('Initial Study'!K:K, MATCH(K75, 'Initial Study'!B:B, 0)+2)))),INDEX('Initial Study'!K:K, MATCH(K75, 'Initial Study'!B:B, 0)+2),"-"),"-") | Z75: =IF(R75="RE", X75 & "BT/" & IF(Y75 <> "-", Y75 & "BT", ""), IF(OR(R75="LTDR", R75="LTSR"), X75 & "BL" & IF(Y75 <> "-", "/" & Y75 & "BT", ""), IF(OR(R75="RTDR", R75="RTSR"), X75 & "BR" & IF(Y75 <> "-", "/" & Y75 & "BT", ""), IF(Y75 <> "-", X75 & "BT/" & Y75 & "BT", X75 & "BT"))))
A76: 534 | B76: BEACH | C76: 0 | E76: SEASIDE | F76: SEASIDE | G76: BEACH | H76: 999.999 | I76: NIS | K76: 108270871 | L76: 45946 | M76: 23 | N76: 1 | O76: 7 | P76: 1 | Q76: O | R76: =IFERROR(VLOOKUP(M76,Index!$A$1:$B$26,2,FALSE),"") | S76: =Z76 | U76: =IFERROR(INDEX(DetailedFiche!Q:Q,MATCH(K76,DetailedFiche!J:J,0)),"") | V76: =IFERROR(INDEX(DetailedFiche!R:R,MATCH(K76,DetailedFiche!J:J,0)),"") | X76: =IFERROR(IF(AND(INDEX('Initial Study'!K:K, MATCH(K76, 'Initial Study'!B:B, 0)+1)<>0,INDEX('Initial Study'!K:K, MATCH(K76, 'Initial Study'!B:B, 0)+1)<>""),INDEX('Initial Study'!K:K, MATCH(K76, 'Initial Study'!B:B, 0)+1),""),"") | Y76: =IFERROR(IF(AND(INDEX('Initial Study'!K:K, MATCH(K76, 'Initial Study'!B:B, 0)+2)<>0,INDEX('Initial Study'!K:K, MATCH(K76, 'Initial Study'!B:B, 0)+2)<>"",NOT(ISNUMBER(INDEX('Initial Study'!K:K, MATCH(K76, 'Initial Study'!B:B, 0)+2)))),INDEX('Initial Study'!K:K, MATCH(K76, 'Initial Study'!B:B, 0)+2),"-"),"-") | Z76: =IF(R76="RE", X76 & "BT/" & IF(Y76 <> "-", Y76 & "BT", ""), IF(OR(R76="LTDR", R76="LTSR"), X76 & "BL" & IF(Y76 <> "-", "/" & Y76 & "BT", ""), IF(OR(R76="RTDR", R76="RTSR"), X76 & "BR" & IF(Y76 <> "-", "/" & Y76 & "BT", ""), IF(Y76 <> "-", X76 & "BT/" & Y76 & "BT", X76 & "BT"))))
A77: 534 | B77: BEACH | C77: 0 | E77: SEASIDE | G77: BEACH | H77: 999.999 | I77: NIS | K77: 107402706 | L77: 45112 | M77: 28 | N77: 1 | O77: 0 | P77: 1 | Q77: O | R77: =IFERROR(VLOOKUP(M77,Index!$A$1:$B$26,2,FALSE),"") | S77: =Z77 | U77: =IFERROR(INDEX(DetailedFiche!Q:Q,MATCH(K77,DetailedFiche!J:J,0)),"") | V77: =IFERROR(INDEX(DetailedFiche!R:R,MATCH(K77,DetailedFiche!J:J,0)),"") | X77: =IFERROR(IF(AND(INDEX('Initial Study'!K:K, MATCH(K77, 'Initial Study'!B:B, 0)+1)<>0,INDEX('Initial Study'!K:K, MATCH(K77, 'Initial Study'!B:B, 0)+1)<>""),INDEX('Initial Study'!K:K, MATCH(K77, 'Initial Study'!B:B, 0)+1),""),"") | Y77: =IFERROR(IF(AND(INDEX('Initial Study'!K:K, MATCH(K77, 'Initial Study'!B:B, 0)+2)<>0,INDEX('Initial Study'!K:K, MATCH(K77, 'Initial Study'!B:B, 0)+2)<>"",NOT(ISNUMBER(INDEX('Initial Study'!K:K, MATCH(K77, 'Initial Study'!B:B, 0)+2)))),INDEX('Initial Study'!K:K, MATCH(K77, 'Initial Study'!B:B, 0)+2),"-"),"-") | Z77: =IF(R77="RE", X77 & "BT/" & IF(Y77 <> "-", Y77 & "BT", ""), IF(OR(R77="LTDR", R77="LTSR"), X77 & "BL" & IF(Y77 <> "-", "/" & Y77 & "BT", ""), IF(OR(R77="RTDR", R77="RTSR"), X77 & "BR" & IF(Y77 <> "-", "/" & Y77 & "BT", ""), IF(Y77 <> "-", X77 & "BT/" & Y77 & "BT", X77 & "BT"))))
A78: 534 | B78: BEACH | C78: 0 | E78: SEASIDE | F78: SUNSET | G78: BEACH | H78: 999.999 | I78: NIS | K78: 108257156 | L78: 45934 | M78: 31 | N78: 1 | O78: 0 | P78: 1 | Q78: O | R78: =IFERROR(VLOOKUP(M78,Index!$A$1:$B$26,2,FALSE),"") | S78: =Z78 | U78: =IFERROR(INDEX(DetailedFiche!Q:Q,MATCH(K78,DetailedFiche!J:J,0)),"") | V78: =IFERROR(INDEX(DetailedFiche!R:R,MATCH(K78,DetailedFiche!J:J,0)),"") | X78: =IFERROR(IF(AND(INDEX('Initial Study'!K:K, MATCH(K78, 'Initial Study'!B:B, 0)+1)<>0,INDEX('Initial Study'!K:K, MATCH(K78, 'Initial Study'!B:B, 0)+1)<>""),INDEX('Initial Study'!K:K, MATCH(K78, 'Initial Study'!B:B, 0)+1),""),"") | Y78: =IFERROR(IF(AND(INDEX('Initial Study'!K:K, MATCH(K78, 'Initial Study'!B:B, 0)+2)<>0,INDEX('Initial Study'!K:K, MATCH(K78, 'Initial Study'!B:B, 0)+2)<>"",NOT(ISNUMBER(INDEX('Initial Study'!K:K, MATCH(K78, 'Initial Study'!B:B, 0)+2)))),INDEX('Initial Study'!K:K, MATCH(K78, 'Initial Study'!B:B, 0)+2),"-"),"-") | Z78: =IF(R78="RE", X78 & "BT/" & IF(Y78 <> "-", Y78 & "BT", ""), IF(OR(R78="LTDR", R78="LTSR"), X78 & "BL" & IF(Y78 <> "-", "/" & Y78 & "BT", ""), IF(OR(R78="RTDR", R78="RTSR"), X78 & "BR" & IF(Y78 <> "-", "/" & Y78 & "BT", ""), IF(Y78 <> "-", X78 & "BT/" & Y78 & "BT", X78 & "BT"))))
A79: 534 | B79: BEACH | C79: 0.014 | D79: N | E79: SEASIDE | F79: HIDEAWAY | G79: BEACH | H79: 999.999 | I79: NIS | K79: 107880360 | L79: 45568 | M79: 23 | N79: 1 | O79: 0 | P79: 1 | Q79: O | R79: =IFERROR(VLOOKUP(M79,Index!$A$1:$B$26,2,FALSE),"") | S79: =Z79 | U79: =IFERROR(INDEX(DetailedFiche!Q:Q,MATCH(K79,DetailedFiche!J:J,0)),"") | V79: =IFERROR(INDEX(DetailedFiche!R:R,MATCH(K79,DetailedFiche!J:J,0)),"") | X79: =IFERROR(IF(AND(INDEX('Initial Study'!K:K, MATCH(K79, 'Initial Study'!B:B, 0)+1)<>0,INDEX('Initial Study'!K:K, MATCH(K79, 'Initial Study'!B:B, 0)+1)<>""),INDEX('Initial Study'!K:K, MATCH(K79, 'Initial Study'!B:B, 0)+1),""),"") | Y79: =IFERROR(IF(AND(INDEX('Initial Study'!K:K, MATCH(K79, 'Initial Study'!B:B, 0)+2)<>0,INDEX('Initial Study'!K:K, MATCH(K79, 'Initial Study'!B:B, 0)+2)<>"",NOT(ISNUMBER(INDEX('Initial Study'!K:K, MATCH(K79, 'Initial Study'!B:B, 0)+2)))),INDEX('Initial Study'!K:K, MATCH(K79, 'Initial Study'!B:B, 0)+2),"-"),"-") | Z79: =IF(R79="RE", X79 & "BT/" & IF(Y79 <> "-", Y79 & "BT", ""), IF(OR(R79="LTDR", R79="LTSR"), X79 & "BL" & IF(Y79 <> "-", "/" & Y79 & "BT", ""), IF(OR(R79="RTDR", R79="RTSR"), X79 & "BR" & IF(Y79 <> "-", "/" & Y79 & "BT", ""), IF(Y79 <> "-", X79 & "BT/" & Y79 & "BT", X79 & "BT"))))
A80: 534 | B80: BEACH | C80: 0.021 | D80: E | E80: SEASIDE | F80: ATKINSON | G80: BEACH | H80: 999.999 | I80: NIS | K80: 107399864 | L80: 45111 | M80: 1 | N80: 1 | P80: 1 | Q80: O | R80: =IFERROR(VLOOKUP(M80,Index!$A$1:$B$26,2,FALSE),"") | S80: =Z80 | U80: =IFERROR(INDEX(DetailedFiche!Q:Q,MATCH(K80,DetailedFiche!J:J,0)),"") | V80: =IFERROR(INDEX(DetailedFiche!R:R,MATCH(K80,DetailedFiche!J:J,0)),"") | X80: =IFERROR(IF(AND(INDEX('Initial Study'!K:K, MATCH(K80, 'Initial Study'!B:B, 0)+1)<>0,INDEX('Initial Study'!K:K, MATCH(K80, 'Initial Study'!B:B, 0)+1)<>""),INDEX('Initial Study'!K:K, MATCH(K80, 'Initial Study'!B:B, 0)+1),""),"") | Y80: =IFERROR(IF(AND(INDEX('Initial Study'!K:K, MATCH(K80, 'Initial Study'!B:B, 0)+2)<>0,INDEX('Initial Study'!K:K, MATCH(K80, 'Initial Study'!B:B, 0)+2)<>"",NOT(ISNUMBER(INDEX('Initial Study'!K:K, MATCH(K80, 'Initial Study'!B:B, 0)+2)))),INDEX('Initial Study'!K:K, MATCH(K80, 'Initial Study'!B:B, 0)+2),"-"),"-") | Z80: =IF(R80="RE", X80 & "BT/" & IF(Y80 <> "-", Y80 & "BT", ""), IF(OR(R80="LTDR", R80="LTSR"), X80 & "BL" & IF(Y80 <> "-", "/" & Y80 & "BT", ""), IF(OR(R80="RTDR", R80="RTSR"), X80 & "BR" & IF(Y80 <> "-", "/" & Y80 & "BT", ""), IF(Y80 <> "-", X80 & "BT/" & Y80 & "BT", X80 & "BT"))))
A81: 534 | B81: BEACH | C81: 0.047 | D81: E | E81: SEASIDE | F81: *LCL ANGIER STREET | G81: BEACH | H81: 999.999 | I81: NIS | K81: 107793666 | L81: 45497 | M81: 21 | N81: 1 | O81: 0 | P81: 1 | Q81: C | R81: =IFERROR(VLOOKUP(M81,Index!$A$1:$B$26,2,FALSE),"") | S81: =Z81 | U81: =IFERROR(INDEX(DetailedFiche!Q:Q,MATCH(K81,DetailedFiche!J:J,0)),"") | V81: =IFERROR(INDEX(DetailedFiche!R:R,MATCH(K81,DetailedFiche!J:J,0)),"") | X81: =IFERROR(IF(AND(INDEX('Initial Study'!K:K, MATCH(K81, 'Initial Study'!B:B, 0)+1)<>0,INDEX('Initial Study'!K:K, MATCH(K81, 'Initial Study'!B:B, 0)+1)<>""),INDEX('Initial Study'!K:K, MATCH(K81, 'Initial Study'!B:B, 0)+1),""),"") | Y81: =IFERROR(IF(AND(INDEX('Initial Study'!K:K, MATCH(K81, 'Initial Study'!B:B, 0)+2)<>0,INDEX('Initial Study'!K:K, MATCH(K81, 'Initial Study'!B:B, 0)+2)<>"",NOT(ISNUMBER(INDEX('Initial Study'!K:K, MATCH(K81, 'Initial Study'!B:B, 0)+2)))),INDEX('Initial Study'!K:K, MATCH(K81, 'Initial Study'!B:B, 0)+2),"-"),"-") | Z81: =IF(R81="RE", X81 & "BT/" & IF(Y81 <> "-", Y81 & "BT", ""), IF(OR(R81="LTDR", R81="LTSR"), X81 & "BL" & IF(Y81 <> "-", "/" & Y81 & "BT", ""), IF(OR(R81="RTDR", R81="RTSR"), X81 & "BR" & IF(Y81 <> "-", "/" & Y81 & "BT", ""), IF(Y81 <> "-", X81 & "BT/" & Y81 & "BT", X81 & "BT"))))
A82: 534 | B82: BEACH | C82: 0.05 | D82: E | E82: SEASIDE | G82: BEACH | H82: 999.999 | I82: NIS | K82: 107446937 | L82: 45155 | M82: 19 | N82: 1 | O82: 7 | P82: 1 | Q82: O | R82: =IFERROR(VLOOKUP(M82,Index!$A$1:$B$26,2,FALSE),"") | S82: =Z82 | U82: =IFERROR(INDEX(DetailedFiche!Q:Q,MATCH(K82,DetailedFiche!J:J,0)),"") | V82: =IFERROR(INDEX(DetailedFiche!R:R,MATCH(K82,DetailedFiche!J:J,0)),"") | X82: =IFERROR(IF(AND(INDEX('Initial Study'!K:K, MATCH(K82, 'Initial Study'!B:B, 0)+1)<>0,INDEX('Initial Study'!K:K, MATCH(K82, 'Initial Study'!B:B, 0)+1)<>""),INDEX('Initial Study'!K:K, MATCH(K82, 'Initial Study'!B:B, 0)+1),""),"") | Y82: =IFERROR(IF(AND(INDEX('Initial Study'!K:K, MATCH(K82, 'Initial Study'!B:B, 0)+2)<>0,INDEX('Initial Study'!K:K, MATCH(K82, 'Initial Study'!B:B, 0)+2)<>"",NOT(ISNUMBER(INDEX('Initial Study'!K:K, MATCH(K82, 'Initial Study'!B:B, 0)+2)))),INDEX('Initial Study'!K:K, MATCH(K82, 'Initial Study'!B:B, 0)+2),"-"),"-") | Z82: =IF(R82="RE", X82 & "BT/" & IF(Y82 <> "-", Y82 & "BT", ""), IF(OR(R82="LTDR", R82="LTSR"), X82 & "BL" & IF(Y82 <> "-", "/" & Y82 & "BT", ""), IF(OR(R82="RTDR", R82="RTSR"), X82 & "BR" & IF(Y82 <> "-", "/" & Y82 & "BT", ""), IF(Y82 <> "-", X82 & "BT/" & Y82 & "BT", X82 & "BT"))))
A83: 534 | B83: BEACH | C83: 0 | E83: SHULER | F83: SHORELINE | G83: BEACH | H83: 999.999 | I83: NIS | K83: 106859597 | L83: 44536 | M83: 3 | N83: 1 | P83: 4 | Q83: O | R83: =IFERROR(VLOOKUP(M83,Index!$A$1:$B$26,2,FALSE),"") | S83: =Z83 | U83: =IFERROR(INDEX(DetailedFiche!Q:Q,MATCH(K83,DetailedFiche!J:J,0)),"") | V83: =IFERROR(INDEX(DetailedFiche!R:R,MATCH(K83,DetailedFiche!J:J,0)),"") | X83: =IFERROR(IF(AND(INDEX('Initial Study'!K:K, MATCH(K83, 'Initial Study'!B:B, 0)+1)<>0,INDEX('Initial Study'!K:K, MATCH(K83, 'Initial Study'!B:B, 0)+1)<>""),INDEX('Initial Study'!K:K, MATCH(K83, 'Initial Study'!B:B, 0)+1),""),"") | Y83: =IFERROR(IF(AND(INDEX('Initial Study'!K:K, MATCH(K83, 'Initial Study'!B:B, 0)+2)<>0,INDEX('Initial Study'!K:K, MATCH(K83, 'Initial Study'!B:B, 0)+2)<>"",NOT(ISNUMBER(INDEX('Initial Study'!K:K, MATCH(K83, 'Initial Study'!B:B, 0)+2)))),INDEX('Initial Study'!K:K, MATCH(K83, 'Initial Study'!B:B, 0)+2),"-"),"-") | Z83: =IF(R83="RE", X83 & "BT/" & IF(Y83 <> "-", Y83 & "BT", ""), IF(OR(R83="LTDR", R83="LTSR"), X83 & "BL" & IF(Y83 <> "-", "/" & Y83 & "BT", ""), IF(OR(R83="RTDR", R83="RTSR"), X83 & "BR" & IF(Y83 <> "-", "/" & Y83 & "BT", ""), IF(Y83 <> "-", X83 & "BT/" & Y83 & "BT", X83 & "BT"))))
A84: 74 | B84: BEACH | C84: 0 | E84: THOMASBORO | F84: ASHE | G84: BEACH | H84: 999.999 | I84: NIS | K84: 107429000 | L84: 45150 | M84: 24 | N84: 1 | O84: 0 | P84: 1 | Q84: O | R84: =IFERROR(VLOOKUP(M84,Index!$A$1:$B$26,2,FALSE),"") | S84: =Z84 | U84: =IFERROR(INDEX(DetailedFiche!Q:Q,MATCH(K84,DetailedFiche!J:J,0)),"") | V84: =IFERROR(INDEX(DetailedFiche!R:R,MATCH(K84,DetailedFiche!J:J,0)),"") | X84: =IFERROR(IF(AND(INDEX('Initial Study'!K:K, MATCH(K84, 'Initial Study'!B:B, 0)+1)<>0,INDEX('Initial Study'!K:K, MATCH(K84, 'Initial Study'!B:B, 0)+1)<>""),INDEX('Initial Study'!K:K, MATCH(K84, 'Initial Study'!B:B, 0)+1),""),"") | Y84: =IFERROR(IF(AND(INDEX('Initial Study'!K:K, MATCH(K84, 'Initial Study'!B:B, 0)+2)<>0,INDEX('Initial Study'!K:K, MATCH(K84, 'Initial Study'!B:B, 0)+2)<>"",NOT(ISNUMBER(INDEX('Initial Study'!K:K, MATCH(K84, 'Initial Study'!B:B, 0)+2)))),INDEX('Initial Study'!K:K, MATCH(K84, 'Initial Study'!B:B, 0)+2),"-"),"-") | Z84: =IF(R84="RE", X84 & "BT/" & IF(Y84 <> "-", Y84 & "BT", ""), IF(OR(R84="LTDR", R84="LTSR"), X84 & "BL" & IF(Y84 <> "-", "/" & Y84 & "BT", ""), IF(OR(R84="RTDR", R84="RTSR"), X84 & "BR" & IF(Y84 <> "-", "/" & Y84 & "BT", ""), IF(Y84 <> "-", X84 & "BT/" & Y84 & "BT", X84 & "BT"))))
A85: 74 | B85: BEACH | C85: 0.095 | D85: E | E85: TRADER | F85: RIVER | G85: BEACH | H85: 999.999 | I85: NIS | K85: 107429001 | L85: 45156 | M85: 30 | N85: 1 | O85: 0 | P85: 1 | Q85: O | R85: =IFERROR(VLOOKUP(M85,Index!$A$1:$B$26,2,FALSE),"") | S85: =Z85 | U85: =IFERROR(INDEX(DetailedFiche!Q:Q,MATCH(K85,DetailedFiche!J:J,0)),"") | V85: =IFERROR(INDEX(DetailedFiche!R:R,MATCH(K85,DetailedFiche!J:J,0)),"") | X85: =IFERROR(IF(AND(INDEX('Initial Study'!K:K, MATCH(K85, 'Initial Study'!B:B, 0)+1)<>0,INDEX('Initial Study'!K:K, MATCH(K85, 'Initial Study'!B:B, 0)+1)<>""),INDEX('Initial Study'!K:K, MATCH(K85, 'Initial Study'!B:B, 0)+1),""),"") | Y85: =IFERROR(IF(AND(INDEX('Initial Study'!K:K, MATCH(K85, 'Initial Study'!B:B, 0)+2)<>0,INDEX('Initial Study'!K:K, MATCH(K85, 'Initial Study'!B:B, 0)+2)<>"",NOT(ISNUMBER(INDEX('Initial Study'!K:K, MATCH(K85, 'Initial Study'!B:B, 0)+2)))),INDEX('Initial Study'!K:K, MATCH(K85, 'Initial Study'!B:B, 0)+2),"-"),"-") | Z85: =IF(R85="RE", X85 & "BT/" & IF(Y85 <> "-", Y85 & "BT", ""), IF(OR(R85="LTDR", R85="LTSR"), X85 & "BL" & IF(Y85 <> "-", "/" & Y85 & "BT", ""), IF(OR(R85="RTDR", R85="RTSR"), X85 & "BR" & IF(Y85 <> "-", "/" & Y85 & "BT", ""), IF(Y85 <> "-", X85 & "BT/" & Y85 & "BT", X85 & "BT"))))
A86: 74 | B86: BEACH | C86: 0.009 | D86: E | E86: WILSON | G86: BEACH | H86: 999.999 | I86: NIS | K86: 107414732 | L86: 45127 | M86: 30 | N86: 1 | O86: 0 | P86: 1 | Q86: O | R86: =IFERROR(VLOOKUP(M86,Index!$A$1:$B$26,2,FALSE),"") | S86: =Z86 | U86: =IFERROR(INDEX(DetailedFiche!Q:Q,MATCH(K86,DetailedFiche!J:J,0)),"") | V86: =IFERROR(INDEX(DetailedFiche!R:R,MATCH(K86,DetailedFiche!J:J,0)),"") | X86: =IFERROR(IF(AND(INDEX('Initial Study'!K:K, MATCH(K86, 'Initial Study'!B:B, 0)+1)<>0,INDEX('Initial Study'!K:K, MATCH(K86, 'Initial Study'!B:B, 0)+1)<>""),INDEX('Initial Study'!K:K, MATCH(K86, 'Initial Study'!B:B, 0)+1),""),"") | Y86: =IFERROR(IF(AND(INDEX('Initial Study'!K:K, MATCH(K86, 'Initial Study'!B:B, 0)+2)<>0,INDEX('Initial Study'!K:K, MATCH(K86, 'Initial Study'!B:B, 0)+2)<>"",NOT(ISNUMBER(INDEX('Initial Study'!K:K, MATCH(K86, 'Initial Study'!B:B, 0)+2)))),INDEX('Initial Study'!K:K, MATCH(K86, 'Initial Study'!B:B, 0)+2),"-"),"-") | Z86: =IF(R86="RE", X86 & "BT/" & IF(Y86 <> "-", Y86 & "BT", ""), IF(OR(R86="LTDR", R86="LTSR"), X86 & "BL" & IF(Y86 <> "-", "/" & Y86 & "BT", ""), IF(OR(R86="RTDR", R86="RTSR"), X86 & "BR" & IF(Y86 <> "-", "/" & Y86 & "BT", ""), IF(Y86 <> "-", X86 & "BT/" & Y86 & "BT", X86 & "BT"))))
A87: 74 | B87: BEACH | C87: 0.095 | D87: S | E87: WILSON | F87: KINGFISH | G87: BEACH | H87: 999.999 | I87: NIS | K87: 107451842 | L87: 45175 | M87: 1 | N87: 1 | O87: 0 | P87: 1 | Q87: O | R87: =IFERROR(VLOOKUP(M87,Index!$A$1:$B$26,2,FALSE),"") | S87: =Z87 | U87: =IFERROR(INDEX(DetailedFiche!Q:Q,MATCH(K87,DetailedFiche!J:J,0)),"") | V87: =IFERROR(INDEX(DetailedFiche!R:R,MATCH(K87,DetailedFiche!J:J,0)),"") | X87: =IFERROR(IF(AND(INDEX('Initial Study'!K:K, MATCH(K87, 'Initial Study'!B:B, 0)+1)<>0,INDEX('Initial Study'!K:K, MATCH(K87, 'Initial Study'!B:B, 0)+1)<>""),INDEX('Initial Study'!K:K, MATCH(K87, 'Initial Study'!B:B, 0)+1),""),"") | Y87: =IFERROR(IF(AND(INDEX('Initial Study'!K:K, MATCH(K87, 'Initial Study'!B:B, 0)+2)<>0,INDEX('Initial Study'!K:K, MATCH(K87, 'Initial Study'!B:B, 0)+2)<>"",NOT(ISNUMBER(INDEX('Initial Study'!K:K, MATCH(K87, 'Initial Study'!B:B, 0)+2)))),INDEX('Initial Study'!K:K, MATCH(K87, 'Initial Study'!B:B, 0)+2),"-"),"-") | Z87: =IF(R87="RE", X87 & "BT/" & IF(Y87 <> "-", Y87 & "BT", ""), IF(OR(R87="LTDR", R87="LTSR"), X87 & "BL" & IF(Y87 <> "-", "/" & Y87 & "BT", ""), IF(OR(R87="RTDR", R87="RTSR"), X87 & "BR" & IF(Y87 <> "-", "/" & Y87 & "BT", ""), IF(Y87 <> "-", X87 & "BT/" & Y87 & "BT", X87 & "BT"))))
A88: 534 | B88: PVA BEACH DR SW | C88: 0 | E88: SUNSET | F88: SEASIDE | G88: BEACH | H88: 999.999 | I88: NIS | K88: 108622328 | L88: 46259 | M88: 31 | N88: 1 | O88: 0 | P88: 1 | Q88: O | R88: =IFERROR(VLOOKUP(M88,Index!$A$1:$B$26,2,FALSE),"") | S88: =Z88 | U88: =IFERROR(INDEX(DetailedFiche!Q:Q,MATCH(K88,DetailedFiche!J:J,0)),"") | V88: =IFERROR(INDEX(DetailedFiche!R:R,MATCH(K88,DetailedFiche!J:J,0)),"") | X88: =IFERROR(IF(AND(INDEX('Initial Study'!K:K, MATCH(K88, 'Initial Study'!B:B, 0)+1)<>0,INDEX('Initial Study'!K:K, MATCH(K88, 'Initial Study'!B:B, 0)+1)<>""),INDEX('Initial Study'!K:K, MATCH(K88, 'Initial Study'!B:B, 0)+1),""),"") | Y88: =IFERROR(IF(AND(INDEX('Initial Study'!K:K, MATCH(K88, 'Initial Study'!B:B, 0)+2)<>0,INDEX('Initial Study'!K:K, MATCH(K88, 'Initial Study'!B:B, 0)+2)<>"",NOT(ISNUMBER(INDEX('Initial Study'!K:K, MATCH(K88, 'Initial Study'!B:B, 0)+2)))),INDEX('Initial Study'!K:K, MATCH(K88, 'Initial Study'!B:B, 0)+2),"-"),"-") | Z88: =IF(R88="RE", X88 & "BT/" & IF(Y88 <> "-", Y88 & "BT", ""), IF(OR(R88="LTDR", R88="LTSR"), X88 & "BL" & IF(Y88 <> "-", "/" & Y88 & "BT", ""), IF(OR(R88="RTDR", R88="RTSR"), X88 & "BR" & IF(Y88 <> "-", "/" & Y88 & "BT", ""), IF(Y88 <> "-", X88 & "BT/" & Y88 & "BT", X88 & "BT"))))
A89: 401 | B89: CAUSEWAY | C89: 0 | E89: NC 179BUS | F89: OCEAN ISLE BEACH | G89: CAUSEWAY | H89: 999.999 | I89: NIS | K89: 107017567 | L89: 44758 | M89: 28 | N89: 1 | O89: 10 | P89: 4 | Q89: O | R89: =IFERROR(VLOOKUP(M89,Index!$A$1:$B$26,2,FALSE),"") | S89: =Z89 | U89: =IFERROR(INDEX(DetailedFiche!Q:Q,MATCH(K89,DetailedFiche!J:J,0)),"") | V89: =IFERROR(INDEX(DetailedFiche!R:R,MATCH(K89,DetailedFiche!J:J,0)),"") | X89: =IFERROR(IF(AND(INDEX('Initial Study'!K:K, MATCH(K89, 'Initial Study'!B:B, 0)+1)<>0,INDEX('Initial Study'!K:K, MATCH(K89, 'Initial Study'!B:B, 0)+1)<>""),INDEX('Initial Study'!K:K, MATCH(K89, 'Initial Study'!B:B, 0)+1),""),"") | Y89: =IFERROR(IF(AND(INDEX('Initial Study'!K:K, MATCH(K89, 'Initial Study'!B:B, 0)+2)<>0,INDEX('Initial Study'!K:K, MATCH(K89, 'Initial Study'!B:B, 0)+2)<>"",NOT(ISNUMBER(INDEX('Initial Study'!K:K, MATCH(K89, 'Initial Study'!B:B, 0)+2)))),INDEX('Initial Study'!K:K, MATCH(K89, 'Initial Study'!B:B, 0)+2),"-"),"-") | Z89: =IF(R89="RE", X89 & "BT/" & IF(Y89 <> "-", Y89 & "BT", ""), IF(OR(R89="LTDR", R89="LTSR"), X89 & "BL" & IF(Y89 <> "-", "/" & Y89 & "BT", ""), IF(OR(R89="RTDR", R89="RTSR"), X89 & "BR" & IF(Y89 <> "-", "/" & Y89 & "BT", ""), IF(Y89 <> "-", X89 & "BT/" & Y89 & "BT", X89 & "BT"))))
A90: 0 | B90: NC 179 | C90: 0.019 | D90: E | E90: SL-SC | F90: SR 1168 | G90: NC 179 | H90: 0.019 | I90: NIS | K90: 108418921 | L90: 46080 | M90: 19 | N90: 2 | O90: 0 | P90: 1 | Q90: O | R90: =IFERROR(VLOOKUP(M90,Index!$A$1:$B$26,2,FALSE),"") | S90: =Z90 | U90: =IFERROR(INDEX(DetailedFiche!Q:Q,MATCH(K90,DetailedFiche!J:J,0)),"") | V90: =IFERROR(INDEX(DetailedFiche!R:R,MATCH(K90,DetailedFiche!J:J,0)),"") | X90: =IFERROR(IF(AND(INDEX('Initial Study'!K:K, MATCH(K90, 'Initial Study'!B:B, 0)+1)<>0,INDEX('Initial Study'!K:K, MATCH(K90, 'Initial Study'!B:B, 0)+1)<>""),INDEX('Initial Study'!K:K, MATCH(K90, 'Initial Study'!B:B, 0)+1),""),"") | Y90: =IFERROR(IF(AND(INDEX('Initial Study'!K:K, MATCH(K90, 'Initial Study'!B:B, 0)+2)<>0,INDEX('Initial Study'!K:K, MATCH(K90, 'Initial Study'!B:B, 0)+2)<>"",NOT(ISNUMBER(INDEX('Initial Study'!K:K, MATCH(K90, 'Initial Study'!B:B, 0)+2)))),INDEX('Initial Study'!K:K, MATCH(K90, 'Initial Study'!B:B, 0)+2),"-"),"-") | Z90: =IF(R90="RE", X90 & "BT/" & IF(Y90 <> "-", Y90 & "BT", ""), IF(OR(R90="LTDR", R90="LTSR"), X90 & "BL" & IF(Y90 <> "-", "/" & Y90 & "BT", ""), IF(OR(R90="RTDR", R90="RTSR"), X90 & "BR" & IF(Y90 <> "-", "/" & Y90 & "BT", ""), IF(Y90 <> "-", X90 & "BT/" & Y90 & "BT", X90 & "BT"))))
A91: 0 | B91: NC 179 | C91: 0.019 | D91: N | E91: SL-SC | F91: SR 1168 | G91: NC 179 | H91: 0.019 | I91: NIS | K91: 107863416 | L91: 45557 | M91: 17 | N91: 1 | O91: 0 | P91: 5 | Q91: O | R91: =IFERROR(VLOOKUP(M91,Index!$A$1:$B$26,2,FALSE),"") | S91: =Z91 | U91: =IFERROR(INDEX(DetailedFiche!Q:Q,MATCH(K91,DetailedFiche!J:J,0)),"") | V91: =IFERROR(INDEX(DetailedFiche!R:R,MATCH(K91,DetailedFiche!J:J,0)),"") | X91: =IFERROR(IF(AND(INDEX('Initial Study'!K:K, MATCH(K91, 'Initial Study'!B:B, 0)+1)<>0,INDEX('Initial Study'!K:K, MATCH(K91, 'Initial Study'!B:B, 0)+1)<>""),INDEX('Initial Study'!K:K, MATCH(K91, 'Initial Study'!B:B, 0)+1),""),"") | Y91: =IFERROR(IF(AND(INDEX('Initial Study'!K:K, MATCH(K91, 'Initial Study'!B:B, 0)+2)<>0,INDEX('Initial Study'!K:K, MATCH(K91, 'Initial Study'!B:B, 0)+2)<>"",NOT(ISNUMBER(INDEX('Initial Study'!K:K, MATCH(K91, 'Initial Study'!B:B, 0)+2)))),INDEX('Initial Study'!K:K, MATCH(K91, 'Initial Study'!B:B, 0)+2),"-"),"-") | Z91: =IF(R91="RE", X91 & "BT/" & IF(Y91 <> "-", Y91 & "BT", ""), IF(OR(R91="LTDR", R91="LTSR"), X91 & "BL" & IF(Y91 <> "-", "/" & Y91 & "BT", ""), IF(OR(R91="RTDR", R91="RTSR"), X91 & "BR" & IF(Y91 <> "-", "/" & Y91 & "BT", ""), IF(Y91 <> "-", X91 & "BT/" & Y91 & "BT", X91 & "BT"))))
A92: 74 | B92: NC 179 | C92: 0.4 | D92: W | E92: SR 1168 | F92: SL-SC | G92: NC 179 | H92: 0.047 | I92: NIS | K92: 108386910 | L92: 46051 | M92: 19 | N92: 1 | O92: 0 | P92: 1 | Q92: C | R92: =IFERROR(VLOOKUP(M92,Index!$A$1:$B$26,2,FALSE),"") | S92: =Z92 | U92: =IFERROR(INDEX(DetailedFiche!Q:Q,MATCH(K92,DetailedFiche!J:J,0)),"") | V92: =IFERROR(INDEX(DetailedFiche!R:R,MATCH(K92,DetailedFiche!J:J,0)),"") | X92: =IFERROR(IF(AND(INDEX('Initial Study'!K:K, MATCH(K92, 'Initial Study'!B:B, 0)+1)<>0,INDEX('Initial Study'!K:K, MATCH(K92, 'Initial Study'!B:B, 0)+1)<>""),INDEX('Initial Study'!K:K, MATCH(K92, 'Initial Study'!B:B, 0)+1),""),"") | Y92: =IFERROR(IF(AND(INDEX('Initial Study'!K:K, MATCH(K92, 'Initial Study'!B:B, 0)+2)<>0,INDEX('Initial Study'!K:K, MATCH(K92, 'Initial Study'!B:B, 0)+2)<>"",NOT(ISNUMBER(INDEX('Initial Study'!K:K, MATCH(K92, 'Initial Study'!B:B, 0)+2)))),INDEX('Initial Study'!K:K, MATCH(K92, 'Initial Study'!B:B, 0)+2),"-"),"-") | Z92: =IF(R92="RE", X92 & "BT/" & IF(Y92 <> "-", Y92 & "BT", ""), IF(OR(R92="LTDR", R92="LTSR"), X92 & "BL" & IF(Y92 <> "-", "/" & Y92 & "BT", ""), IF(OR(R92="RTDR", R92="RTSR"), X92 & "BR" & IF(Y92 <> "-", "/" & Y92 & "BT", ""), IF(Y92 <> "-", X92 & "BT/" & Y92 & "BT", X92 & "BT"))))
A93: 74 | B93: NC 179 | C93: 1 | D93: S | E93: RIVER | F93: RIVER | G93: NC 179 | H93: 0.084 | I93: NIS | K93: 107042668 | L93: 44778 | M93: 21 | N93: 1 | O93: 0 | P93: 1 | Q93: O | R93: =IFERROR(VLOOKUP(M93,Index!$A$1:$B$26,2,FALSE),"") | S93: =Z93 | U93: =IFERROR(INDEX(DetailedFiche!Q:Q,MATCH(K93,DetailedFiche!J:J,0)),"") | V93: =IFERROR(INDEX(DetailedFiche!R:R,MATCH(K93,DetailedFiche!J:J,0)),"") | X93: =IFERROR(IF(AND(INDEX('Initial Study'!K:K, MATCH(K93, 'Initial Study'!B:B, 0)+1)<>0,INDEX('Initial Study'!K:K, MATCH(K93, 'Initial Study'!B:B, 0)+1)<>""),INDEX('Initial Study'!K:K, MATCH(K93, 'Initial Study'!B:B, 0)+1),""),"") | Y93: =IFERROR(IF(AND(INDEX('Initial Study'!K:K, MATCH(K93, 'Initial Study'!B:B, 0)+2)<>0,INDEX('Initial Study'!K:K, MATCH(K93, 'Initial Study'!B:B, 0)+2)<>"",NOT(ISNUMBER(INDEX('Initial Study'!K:K, MATCH(K93, 'Initial Study'!B:B, 0)+2)))),INDEX('Initial Study'!K:K, MATCH(K93, 'Initial Study'!B:B, 0)+2),"-"),"-") | Z93: =IF(R93="RE", X93 & "BT/" & IF(Y93 <> "-", Y93 & "BT", ""), IF(OR(R93="LTDR", R93="LTSR"), X93 & "BL" & IF(Y93 <> "-", "/" & Y93 & "BT", ""), IF(OR(R93="RTDR", R93="RTSR"), X93 & "BR" & IF(Y93 <> "-", "/" & Y93 & "BT", ""), IF(Y93 <> "-", X93 & "BT/" & Y93 & "BT", X93 & "BT"))))
A94: 74 | B94: NC 179 | C94: 0.1 | D94: N | E94: SL-SC | F94: SR 1168 | G94: NC 179 | H94: 0.1 | I94: NIS | K94: 107519650 | L94: 45237 | M94: 17 | N94: 1 | O94: 0 | P94: 5 | Q94: O | R94: =IFERROR(VLOOKUP(M94,Index!$A$1:$B$26,2,FALSE),"") | S94: =Z94 | U94: =IFERROR(INDEX(DetailedFiche!Q:Q,MATCH(K94,DetailedFiche!J:J,0)),"") | V94: =IFERROR(INDEX(DetailedFiche!R:R,MATCH(K94,DetailedFiche!J:J,0)),"") | X94: =IFERROR(IF(AND(INDEX('Initial Study'!K:K, MATCH(K94, 'Initial Study'!B:B, 0)+1)<>0,INDEX('Initial Study'!K:K, MATCH(K94, 'Initial Study'!B:B, 0)+1)<>""),INDEX('Initial Study'!K:K, MATCH(K94, 'Initial Study'!B:B, 0)+1),""),"") | Y94: =IFERROR(IF(AND(INDEX('Initial Study'!K:K, MATCH(K94, 'Initial Study'!B:B, 0)+2)<>0,INDEX('Initial Study'!K:K, MATCH(K94, 'Initial Study'!B:B, 0)+2)<>"",NOT(ISNUMBER(INDEX('Initial Study'!K:K, MATCH(K94, 'Initial Study'!B:B, 0)+2)))),INDEX('Initial Study'!K:K, MATCH(K94, 'Initial Study'!B:B, 0)+2),"-"),"-") | Z94: =IF(R94="RE", X94 & "BT/" & IF(Y94 <> "-", Y94 & "BT", ""), IF(OR(R94="LTDR", R94="LTSR"), X94 & "BL" & IF(Y94 <> "-", "/" & Y94 & "BT", ""), IF(OR(R94="RTDR", R94="RTSR"), X94 & "BR" & IF(Y94 <> "-", "/" & Y94 & "BT", ""), IF(Y94 <> "-", X94 & "BT/" & Y94 & "BT", X94 & "BT"))))
A95: 74 | B95: NC 179 | C95: 0.1 | D95: N | E95: SL-SC | F95: SR 1168 | G95: NC 179 | H95: 0.1 | I95: NIS | K95: 107503306 | L95: 45222 | M95: 19 | N95: 1 | O95: 0 | P95: 1 | Q95: O | R95: =IFERROR(VLOOKUP(M95,Index!$A$1:$B$26,2,FALSE),"") | S95: =Z95 | U95: =IFERROR(INDEX(DetailedFiche!Q:Q,MATCH(K95,DetailedFiche!J:J,0)),"") | V95: =IFERROR(INDEX(DetailedFiche!R:R,MATCH(K95,DetailedFiche!J:J,0)),"") | X95: =IFERROR(IF(AND(INDEX('Initial Study'!K:K, MATCH(K95, 'Initial Study'!B:B, 0)+1)<>0,INDEX('Initial Study'!K:K, MATCH(K95, 'Initial Study'!B:B, 0)+1)<>""),INDEX('Initial Study'!K:K, MATCH(K95, 'Initial Study'!B:B, 0)+1),""),"") | Y95: =IFERROR(IF(AND(INDEX('Initial Study'!K:K, MATCH(K95, 'Initial Study'!B:B, 0)+2)<>0,INDEX('Initial Study'!K:K, MATCH(K95, 'Initial Study'!B:B, 0)+2)<>"",NOT(ISNUMBER(INDEX('Initial Study'!K:K, MATCH(K95, 'Initial Study'!B:B, 0)+2)))),INDEX('Initial Study'!K:K, MATCH(K95, 'Initial Study'!B:B, 0)+2),"-"),"-") | Z95: =IF(R95="RE", X95 & "BT/" & IF(Y95 <> "-", Y95 & "BT", ""), IF(OR(R95="LTDR", R95="LTSR"), X95 & "BL" & IF(Y95 <> "-", "/" & Y95 & "BT", ""), IF(OR(R95="RTDR", R95="RTSR"), X95 & "BR" & IF(Y95 <> "-", "/" & Y95 & "BT", ""), IF(Y95 <> "-", X95 & "BT/" & Y95 & "BT", X95 & "BT"))))
A96: 74 | B96: NC 179 | C96: 0.3 | D96: S | E96: SR 1168 | F96: US 17 | G96: NC 179 | H96: 0.147 | I96: NIS | K96: 106979408 | L96: 44717 | M96: 17 | N96: 1 | O96: 0 | P96: 4 | Q96: O | R96: =IFERROR(VLOOKUP(M96,Index!$A$1:$B$26,2,FALSE),"") | S96: =Z96 | U96: =IFERROR(INDEX(DetailedFiche!Q:Q,MATCH(K96,DetailedFiche!J:J,0)),"") | V96: =IFERROR(INDEX(DetailedFiche!R:R,MATCH(K96,DetailedFiche!J:J,0)),"") | X96: =IFERROR(IF(AND(INDEX('Initial Study'!K:K, MATCH(K96, 'Initial Study'!B:B, 0)+1)<>0,INDEX('Initial Study'!K:K, MATCH(K96, 'Initial Study'!B:B, 0)+1)<>""),INDEX('Initial Study'!K:K, MATCH(K96, 'Initial Study'!B:B, 0)+1),""),"") | Y96: =IFERROR(IF(AND(INDEX('Initial Study'!K:K, MATCH(K96, 'Initial Study'!B:B, 0)+2)<>0,INDEX('Initial Study'!K:K, MATCH(K96, 'Initial Study'!B:B, 0)+2)<>"",NOT(ISNUMBER(INDEX('Initial Study'!K:K, MATCH(K96, 'Initial Study'!B:B, 0)+2)))),INDEX('Initial Study'!K:K, MATCH(K96, 'Initial Study'!B:B, 0)+2),"-"),"-") | Z96: =IF(R96="RE", X96 & "BT/" & IF(Y96 <> "-", Y96 & "BT", ""), IF(OR(R96="LTDR", R96="LTSR"), X96 & "BL" & IF(Y96 <> "-", "/" & Y96 & "BT", ""), IF(OR(R96="RTDR", R96="RTSR"), X96 & "BR" & IF(Y96 <> "-", "/" & Y96 & "BT", ""), IF(Y96 <> "-", X96 & "BT/" & Y96 & "BT", X96 & "BT"))))
A97: 74 | B97: NC 179 | C97: 0.2 | D97: E | E97: SL-SC | F97: SR 1943 | G97: NC 179 | H97: 0.2 | I97: NIS | K97: 107925711 | L97: 45609 | M97: 24 | N97: 1 | O97: 4 | P97: 1 | Q97: O | R97: =IFERROR(VLOOKUP(M97,Index!$A$1:$B$26,2,FALSE),"") | S97: =Z97 | U97: =IFERROR(INDEX(DetailedFiche!Q:Q,MATCH(K97,DetailedFiche!J:J,0)),"") | V97: =IFERROR(INDEX(DetailedFiche!R:R,MATCH(K97,DetailedFiche!J:J,0)),"") | X97: =IFERROR(IF(AND(INDEX('Initial Study'!K:K, MATCH(K97, 'Initial Study'!B:B, 0)+1)<>0,INDEX('Initial Study'!K:K, MATCH(K97, 'Initial Study'!B:B, 0)+1)<>""),INDEX('Initial Study'!K:K, MATCH(K97, 'Initial Study'!B:B, 0)+1),""),"") | Y97: =IFERROR(IF(AND(INDEX('Initial Study'!K:K, MATCH(K97, 'Initial Study'!B:B, 0)+2)<>0,INDEX('Initial Study'!K:K, MATCH(K97, 'Initial Study'!B:B, 0)+2)<>"",NOT(ISNUMBER(INDEX('Initial Study'!K:K, MATCH(K97, 'Initial Study'!B:B, 0)+2)))),INDEX('Initial Study'!K:K, MATCH(K97, 'Initial Study'!B:B, 0)+2),"-"),"-") | Z97: =IF(R97="RE", X97 & "BT/" & IF(Y97 <> "-", Y97 & "BT", ""), IF(OR(R97="LTDR", R97="LTSR"), X97 & "BL" & IF(Y97 <> "-", "/" & Y97 & "BT", ""), IF(OR(R97="RTDR", R97="RTSR"), X97 & "BR" & IF(Y97 <> "-", "/" & Y97 & "BT", ""), IF(Y97 <> "-", X97 & "BT/" & Y97 & "BT", X97 & "BT"))))
A98: 74 | B98: NC 179 | C98: 0.2 | D98: N | E98: SL-SC | F98: SR 1300 | G98: NC 179 | H98: 0.2 | I98: NIS | K98: 108237792 | L98: 45920 | M98: 21 | N98: 1 | O98: 0 | P98: 1 | Q98: C | R98: =IFERROR(VLOOKUP(M98,Index!$A$1:$B$26,2,FALSE),"") | S98: =Z98 | U98: =IFERROR(INDEX(DetailedFiche!Q:Q,MATCH(K98,DetailedFiche!J:J,0)),"") | V98: =IFERROR(INDEX(DetailedFiche!R:R,MATCH(K98,DetailedFiche!J:J,0)),"") | X98: =IFERROR(IF(AND(INDEX('Initial Study'!K:K, MATCH(K98, 'Initial Study'!B:B, 0)+1)<>0,INDEX('Initial Study'!K:K, MATCH(K98, 'Initial Study'!B:B, 0)+1)<>""),INDEX('Initial Study'!K:K, MATCH(K98, 'Initial Study'!B:B, 0)+1),""),"") | Y98: =IFERROR(IF(AND(INDEX('Initial Study'!K:K, MATCH(K98, 'Initial Study'!B:B, 0)+2)<>0,INDEX('Initial Study'!K:K, MATCH(K98, 'Initial Study'!B:B, 0)+2)<>"",NOT(ISNUMBER(INDEX('Initial Study'!K:K, MATCH(K98, 'Initial Study'!B:B, 0)+2)))),INDEX('Initial Study'!K:K, MATCH(K98, 'Initial Study'!B:B, 0)+2),"-"),"-") | Z98: =IF(R98="RE", X98 & "BT/" & IF(Y98 <> "-", Y98 & "BT", ""), IF(OR(R98="LTDR", R98="LTSR"), X98 & "BL" & IF(Y98 <> "-", "/" & Y98 & "BT", ""), IF(OR(R98="RTDR", R98="RTSR"), X98 & "BR" & IF(Y98 <> "-", "/" & Y98 & "BT", ""), IF(Y98 <> "-", X98 & "BT/" & Y98 & "BT", X98 & "BT"))))
A99: 74 | B99: NC 179 | C99: 0.2 | D99: S | E99: SR 1168 | F99: SR 1167 | G99: NC 179 | H99: 0.247 | I99: NIS | K99: 106980643 | L99: 44717 | M99: 22 | N99: 1 | O99: 4 | P99: 1 | Q99: O | R99: =IFERROR(VLOOKUP(M99,Index!$A$1:$B$26,2,FALSE),"") | S99: =Z99 | U99: =IFERROR(INDEX(DetailedFiche!Q:Q,MATCH(K99,DetailedFiche!J:J,0)),"") | V99: =IFERROR(INDEX(DetailedFiche!R:R,MATCH(K99,DetailedFiche!J:J,0)),"") | X99: =IFERROR(IF(AND(INDEX('Initial Study'!K:K, MATCH(K99, 'Initial Study'!B:B, 0)+1)<>0,INDEX('Initial Study'!K:K, MATCH(K99, 'Initial Study'!B:B, 0)+1)<>""),INDEX('Initial Study'!K:K, MATCH(K99, 'Initial Study'!B:B, 0)+1),""),"") | Y99: =IFERROR(IF(AND(INDEX('Initial Study'!K:K, MATCH(K99, 'Initial Study'!B:B, 0)+2)<>0,INDEX('Initial Study'!K:K, MATCH(K99, 'Initial Study'!B:B, 0)+2)<>"",NOT(ISNUMBER(INDEX('Initial Study'!K:K, MATCH(K99, 'Initial Study'!B:B, 0)+2)))),INDEX('Initial Study'!K:K, MATCH(K99, 'Initial Study'!B:B, 0)+2),"-"),"-") | Z99: =IF(R99="RE", X99 & "BT/" & IF(Y99 <> "-", Y99 & "BT", ""), IF(OR(R99="LTDR", R99="LTSR"), X99 & "BL" & IF(Y99 <> "-", "/" & Y99 & "BT", ""), IF(OR(R99="RTDR", R99="RTSR"), X99 & "BR" & IF(Y99 <> "-", "/" & Y99 & "BT", ""), IF(Y99 <> "-", X99 & "BT/" & Y99 & "BT", X99 & "BT"))))
A100: 74 | B100: NC 179 | C100: 0.2 | D100: S | E100: SR 1168 | F100: STATE LINE | G100: NC 179 | H100: 0.247 | I100: NIS | K100: 108262627 | L100: 45940 | M100: 21 | N100: 1 | O100: 0 | P100: 1 | Q100: O | R100: =IFERROR(VLOOKUP(M100,Index!$A$1:$B$26,2,FALSE),"") | S100: =Z100 | U100: =IFERROR(INDEX(DetailedFiche!Q:Q,MATCH(K100,DetailedFiche!J:J,0)),"") | V100: =IFERROR(INDEX(DetailedFiche!R:R,MATCH(K100,DetailedFiche!J:J,0)),"") | X100: =IFERROR(IF(AND(INDEX('Initial Study'!K:K, MATCH(K100, 'Initial Study'!B:B, 0)+1)<>0,INDEX('Initial Study'!K:K, MATCH(K100, 'Initial Study'!B:B, 0)+1)<>""),INDEX('Initial Study'!K:K, MATCH(K100, 'Initial Study'!B:B, 0)+1),""),"") | Y100: =IFERROR(IF(AND(INDEX('Initial Study'!K:K, MATCH(K100, 'Initial Study'!B:B, 0)+2)<>0,INDEX('Initial Study'!K:K, MATCH(K100, 'Initial Study'!B:B, 0)+2)<>"",NOT(ISNUMBER(INDEX('Initial Study'!K:K, MATCH(K100, 'Initial Study'!B:B, 0)+2)))),INDEX('Initial Study'!K:K, MATCH(K100, 'Initial Study'!B:B, 0)+2),"-"),"-") | Z100: =IF(R100="RE", X100 & "BT/" & IF(Y100 <> "-", Y100 & "BT", ""), IF(OR(R100="LTDR", R100="LTSR"), X100 & "BL" & IF(Y100 <> "-", "/" & Y100 & "BT", ""), IF(OR(R100="RTDR", R100="RTSR"), X100 & "BR" & IF(Y100 <> "-", "/" & Y100 & "BT", ""), IF(Y100 <> "-", X100 & "BT/" & Y100 & "BT", X100 & "BT"))))
...

Sheet Review IDs
A1: Crash ID | B1: Flag | C1: Trigger | D1: In Initial Study? | E1: On Road | F1: Miles | G1: Dir | H1: From Road | I1: Toward Road | J1: Milepost Road | K1: MP | L1: Date | M1: T | N1: S | O1: Reason | P1: Decision (ADD / DEL / IS / NIS) | Q1: Report MP | R1: Report location | S1: Report facts | T1: Confidence | U1: Report pages
A2: 108569891 | B2: IS | C2: In study | D2: YES | E2: NC 179BUS | F2: 0.07 | G2: S | H2: NC 179 | I2: SR 1810 | J2: NC 179BUS | K2: 0.07 | L2: 46225 | M2: 23 | N2: K | O2: In initial study - at study MP | P2: IS | Q2: 0.07 | R2: NC 179 BUS, 368 ft S of NC 179 toward SR 1810; lat/long 33.898099, -78.55168; left turn from southbound NC 179B into the PVA of Los Nuevos Charros Mexican Restaurant | S2: 7/22/2026 17:31, daylight, dry. Unit 1 2018 Hyundai SUV southbound 10 mph turning left into the restaurant PVA (maneuver 8); unit 2 2011 Harley-Davidson motorcycle northbound 45 mph (impact 30). Fail to yield. Motorcycle driver (42) killed, passenger B injury, SUV driver B injury. Both motorcycle occupants ejected, wearing DOT helmets. Speed limit 45, 3 lanes (TWLTL), no traffic control (76=0). Charge 175445H misdemeanor death / fail to yield to a motorcycle. Trp H E Todd NCSHP. | T2: high | U2: 1, 2
A3: 108457510 | B3: IS | C3: In study | D3: YES | E3: NC 179BUS | F3: 0.083 | G3: E | H3: NC 179 | I3: SR 1810 | J3: NC 179BUS | K3: 0.083 | L3: 46114 | M3: 23 | N3: O | O3: In initial study - at study MP | P3: IS | Q3: 0.083 | R3: NC 179 BUS, 437 ft E of NC 179 toward SR 1810; lat/long 33.898100, -78.55169 (the same coordinates as the fatal); eastbound (southeast-bound) unit 1 turning left into a public drive on the north side | S3: 4/2/2026 12:52, daylight, dry (surface 3). Unit 1 2015 Toyota pickup eastbound 10 mph turning left into a PVA (maneuver 8); unit 2 2019 Ram pickup westbound 25 mph. Fail to yield; unit 2 ran off road right after impact (17 ft). No injuries (O). Speed limit 45, 3 lanes, road feature 4 (driveway), traffic control 13 (double yellow, no passing). Charge 65604H7 yield. Trp J S Ransom NCSHP. | T3: high | U3: 3, 4
A4: 107392672 | B4: IS | C4: In study | D4: YES | E4: NC 179BUS | F4: 0.1 | G4: S | H4: NC 179 | I4: SR 1246 | J4: NC 179BUS | K4: 0.1 | L4: 45112 | M4: 23 | N4: O | O4: In initial study - at study MP | P4: IS | Q4: 0.1 | R4: NC 179 BUS, 0.10 mi S of NC 179 toward SR 1246; no lat/long; southbound unit 1 turning left into the PVA of Central Mamma's Mexican Restaurant (east side) - the same restaurant site as the fatal crash (Los Nuevos Charros), so the true distance is about 370 ft (MP 0.07) rather than the rounded 0.10 mi | S4: 7/5/2023 10:08, daylight, dry (surface 4?). Unit 1 2011 Chevrolet passenger car southbound 5 mph turning left into the restaurant PVA (maneuver 8); unit 2 2023 Ford pickup northbound 45 mph (25 at impact). Fail to yield. No injuries (O). Speed limit 45, 2 lanes coded, traffic control 13. Charge 4645H06 failure to yield. Trp J H Shaw NCSHP. | T4: high | U4: 5, 6
A5: 108192988 | B5: IS | C5: In study+IS-verify | D5: YES | E5: NC 179BUS | F5: 0.2 | G5: E | H5: NC 179 | I5: SR 1810 | J5: NC 179BUS | K5: 0.2 | L5: 45873 | M5: 26 | N5: O | O5: In initial study - at study MP; DMV349CLEANED coordinates project to MP 0.105 (504 ft from coded MP 0.200); confirm location in report, in the section either way | P5: IS | Q5: 0.105 | R5: NC 179 BUS, written as 0.20 mi E of NC 179 toward SR 1810, 0.90 mi outside Calabash; lat/long 33.897720, -78.55146 (projects to MP 0.105); unit 1 northbound on the PVA of Dollar General turning right onto NC 179B - the Dollar General sits on the west side just past Little Ln (about MP 0.10), which matches the coordinates, not the 0.20 mi written | S5: 8/4/2025 17:34, daylight, dry. Unit 1 2004 Jaguar passenger car (no DL, SC) on the Dollar General PVA turning right (maneuver 7) 5 mph; unit 2 2021 Chevrolet pickup eastbound on NC 179 BUS 35 mph. Fail to yield from the driveway. No injuries (O). Speed limit 35 coded for unit 2 (10 for unit 1), 2 lanes, no traffic control. Charge 55685H4 fail to yield, no operator's license. Trp J W Cook NCSHP. | T5: high | U5: 7, 8
A6: 108196690 | B6: ? | C6: DMV | D6: NO | E6: NC 179BUS | F6: 0.5 | G6: S | H6: NC 179 | I6: SR 1810 | J6: NC 179BUS | K6: 0.5 | L6: 45878 | M6: 17 | N6: O | O6: Likely ADD - locates inside the section; DMV349CLEANED coordinates (33.896610, -78.550530) project onto NC 179BUS at MP 0.198 (18 ft off the centerline), inside the section | P6: ADD | Q6: 0.198 | R6: NC 179 BUS, written as 0.50 mi S of NC 179 toward SR 1810, 1.00 mi E of Calabash outside the town; lat/long 33.896610, -78.55053, which is on NC 179 BUS 40 ft before Hidden Valley Pl (MP 0.198). The coordinates and the written half mile disagree; the coordinates are the trooper's device reading at the scene and are taken as the location | S6: 8/9/2025 21:51, dark. Single vehicle: 2024 Toyota SUV southbound 45 mph struck a deer (animal, maneuver 4 going straight). No injuries (O). No diagram. Speed limit 45, 2 lanes coded, no traffic control. No charge. Trp J W Cook NCSHP. | T6: medium | U6: 9, 10
A7: 108481478 | B7: ? | C7: Between+Combo | D7: NO | E7: BEACH | F7: 0.019 | G7: S | H7: CROCKER | I7: OLD GEORGETOWN | J7: BEACH | K7: 999.999 | L7: 46141 | M7: 21 | N7: O | O7: Likely ADD - locates inside the section; description (BEACH 0.019 mi S from CROCKER toward OLD GEORGETOWN) implies MP 0.071, inside the section; MP 999.999; MP 999.999 crash coded with a section road (CROCKER) | P7: ADD | Q7: 0.071 | R7: Beach Dr (NC 179 BUS), written as 100 ft from Crocker Dr toward Old Georgetown Rd with the S box checked (Brunswick County Sheriff report; no lat/long; no business or driveway named). The toward road and the diagram put both vehicles on Beach Dr between Crocker Dr and the NC 179 / Old Georgetown Rd intersection, about 375 ft from NC 179 (MP 0.071); taken literally the S box gives 575 ft (MP 0.109). Inside the section either way | S7: 4/29/2026 15:00, daylight, clear. Rear end: unit 2 2010 Dodge pickup pulling a utility trailer stopped (0 mph) northbound on Beach Dr in the center lane to make a left turn (toward the west side, Little Ln / Dollar General, not the restaurant); unit 1 2007 Mazda car northbound 10 mph did not see the trailer or brake lights and struck it in the rear (maneuver codes 8/4 appear swapped relative to the narrative; inattention coded for unit 1). No injuries (O). Speed limit 45, 3 lanes, traffic control 3. No charge. Dpty Z B Beach, Brunswick County Sheriff. | T7: medium-high | U7: 11, 12
A8: 107422740 | B8: ? | C8: Between | D8: NO | E8: NC 179BUS | F8: 0.057 | G8: W | H8: NC 179 | I8: SR 1810 | J8: NC 179BUS | K8: 0 | L8: 45149 | M8: 19 | N8: O | O8: Likely ADD - locates inside the section; description (NC 179BUS 0.057 mi W from NC 179 toward SR 1810) implies MP 0.057, inside the section; coded MP 0.000 | P8: ADD | Q8: 0.057 | R8: NC 179 BUS, 300 ft W of NC 179 toward SR 1810, in Calabash; single vehicle westbound (toward the NC 179 intersection) ran off the road to the right into the ditch and culvert; the diagram shows the NAPA Autocenter PVA just ahead of the rest position. 300 ft from NC 179 is MP 0.057, past the NAPA driveway (132 ft) - inside the section | S8: 8/11/2023 16:53, daylight, surface coded 4 (wet?). Single vehicle: 2005 GMC van westbound 45 mph (10 at impact) ran off road right, struck a culvert (event 57) and came to rest in the ditch; run-off-road right / fixed object. No injuries (O). Speed limit 45, road feature 4 (driveway), 2 lanes, traffic control 13. Charge 5295H69 fail to maintain lane, no operator's license. Trp J E Aguilar-Noyola NCSHP. | T8: high | U8: 13, 14
A9: 108175124 | B9: ? | C9: DMV | D9: NO | E9: NC 179 | F9: 0.1 | G9: E | H9: NC 179 | I9: NC 904 | J9: NC 179 | K9: 999.999 | L9: 45855 | M9: 23 | N9: O | O9: Likely ADD - locates inside the section; DMV349CLEANED coordinates (33.898308, -78.551960) project onto NC 179BUS at MP 0.055 (5 ft off the centerline), inside the section - crash is coded on NC 179 | P9: ADD | Q9: 0.055 | R9: Written as NC 179, 0.10 mi E of NC 179 toward NC 904, in Calabash; lat/long 33.898308, -78.55196, which is on NC 179 BUS 290 ft southeast of the intersection (MP 0.055, 5 ft off the centerline), not on the NC 179 leg toward NC 904. The diagram shows a PVA on the north side with eastbound unit 1 turning left into it - the restaurant side of Beach Dr SW. Taken as a left turn into a PVA on NC 179 BUS between the NAPA driveway and the restaurant | S9: 7/17/2025 12:58, daylight, dry. Unit 1 2019 Toyota car eastbound turning left into a PVA (maneuver 8) 0 mph original / 10 at impact; unit 2 2021 Kia car westbound 45 mph (15 at impact). Fail to yield; left turn, same roadway. No injuries (O). Speed limit 45, road feature 4 (driveway), 3 lanes, no traffic control. Charge 63832H4 fail to yield. Trp S L Bowen NCSHP. | T9: medium-high | U9: 15, 16
A10: 108175794 | B10: ? | C10: DMV | D10: NO | E10: NC 179 | F10: 0.006 | G10: W | H10: NC 179 | I10: SR 1167 | J10: NC 179 | K10: 999.999 | L10: 45855 | M10: 21 | N10: O | O10: Likely ADD - locates inside the section; DMV349CLEANED coordinates (33.898450, -78.552270) project onto NC 179BUS at MP 0.037 (51 ft off the centerline), inside the section - crash is coded on NC 179 | P10: NIS | R10: NC 179, 30 ft W of NC 179 toward SR 1167, near Calabash (0.30 mi E of the town); both vehicles eastbound on NC 179, unit 2 stopped for traffic - a queue on the NC 179 west leg approaching the intersection. The diagram is a two-lane curbed NC 179 (33 ft) with no side street. The lat/long (33.898450, -78.55227) falls about 200 ft southeast of the intersection on Beach Dr SW, which disagrees with the written location; the written location and the stopped-for-traffic narrative are specific and are taken as the crash location | S10: 7/17/2025 19:16, daylight, dry. Rear end: unit 2 2019 Chevrolet SUV stopped eastbound for traffic; unit 1 2017 Ford SUV eastbound 10 mph failed to reduce speed. No injuries (O). Speed limit 45, road feature 12, 2 lanes, traffic control 3. Charge 55682H5 fail to reduce speed. Trp J W Cook NCSHP. | T10: medium | U10: 17, 18
A11: 108109880 | B11: ? | C11: DMV | D11: NO | E11: NC 179 | F11: 0.023 | G11: E | H11: SR 1163 | I11: SR 1186 | J11: NC 179 | K11: 5.939 | L11: 45791 | M11: 19 | N11: C | O11: Likely ADD - locates inside the section; DMV349CLEANED coordinates (33.898680, -78.552140) project onto NC 179BUS at MP 0.028 (30 ft off the centerline), inside the section - crash is coded on NC 179 | P11: ADD | Q11: 0.025 | R11: Written as NC 179, 123 ft E of SR 1163 toward SR 1186, in Calabash (the SR numbers are wrong for this spot); lat/long 33.898680, -78.55214, which is on NC 179 BUS about 150 ft southeast of the intersection. Westbound (toward NC 179) unit 1 turned right into a PVA on the north side and dropped into the ditch - at 123 to 150 ft from the intersection on the northeast side that PVA is the Calabash NAPA Auto Care Center driveway, i.e. the begin limit itself | S11: 5/14/2025 13:38, daylight, dry. Single vehicle: 2021 Toyota car (driver 87) westbound 25 mph turning right (maneuver 7) into the PVA, ran off road right (event 1) and struck the ditch (event 58). Passenger (85) C injury, not transported. Speed limit 45, road feature 4 (driveway), 3 lanes, traffic control 13. No charge. Trp J C King NCSHP. | T11: medium | U11: 19, 20
A12: 108512267 | B12: ? | C12: DMV+Combo | D12: NO | E12: NC 179BUS | F12: 0.2 | G12: E | H12: SR 1163 | I12: SR 1810 | J12: NC 179BUS | K12: 999.999 | L12: 46169 | M12: 24 | N12: C | O12: Possible ADD - at a limit or by description only; review the report; DMV349 coordinates (33.896540, -78.550390) project onto NC 179BUS at MP 0.206 (1 ft off the centerline), at the end limit (MP 0.205, Hidden Valley Pl SW); MP 999.999 crash on NC 179BUS coded from SR 1163 toward SR 1810 (study route roads) | P12: ADD | Q12: 0.205 | R12: NC 179 BUS, written as 0.20 mi E of SR 1163 toward SR 1810 (SR 1163 is a wrong name), 0.20 mi E of Calabash; lat/long 33.896540, -78.55039 is the Hidden Valley Pl junction (MP 0.206). Unit 1 came north out of Hidden Valley Pl (written as a PVA) turning left onto NC 179 BUS; the diagram is labeled PVA Hidden Valley Pl. The junction is the end limit of the section | S12: 5/27/2026 14:49, daylight, dry. Unit 1 2026 Chrysler van (rental) leaving Hidden Valley Pl turning left (maneuver 8) 10 mph failed to yield; unit 2 2011 Chevrolet pickup towing a boat trailer eastbound 45 mph, ran off road right after impact, trailer in the roadway, boat off the road left. Two C injuries (unit 2 passengers Donna Guberman and Ken Wilson), five unit 1 occupants uninjured. Speed limit 45 (15 on the PVA), road feature 4, 2 lanes, traffic control 13. Charge 035471H fail to yield. Trp J C King NCSHP. Four-page report (two continuation pages for the passengers). | T12: medium-high | U12: 21, 22, 23, 24
A13: 107102711 | B13: ? | C13: Between | D13: NO | E13: SR 1164 | F13: 0.2 | G13: S | H13: NC 179 | I13: SR 1810 | J13: SR 1164 | K13: 0.51 | L13: 44838 | M13: 28 | N13: O | O13: Possible ADD - at a limit or by description only; review the report; description (SR 1164 0.2 mi S from NC 179 toward SR 1810) implies MP 0.200, inside the section; coded MP 0.510 - crash is coded on SR 1164; SR 1810 meets both SR 1164 and NC 179BUS, so the description fits either route | P13: ADD | Q13: 0.2 | R13: Written as SR 1164, 0.20 mi S of NC 179 toward SR 1810, 1.50 mi E of Calabash; unit 2's road is written NC 179 BUS and the diagram is a 24-ft two-lane road with 8-ft shoulders labeled SR1164. SR 1164 (Clariday Rd) runs north from NC 179, so a point 0.2 mi south of NC 179 toward SR 1810 is on NC 179 BUS, about MP 0.20 near Small Way / Hidden Valley Pl, where the road is two lanes | S13: 10/4/2022 12:57, daylight, surface coded 4. Sideswipe, same direction: both southbound; unit 1 2013 Buick car (no DL) 45 mph improperly passed unit 2 2019 Subaru SUV 40 mph. No injuries (O). Speed limit 45, no road feature, 2 lanes, traffic control 13 (no passing zone). Charge 0370H52 improper passing, NOL. Trp R J Moore II NCSHP. | T13: medium | U13: 25, 26
A14: 108581555 | B14: ? | C14: Between+DMV | D14: NO | E14: NC 179 | F14: 0.031 | G14: E | H14: SR 1164 | I14: SR 1810 | J14: NC 179 | K14: 999.999 | L14: 46227 | M14: 24 | N14: C | O14: Possible ADD - at a limit or by description only; review the report; description (NC 179 0.031 mi E from SR 1164 toward SR 1810) implies MP 0.031, inside the section; MP 999.999 - crash is coded on NC 179; SR 1810 meets both NC 179 and NC 179BUS, so the description fits either route; DMV349 coordinates (33.898720, -78.552240) project onto NC 179BUS at MP 0.022 (14 ft off the centerline), at the begin limit (MP 0.025, Calabash NAPA Auto Care Center driveway) - crash is coded on NC 179 | P14: ADD | Q14: 0.025 | R14: Written as NC 179, 163 ft E of SR 1164 toward SR 1810, 0.10 mi E of Calabash; lat/long 33.898720, -78.55224 is on NC 179 BUS about 116 ft from the intersection. The diagram shows unit 1 leaving the PVA of Minuteman (the food mart on the southwest side, opposite the NAPA driveway) and turning northwest across eastbound unit 2 on a 3-lane 32-ft road. The Minuteman driveway sits opposite the begin-limit driveway, 116 to 163 ft from the intersection | S14: 7/24/2026 16:34, daylight, dry. Unit 1 2012 Toyota SUV (driver 75) leaving the Minuteman PVA turning left (maneuver 8) 10 mph failed to yield; unit 2 2010 Audi SUV (driver 20) eastbound 35 mph. Left turn, different roadways. Unit 1 driver C injury (taken to Grand Strand), unit 2 driver uninjured. Speed limit 45, 3 lanes, traffic control 13. No charge listed. Witness named. Trp E A Lewis NCSHP. | T14: medium | U14: 27, 28
A15: 108438531 | B15: ? | C15: DMV+Window | D15: NO | E15: NC 179BUS | F15: 0.023 | G15: E | H15: NC 179 | I15: SR 1810 | J15: NC 179BUS | K15: 0.023 | L15: 46101 | M15: 23 | N15: C | O15: Possible ADD - at a limit or by description only; review the report; DMV349CLEANED coordinates (33.898720, -78.552230) project onto NC 179BUS at MP 0.023 (16 ft off the centerline), at the begin limit (MP 0.025, Calabash NAPA Auto Care Center driveway); NC 179BUS MP 0.023 is at the begin limit (MP 0.025, Calabash NAPA Auto Care Center driveway) - within 0.1 mi | P15: ADD | Q15: 0.023 | R15: NC 179 BUS, 120 ft E of NC 179 toward SR 1810, in Calabash; lat/long 33.898720, -78.55223 (about 116 ft from the intersection). Eastbound unit 1, stopped for traffic, turned left into the PVA of NAPA Auto Care Center (drawn on the diagram) and was struck by westbound unit 2 - the begin-limit driveway itself | S15: 3/20/2026 08:55, daylight, surface coded 4. Unit 1 2016 Toyota car (driver 84) eastbound turning left into the NAPA PVA (maneuver 8) from a stop; unit 2 2011 Toyota car (driver 18) westbound 35 mph (20 at impact), came to rest partly on the roadway. Left turn, same roadway. Unit 2 driver C injury (not transported). Speed limit 45, road feature 4, 2 lanes coded (diagram shows 3), traffic control 3. Charge 9306H00 fail to yield left turn, G.S. 20-155(b). Trp Z N Long NCSHP. | T15: medium | U15: 29, 30
A16: 108347203 | B16: ? | C16: Between+DMV+Combo | D16: NO | E16: NC 179BUS | F16: 0.013 | G16: E | H16: NC 179 | I16: SR 1288 | J16: NC 179BUS | K16: 999.999 | L16: 46010 | M16: 23 | N16: O | O16: Possible ADD - at a limit or by description only; review the report; description (NC 179BUS 0.013 mi E from NC 179 toward SR 1288) implies MP 0.013, 63 ft before the begin limit (MP 0.025, Calabash NAPA Auto Care Center driveway); MP 999.999; DMV349CLEANED coordinates (33.898700, -78.552220) project onto NC 179BUS at MP 0.024 (14 ft off the centerline), at the begin limit (MP 0.025, Calabash NAPA Auto Care Center driveway); MP 999.999 crash on NC 179BUS coded from NC 179 toward SR 1288 (study route roads) | P16: ADD | Q16: 0.024 | R16: NC 179 BUS, written as 68 ft E of NC 179 toward SR 1288 (wrong road name), in Calabash; lat/long 33.898700, -78.55222 (about 125 ft from the intersection, the same device position as the other NAPA driveway crashes). Eastbound unit 1 turned left into a PVA on the north side (the NAPA side) and was struck by westbound unit 2. The written 68 ft would put it 64 ft short of the limit; the coordinates and the north-side PVA put it at the NAPA driveway | S16: 12/19/2025 13:21, daylight, dry. Unit 1 2015 Lexus SUV eastbound turning left into the PVA (maneuver 8) 10 mph; unit 2 2024 Toyota SUV westbound 35 mph (30 at impact). Left turn, same roadway. No injuries (O). Speed limit 45, road feature 4, 2 lanes coded (diagram 36 ft), traffic control 13. Charge 83103H3 fail to yield left turn. Trp J C King NCSHP. | T16: medium-low | U16: 31, 32
A17: 107449205 | B17: ? | C17: Between+Combo | D17: NO | E17: NC 179BUS | F17: 0 | H17: NC 179 | I17: *LCL LITTLE LN SW | J17: NC 179BUS | K17: 999.999 | L17: 45170 | M17: 26 | N17: O | O17: Possible ADD - at a limit or by description only; review the report; description (NC 179BUS 0 mi from NC 179 toward *LCL LITTLE LN SW) implies MP 0.000, 132 ft before the begin limit (MP 0.025, Calabash NAPA Auto Care Center driveway); MP 999.999; MP 999.999 crash coded with a section road (*LCL LITTLE LN SW) | P17: NIS | Q17: 0 | R17: NC 179 BUS at NC 179 (0 ft, intersection) toward Little Ln SW, 0.10 mi E of Calabash; the diagram shows the signalized NC 179 / NC 179 B intersection with unit 2 stopped at the light facing north on NC 179 B and eastbound unit 1 turning right onto NC 179 B and striking it in the intersection. An intersection crash, 132 ft before the begin limit | S17: 9/1/2023 18:49, daylight, surface coded 4. Unit 1 2014 Ford pickup eastbound on NC 179 turning right (maneuver 7) 45 mph (15 at impact), driver DWI (alcohol suspected, test .29); unit 2 2022 Ram pickup (commercial, CDL) stopped at the signal. Right turn, different roadways. No injuries (O), two passengers in unit 2. Road feature 7 (signal), traffic control 3. Charge Y0199511-1 DWI, improper turn. Trp Z N Long NCSHP. | T17: high | U17: 33, 34
A18: 106894323 | B18: ? | C18: Window | D18: NO | E18: NC 179BUS | F18: 0.024 | G18: S | H18: NC 179 | I18: SR 1246 | J18: NC 179BUS | K18: 0.024 | L18: 44638 | M18: 26 | N18: C | O18: Window - just outside the limits; NC 179BUS MP 0.024 is at the begin limit (MP 0.025, Calabash NAPA Auto Care Center driveway) - within 0.1 mi | P18: NIS | Q18: 0.024 | R18: NC 179 BUS, 126 ft S of NC 179 toward SR 1246, in Calabash; unit 2 came out of the Sunoco PVA on the southwest side (drawn at the right-turn radius) turning right onto NC 179 B and was struck by a southbound tractor-trailer. The Sunoco station is the corner lot on the southwest side at the NC 179 intersection; its driveway at 126 ft is just before the NAPA driveway (132 ft), opposite side | S18: 3/18/2022 13:49, daylight, dry. Unit 1 2001 Mack 3-axle single-unit truck (style 11, no trailer, commercial, GVWR 54,000) southbound 45 mph (40 at impact); unit 2 2021 Ford pickup (driver 81) leaving the Sunoco PVA turning right (maneuver 7) 5 mph failed to yield. Right turn, different roadways. Unit 2 driver C injury (not transported). Speed limit 45, road feature 4, 2 lanes coded (diagram 30 ft, 3 lanes), traffic control 13. Charge 707H662 fail to yield. Trp H E Todd NCSHP. | T18: medium | U18: 35, 36
A19: 106921434 | B19: ? | C19: Window | D19: NO | E19: NC 179BUS | F19: 0.024 | G19: E | H19: NC 179 | I19: SR 1810 | J19: NC 179BUS | K19: 0.024 | L19: 44663 | M19: 23 | N19: O | O19: Window - just outside the limits; NC 179BUS MP 0.024 is at the begin limit (MP 0.025, Calabash NAPA Auto Care Center driveway) - within 0.1 mi | P19: ADD | Q19: 0.024 | R19: NC 179 BUS, 126 ft E of NC 179 toward SR 1810, in Calabash; eastbound unit 1 turned left into the NAPA parking lot (NAPA PVA drawn on the diagram, south side as drawn with north down) and collided with westbound unit 2. The NAPA driveway is the begin limit | S19: 4/12/2022 09:28, daylight, dry. Unit 1 2022 Subaru SUV (driver 77) eastbound turning left into the NAPA lot (maneuver 8) 10 mph; unit 2 2021 BMW SUV westbound 35 mph (25 at impact). Left turn, same roadway. No injuries (O). Speed limit 45, road feature 4, 3 lanes, traffic control 13. Charge 612H193 yield. Trp J S Ransom NCSHP. | T19: medium | U19: 37, 38
A20: 106989320 | B20: ? | C20: Window | D20: NO | E20: NC 179BUS | F20: 0.019 | G20: S | H20: NC 179 | I20: SR 1246 | J20: NC 179BUS | K20: 0.019 | L20: 44727 | M20: 23 | N20: O | O20: Window - just outside the limits; NC 179BUS MP 0.019 is 32 ft before the begin limit (MP 0.025, Calabash NAPA Auto Care Center driveway) - within 0.1 mi | P20: ADD | Q20: 0.019 | R20: NC 179 BUS, 100 ft S of NC 179 toward SR 1246, in Calabash; southbound unit 1 turning left into the PVA of 1001 Beach Dr SW (east side as drawn, north arrow to the left), struck by northbound unit 2. 1001 Beach Dr SW is the NAPA Auto Parts parcel (OpenStreetMap geocode 33.89915, -78.55171, the lot in the wedge between NC 179 BUS and Old Georgetown Rd) whose driveway is the begin limit; 100 ft is the trooper's round figure | S20: 6/15/2022 13:23, daylight, surface coded 4. Unit 1 2019 Honda SUV (driver 67) southbound turning left into the PVA (maneuver 8) 5 mph; unit 2 2016 Toyota car northbound 15 mph. Left turn, same roadway. No injuries (O), one passenger in unit 2. Speed limit 45, no road feature coded, 2 lanes coded (diagram 32 ft, 3 lanes), traffic control 13. Charge 830H028 failure to yield right of way. Trp M D Johnson NCSHP. | T20: medium-low | U20: 39, 40
A21: 107361667 | B21: ? | C21: Window | D21: NO | E21: NC 179BUS | F21: 0.019 | G21: S | H21: SR 1164 | I21: SR 1246 | J21: NC 179BUS | K21: 0.019 | L21: 45086 | M21: 23 | N21: O | O21: Window - just outside the limits; NC 179BUS MP 0.019 is 32 ft before the begin limit (MP 0.025, Calabash NAPA Auto Care Center driveway) - within 0.1 mi | P21: ADD | Q21: 0.115 | R21: NC 179 BUS, written as 100 ft S of SR 1164 toward SR 1246, 0.20 mi N of Calabash outside the town; southbound unit 1 turning left into the PVA of 1021 Beach Dr (east side), struck by northbound unit 2. 1021 Beach Dr SW geocodes (OpenStreetMap) to the east side of NC 179 BUS about 70 ft past Crocker Dr, MP 0.115, between Crocker Dr and Small Way; the written 100 ft is the same round figure this trooper used on 106989320 | S21: 6/9/2023 18:20, daylight, surface coded 4. Unit 1 2013 Volkswagen car southbound turning left into the PVA (maneuver 8) 5 mph; unit 2 2010 Toyota car northbound 30 mph (20 at impact). Left turn, same roadway. No injuries (O); an infant passenger in unit 2. Speed limit 35 coded, road feature 4, 2 lanes coded (diagram 32 ft, 3 lanes), no traffic control. Charges 3678H89 fail to yield (unit 1), 3678H90 DWLR (unit 2). Trp M D Johnson NCSHP. | T21: medium | U21: 41, 42
A22: 108595754 | B22: ? | C22: DMV | D22: NO | E22: NC 179 | F22: 0 | H22: SR 1164 | I22: NC 904 | J22: NC 179 | K22: 999.999 | L22: 46249 | M22: 26 | N22: O | O22: Window - just outside the limits; DMV349 coordinates (33.898720, -78.552470) project onto NC 179BUS at MP 0.015 (43 ft off the centerline), 55 ft before the begin limit (MP 0.025, Calabash NAPA Auto Care Center driveway) - crash is coded on NC 179 | P22: NIS | Q22: 0 | R22: NC 179 at SR 1164 (0 ft, intersection) toward NC 904, in Calabash; lat/long 33.898720, -78.55247 (the intersection); unit 1 northbound on NC 179 turning right onto NC 179B collided in the intersection with unit 2 eastbound on SR 1164; the signal was in flashing red. An intersection crash | S22: 8/15/2026 15:27, daylight, surface coded 4. Unit 1 2007 Jeep SUV (no DL) northbound turning right (maneuver 7) 35 mph (10 at impact) failed to yield; unit 2 2023 Ford pickup eastbound on SR 1164 35 mph (30 at impact). Right turn, different roadways. No injuries (O). Speed limit 35, road feature 7 (signal), traffic control 3, coded as not operating (77 = 2) with the note that the lights were flashing red. Charge 210523H fail to yield, no operator's license. Trp J E Aguilar-Noyola NCSHP. | T22: high | U22: 43, 44
A23: 107407446 | B23: ? | C23: Window | D23: NO | E23: NC 179BUS | F23: 0.014 | G23: S | H23: NC 179 | I23: SR 1810 | J23: NC 179BUS | K23: 0.014 | L23: 45131 | M23: 24 | N23: O | O23: Window - just outside the limits; NC 179BUS MP 0.014 is 58 ft before the begin limit (MP 0.025, Calabash NAPA Auto Care Center driveway) - within 0.1 mi | P23: NIS | Q23: 0.014 | R23: NC 179 BUS, 75 ft S of NC 179 toward SR 1810, in Calabash; unit 1 stopped on the PVA of the Minuteman Food Mart (southwest corner lot) turned left onto NC 179B into the path of northbound unit 2; the diagram shows the PVA on the west side with a 36-ft road. 75 ft from the intersection is 57 ft before the begin limit | S23: 7/24/2023 13:47, daylight, dry. Unit 1 2016 GMC pickup with a trailer (driver 77) leaving the Minuteman PVA turning left (maneuver 8) 3 mph; unit 2 2014 Audi car (driver 80) northbound 30 mph (25 at impact), four passengers, none injured. Left turn, different roadways. No injuries (O). Speed limit 45, road feature 4, 2 lanes coded, no traffic control. Charge 3731H80 unsafe movement. Trp T Chavis NCSHP. | T23: medium | U23: 45, 46
A24: 107421425 | B24: ? | C24: Between | D24: NO | E24: NC 179 | F24: 0.004 | G24: N | H24: SR 1164 | I24: SR 1810 | J24: NC 179 | K24: 999.999 | L24: 45147 | M24: 25 | N24: O | O24: At the NC 179 intersection - likely NIS; description (NC 179 0.004 mi N from SR 1164 toward SR 1810) implies MP 0.004, 111 ft before the begin limit (MP 0.025, Calabash NAPA Auto Care Center driveway); MP 999.999 - crash is coded on NC 179; SR 1810 meets both NC 179 and NC 179BUS, so the description fits either route | P24: NIS | Q24: 0.004 | R24: NC 179, 20 ft N of SR 1164 toward SR 1810, in Calabash; the diagram shows the four-leg signalized intersection (SR 1164, Old Georgetown Rd, NC 179, NC 179 south leg): unit 1 turned right from NC 179 into the NC 179 BUS leg, went left of center and struck unit 2 stopped for the red light facing north on that leg, within about 20 ft of the intersection. An intersection crash, 112 ft before the begin limit | S24: 8/9/2023 16:16, daylight, surface coded 4. Unit 1 2021 Toyota car turning right (maneuver 7) 15 mph, driver DWI (alcohol suspected, test .27); unit 2 2017 Ford SUV stopped at the signal. Sideswipe, opposite direction (event 25). No injuries (O). Speed limit 35, road feature 12, 2 lanes coded (diagram 32 ft), traffic control 3. Charge Y0196829-7 DWI, left of center, reckless driving. Witness named. Trp M D Johnson NCSHP. | T24: high | U24: 47, 48
A25: 108186124 | B25: ? | C25: Window | D25: NO | E25: NC 179BUS | F25: 0 | H25: SR 1164 | I25: SR 1165 | J25: NC 179BUS | K25: 0 | L25: 45865 | M25: 23 | N25: B | O25: At the NC 179 intersection - likely NIS; NC 179BUS MP 0.000 is the NC 179 / SR 1164 (Clariday Rd SW) / Old Georgetown Rd SW intersection, 132 ft before the begin limit (MP 0.025, Calabash NAPA Auto Care Center driveway) - an intersection crash unless the report puts it past the driveway | P25: NIS | Q25: 0 | R25: NC 179 BUS at SR 1164 (0 ft, intersection) toward SR 1165, in Calabash; lat/long 33.898900, -78.55268 (the intersection); unit 1 westbound on NC 179B turning left into NC 179 was struck in the intersection by unit 2 eastbound on SR 1164. An intersection crash at the signal | S25: 7/27/2025 14:08, daylight, surface coded 4. Unit 1 2005 Dodge pickup westbound turning left (maneuver 8) 45 mph (30 at impact) failed to yield; unit 2 2021 Toyota car eastbound on SR 1164 45 mph. Left turn, same roadway coded (23), in the intersection. Unit 2 driver B injury, taken to Seacoast Hospital; unit 1 driver uninjured. Speed limit 45, road feature 7 (signal), 3 lanes, traffic control 3. Charge pending. Trp J E Aguilar-Noyola NCSHP. | T25: high | U25: 49, 50
A26: 108280240 | B26: ? | C26: Between | D26: NO | E26: NC 179 | F26: 1 | G26: N | H26: SR 1810 | I26: SR 1164 | J26: NC 179 | K26: 999.999 | L26: 45950 | M26: 23 | N26: C | O26: Check - description and coordinates disagree; description (NC 179 1 mi N from SR 1810 toward SR 1164) implies MP 0.134, inside the section; MP 999.999 - crash is coded on NC 179; SR 1810 meets both NC 179 and NC 179BUS, so the description fits either route; DMV349CLEANED coordinates (33.885400, -78.548510) are 4,107 ft from the section | P26: NIS | Q26: 0.955 | R26: Written as NC 179, 1.00 mi N of SR 1810 toward SR 1164, in Calabash; lat/long 33.885400, -78.54851; unit 1 northbound turning left into the PVA of Bonaparte Dr (the diagram names it), unit 2 southbound. Bonaparte Dr meets NC 179 BUS at inventory MP 0.955, about 0.75 mi past the end limit, which matches the coordinates (0.8 mi south-southeast of the section) | S26: 10/20/2025 12:35, daylight, dry. Unit 1 2018 Hyundai SUV northbound turning left into the Bonaparte Dr PVA (maneuver 8) 10 mph; unit 2 2022 Kia car southbound 45 mph (40 at impact). Left turn, same roadway. Unit 1 driver C injury (not transported); unit 2 driver and passenger C injuries (Seacoast). Speed limit 45, road feature 4, 2 lanes, traffic control 13. Charge 71478H1 fail to yield. Trp J C King NCSHP. | T26: high | U26: 51, 52
A28: IS | B28: =COUNTIF('260722124BA_Fiche'!I2:I641,"IS") | D28: In initial study, confirmed in the section by its DMV-349 report
A29: ADD | B29: =COUNTIF('260722124BA_Fiche'!I2:I641,"ADD") | D29: Not in initial study; the report puts it in the section - added
A30: DEL | B30: =COUNTIF('260722124BA_Fiche'!I2:I641,"DEL") | D30: In initial study; the report puts it outside the section - deleted
A31: NIS | B31: =COUNTIF('260722124BA_Fiche'!I2:I641,"NIS") | D31: Not in study (8 of them reviewed and confirmed outside the section)
A33: In study | D33: Crash ID is in the TEAAS ID export for study 260722124BA (all IS crashes are on this list)
A34: IS-verify | D34: IS crash whose coded milepost or Detailed Fiche coordinates do not agree with the section
A35: Between | D35: The description (on road, from road, toward road, miles) implies a milepost inside or just outside the limits on NC 179BUS, whatever the coded MP (uses the features report MPs with the study's revised MPs)
A36: DMV | D36: Detailed Fiche coordinates project onto NC 179BUS inside the limits (within 250 ft of the centerline; 100 ft when just outside the limits)
A37: Combo | D37: MP 999.999 crash coded with a section road name or with NC 179BUS / intersection roads
A38: Window | D38: Mileposted on NC 179BUS within 0.1 mi outside the limits (MP 0.025 Calabash NAPA Auto Care Center driveway to MP 0.205 Hidden Valley Pl SW)
A39: Priority | D39: The Reason column starts with the screening call: Likely ADD (locates inside the section), Possible ADD, Window (just outside the limits), At the intersection (likely NIS), Check (evidence conflicts)
A40: Decision | D40: Yellow cells = enter your call after reading the crash report (ADD / DEL / IS / NIS)
A42: Limits | D42: NC 179BUS (Beach Dr SW) from MP 0.025 (Calabash NAPA Auto Care Center driveway) to MP 0.205 (Hidden Valley Pl SW), BRUNSWICK County. Features: NC 179 / SR 1164 (Clariday Rd SW) / Old Georgetown Rd SW MP 0.000; Calabash NAPA Auto Care Center driveway MP 0.025; Los Nuevos Charros PVA (fatal crash) MP 0.070; Little Ln SW MP 0.080 (inventory 0.090); Crocker Dr SW MP 0.090 (inventory 0.099); Small Way SW MP 0.165 (inventory 0.219); Hidden Valley Pl SW MP 0.205 (inventory 0.249). Centerline: OpenStreetMap ways 1392191895, 1544958570, 389897018 (Beach Dr SW), via Nominatim, 10/8/2026.
A43: Fatal | D43: Crash 108569891 on 2026-07-22 17:31, MP 0.070, 33.898099, -78.55168: Southbound SUV turning left into the Los Nuevos Charros Mexican Restaurant PVA failed to yield to a northbound motorcycle; the motorcycle driver was killed.

Sheet ID
A1: Crash ID | B1: CRASH | C1: IS? | D1: Fiche? | H1: CRASH ID | I1: ON RD CD | J1: SVRTY | K1: DATE | L1: TYPE
A2: 107342083 | B2: 108569891 | C2: =IF(COUNTIF($B:$B,A2)>0,"IS","NIS") | D2: =IF(COUNTIF($A:$A,B2)>0,"YES","NO") | H2: 108569891 | I2: 39000179 | J2: 1 | K2: 46225.73 | L2: 23
A3: 108173956 | B3: 108457510 | C3: =IF(COUNTIF($B:$B,A3)>0,"IS","NIS") | D3: =IF(COUNTIF($A:$A,B3)>0,"YES","NO") | H3: 108457510 | I3: 39000179 | J3: 5 | K3: 46114.536 | L3: 23
A4: 108199076 | B4: 107392672 | C4: =IF(COUNTIF($B:$B,A4)>0,"IS","NIS") | D4: =IF(COUNTIF($A:$A,B4)>0,"YES","NO") | H4: 107392672 | I4: 39000179 | J4: 5 | K4: 45112.422 | L4: 23
A5: 107639269 | B5: 108192988 | C5: =IF(COUNTIF($B:$B,A5)>0,"IS","NIS") | D5: =IF(COUNTIF($A:$A,B5)>0,"YES","NO") | H5: 108192988 | I5: 39000179 | J5: 5 | K5: 45873.732 | L5: 26
A6: 108532023 | C6: =IF(COUNTIF($B:$B,A6)>0,"IS","NIS")
A7: 108419436 | C7: =IF(COUNTIF($B:$B,A7)>0,"IS","NIS")
A8: 107765292 | C8: =IF(COUNTIF($B:$B,A8)>0,"IS","NIS")
A9: 108494151 | C9: =IF(COUNTIF($B:$B,A9)>0,"IS","NIS")
A10: 107620171 | C10: =IF(COUNTIF($B:$B,A10)>0,"IS","NIS")
A11: 107576477 | C11: =IF(COUNTIF($B:$B,A11)>0,"IS","NIS")
A12: 107581475 | C12: =IF(COUNTIF($B:$B,A12)>0,"IS","NIS")
A13: 107442152 | C13: =IF(COUNTIF($B:$B,A13)>0,"IS","NIS")
A14: 107674486 | C14: =IF(COUNTIF($B:$B,A14)>0,"IS","NIS")
A15: 107080484 | C15: =IF(COUNTIF($B:$B,A15)>0,"IS","NIS")
A16: 107645673 | C16: =IF(COUNTIF($B:$B,A16)>0,"IS","NIS")
A17: 107004692 | C17: =IF(COUNTIF($B:$B,A17)>0,"IS","NIS")
... A636: 107398488 | C636: =IF(COUNTIF($B:$B,A636)>0,"IS","NIS")

Sheet Index
A1: 0 | B1: unknown
A2: 1 | B2: ROR-R
A3: 2 | B3: ROR-L
A4: 3 | B4: ROR-T
A5: 4 | B5: jackknife
A6: 5 | B6: overturn
A7: 13 | B7: other
A8: 14 | B8: pedestrian
A9: 15 | B9: cyclist
A10: 16 | B10: RR
A11: 17 | B11: animal
A12: 18 | B12: MO
... A26: 32 | B26: other

Sheet Initial Study
B1: North Carolina Department of Transportation Traffic Engineering Accident Analysis System Strip Analysis Report
A2: Study Criteria Summary
A3: County: | B3: BRUNSWICK | C3: City: | D3: All and Rural
A4: Date: | B4: 9/1/2021 | C4: to | D4: 8/31/2026 | E4: Study: | F4: 260722124BA
A5: Location: | B5: NC 179BUS (Beach Dr SW) from the Calabash NAPA Auto Care Center Driveway [MP 0.025] to Hidden Valley Pl [MP 0.205]
A6: Report Details
A7: Acc No | B7: Crash ID | C7: Milepost | D7: Date | E7: Accident Type | F7: Total Damage | G7: Injuries | H7: F | I7: A | J7: B | K7: C | L7: R | M7: Condition | N7: L | O7: W | P7: Ch | Q7: Road | R7: Ci | S7: Trfc Ctl | T7: Dv | U7: Op
A8: 1 | B8: 108569891 | C8: 0.07 | D8: 07/22/2026 17:31 | E8: LEFT TURN, SAME ROADWAY | F8: $ | G8: 15000 | H8: 1 | I8: 0 | J8: 2 | K8: 0 | L8: 1 | M8: 1 | N8: 1 | O8: 1 | P8: 0 | Q8: 0
A9: Unit | B9: 1 | C9: : | D9: 4 | E9: Alchl/Drgs: | F9: 0 | G9: Speed: | H9: 10 | I9: MPH | J9: Dir: | K9: S | L9: Veh Mnvr/Ped Actn: | M9: 8 | N9: Obj Strk:
A10: Unit | B10: 2 | C10: : | D10: 20 | E10: Alchl/Drgs: | F10: 0 | G10: Speed: | H10: 45 | I10: MPH | J10: Dir: | K10: N | L10: Veh Mnvr/Ped Actn: | M10: 4 | N10: Obj Strk:
A11: 2 | B11: 108457510 | C11: 0.083 | D11: 04/02/2026 12:52 | E11: LEFT TURN, SAME ROADWAY | F11: $ | G11: 9000 | H11: 0 | I11: 0 | J11: 0 | K11: 0 | L11: 1 | M11: 1 | N11: 1 | O11: 1 | P11: 0 | Q11: 13 | R11: 1
A12: Unit | B12: 1 | C12: : | D12: 2 | E12: Alchl/Drgs: | F12: 0 | G12: Speed: | H12: 10 | I12: MPH | J12: Dir: | K12: E | L12: Veh Mnvr/Ped Actn: | M12: 8 | N12: Obj Strk:
A13: Unit | B13: 2 | C13: : | D13: 2 | E13: Alchl/Drgs: | F13: 0 | G13: Speed: | H13: 25 | I13: MPH | J13: Dir: | K13: W | L13: Veh Mnvr/Ped Actn: | M13: 4 | N13: Obj Strk:
A14: 3 | B14: 107392672 | C14: 0.1 | D14: 07/05/2023 10:08 | E14: LEFT TURN, SAME ROADWAY | F14: $ | G14: 4000 | H14: 0 | I14: 0 | J14: 0 | K14: 0 | L14: 1 | M14: 1 | N14: 1 | O14: 1 | P14: 0 | Q14: 13 | R14: 1
A15: Unit | B15: 1 | C15: : | D15: 1 | E15: Alchl/Drgs: | F15: 0 | G15: Speed: | H15: 5 | I15: MPH | J15: Dir: | K15: S | L15: Veh Mnvr/Ped Actn: | M15: 8 | N15: Obj Strk:
A16: Unit | B16: 2 | C16: : | D16: 2 | E16: Alchl/Drgs: | F16: 0 | G16: Speed: | H16: 45 | I16: MPH | J16: Dir: | K16: N | L16: Veh Mnvr/Ped Actn: | M16: 4 | N16: Obj Strk:
A17: 4 | B17: 108192988 | C17: 0.2 | D17: 08/04/2025 17:34 | E17: RIGHT TURN, DIFFERENT ROADWAYS | F17: $ | G17: 11000 | H17: 0 | I17: 0 | J17: 0 | K17: 0 | L17: 1 | M17: 1 | N17: 1 | O17: 1 | P17: 0 | Q17: 0
A18: Unit | B18: 1 | C18: : | D18: 1 | E18: Alchl/Drgs: | F18: 0 | G18: Speed: | H18: 5 | I18: MPH | J18: Dir: | K18: N | L18: Veh Mnvr/Ped Actn: | M18: 7 | N18: Obj Strk:
A19: Unit | B19: 2 | C19: : | D19: 2 | E19: Alchl/Drgs: | F19: 0 | G19: Speed: | H19: 35 | I19: MPH | J19: Dir: | K19: E | L19: Veh Mnvr/Ped Actn: | M19: 4 | N19: Obj Strk:
A20: Legend for Report Details: | B20: Acc No - Accident Number Injuries: F - Fatal, A - Class A, B - Class B, C - Class C Condition: R - Road Surface, L - Ambient Light, W - Weather Rd Ch - Road Character Rd Ci - Roadway Contributing Circumstances Trfc Ctl - Traffic Control: Dv - Device, Op - Operating Alchl/Drgs - Alcohol Drugs Suspected Veh Mnvr/Ped Actn - Vehicle Maneuver/Pedestrian Action Obj Strk - Object Struck
A21: 10/07/2026 | B21: All data presented in this report comes explicitly from the Traffic Engineering Accident Analysis System based upon various input criteria provided by the report's creator. The onus is strictly upon the user of this report to exercise due diligence in interpreting and further representing this data. | C21: -1-
B22: North Carolina Department of Transportation Traffic Engineering Accident Analysis System Strip Analysis Report
A23: Summary Statistics
A24: High Level Crash Summary
A25: Crash Type | B25: Number of Crashes | C25: Percent of Total
A26: Total Crashes | B26: 4 | C26: 100
A27: Fatal Crashes | B27: 1 | C27: 25
A28: Non-Fatal Injury Crashes | B28: 0 | C28: 0
A29: Total Injury Crashes | B29: 1 | C29: 25
A30: Property Damage Only Crashes | B30: 3 | C30: 75
A31: Night Crashes | B31: 0 | C31: 0
A32: Wet Crashes | B32: 0 | C32: 0
A33: Alcohol/Drugs Involvement Crashes | B33: 0 | C33: 0
A34: Crash Severity Summary
A35: Crash Type | B35: Number of Crashes | C35: Percent of Total
A36: Total Crashes | B36: 4 | C36: 100
A37: Fatal Crashes | B37: 1 | C37: 25
A38: Class A Crashes | B38: 0 | C38: 0
A39: Class B Crashes | B39: 0 | C39: 0
A40: Class C Crashes | B40: 0 | C40: 0
A41: Property Damage Only Crashes | B41: 3 | C41: 75
A42: Vehicle Exposure Statistics
A43: Annual ADT = | B43: 9000
A44: Total Length = | B44: 0.18 (Miles) | C44: 0.29 (Kilometers)
A45: Total Vehicle Exposure = | B45: 2.96 (MVMT) | C45: 4.76 (MVKMT)
A46: Crash Rate | B46: Crashes Per 100 Million Vehicle Miles | C46: Crashes Per 100 Million Vehicle Kilometers
A47: Total Crash Rate | B47: 135.22 | C47: 84.02
A48: Fatal Crash Rate | B48: 33.81 | C48: 21.01
A49: Non Fatal Crash Rate | B49: 0 | C49: 0
A50: Night Crash Rate | B50: 0 | C50: 0
A51: Wet Crash Rate | B51: 0 | C51: 0
A52: EPDO Rate | B52: 2697.66 | C52: 1676.25
A53: 10/07/2026 | B53: All data presented in this report comes explicitly from the Traffic Engineering Accident Analysis System based upon various input criteria provided by the report's creator. The onus is strictly upon the user of this report to exercise due diligence in interpreting and further representing this data. | C53: -2-
B54: North Carolina Department of Transportation Traffic Engineering Accident Analysis System Strip Analysis Report
A55: Miscellaneous Statistics
A56: Severity Index = | B56: 19.95
A57: EPDO Crash Index = | B57: 79.8
A58: Estimated Property Damage Total = $ | B58: 39000
A59: Accident Type Summary
A60: Accident Type | B60: Number of Crashes | C60: Percent of Total
A61: LEFT TURN, SAME ROADWAY | B61: 3 | C61: 75
A62: RIGHT TURN, DIFFERENT ROADWAYS | B62: 1 | C62: 25
A63: Injury Summary
A64: Injury Type | B64: Number of Injuries | C64: Percent of Total
A65: Fatal Injuries | B65: 1 | C65: 33.33
A66: Class A Injuries | B66: 0 | C66: 0
A67: Class B Injuries | B67: 2 | C67: 66.67
A68: Class C Injuries | B68: 0 | C68: 0
A69: Total Non-Fatal Injuries | B69: 2 | C69: 66.67
A70: Total Injuries | B70: 3 | C70: 100
A71: 10/07/2026 | B71: All data presented in this report comes explicitly from the Traffic Engineering Accident Analysis System based upon various input criteria provided by the report's creator. The onus is strictly upon the user of this report to exercise due diligence in interpreting and further representing this data. | C71: -3-
B72: North Carolina Department of Transportation Traffic Engineering Accident Analysis System Strip Analysis Report
A73: Monthly Summary
A74: Month | B74: Number of Crashes | C74: Percent of Total
A75: Jan | B75: 0 | C75: 0
A76: Feb | B76: 0 | C76: 0
A77: Mar | B77: 0 | C77: 0
A78: Apr | B78: 1 | C78: 25
A79: May | B79: 0 | C79: 0
A80: Jun | B80: 0 | C80: 0
A81: Jul | B81: 2 | C81: 50
A82: Aug | B82: 1 | C82: 25
A83: Sep | B83: 0 | C83: 0
A84: Oct | B84: 0 | C84: 0
A85: Nov | B85: 0 | C85: 0
A86: Dec | B86: 0 | C86: 0
A87: Daily Summary
A88: Day | B88: Number of Crashes | C88: Percent of Total
A89: Mon | B89: 1 | C89: 25
A90: Tue | B90: 0 | C90: 0
A91: Wed | B91: 2 | C91: 50
A92: Thu | B92: 1 | C92: 25
A93: Fri | B93: 0 | C93: 0
A94: Sat | B94: 0 | C94: 0
A95: Sun | B95: 0 | C95: 0
A96: 10/07/2026 | B96: All data presented in this report comes explicitly from the Traffic Engineering Accident Analysis System based upon various input criteria provided by the report's creator. The onus is strictly upon the user of this report to exercise due diligence in interpreting and further representing this data. | C96: -4-
B97: North Carolina Department of Transportation Traffic Engineering Accident Analysis System Strip Analysis Report
A98: Hourly Summary
A99: Hour | B99: Number of Crashes | C99: Percent of Total
A100: 0000-0059 | B100: 0 | C100: 0
...

Sheet DetailedFiche
A1: Municipality | B1: On Road | C1: Miles | D1: Dir From | E1: From Road | F1: Toward Road | G1: Milepost Road | H1: MP | I1: MA | J1: Crash ID | K1: Date | L1: T | M1: C | N1: F | O1: L | P1: S | Q1: Latitude | R1: Longitude | S1: Source
A2: CALABASH | B2: NC 179 | C2: 0.003 | D2: N | E2: SR 1168 | F2: SR 1165 | G2: NC 179 | H2: 0.45 | J2: 108546682 | K2: 2026-06-29 | L2: 21 | M2: 1 | N2: 0 | O2: 1 | P2: O | Q2: 33.890432 | R2: -78.57912 | S2: DMV349
A3: CALABASH | B3: NC 179 | C3: 0.042 | D3: S | E3: SR 1626 | F3: SR 1168 | G3: NC 179 | H3: 999.999 | J3: 107511798 | K3: 2023-10-24 | L3: 19 | M3: 1 | N3: 4 | O3: 5 | P3: O | Q3: 33.89083 | R3: -77.43139 | S3: DMV349
A4: RURAL | B4: NC 179 | C4: 0.031 | D4: E | E4: SR 1164 | F4: SR 1810 | G4: NC 179 | H4: 999.999 | J4: 108581555 | K4: 2026-07-24 | L4: 24 | M4: 2 | N4: 0 | O4: 1 | P4: C | Q4: 33.89872 | R4: -78.55224 | S4: DMV349
A5: CALABASH | B5: NC 179 | C5: 0.009 | D5: W | E5: SR 1165 | F5: SR 1943 | G5: NC 179 | H5: 1.151 | J5: 108506311 | K5: 2026-05-18 | L5: 29 | M5: 1 | N5: 0 | O5: 1 | P5: B | Q5: 33.890789 | R5: -78.56849 | S5: DMV349
A6: CALABASH | B6: NC 179 | C6: 0.045 | D6: S | E6: SR 1626 | F6: SR 1168 | G6: NC 179 | H6: 999.999 | J6: 107511805 | K6: 2023-10-24 | L6: 19 | M6: 1 | N6: 0 | O6: 5 | P6: O | Q6: 33.89083 | R6: -77.43139 | S6: DMV349
A7: CALABASH | B7: NC 179 | C7: 0.009 | D7: N | E7: SR 1165 | F7: NC 904 | G7: NC 179 | H7: 1.169 | J7: 107520840 | K7: 2023-11-08 | L7: 21 | M7: 1 | N7: 0 | O7: 1 | P7: O | Q7: 38.10248 | R7: -78.29834 | S7: DMV349
A8: RURAL | B8: NC 179 | C8: 0.5 | D8: N | E8: NC 179BUS | F8: NC 904 | G8: NC 179 | H8: 999.999 | J8: 107578971 | K8: 2023-12-28 | L8: 17 | M8: 1 | N8: 0 | O8: 1 | P8: O | Q8: 34.87678 | R8: -78.12878 | S8: DMV349
A9: CALABASH | B9: NC 179BUS | C9: 0.083 | D9: E | E9: NC 179 | F9: SR 1810 | G9: NC 179BUS | H9: 0.083 | I9: Y | J9: 108457510 | K9: 2026-04-02 | L9: 23 | M9: 1 | N9: 4 | O9: 1 | P9: O | Q9: 33.8981 | R9: -78.55169 | S9: DMV349
A10: CALABASH | B10: NC 179 | C10: 0.1 | D10: N | E10: SR 1167 | F10: SR 1164 | G10: NC 179 | H10: 1.374 | J10: 108470858 | K10: 2026-04-15 | L10: 21 | M10: 1 | N10: 0 | O10: 1 | P10: O | Q10: 33.89215 | R10: -78.56539 | S10: DMV349
A11: CALABASH | B11: NC 179 | C11: 0.5 | D11: S | E11: SR 1165 | F11: SR 1168 | G11: NC 179 | H11: 0.66 | J11: 108569328 | K11: 2026-07-20 | L11: 19 | M11: 1 | N11: 0 | O11: 1 | P11: O | Q11: 33.89088 | R11: -78.57608 | S11: DMV349
A12: RURAL | B12: NC 179BUS | C12: 0.2 | D12: E | E12: SR 1163 | F12: SR 1810 | G12: NC 179BUS | H12: 999.999 | J12: 108512267 | K12: 2026-05-27 | L12: 24 | M12: 1 | N12: 4 | O12: 1 | P12: C | Q12: 33.89654 | R12: -78.55039 | S12: DMV349
A13: CALABASH | B13: NC 179 | C13: 0.7 | D13: E | E13: SR 1164 | F13: NC 904 | G13: NC 179 | H13: 999.999 | J13: 108527845 | K13: 2026-06-12 | L13: 17 | M13: 1 | N13: 0 | O13: 5 | P13: O | Q13: 33.902443 | R13: -78.54067 | S13: DMV349
A14: CALABASH | B14: NC 179 | C14: 0 | E14: SR 1164 | F14: NC 904 | G14: NC 179 | H14: 999.999 | J14: 108521405 | K14: 2026-06-05 | L14: 30 | M14: 1 | N14: 7 | O14: 1 | P14: C | Q14: 33.89903 | R14: -78.55255 | S14: DMV349
A15: CALABASH | B15: NC 179BUS | C15: 0.07 | D15: S | E15: NC 179 | F15: SR 1810 | G15: NC 179BUS | H15: 0.07 | I15: Y | J15: 108569891 | K15: 2026-07-22 | L15: 23 | M15: 1 | N15: 4 | O15: 1 | P15: K | Q15: 33.898099 | R15: -78.55168 | S15: DMV349
A16: CALABASH | B16: NC 179 | C16: 0.2 | D16: N | E16: SR 1943 | F16: SR 1286 | G16: NC 179 | H16: 999.999 | J16: 108526722 | K16: 2026-06-10 | L16: 24 | M16: 1 | N16: 4 | O16: 1 | P16: O | Q16: 33.89079 | R16: -78.57617 | S16: DMV349
A17: CALABASH | B17: NC 179 | C17: 0.1 | D17: S | E17: SR 1168 | F17: US 17 | G17: NC 179 | H17: 0.347 | J17: 108576745 | K17: 2026-07-27 | L17: 21 | M17: 1 | N17: 0 | O17: 1 | P17: O | Q17: 33.88982 | R17: -78.58253 | S17: DMV349
A18: RURAL | B18: NC 179BUS | C18: 0.5 | D18: E | E18: NC 179 | F18: SR 1810 | G18: NC 179BUS | H18: 0.5 | I18: Y | J18: 108552331 | K18: 2026-07-07 | L18: 17 | M18: 1 | N18: 0 | O18: 1 | P18: O | Q18: 33.891578 | R18: -78.54937 | S18: DMV349
A19: CALABASH | B19: NC 179 | C19: 0 | E19: SR 1165 | F19: SR 1168 | G19: NC 179 | H19: 1.16 | J19: 108548930 | K19: 2026-06-28 | L19: 24 | M19: 2 | N19: 8 | O19: 5 | P19: O | Q19: 33.891168 | R19: -78.56705 | S19: DMV349
A20: CALABASH | B20: NC 179 | C20: 0.051 | D20: N | E20: SR 1165 | F20: SR 1167 | G20: NC 179 | H20: 1.211 | J20: 108549021 | K20: 2026-07-04 | L20: 21 | M20: 1 | N20: 0 | O20: 1 | P20: C | Q20: 33.891466 | R20: -78.56621 | S20: DMV349
A21: CALABASH | B21: NC 179 | C21: 0.081 | D21: W | E21: SR 1164 | F21: SR 1167 | G21: NC 179 | H21: 2.077 | I21: Y | J21: 108567084 | K21: 2026-07-20 | L21: 21 | M21: 1 | N21: 0 | O21: 1 | P21: C | Q21: 33.89829 | R21: -78.55382 | S21: DMV349
A22: RURAL | B22: NC 179 | C22: 0.3 | D22: W | E22: SR 1164 | F22: SR 1167 | G22: NC 179 | H22: 1.858 | I22: Y | J22: 108575522 | K22: 2026-07-24 | L22: 24 | M22: 2 | N22: 0 | O22: 1 | P22: C | Q22: 33.89682 | R22: -78.55689 | S22: DMV349
A23: CALABASH | B23: NC 179 | C23: 0.003 | D23: S | E23: SR 1165 | F23: SR 1286 | G23: NC 179 | H23: 1.157 | J23: 108497959 | K23: 2026-05-14 | L23: 21 | M23: 1 | N23: 9 | O23: 1 | P23: O | Q23: 33.89111 | R23: -78.56719 | S23: DMV349
A24: CALABASH | B24: NC 179 | C24: 0.1 | D24: S | E24: SR 1165 | F24: SR 1168 | G24: NC 179 | H24: 1.06 | J24: 108551105 | K24: 2026-07-03 | L24: 23 | M24: 1 | N24: 4 | O24: 1 | P24: O | Q24: 33.890716 | R24: -78.56929 | S24: DMV349
A25: CALABASH | B25: NC 179 | C25: 0.029 | D25: W | E25: SR 1164 | F25: SR 1167 | G25: NC 179 | H25: 2.129 | I25: Y | J25: 108551242 | K25: 2026-07-01 | L25: 24 | M25: 1 | N25: 4 | O25: 1 | P25: O | Q25: 33.898732 | R25: -78.55299 | S25: DMV349
A26: CALABASH | B26: NC 179 | C26: 0 | E26: SR 1164 | F26: NC 904 | G26: NC 179 | H26: 999.999 | J26: 108595754 | K26: 2026-08-15 | L26: 26 | M26: 1 | N26: 7 | O26: 1 | P26: O | Q26: 33.89872 | R26: -78.55247 | S26: DMV349
A27: CALABASH | B27: NC 179 | C27: 0.01 | D27: S | E27: SR 1167 | F27: SR 1165 | G27: NC 179 | H27: 1.264 | J27: 108555171 | K27: 2026-07-06 | L27: 21 | M27: 1 | N27: 12 | O27: 1 | P27: O | Q27: 33.891813 | R27: -78.56543 | S27: DMV349
A28: RURAL | B28: NC 179 | C28: 0.5 | D28: S | E28: SR 1154 | F28: NC 904 | G28: NC 179 | H28: 10.527 | J28: 107588174 | K28: 2024-01-07 | L28: 17 | M28: 1 | N28: 0 | O28: 5 | P28: O | Q28: 34.43534 | R28: -78.65666 | S28: DMV349
A29: RURAL | B29: NC 179 | C29: 0.1 | D29: N | E29: SR 1184 | F29: SR 1154 | G29: NC 179 | H29: 10.119 | J29: 108557894 | K29: 2026-07-03 | L29: 21 | M29: 1 | N29: 0 | O29: 1 | P29: O | Q29: 33.90567 | R29: -78.4387 | S29: DMV349
A30: OCEAN ISLE BEACH | B30: NC 179 | C30: 0 | E30: HAIL BEACH | F30: CAUSEWAY | G30: NC 179 | H30: 999.999 | J30: 108426035 | K30: 2024-07-31 | L30: 21 | M30: 1 | N30: 8 | O30: 1 | P30: O | Q30: 33.903009 | R30: -78.4431 | S30: DMV349
A31: RURAL | B31: NC 179 | C31: 0.076 | D31: N | E31: SR 1157 | F31: NC 904 | G31: NC 179 | H31: 9.91 | J31: 108554377 | K31: 2026-07-03 | L31: 21 | M31: 1 | N31: 12 | O31: 1 | P31: O | Q31: 33.902934 | R31: -78.44321 | S31: DMV349
A32: RURAL | B32: NC 179 | C32: 0.009 | D32: W | E32: SR 1274 | F32: NC 904 | G32: NC 179 | H32: 10.387 | J32: 108461106 | K32: 2026-04-09 | L32: 17 | M32: 1 | N32: 0 | O32: 5 | P32: O | Q32: 33.90779 | R32: -78.43505 | S32: DMV349
A33: RURAL | B33: NC 179 | C33: 0.2 | D33: S | E33: SR 1143 | F33: SR 1155 | G33: NC 179 | H33: 12.033 | J33: 107696729 | K33: 2024-04-23 | L33: 17 | M33: 1 | N33: 0 | O33: 5 | P33: O | Q33: 33.91772 | R33: -78.41 | S33: DMV349
A34: OCEAN ISLE BEACH | B34: NC 179 | C34: 0 | E34: NC 179 | F34: HALE BEACH | G34: NC 179 | H34: 999.999 | J34: 108426647 | K34: 2024-02-29 | L34: 3 | M34: 1 | N34: 10 | O34: 4 | P34: O | Q34: 33.904089 | R34: -78.44129 | S34: DMV349
A35: RURAL | B35: NC 179 | C35: 0.4 | D35: S | E35: SR 1184 | F35: SR 1162 | G35: NC 179 | H35: 9.619 | J35: 108467289 | K35: 2026-04-12 | L35: 17 | M35: 1 | N35: 0 | O35: 5 | P35: O | Q35: 33.902306 | R35: -78.4443 | S35: DMV349
A36: OCEAN ISLE BEACH | B36: NC 179 | C36: 0 | E36: NC 904 | F36: SR 1184 | G36: NC 179 | H36: 10.019 | I36: Y | J36: 108457557 | K36: 2026-04-04 | L36: 26 | M36: 1 | N36: 10 | O36: 1 | P36: O | Q36: 33.90391 | R36: -78.44112 | S36: DMV349
A37: RURAL | B37: NC 179 | C37: 0.1 | D37: S | E37: SR 1184 | F37: SR 1158 | G37: NC 179 | H37: 9.919 | J37: 108511064 | K37: 2026-05-22 | L37: 21 | M37: 1 | N37: 0 | O37: 1 | P37: O | Q37: 33.90267 | R37: -78.44356 | S37: DMV349
A38: RURAL | B38: NC 179 | C38: 0.033 | D38: N | E38: SR 1159 | F38: SR 1157 | G38: NC 179 | H38: 9.777 | J38: 108584235 | K38: 2026-08-07 | L38: 17 | M38: 1 | N38: 0 | O38: 1 | P38: C | Q38: 33.90197 | R38: -78.44478 | S38: DMV349
A39: RURAL | B39: NC 179 | C39: 0.2 | D39: N | E39: SR 1274 | F39: SR 1154 | G39: NC 179 | H39: 10.596 | J39: 108469470 | K39: 2026-04-04 | L39: 21 | M39: 1 | N39: 12 | O39: 1 | P39: O | Q39: 33.90886 | R39: -78.43268 | S39: DMV349
A40: RURAL | B40: NC 179 | C40: 0.045 | D40: W | E40: SR 1212 | F40: SR 1232 | G40: NC 179 | H40: 9.557 | J40: 108581483 | K40: 2026-07-31 | L40: 21 | M40: 1 | N40: 0 | O40: 1 | P40: O | Q40: 33.900882 | R40: -78.44838 | S40: DMV349
A41: RURAL | B41: NC 179 | C41: 0 | D41: N | E41: SR 1155 | F41: SR 1143 | G41: NC 179 | H41: 11.838 | J41: 108518153 | K41: 2026-06-02 | L41: 30 | M41: 1 | N41: 7 | O41: 1 | P41: B | Q41: 33.91581 | R41: -78.41378 | S41: DMV349
A42: RURAL | B42: NC 179 | C42: 0.8 | D42: E | E42: SR 1184 | F42: SR 1154 | G42: NC 179 | H42: 10.819 | J42: 108567213 | K42: 2026-07-18 | L42: 21 | M42: 1 | N42: 0 | O42: 1 | P42: O | Q42: 33.91092 | R42: -78.4291 | S42: DMV349
A43: RURAL | B43: NC 179 | C43: 0.5 | D43: E | E43: SR 1183 | F43: SR 1159 | G43: NC 179 | H43: 8.81 | J43: 108575872 | K43: 2026-07-30 | L43: 24 | M43: 1 | N43: 4 | O43: 1 | P43: O | Q43: 33.89999 | R43: -78.46123 | S43: DMV349
A44: RURAL | B44: NC 179 | C44: 0.2 | D44: N | E44: SR 1145 | F44: US 17BUS | G44: NC 179 | H44: 15.07 | J44: 108511168 | K44: 2026-05-27 | L44: 24 | M44: 1 | N44: 4 | O44: 1 | P44: O | Q44: 33.956 | R44: -78.40157 | S44: DMV349
A45: RURAL | B45: NC 179 | C45: 0.001 | D45: N | E45: SR 1145 | F45: SR 1191 | G45: NC 179 | H45: 14.871 | J45: 108531754 | K45: 2026-06-15 | L45: 29 | M45: 1 | N45: 12 | O45: 1 | P45: O | Q45: 33.95452 | R45: -78.40294 | S45: DMV349
A46: RURAL | B46: NC 179 | C46: 0.08 | D46: N | E46: SR 1163 | F46: SR 1145 | G46: NC 179 | H46: 5.996 | J46: 108579403 | K46: 2026-07-28 | L46: 18 | M46: 1 | N46: 0 | O46: 4 | P46: C | Q46: 33.942941 | R46: -78.41035 | S46: DMV349
A47: RURAL | B47: NC 179 | C47: 1.3 | D47: W | E47: NC 904 | F47: SR 1164 | G47: NC 179 | H47: 999.999 | J47: 108585382 | K47: 2026-08-09 | L47: 21 | M47: 1 | N47: 0 | O47: 1 | P47: O | Q47: 33.91292 | R47: -78.51456 | S47: DMV349
A48: RURAL | B48: NC 179 | C48: 0.014 | D48: N | E48: NC 904 | F48: SR 1184 | G48: NC 179 | H48: 10.033 | I48: Y | J48: 107613147 | K48: 2024-02-02 | L48: 21 | M48: 1 | N48: 12 | O48: 1 | P48: O | Q48: 34.34445 | R48: -78.3411 | S48: DMV349
A49: RURAL | B49: NC 179 | C49: 0.4 | D49: S | E49: NC 904 | F49: SR 1164 | G49: NC 179 | H49: 999.999 | J49: 108584244 | K49: 2026-08-07 | L49: 21 | M49: 1 | N49: 0 | O49: 1 | P49: O | Q49: 33.91471 | R49: -78.50107 | S49: DMV349
A50: RURAL | B50: NC 179 | C50: 0.036 | D50: W | E50: SR 1259 | F50: SR 1161 | G50: NC 179 | H50: 8.006 | J50: 108570001 | K50: 2026-07-14 | L50: 21 | M50: 2 | N50: 0 | O50: 1 | P50: C | Q50: 33.898612 | R50: -78.47511 | S50: DMV349
A51: RURAL | B51: NC 179 | C51: 0.4 | D51: S | E51: NC 904 | F51: SR 1164 | G51: NC 179 | H51: 999.999 | J51: 108548992 | K51: 2026-07-03 | L51: 21 | M51: 1 | N51: 0 | O51: 1 | P51: O | Q51: 33.91505 | R51: -78.4995 | S51: DMV349
A52: RURAL | B52: NC 179 | C52: 0.4 | D52: N | E52: SR 1164 | F52: NC 904 | G52: NC 179 | H52: 999.999 | J52: 108077621 | K52: 2025-04-04 | L52: 27 | M52: 1 | N52: 0 | O52: 5 | P52: K | Q52: 33.901606 | R52: -78.54722 | S52: NCDOT_TSU
A53: CALABASH | B53: NC 179 | C53: 0.021 | D53: N | E53: SR 1228 | F53: SR 1164 | G53: NC 179 | H53: 2.069 | J53: 107483739 | K53: 2023-10-06 | L53: 24 | M53: 2 | N53: 4 | O53: 1 | P53: K | Q53: 33.8983 | R53: -78.5538 | S53: NCDOT_TSU
A54: CALABASH | B54: NC 179 | C54: 1.1 | D54: N | E54: SR 1164 | F54: CAPE SIDE WYND | G54: NC 179 | H54: 3.258 | I54: Y | J54: 107305474 | K54: 2023-04-14 | L54: 19 | M54: 1 | N54: 0 | O54: 4 | P54: A | Q54: 33.903996 | R54: -78.534863 | S54: ITRE_SEVEREINJURY
A55: RURAL | B55: NC 179 | C55: 0 | E55: SR 1159 | F55: SR 1158 | G55: NC 179 | H55: 9.744 | J55: 107848119 | K55: 2024-09-11 | L55: 23 | M55: 1 | N55: 8 | O55: 4 | P55: A | Q55: 33.901668 | R55: -78.445327 | S55: ITRE_SEVEREINJURY
A56: OCEAN ISLE BEACH | B56: NC 179 | C56: 0.3 | D56: E | E56: HALE BEACH | F56: CAUSEWAY | G56: NC 179 | H56: 10.134 | J56: 106844679 | K56: 2022-01-22 | L56: 19 | M56: 1 | N56: 10 | O56: 4 | P56: A | Q56: 33.90387 | R56: -78.441492 | S56: ITRE_SEVEREINJURY
A57: RURAL | B57: SR 1154 | C57: 0 | E57: NC 179 | F57: SR 1145 | G57: SR 1154 | H57: 1.656 | J57: 106918277 | K57: 2022-04-09 | L57: 19 | M57: 1 | N57: 10 | O57: 4 | P57: A | Q57: 33.91233 | R57: -78.42701 | S57: ITRE_SEVEREINJURY
A58: RURAL | B58: SR 1154 | C58: 0 | E58: NC 179 | F58: SR 1145 | G58: SR 1154 | H58: 1.656 | J58: 106918278 | K58: 2022-04-09 | L58: 19 | M58: 1 | N58: 10 | O58: 4 | P58: A | Q58: 33.912337 | R58: -78.426988 | S58: ITRE_SEVEREINJURY
A59: RURAL | B59: NC 179 | C59: 0.4 | D59: S | E59: SR 1145 | F59: SR 1163 | G59: NC 179 | H59: 14.47 | J59: 107737465 | K59: 2024-05-30 | L59: 17 | M59: 1 | N59: 0 | O59: 5 | P59: A | Q59: 33.944353 | R59: -78.409757 | S59: ITRE_SEVEREINJURY
A60: RURAL | B60: NC 904 | C60: 0 | E60: NC 179 | F60: US 17 | G60: NC 179 | H60: 5.916 | I60: Y | J60: 107755837 | K60: 2024-06-16 | L60: 23 | M60: 1 | N60: 7 | O60: 1 | P60: A | Q60: 33.916776 | R60: -78.49205 | S60: ITRE_SEVEREINJURY
A61: RURAL | B61: NC 179 | C61: 0.3 | D61: N | E61: NC 904 | F61: SR 1277 | G61: NC 179 | H61: 6.216 | I61: Y | J61: 107064205 | K61: 2022-08-29 | L61: 19 | M61: 1 | N61: 0 | O61: 1 | P61: A | Q61: 33.897949 | R61: -78.482047 | S61: ITRE_SEVEREINJURY
A62: RURAL | B62: NC 179 | C62: 0.6 | D62: N | E62: SR 1186 | F62: NC 179 | G62: NC 179 | H62: 999.999 | J62: 106872720 | K62: 2022-02-22 | L62: 24 | M62: 1 | N62: 0 | O62: 1 | P62: O | Q62: 33.884547 | R62: -78.548192 | S62: ITRE_CMV
A63: CALABASH | B63: NC 179BUS | C63: 0.024 | D63: S | E63: NC 179 | F63: SR 1246 | G63: NC 179BUS | H63: 0.024 | I63: Y | J63: 106894323 | K63: 2022-03-18 | L63: 26 | M63: 1 | N63: 4 | O63: 1 | P63: C | Q63: 33.941238 | R63: -78.411575 | S63: ITRE_CMV
A64: RURAL | B64: NC 179 | C64: 0.3 | D64: W | E64: SR 1156 | F64: SR 1163 | G64: NC 179 | H64: 999.999 | J64: 106949635 | K64: 2022-05-04 | L64: 31 | M64: 1 | N64: 7 | O64: 1 | P64: O | Q64: 33.891178 | R64: -78.566968 | S64: ITRE_CMV
A65: CALABASH | B65: NC 179 | C65: 0.3 | D65: S | E65: SR 1163 | F65: SR 1165 | G65: NC 179 | H65: 5.616 | J65: 106928044 | K65: 2022-04-18 | L65: 28 | M65: 2 | N65: 0 | O65: 1 | P65: O | Q65: 33.915769 | R65: -78.496985 | S65: ITRE_CMV
A66: CALABASH | B66: NC 179 | C66: 0.2 | D66: S | E66: SR 1227 | F66: SR 1167 | G66: NC 179 | H66: 1.542 | J66: 106962101 | K66: 2022-05-20 | L66: 22 | M66: 1 | N66: 0 | O66: 1 | P66: O | Q66: 33.894096 | R66: -78.561525 | S66: ITRE_CMV
A67: CALABASH | B67: NC 179 | C67: 0.1 | D67: E | E67: SR 1163 | F67: SR 1159 | G67: NC 179 | H67: 6.016 | J67: 107110835 | K67: 2022-10-11 | L67: 31 | M67: 1 | N67: 0 | O67: 1 | P67: O | Q67: 33.899692 | R67: -78.551073 | S67: ITRE_CMV
A68: CALABASH | B68: NC 179 | C68: 0.7 | D68: S | E68: SR 1164 | F68: SR 1167 | G68: NC 179 | H68: 1.458 | I68: Y | J68: 108350314 | K68: 2025-12-18 | L68: 24 | M68: 2 | N68: 4 | O68: 1 | P68: C | Q68: 33.893941 | R68: -78.561705 | S68: ITRE_CMV
A69: OAK ISLAND | B69: NC 906 | C69: 0 | E69: BEACH | G69: NC 906 | H69: 0 | J69: 107762492 | K69: 2024-06-20 | L69: 24 | M69: 1 | N69: 0 | O69: 1 | P69: O | Q69: 33.914516 | R69: -78.161085 | S69: ITRE_CMV
A70: OAK ISLAND | B70: BEACH | C70: 0.076 | D70: W | E70: 32ND | F70: *LCL 29TH P E | G70: SR 1104 | H70: 1.698 | J70: 107843214 | K70: 2024-09-03 | L70: 28 | M70: 1 | N70: 0 | O70: 1 | P70: O | Q70: 33.912197 | R70: -78.131613 | S70: ITRE_CMV
A71: OAK ISLAND | B71: BEACH | C71: 0 | E71: NINTH | G71: SR 1104 | H71: 2.95 | J71: 108178278 | K71: 2025-07-08 | L71: 30 | M71: 1 | N71: 0 | O71: 1 | P71: O | Q71: 33.914091 | R71: -78.15318 | S71: ITRE_CMV
A72: OCEAN ISLE BEACH | B72: BEACH | C72: 1 | D72: W | E72: *LCL WEST KILBART | F72: CAUSEWAY | H72: 999.999 | J72: 108494151 | K72: 2026-05-08 | L72: 13 | M72: 1 | N72: 10 | O72: 1 | P72: O | Q72: 33.904221 | R72: -78.441125 | S72: ITRE_CMV
A73: RURAL | B73: SR 1184 | C73: 0 | E73: NC 179 | F73: SR 1163 | G73: SR 1184 | H73: 3.563 | J73: 107631070 | K73: 2024-02-21 | L73: 21 | M73: 1 | N73: 10 | O73: 1 | P73: O | Q73: 33.92915 | R73: -78.446692 | S73: ITRE_CMV
A74: SUNSET BEACH | B74: NC 179 | C74: 0.43 | D74: S | E74: *LCL SIRWOOD PL | F74: CLUB HOUSE | H74: 999.999 | J74: 107674486 | K74: 2024-03-30 | L74: 30 | M74: 1 | N74: 0 | O74: 1 | P74: O | Q74: 33.911601 | R74: -78.520451 | S74: ITRE_CMV
A75: RURAL | B75: NC 179 | C75: 0.8 | D75: N | E75: SR 1167 | F75: SR 1165 | G75: NC 179 | H75: 2.074 | J75: 107637414 | K75: 2024-02-26 | L75: 15 | M75: 1 | N75: 0 | O75: 1 | P75: C | Q75: 33.898257 | R75: -78.553891 | S75: VHB_PEDBIKE
A76: OAK ISLAND | B76: BEACH | C76: 0 | E76: 40TH | F76: *LCL SE 41 ST ST | G76: SR 1104 | H76: 1.169 | J76: 107040836 | K76: 2022-08-08 | L76: 15 | M76: 1 | N76: 8 | O76: 1 | P76: C | Q76: 33.911055 | R76: -78.122528 | S76: VHB_PEDBIKE
A77: OAK ISLAND | B77: BEACH | C77: 0.038 | D77: E | E77: 37TH | F77: *LCL 40TH PL E | G77: SR 1104 | H77: 1.281 | J77: 108238003 | K77: 2025-09-20 | L77: 15 | M77: 1 | N77: 0 | O77: 1 | P77: C | Q77: 33.911287 | R77: -78.124482 | S77: VHB_PEDBIKE
A78: RURAL | B78: NC 179 | C78: 0.028 | D78: N | E78: SR 1154 | F78: SR 1155 | G78: NC 179 | H78: 11.055 | J78: 107066787 | K78: 2022-08-25 | L78: 14 | M78: 1 | N78: 12 | O78: 1 | P78: K | Q78: 33.912559 | R78: -78.426424 | S78: VHB_PEDBIKE
A79: RURAL | B79: NC 179 | C79: 1.6 | D79: E | E79: NC 904 | F79: SR 1184 | G79: NC 179 | H79: 11.619 | I79: Y | J79: 107309824 | K79: 2023-04-14 | L79: 15 | M79: 1 | N79: 0 | O79: 1 | P79: O | Q79: 33.922972 | R79: -78.465273 | S79: VHB_PEDBIKE
A80: RURAL | B80: NC 179 | C80: 0 | E80: SR 1164 | F80: SR 1167 | G80: NC 179 | H80: 2.158 | I80: Y | J80: 108212120 | K80: 2025-08-23 | L80: 30 | M80: 1 | N80: 7 | O80: 1 | P80: B | Q80: 33.898972 | R80: -78.55248 | S80: DMV349CLEANED
A81: CALABASH | B81: SR 1164 | C81: 0.023 | D81: N | E81: SR 1165 | F81: NC 179 | G81: SR 1164 | H81: 0 | J81: 107588264 | K81: 2024-01-04 | L81: 19 | M81: 1 | N81: 0 | O81: 1 | P81: C | Q81: 33.90462 | R81: -78.55764 | S81: DMV349CLEANED
A82: RURAL | B82: NC 179 | C82: 0.1 | D82: E | E82: NC 179BUS | F82: NC 904 | G82: NC 179 | H82: 999.999 | J82: 107816396 | K82: 2024-08-10 | L82: 17 | M82: 1 | N82: 0 | O82: 1 | P82: O | Q82: 33.90184 | R82: -78.54608 | S82: DMV349CLEANED
A83: CALABASH | B83: NC 179 | C83: 0.028 | D83: W | E83: SR 1626 | F83: SR 1168 | G83: NC 179 | H83: 999.999 | J83: 107756705 | K83: 2024-06-18 | L83: 24 | M83: 1 | N83: 4 | O83: 1 | P83: C | Q83: 33.89102 | R83: -78.56901 | S83: DMV349CLEANED
A84: CALABASH | B84: SR 1164 | C84: 0 | E84: SR 1165 | F84: US 17 | G84: SR 1164 | H84: 0 | J84: 108072716 | K84: 2025-04-04 | L84: 19 | M84: 1 | N84: 8 | O84: 5 | P84: O | Q84: 33.90555 | R84: -78.55775 | S84: DMV349CLEANED
A85: RURAL | B85: NC 179BUS | C85: 0.17 | D85: N | E85: SR 1246 | F85: NC 179 | G85: NC 179BUS | H85: 0.964 | J85: 108292708 | K85: 2025-11-03 | L85: 17 | M85: 1 | N85: 0 | O85: 5 | P85: O | Q85: 33.88602 | R85: -78.54898 | S85: DMV349CLEANED
A86: RURAL | B86: NC 179 | C86: 1.6 | D86: N | E86: NC 179BUS | F86: NC 904 | G86: NC 179 | H86: 999.999 | J86: 107486747 | K86: 2023-10-10 | L86: 19 | M86: 1 | N86: 0 | O86: 1 | P86: O | Q86: 33.90798 | R86: -78.52694 | S86: DMV349CLEANED
A87: RURAL | B87: NC 179 | C87: 0.019 | D87: E | E87: SL-SC | F87: SR 1168 | G87: NC 179 | H87: 0.019 | J87: 108418921 | K87: 2026-02-27 | L87: 19 | M87: 2 | N87: 0 | O87: 1 | P87: O | Q87: 33.8906 | R87: -78.58645 | S87: DMV349CLEANED
A88: CALABASH | B88: NC 179 | C88: 0.1 | D88: S | E88: SR 1164 | F88: SR 1165 | G88: NC 179 | H88: 2.058 | I88: Y | J88: 108207547 | K88: 2025-08-16 | L88: 21 | M88: 1 | N88: 0 | O88: 1 | P88: O | Q88: 33.898447 | R88: -78.55353 | S88: DMV349CLEANED
A89: CALABASH | B89: NC 179 | C89: 0 | E89: RIVER | F89: SR 1165 | G89: NC 179 | H89: 1.084 | J89: 107681841 | K89: 2024-04-04 | L89: 26 | M89: 1 | N89: 7 | O89: 1 | P89: O | Q89: 33.89083 | R89: -78.56828 | S89: DMV349CLEANED
A90: CALABASH | B90: NC 179 | C90: 0.2 | D90: N | E90: SR 1943 | F90: RIVER | G90: NC 179 | H90: 999.999 | J90: 107808911 | K90: 2024-08-01 | L90: 21 | M90: 1 | N90: 0 | O90: 1 | P90: O | Q90: 33.89112 | R90: -78.5741 | S90: DMV349CLEANED
A91: CALABASH | B91: NC 179 | C91: 0.2 | D91: W | E91: SR 1168 | F91: SL-SC | G91: NC 179 | H91: 0.247 | J91: 107772933 | K91: 2024-07-03 | L91: 21 | M91: 1 | N91: 0 | O91: 1 | P91: O | Q91: 33.89023 | R91: -78.5829 | S91: DMV349CLEANED
A92: CALABASH | B92: NC 179 | C92: 0.009 | D92: S | E92: SR 1286 | F92: SR 1168 | G92: NC 179 | H92: 999.999 | J92: 107598106 | K92: 2024-01-16 | L92: 21 | M92: 1 | N92: 12 | O92: 1 | P92: C | Q92: 33.8907 | R92: -78.5688 | S92: DMV349CLEANED
A93: CALABASH | B93: NC 179 | C93: 0.059 | D93: W | E93: SR 1943 | F93: SL-SC | G93: NC 179 | H93: 999.999 | J93: 108451734 | K93: 2026-03-27 | L93: 17 | M93: 1 | N93: 0 | O93: 1 | P93: O | Q93: 33.89003 | R93: -78.58037 | S93: DMV349CLEANED
A94: CALABASH | B94: NC 179 | C94: 0.1 | D94: N | E94: SR 1169 | F94: RIVER | G94: NC 179 | H94: 999.999 | J94: 108191645 | K94: 2025-07-29 | L94: 28 | M94: 1 | N94: 0 | O94: 1 | P94: O | Q94: 33.89073 | R94: -78.57707 | S94: DMV349CLEANED
A95: CALABASH | B95: NC 179 | C95: 0.1 | D95: N | E95: SL-SC | F95: SR 1168 | G95: NC 179 | H95: 0.1 | J95: 107503306 | K95: 2023-10-23 | L95: 19 | M95: 1 | N95: 0 | O95: 1 | P95: O | Q95: 33.89042 | R95: -78.58484 | S95: DMV349CLEANED
A96: RURAL | B96: NC 179 | C96: 2 | D96: S | E96: NC 904 | F96: SR 1164 | G96: NC 179 | H96: 999.999 | J96: 107909294 | K96: 2024-11-04 | L96: 17 | M96: 1 | N96: 0 | O96: 1 | P96: O | Q96: 33.90873 | R96: -78.52566 | S96: DMV349CLEANED
A97: CALABASH | B97: NC 179 | C97: 0.023 | D97: E | E97: SR 1163 | F97: SR 1186 | G97: NC 179 | H97: 5.939 | J97: 108109880 | K97: 2025-05-14 | L97: 19 | M97: 1 | N97: 4 | O97: 1 | P97: C | Q97: 33.89868 | R97: -78.55214 | S97: DMV349CLEANED
A98: CALABASH | B98: NC 179 | C98: 0 | E98: SR 1923 | F98: SL-SC | G98: NC 179 | H98: 999.999 | J98: 108426868 | K98: 2026-02-28 | L98: 24 | M98: 1 | N98: 8 | O98: 1 | P98: O | Q98: 33.891341 | R98: -78.56655 | S98: DMV349CLEANED
A99: CALABASH | B99: NC 179 | C99: 0.3 | D99: S | E99: SR 1626 | F99: SR 1943 | G99: NC 179 | H99: 999.999 | J99: 107683088 | K99: 2024-04-06 | L99: 21 | M99: 1 | N99: 0 | O99: 1 | P99: O | Q99: 33.89076 | R99: -78.57107 | S99: DMV349CLEANED
A100: CALABASH | B100: NC 179 | C100: 2.4 | D100: S | E100: NC 904 | F100: SR 1164 | G100: NC 179 | H100: 999.999 | J100: 107514375 | K100: 2023-11-01 | L100: 17 | M100: 1 | N100: 0 | O100: 5 | P100: O | Q100: 33.90504 | R100: -78.5323 | S100: DMV349CLEANED
...
