Workbook

Sheet TripGen
B2: Trip Generation Table - 12th Edition
B4: LUC¹ | C4: Land Use | D4: Unit | E4: ADT | F4: AM Peak Hour | I4: PM Peak Hour
F5: Enter | G5: Exit | H5: Total | I5: Enter | J5: Exit | K5: Total
B6: Total Site Trips²
B7: 110 | C7: Light Industrial | D7: 150000 | E7: =IF(D7>0,ROUND(Rates!$D$5*(D7/1000),0),0) -> 540 | F7: =IF(D7>0,ROUND(Rates!$E$6*H7,0),0) -> 62 | G7: =H7-F7 -> 10 | H7: =IF(D7>0,ROUND(Rates!$D$6*(D7/1000),0),0) -> 72 | I7: =IF(D7>0,ROUND(Rates!$E$7*K7,0),0) -> 18 | J7: =K7-I7 -> 56 | K7: =IF(D7>0,ROUND(Rates!$D$7*(D7/1000),0),0) -> 74
B9: Notes:
B10: 1. Land Use Code and trip generation rates are determined based on ITE Trip Generation, 12th Edition
B11: 2. Total site trips are determined based on the ITE average rates

Sheet Rates
B2: ITE 12th Edition Average Rates - LUC 110 Light Industrial (per 1,000 sf GFA)
B4: Period | D4: Rate | E4: % Enter | F4: % Exit
B5: Weekday (ADT) | D5: 3.6 | E5: 0.5 | F5: 0.5
B6: AM Peak Hour | D6: 0.48 | E6: 0.86 | F6: 0.14
B7: PM Peak Hour | D7: 0.49 | E7: 0.24 | F7: 0.76
B8: Source: ITE Trip Generation Manual, 12th Edition. Blue cells are inputs; the TripGen table calculates from these rates.
B11: City of Durham TIA Threshold Check (UDO Section 3.3)
B12: Peak hour trip threshold | D12: 150
B13: Max site peak hour trips | D13: =MAX(TripGen!H7,TripGen!K7) -> 74
B14: Result | D14: =IF(AND(TripGen!H7<D12,TripGen!K7<D12),"TIA Not Required","TIA Required") -> TIA Not Required

Sheet AADT
B2: NCDOT AADT Data & Growth Projections - Page Road (SR 1973)
B4: NCDOT AADT History (vpd)
B5: Location (TMS Station) | C5: 2013 | D5: 2015 | E5: 2017 | F5: 2019 | G5: 2021 | H5: 2023¹
B6: Page Rd south of Airport Rd (0320000269) | C6: 6700 | D6: 7700 | E6: 9900 | F6: - | G6: 10000 | H6: 8800
B7: Page Rd north of Airport Rd (0320000260) | C7: 8000 | D7: 5500 | E7: 6800 | F7: 8200 | G7: 6600 | H7: 7100
B10: Growth Rates & Build Year Projection
B11: Location | C11: 2023 AADT | D11: CAGR '13-'23 | E11: CAGR '17-'23 | F11: Selected Rate² | G11: Build AADT³ | H11: Build AADT (rounded)
B12: Page Rd south of Airport Rd | C12: =H6 -> 8800 | D12: =(H6/C6)^(1/10)-1 -> 0.027639495 | E12: =(H6/E6)^(1/6)-1 -> -0.019439082 | F12: 0.03 | G12: =C12*(1+F12)^($D$16-2023) -> 10201.612 | H12: =ROUND(G12,-2) -> 10200
B13: Page Rd north of Airport Rd | C13: =H7 -> 7100 | D13: =(H7/C7)^(1/10)-1 -> -0.01186374 | E13: =(H7/E7)^(1/6)-1 -> 0.0072213108 | F13: 0.03 | G13: =C13*(1+F13)^($D$16-2023) -> 8230.8459 | H13: =ROUND(G13,-2) -> 8200
B15: Assumed opening year | D15: 2027
B16: Build (analysis) year | D16: =D15+1 -> 2028 | E16: Per City of Durham TIA Guidelines: analysis examines conditions one year after project completion
B19: Airport Road (SR 1971) AADT Estimate - Difference Method
B20: Page Rd S of Airport Rd minus N of Airport Rd (2023) | D20: =C12-C13 -> 1700
B21: Projected to Build year at selected rate (south leg) | D21: =ROUND(D20*(1+F12)^($D$16-2023),-2) -> 2000
B24: Notes:
B25: 1. AADT history from the NCDOT AADT station layer (ncdot.maps.arcgis.com, retrieved August 2026): stations 0320000269 (Page Rd south of Airport Rd) and 0320000260 (Page Rd north of Airport Rd). Note: the NCDOT AADT traffic segment layer (Route 40001973032, MP 3.334-3.620, source "Maintenance") displays 11,000 vpd for the segment south of Airport Rd versus the 8,800 station history value; the published station count history is used here. The north segment (MP 2.728-3.334) matches its station history (7,100 vpd).
B26: 2. Selected growth rate is an engineering input (blue). Computed CAGRs bracket it: south leg 2.8% (2013-2023) / -1.9% (2017-2023); north leg -1.2% (2013-2023) / 0.7% (2017-2023). 3.0%/yr compounded is applied corridor-wide as a conservative planning rate above the observed long-term trend at both stations.
B27: 3. Build AADT = 2023 AADT x (1 + selected rate)^(Build year - 2023). Build year per City of Durham TIA Guidelines (durhamnc.gov, "Guidelines for Traffic Impact Analysis (TIA) Requirement"): the analysis must examine expected traffic conditions one year after the project is scheduled to be complete; with an assumed 2027 opening, Build year = 2028.
B28: 4. Difference method: the volume change between the two Page Rd legs equals the net traffic exchanged with Airport Rd at the intersection. It is a LOWER-BOUND estimate of Airport Rd AADT - actual Airport Rd AADT = (11,000 + 7,100) - 2 x (Page Rd through volume), which cannot be isolated from AADT data alone. Verify with the project turning movement count.

Sheet Dev
B2: Development Summary
B4: Project | C4: SCP Page Road Industrial Development
B5: Site Address | C5: 3905 Page Rd, Durham, NC
B6: Location | C6: Page Road (SR 1973) at Airport Road (SR 1971)
B7: Client | C7: Strategic Capital Partners, LLC
B8: VHB Project # | C8: R205114.000
B9: Concept Plan Building | C9: 132,080 sf industrial warehouse (520' x 260'), ±133 auto stalls, 24 dock positions
B10: Concept Plan Source | C10: ARCO Design/Build, Scheme 01, dated 03/23/2026
B11: Analyzed Building Size | C11: Up to 150,000 sf GFA (conservative buffer for changes to the building)
B12: Proposed Access | C12: Two driveways on Page Road and two driveways on Airport Road
B13: ITE Land Use Code | C13: LUC 110 - Light Industrial (ITE Trip Generation Manual, 12th Edition)
