Workbook

Sheet 10-yr study
A1: Entering AADT for the 10-yr study - Order# 41000079736, NC 180/NC 226 (S Post Rd) at SR 1103, Cleveland County
A2: Method: each leg uses its NCDOT station count for the middle year of the study period. A leg with no count for that year gets a straight-line estimate between the nearest earlier and later published counts, rounded per the NCDOT/AASHTO AADT rounding chart (nearest 10 below 100, 50 for 100-999, 100 for 1,000-9,999, 500 for 10,000-99,999, 1,000 above) and marked "estimate". Entering AADT = sum of the four leg AADTs / 2, rounded to the nearest hundred as TEAAS Chapter 8 directs. Exposure (MEV) = rounded entering AADT x 365 x years / 1,000,000. Blue cells are inputs; everything else is a formula reading the Stations sheet.
A4: Study period start | B4: 42614
A5: Study period end | B5: 46265
A6: Middle year of the study period | B6: =YEAR(B4+(B5-B4)/2) -> 2021
A7: Study length (years) | B7: =ROUND((B5-B4+1)/365.25,1) -> 10
A8: Crashes in the study period (TEAAS 10-yr Intersection Analysis Report) | B8: 29
A10: Leg | B10: NC 180/NC 226 N leg | C10: NC 180/NC 226 S leg | D10: SR 1103 NW leg (Pleasant Dr) | E10: SR 1103 SE leg (Pleasant Hill Church Rd)
A11: Station | B11: =Stations!B4 -> 0230000187 | C11: =Stations!C4 -> 0230000152 | D11: =Stations!D4 -> 0230000045 | E11: =Stations!E4 -> 0230000531
A12: Count for the middle year (blank = none published) | B12: =IF(INDEX(Stations!B$11:B$20,MATCH($B$6,Stations!$A$11:$A$20,0))="","",INDEX(Stations!B$11:B$20,MATCH($B$6,Stations!$A$11:$A$20,0))) -> 11000 | C12: =IF(INDEX(Stations!C$11:C$20,MATCH($B$6,Stations!$A$11:$A$20,0))="","",INDEX(Stations!C$11:C$20,MATCH($B$6,Stations!$A$11:$A$20,0))) -> 10500 | D12: =IF(INDEX(Stations!D$11:D$20,MATCH($B$6,Stations!$A$11:$A$20,0))="","",INDEX(Stations!D$11:D$20,MATCH($B$6,Stations!$A$11:$A$20,0))) | E12: =IF(INDEX(Stations!E$11:E$20,MATCH($B$6,Stations!$A$11:$A$20,0))="","",INDEX(Stations!E$11:E$20,MATCH($B$6,Stations!$A$11:$A$20,0))) -> 1200
A13: Nearest earlier year with a count | B13: =IF(_xlfn.MAXIFS(Stations!$A$11:$A$20,Stations!$A$11:$A$20,"<"&$B$6,Stations!B$11:B$20,">0")=0,"",_xlfn.MAXIFS(Stations!$A$11:$A$20,Stations!$A$11:$A$20,"<"&$B$6,Stations!B$11:B$20,">0")) -> 2018 | C13: =IF(_xlfn.MAXIFS(Stations!$A$11:$A$20,Stations!$A$11:$A$20,"<"&$B$6,Stations!C$11:C$20,">0")=0,"",_xlfn.MAXIFS(Stations!$A$11:$A$20,Stations!$A$11:$A$20,"<"&$B$6,Stations!C$11:C$20,">0")) -> 2020 | D13: =IF(_xlfn.MAXIFS(Stations!$A$11:$A$20,Stations!$A$11:$A$20,"<"&$B$6,Stations!D$11:D$20,">0")=0,"",_xlfn.MAXIFS(Stations!$A$11:$A$20,Stations!$A$11:$A$20,"<"&$B$6,Stations!D$11:D$20,">0")) -> 2018 | E13: =IF(_xlfn.MAXIFS(Stations!$A$11:$A$20,Stations!$A$11:$A$20,"<"&$B$6,Stations!E$11:E$20,">0")=0,"",_xlfn.MAXIFS(Stations!$A$11:$A$20,Stations!$A$11:$A$20,"<"&$B$6,Stations!E$11:E$20,">0")) -> 2020
A14: Nearest later year with a count | B14: =IF(_xlfn.MINIFS(Stations!$A$11:$A$20,Stations!$A$11:$A$20,">"&$B$6,Stations!B$11:B$20,">0")=0,"",_xlfn.MINIFS(Stations!$A$11:$A$20,Stations!$A$11:$A$20,">"&$B$6,Stations!B$11:B$20,">0")) -> 2023 | C14: =IF(_xlfn.MINIFS(Stations!$A$11:$A$20,Stations!$A$11:$A$20,">"&$B$6,Stations!C$11:C$20,">0")=0,"",_xlfn.MINIFS(Stations!$A$11:$A$20,Stations!$A$11:$A$20,">"&$B$6,Stations!C$11:C$20,">0")) -> 2023 | D14: =IF(_xlfn.MINIFS(Stations!$A$11:$A$20,Stations!$A$11:$A$20,">"&$B$6,Stations!D$11:D$20,">0")=0,"",_xlfn.MINIFS(Stations!$A$11:$A$20,Stations!$A$11:$A$20,">"&$B$6,Stations!D$11:D$20,">0")) -> 2022 | E14: =IF(_xlfn.MINIFS(Stations!$A$11:$A$20,Stations!$A$11:$A$20,">"&$B$6,Stations!E$11:E$20,">0")=0,"",_xlfn.MINIFS(Stations!$A$11:$A$20,Stations!$A$11:$A$20,">"&$B$6,Stations!E$11:E$20,">0")) -> 2023
A15: Count, earlier year | B15: =IFERROR(INDEX(Stations!B$11:B$20,MATCH(B13,Stations!$A$11:$A$20,0)),"") -> 11500 | C15: =IFERROR(INDEX(Stations!C$11:C$20,MATCH(C13,Stations!$A$11:$A$20,0)),"") -> 10000 | D15: =IFERROR(INDEX(Stations!D$11:D$20,MATCH(D13,Stations!$A$11:$A$20,0)),"") -> 1600 | E15: =IFERROR(INDEX(Stations!E$11:E$20,MATCH(E13,Stations!$A$11:$A$20,0)),"") -> 1100
A16: Count, later year | B16: =IFERROR(INDEX(Stations!B$11:B$20,MATCH(B14,Stations!$A$11:$A$20,0)),"") -> 11500 | C16: =IFERROR(INDEX(Stations!C$11:C$20,MATCH(C14,Stations!$A$11:$A$20,0)),"") -> 10500 | D16: =IFERROR(INDEX(Stations!D$11:D$20,MATCH(D14,Stations!$A$11:$A$20,0)),"") -> 1300 | E16: =IFERROR(INDEX(Stations!E$11:E$20,MATCH(E14,Stations!$A$11:$A$20,0)),"") -> 1200
A17: Straight-line estimate for the middle year, unrounded | B17: =IFERROR(B15+(B16-B15)*($B$6-B13)/(B14-B13),"") -> 11500 | C17: =IFERROR(C15+(C16-C15)*($B$6-C13)/(C14-C13),"") -> 10166.667 | D17: =IFERROR(D15+(D16-D15)*($B$6-D13)/(D14-D13),"") -> 1375 | E17: =IFERROR(E15+(E16-E15)*($B$6-E13)/(E14-E13),"") -> 1133.3333
A18: Estimate rounded per the NCDOT/AASHTO AADT rounding chart | B18: =IFERROR(IF(B17>99999,ROUND(B17,-3),IF(B17>=10000,ROUND(B17/500,0)*500,IF(B17>=1000,ROUND(B17,-2),IF(B17>=100,ROUND(B17/50,0)*50,ROUND(B17,-1))))),"") -> 11500 | C18: =IFERROR(IF(C17>99999,ROUND(C17,-3),IF(C17>=10000,ROUND(C17/500,0)*500,IF(C17>=1000,ROUND(C17,-2),IF(C17>=100,ROUND(C17/50,0)*50,ROUND(C17,-1))))),"") -> 10000 | D18: =IFERROR(IF(D17>99999,ROUND(D17,-3),IF(D17>=10000,ROUND(D17/500,0)*500,IF(D17>=1000,ROUND(D17,-2),IF(D17>=100,ROUND(D17/50,0)*50,ROUND(D17,-1))))),"") -> 1400 | E18: =IFERROR(IF(E17>99999,ROUND(E17,-3),IF(E17>=10000,ROUND(E17/500,0)*500,IF(E17>=1000,ROUND(E17,-2),IF(E17>=100,ROUND(E17/50,0)*50,ROUND(E17,-1))))),"") -> 1100
A19: AADT used for the middle year (vpd) | B19: =IF(B12<>"",B12,B18) -> 11000 | C19: =IF(C12<>"",C12,C18) -> 10500 | D19: =IF(D12<>"",D12,D18) -> 1400 | E19: =IF(E12<>"",E12,E18) -> 1200
A20: Basis | B20: =IF(B12<>"","count",IF(B18<>"","estimate","no data")) -> count | C20: =IF(C12<>"","count",IF(C18<>"","estimate","no data")) -> count | D20: =IF(D12<>"","count",IF(D18<>"","estimate","no data")) -> estimate | E20: =IF(E12<>"","count",IF(E18<>"","estimate","no data")) -> count
A21: Label for the collision diagram | B21: =TEXT(B19,"#,##0")&" ("&$B$6&")"&IF(B20="estimate"," (estimate)","") -> 11,000 (2021) | C21: =TEXT(C19,"#,##0")&" ("&$B$6&")"&IF(C20="estimate"," (estimate)","") -> 10,500 (2021) | D21: =TEXT(D19,"#,##0")&" ("&$B$6&")"&IF(D20="estimate"," (estimate)","") -> 1,400 (2021) (estimate) | E21: =TEXT(E19,"#,##0")&" ("&$B$6&")"&IF(E20="estimate"," (estimate)","") -> 1,200 (2021)
A23: Sum of the four leg AADTs (vpd) | B23: =SUM(B19:E19) -> 24100
A24: Entering AADT = sum / 2 (vpd) | B24: =B23/2 -> 12050
A25: Entering AADT rounded to the nearest hundred (TEAAS Chapter 8) (vpd) | B25: =ROUND(B24,-2) -> 12100
A26: Exposure, million entering vehicles = rounded AADT x 365 x years / 1,000,000 | B26: =B25*365*$B$7/1000000 -> 44.165
A27: Crash rate (crashes per million entering vehicles) | B27: =$B$8/B26 -> 0.65662855
A28: Legs estimated | B28: =IF(COUNTIF(B20:E20,"estimate")=0,"none",LEFT(IF(B20="estimate",B$10&"; ","")&IF(C20="estimate",C$10&"; ","")&IF(D20="estimate",D$10&"; ","")&IF(E20="estimate",E$10&"; ",""),LEN(IF(B20="estimate",B$10&"; ","")&IF(C20="estimate",C$10&"; ","")&IF(D20="estimate",D$10&"; ","")&IF(E20="estimate",E$10&"; ",""))-2)) -> SR 1103 NW leg (Pleasant Dr)
A30: Used on the collision diagram and in the study: yes
A31: Legend: blue = input (edit these); black = formula; green = read from the Stations sheet; yellow fill = inputs to confirm. Dates are the study period from the TEAAS report.

Sheet Stations
A1: NCDOT AADT stations at NC 180/NC 226 (S Post Rd) and SR 1103 (Pleasant Dr / Pleasant Hill Church Rd), Cleveland County
A2: Source: NCDOT Traffic Survey Group AADT stations (ArcGIS: NCDOT_2025_AADTandTrafficSegments_gdb layer 1, and NCDOT 2024 AADT Stations published Sept 2025). Blue cells are the published counts (vehicles per day); a blank year means no count was published for that station. Edit only the blue cells.
A4: Station | B4: 0230000187 | C4: 0230000152 | D4: 0230000045 | E4: 0230000531
A5: Leg | B5: NC 180/NC 226 (S Post Rd) north leg | C5: NC 180/NC 226 (S Post Rd) south leg | D5: SR 1103 (Pleasant Dr) northwest leg | E5: SR 1103 (Pleasant Hill Church Rd) southeast leg
A6: NCDOT location | B6: NC 180 south of NC 226 (Earl Rd) | C6: NC 180 north of NC 226 (Cleveland Ave) | D6: SR 1103 (Pleasant Dr) west of NC 180-226 | E6: SR 1103 (Pleasant Hill Church Rd) south of NC 180-226
A7: Latitude | B7: 35.25194 | C7: 35.23435 | D7: 35.24692 | E7: 35.24582
A8: Longitude | B8: -81.50661 | C8: -81.51519 | D8: -81.50978 | E8: -81.50905
A10: Year | B10: NC 180/NC 226 N leg AADT (vpd) | C10: NC 180/NC 226 S leg AADT (vpd) | D10: SR 1103 NW leg (Pleasant Dr) AADT (vpd) | E10: SR 1103 SE leg (Pleasant Hill Church Rd) AADT (vpd)
A11: 2016 | B11: 12000 | C11: 12000 | D11: 1600
A12: 2017 | B12: 11000 | C12: 11000 | E12: 1200
A13: 2018 | B13: 11500 | C13: 11000 | D13: 1600
A14: 2019 | E14: 1100
A15: 2020 | C15: 10000 | E15: 1100
A16: 2021 | B16: 11000 | C16: 10500 | E16: 1200
A17: 2022 | D17: 1300
A18: 2023 | B18: 11500 | C18: 10500 | E18: 1200
A19: 2024 | B19: 11000 | C19: 10500 | D19: 1500
A20: 2025 | B20: 10500 | C20: 10000 | E20: 1200

Sheet 5-yr study
A1: Entering AADT for the 5-yr study - Order# 41000079736, NC 180/NC 226 (S Post Rd) at SR 1103, Cleveland County
A2: Method: each leg uses its NCDOT station count for the middle year of the study period. A leg with no count for that year gets a straight-line estimate between the nearest earlier and later published counts, rounded per the NCDOT/AASHTO AADT rounding chart (nearest 10 below 100, 50 for 100-999, 100 for 1,000-9,999, 500 for 10,000-99,999, 1,000 above) and marked "estimate". Entering AADT = sum of the four leg AADTs / 2, rounded to the nearest hundred as TEAAS Chapter 8 directs. Exposure (MEV) = rounded entering AADT x 365 x years / 1,000,000. Blue cells are inputs; everything else is a formula reading the Stations sheet.
A4: Study period start | B4: 44440
A5: Study period end | B5: 46265
A6: Middle year of the study period | B6: =YEAR(B4+(B5-B4)/2) -> 2024
A7: Study length (years) | B7: =ROUND((B5-B4+1)/365.25,1) -> 5
A8: Crashes in the study period (TEAAS 5-yr Intersection Analysis Report) | B8: 22
A10: Leg | B10: NC 180/NC 226 N leg | C10: NC 180/NC 226 S leg | D10: SR 1103 NW leg (Pleasant Dr) | E10: SR 1103 SE leg (Pleasant Hill Church Rd)
A11: Station | B11: =Stations!B4 -> 0230000187 | C11: =Stations!C4 -> 0230000152 | D11: =Stations!D4 -> 0230000045 | E11: =Stations!E4 -> 0230000531
A12: Count for the middle year (blank = none published) | B12: =IF(INDEX(Stations!B$11:B$20,MATCH($B$6,Stations!$A$11:$A$20,0))="","",INDEX(Stations!B$11:B$20,MATCH($B$6,Stations!$A$11:$A$20,0))) -> 11000 | C12: =IF(INDEX(Stations!C$11:C$20,MATCH($B$6,Stations!$A$11:$A$20,0))="","",INDEX(Stations!C$11:C$20,MATCH($B$6,Stations!$A$11:$A$20,0))) -> 10500 | D12: =IF(INDEX(Stations!D$11:D$20,MATCH($B$6,Stations!$A$11:$A$20,0))="","",INDEX(Stations!D$11:D$20,MATCH($B$6,Stations!$A$11:$A$20,0))) -> 1500 | E12: =IF(INDEX(Stations!E$11:E$20,MATCH($B$6,Stations!$A$11:$A$20,0))="","",INDEX(Stations!E$11:E$20,MATCH($B$6,Stations!$A$11:$A$20,0)))
A13: Nearest earlier year with a count | B13: =IF(_xlfn.MAXIFS(Stations!$A$11:$A$20,Stations!$A$11:$A$20,"<"&$B$6,Stations!B$11:B$20,">0")=0,"",_xlfn.MAXIFS(Stations!$A$11:$A$20,Stations!$A$11:$A$20,"<"&$B$6,Stations!B$11:B$20,">0")) -> 2023 | C13: =IF(_xlfn.MAXIFS(Stations!$A$11:$A$20,Stations!$A$11:$A$20,"<"&$B$6,Stations!C$11:C$20,">0")=0,"",_xlfn.MAXIFS(Stations!$A$11:$A$20,Stations!$A$11:$A$20,"<"&$B$6,Stations!C$11:C$20,">0")) -> 2023 | D13: =IF(_xlfn.MAXIFS(Stations!$A$11:$A$20,Stations!$A$11:$A$20,"<"&$B$6,Stations!D$11:D$20,">0")=0,"",_xlfn.MAXIFS(Stations!$A$11:$A$20,Stations!$A$11:$A$20,"<"&$B$6,Stations!D$11:D$20,">0")) -> 2022 | E13: =IF(_xlfn.MAXIFS(Stations!$A$11:$A$20,Stations!$A$11:$A$20,"<"&$B$6,Stations!E$11:E$20,">0")=0,"",_xlfn.MAXIFS(Stations!$A$11:$A$20,Stations!$A$11:$A$20,"<"&$B$6,Stations!E$11:E$20,">0")) -> 2023
A14: Nearest later year with a count | B14: =IF(_xlfn.MINIFS(Stations!$A$11:$A$20,Stations!$A$11:$A$20,">"&$B$6,Stations!B$11:B$20,">0")=0,"",_xlfn.MINIFS(Stations!$A$11:$A$20,Stations!$A$11:$A$20,">"&$B$6,Stations!B$11:B$20,">0")) -> 2025 | C14: =IF(_xlfn.MINIFS(Stations!$A$11:$A$20,Stations!$A$11:$A$20,">"&$B$6,Stations!C$11:C$20,">0")=0,"",_xlfn.MINIFS(Stations!$A$11:$A$20,Stations!$A$11:$A$20,">"&$B$6,Stations!C$11:C$20,">0")) -> 2025 | D14: =IF(_xlfn.MINIFS(Stations!$A$11:$A$20,Stations!$A$11:$A$20,">"&$B$6,Stations!D$11:D$20,">0")=0,"",_xlfn.MINIFS(Stations!$A$11:$A$20,Stations!$A$11:$A$20,">"&$B$6,Stations!D$11:D$20,">0")) | E14: =IF(_xlfn.MINIFS(Stations!$A$11:$A$20,Stations!$A$11:$A$20,">"&$B$6,Stations!E$11:E$20,">0")=0,"",_xlfn.MINIFS(Stations!$A$11:$A$20,Stations!$A$11:$A$20,">"&$B$6,Stations!E$11:E$20,">0")) -> 2025
A15: Count, earlier year | B15: =IFERROR(INDEX(Stations!B$11:B$20,MATCH(B13,Stations!$A$11:$A$20,0)),"") -> 11500 | C15: =IFERROR(INDEX(Stations!C$11:C$20,MATCH(C13,Stations!$A$11:$A$20,0)),"") -> 10500 | D15: =IFERROR(INDEX(Stations!D$11:D$20,MATCH(D13,Stations!$A$11:$A$20,0)),"") -> 1300 | E15: =IFERROR(INDEX(Stations!E$11:E$20,MATCH(E13,Stations!$A$11:$A$20,0)),"") -> 1200
A16: Count, later year | B16: =IFERROR(INDEX(Stations!B$11:B$20,MATCH(B14,Stations!$A$11:$A$20,0)),"") -> 10500 | C16: =IFERROR(INDEX(Stations!C$11:C$20,MATCH(C14,Stations!$A$11:$A$20,0)),"") -> 10000 | D16: =IFERROR(INDEX(Stations!D$11:D$20,MATCH(D14,Stations!$A$11:$A$20,0)),"") | E16: =IFERROR(INDEX(Stations!E$11:E$20,MATCH(E14,Stations!$A$11:$A$20,0)),"") -> 1200
A17: Straight-line estimate for the middle year, unrounded | B17: =IFERROR(B15+(B16-B15)*($B$6-B13)/(B14-B13),"") -> 11000 | C17: =IFERROR(C15+(C16-C15)*($B$6-C13)/(C14-C13),"") -> 10250 | D17: =IFERROR(D15+(D16-D15)*($B$6-D13)/(D14-D13),"") | E17: =IFERROR(E15+(E16-E15)*($B$6-E13)/(E14-E13),"") -> 1200
A18: Estimate rounded per the NCDOT/AASHTO AADT rounding chart | B18: =IFERROR(IF(B17>99999,ROUND(B17,-3),IF(B17>=10000,ROUND(B17/500,0)*500,IF(B17>=1000,ROUND(B17,-2),IF(B17>=100,ROUND(B17/50,0)*50,ROUND(B17,-1))))),"") -> 11000 | C18: =IFERROR(IF(C17>99999,ROUND(C17,-3),IF(C17>=10000,ROUND(C17/500,0)*500,IF(C17>=1000,ROUND(C17,-2),IF(C17>=100,ROUND(C17/50,0)*50,ROUND(C17,-1))))),"") -> 10500 | D18: =IFERROR(IF(D17>99999,ROUND(D17,-3),IF(D17>=10000,ROUND(D17/500,0)*500,IF(D17>=1000,ROUND(D17,-2),IF(D17>=100,ROUND(D17/50,0)*50,ROUND(D17,-1))))),"") | E18: =IFERROR(IF(E17>99999,ROUND(E17,-3),IF(E17>=10000,ROUND(E17/500,0)*500,IF(E17>=1000,ROUND(E17,-2),IF(E17>=100,ROUND(E17/50,0)*50,ROUND(E17,-1))))),"") -> 1200
A19: AADT used for the middle year (vpd) | B19: =IF(B12<>"",B12,B18) -> 11000 | C19: =IF(C12<>"",C12,C18) -> 10500 | D19: =IF(D12<>"",D12,D18) -> 1500 | E19: =IF(E12<>"",E12,E18) -> 1200
A20: Basis | B20: =IF(B12<>"","count",IF(B18<>"","estimate","no data")) -> count | C20: =IF(C12<>"","count",IF(C18<>"","estimate","no data")) -> count | D20: =IF(D12<>"","count",IF(D18<>"","estimate","no data")) -> count | E20: =IF(E12<>"","count",IF(E18<>"","estimate","no data")) -> estimate
A21: Label for the collision diagram | B21: =TEXT(B19,"#,##0")&" ("&$B$6&")"&IF(B20="estimate"," (estimate)","") -> 11,000 (2024) | C21: =TEXT(C19,"#,##0")&" ("&$B$6&")"&IF(C20="estimate"," (estimate)","") -> 10,500 (2024) | D21: =TEXT(D19,"#,##0")&" ("&$B$6&")"&IF(D20="estimate"," (estimate)","") -> 1,500 (2024) | E21: =TEXT(E19,"#,##0")&" ("&$B$6&")"&IF(E20="estimate"," (estimate)","") -> 1,200 (2024) (estimate)
A23: Sum of the four leg AADTs (vpd) | B23: =SUM(B19:E19) -> 24200
A24: Entering AADT = sum / 2 (vpd) | B24: =B23/2 -> 12100
A25: Entering AADT rounded to the nearest hundred (TEAAS Chapter 8) (vpd) | B25: =ROUND(B24,-2) -> 12100
A26: Exposure, million entering vehicles = rounded AADT x 365 x years / 1,000,000 | B26: =B25*365*$B$7/1000000 -> 22.0825
A27: Crash rate (crashes per million entering vehicles) | B27: =$B$8/B26 -> 0.99626401
A28: Legs estimated | B28: =IF(COUNTIF(B20:E20,"estimate")=0,"none",LEFT(IF(B20="estimate",B$10&"; ","")&IF(C20="estimate",C$10&"; ","")&IF(D20="estimate",D$10&"; ","")&IF(E20="estimate",E$10&"; ",""),LEN(IF(B20="estimate",B$10&"; ","")&IF(C20="estimate",C$10&"; ","")&IF(D20="estimate",D$10&"; ","")&IF(E20="estimate",E$10&"; ",""))-2)) -> SR 1103 SE leg (Pleasant Hill Church Rd)
A30: Used on the collision diagram and in the study: no (check only)
A31: Legend: blue = input (edit these); black = formula; green = read from the Stations sheet; yellow fill = inputs to confirm. Dates are the study period from the TEAAS report.
