Workbook

Sheet 41000076160_Fiche
A1: Muni. Code | B1: On Road | C1: Miles | D1: Dir From | E1: From Road | F1: Toward Road | G1: Milepost Road | H1: MP | I1: IS? | J1: New MP | K1: MA | L1: Crash ID | M1: Date | N1: T | O1: C | P1: F | Q1: L | R1: S | S1: Type | T1: Dir | U1: Comment | V1: Latitude | W1: Longitude
A2: 558 | B2: LOVE MILL | C2: 0.23 | D2: N | E2: *LCL A G R NANCE RD | F2: ZEBULON WILLIAMS | H2: 999.999 | I2: NIS | L2: 108377465 | M2: 46042 | N2: 19 | O2: 1 | P2: 0 | Q2: 1 | R2: O | S2: =IFERROR(VLOOKUP(N2,Index!$A$1:$B$26,2,FALSE),"") | T2: =AA2 | V2: =IFERROR(INDEX(DetailedFiche!Q:Q,MATCH(L2,DetailedFiche!J:J,0)),"") | W2: =IFERROR(INDEX(DetailedFiche!R:R,MATCH(L2,DetailedFiche!J:J,0)),"") | Y2: =IFERROR(IF(AND(INDEX('Initial Study'!K:K, MATCH(L2, 'Initial Study'!B:B, 0)+1)<>0,INDEX('Initial Study'!K:K, MATCH(L2, 'Initial Study'!B:B, 0)+1)<>""),INDEX('Initial Study'!K:K, MATCH(L2, 'Initial Study'!B:B, 0)+1),""),"") | Z2: =IFERROR(IF(AND(INDEX('Initial Study'!K:K, MATCH(L2, 'Initial Study'!B:B, 0)+2)<>0,INDEX('Initial Study'!K:K, MATCH(L2, 'Initial Study'!B:B, 0)+2)<>"",NOT(ISNUMBER(INDEX('Initial Study'!K:K, MATCH(L2, 'Initial Study'!B:B, 0)+2)))),INDEX('Initial Study'!K:K, MATCH(L2, 'Initial Study'!B:B, 0)+2),"-"),"-") | AA2: =IF(S2="RE", Y2 & "BT/" & IF(Z2 <> "-", Z2 & "BT", ""), IF(OR(S2="LTDR", S2="LTSR"), Y2 & "BL" & IF(Z2 <> "-", "/" & Z2 & "BT", ""), IF(OR(S2="RTDR", S2="RTSR"), Y2 & "BR" & IF(Z2 <> "-", "/" & Z2 & "BT", ""), IF(Z2 <> "-", Y2 & "BT/" & Z2 & "BT", Y2 & "BT"))))
A3: 0 | B3: SR 1606 | C3: 0.25 | D3: S | E3: *LCL BIGGERS CEMETERY RD | F3: OLD FERRY | H3: 999.999 | I3: NIS | L3: 105935402 | M3: 43668 | N3: 29 | O3: 1 | P3: 0 | Q3: 1 | R3: O | S3: =IFERROR(VLOOKUP(N3,Index!$A$1:$B$26,2,FALSE),"") | T3: =AA3 | V3: =IFERROR(INDEX(DetailedFiche!Q:Q,MATCH(L3,DetailedFiche!J:J,0)),"") | W3: =IFERROR(INDEX(DetailedFiche!R:R,MATCH(L3,DetailedFiche!J:J,0)),"") | Y3: =IFERROR(IF(AND(INDEX('Initial Study'!K:K, MATCH(L3, 'Initial Study'!B:B, 0)+1)<>0,INDEX('Initial Study'!K:K, MATCH(L3, 'Initial Study'!B:B, 0)+1)<>""),INDEX('Initial Study'!K:K, MATCH(L3, 'Initial Study'!B:B, 0)+1),""),"") | Z3: =IFERROR(IF(AND(INDEX('Initial Study'!K:K, MATCH(L3, 'Initial Study'!B:B, 0)+2)<>0,INDEX('Initial Study'!K:K, MATCH(L3, 'Initial Study'!B:B, 0)+2)<>"",NOT(ISNUMBER(INDEX('Initial Study'!K:K, MATCH(L3, 'Initial Study'!B:B, 0)+2)))),INDEX('Initial Study'!K:K, MATCH(L3, 'Initial Study'!B:B, 0)+2),"-"),"-") | AA3: =IF(S3="RE", Y3 & "BT/" & IF(Z3 <> "-", Z3 & "BT", ""), IF(OR(S3="LTDR", S3="LTSR"), Y3 & "BL" & IF(Z3 <> "-", "/" & Z3 & "BT", ""), IF(OR(S3="RTDR", S3="RTSR"), Y3 & "BR" & IF(Z3 <> "-", "/" & Z3 & "BT", ""), IF(Z3 <> "-", Y3 & "BT/" & Z3 & "BT", Y3 & "BT"))))
A4: 0 | B4: SR 1606 | C4: 0.3 | D4: E | E4: *LCL CAMDEN OAKS LN | F4: SR 1006 | H4: 999.999 | I4: NIS | L4: 106214571 | M4: 43951 | N4: 29 | O4: 1 | P4: 1 | Q4: 1 | R4: O | S4: =IFERROR(VLOOKUP(N4,Index!$A$1:$B$26,2,FALSE),"") | T4: =AA4 | V4: =IFERROR(INDEX(DetailedFiche!Q:Q,MATCH(L4,DetailedFiche!J:J,0)),"") | W4: =IFERROR(INDEX(DetailedFiche!R:R,MATCH(L4,DetailedFiche!J:J,0)),"") | Y4: =IFERROR(IF(AND(INDEX('Initial Study'!K:K, MATCH(L4, 'Initial Study'!B:B, 0)+1)<>0,INDEX('Initial Study'!K:K, MATCH(L4, 'Initial Study'!B:B, 0)+1)<>""),INDEX('Initial Study'!K:K, MATCH(L4, 'Initial Study'!B:B, 0)+1),""),"") | Z4: =IFERROR(IF(AND(INDEX('Initial Study'!K:K, MATCH(L4, 'Initial Study'!B:B, 0)+2)<>0,INDEX('Initial Study'!K:K, MATCH(L4, 'Initial Study'!B:B, 0)+2)<>"",NOT(ISNUMBER(INDEX('Initial Study'!K:K, MATCH(L4, 'Initial Study'!B:B, 0)+2)))),INDEX('Initial Study'!K:K, MATCH(L4, 'Initial Study'!B:B, 0)+2),"-"),"-") | AA4: =IF(S4="RE", Y4 & "BT/" & IF(Z4 <> "-", Z4 & "BT", ""), IF(OR(S4="LTDR", S4="LTSR"), Y4 & "BL" & IF(Z4 <> "-", "/" & Z4 & "BT", ""), IF(OR(S4="RTDR", S4="RTSR"), Y4 & "BR" & IF(Z4 <> "-", "/" & Z4 & "BT", ""), IF(Z4 <> "-", Y4 & "BT/" & Z4 & "BT", Y4 & "BT"))))
A5: 558 | B5: TOM BOYD | C5: 0.024 | D5: SE | E5: *LCL LATHAN WOODS DR | F5: OLD CAMDEN | H5: 999.999 | I5: NIS | L5: 104734401 | M5: 42502 | N5: 21 | O5: 2 | P5: 5 | Q5: 5 | R5: O | S5: =IFERROR(VLOOKUP(N5,Index!$A$1:$B$26,2,FALSE),"") | T5: =AA5 | V5: =IFERROR(INDEX(DetailedFiche!Q:Q,MATCH(L5,DetailedFiche!J:J,0)),"") | W5: =IFERROR(INDEX(DetailedFiche!R:R,MATCH(L5,DetailedFiche!J:J,0)),"") | Y5: =IFERROR(IF(AND(INDEX('Initial Study'!K:K, MATCH(L5, 'Initial Study'!B:B, 0)+1)<>0,INDEX('Initial Study'!K:K, MATCH(L5, 'Initial Study'!B:B, 0)+1)<>""),INDEX('Initial Study'!K:K, MATCH(L5, 'Initial Study'!B:B, 0)+1),""),"") | Z5: =IFERROR(IF(AND(INDEX('Initial Study'!K:K, MATCH(L5, 'Initial Study'!B:B, 0)+2)<>0,INDEX('Initial Study'!K:K, MATCH(L5, 'Initial Study'!B:B, 0)+2)<>"",NOT(ISNUMBER(INDEX('Initial Study'!K:K, MATCH(L5, 'Initial Study'!B:B, 0)+2)))),INDEX('Initial Study'!K:K, MATCH(L5, 'Initial Study'!B:B, 0)+2),"-"),"-") | AA5: =IF(S5="RE", Y5 & "BT/" & IF(Z5 <> "-", Z5 & "BT", ""), IF(OR(S5="LTDR", S5="LTSR"), Y5 & "BL" & IF(Z5 <> "-", "/" & Z5 & "BT", ""), IF(OR(S5="RTDR", S5="RTSR"), Y5 & "BR" & IF(Z5 <> "-", "/" & Z5 & "BT", ""), IF(Z5 <> "-", Y5 & "BT/" & Z5 & "BT", Y5 & "BT"))))
A6: 558 | B6: SR 1001 | C6: 0 | E6: *LCL PEIDMONT SCHOOL RD | F6: SR 1674 | H6: 999.999 | I6: NIS | L6: 108430866 | M6: 46094 | N6: 24 | O6: 1 | P6: 5 | Q6: 1 | R6: C | S6: =IFERROR(VLOOKUP(N6,Index!$A$1:$B$26,2,FALSE),"") | T6: =AA6 | V6: =IFERROR(INDEX(DetailedFiche!Q:Q,MATCH(L6,DetailedFiche!J:J,0)),"") | W6: =IFERROR(INDEX(DetailedFiche!R:R,MATCH(L6,DetailedFiche!J:J,0)),"") | Y6: =IFERROR(IF(AND(INDEX('Initial Study'!K:K, MATCH(L6, 'Initial Study'!B:B, 0)+1)<>0,INDEX('Initial Study'!K:K, MATCH(L6, 'Initial Study'!B:B, 0)+1)<>""),INDEX('Initial Study'!K:K, MATCH(L6, 'Initial Study'!B:B, 0)+1),""),"") | Z6: =IFERROR(IF(AND(INDEX('Initial Study'!K:K, MATCH(L6, 'Initial Study'!B:B, 0)+2)<>0,INDEX('Initial Study'!K:K, MATCH(L6, 'Initial Study'!B:B, 0)+2)<>"",NOT(ISNUMBER(INDEX('Initial Study'!K:K, MATCH(L6, 'Initial Study'!B:B, 0)+2)))),INDEX('Initial Study'!K:K, MATCH(L6, 'Initial Study'!B:B, 0)+2),"-"),"-") | AA6: =IF(S6="RE", Y6 & "BT/" & IF(Z6 <> "-", Z6 & "BT", ""), IF(OR(S6="LTDR", S6="LTSR"), Y6 & "BL" & IF(Z6 <> "-", "/" & Z6 & "BT", ""), IF(OR(S6="RTDR", S6="RTSR"), Y6 & "BR" & IF(Z6 <> "-", "/" & Z6 & "BT", ""), IF(Z6 <> "-", Y6 & "BT/" & Z6 & "BT", Y6 & "BT"))))
A7: 558 | B7: LOVE MILL | C7: 0 | E7: *LCL PIEDMONT SCH DR | F7: SIKES MILL | H7: 999.999 | I7: NIS | L7: 108397947 | M7: 46063 | N7: 26 | O7: 1 | P7: 8 | Q7: 1 | R7: O | S7: =IFERROR(VLOOKUP(N7,Index!$A$1:$B$26,2,FALSE),"") | T7: =AA7 | V7: =IFERROR(INDEX(DetailedFiche!Q:Q,MATCH(L7,DetailedFiche!J:J,0)),"") | W7: =IFERROR(INDEX(DetailedFiche!R:R,MATCH(L7,DetailedFiche!J:J,0)),"") | Y7: =IFERROR(IF(AND(INDEX('Initial Study'!K:K, MATCH(L7, 'Initial Study'!B:B, 0)+1)<>0,INDEX('Initial Study'!K:K, MATCH(L7, 'Initial Study'!B:B, 0)+1)<>""),INDEX('Initial Study'!K:K, MATCH(L7, 'Initial Study'!B:B, 0)+1),""),"") | Z7: =IFERROR(IF(AND(INDEX('Initial Study'!K:K, MATCH(L7, 'Initial Study'!B:B, 0)+2)<>0,INDEX('Initial Study'!K:K, MATCH(L7, 'Initial Study'!B:B, 0)+2)<>"",NOT(ISNUMBER(INDEX('Initial Study'!K:K, MATCH(L7, 'Initial Study'!B:B, 0)+2)))),INDEX('Initial Study'!K:K, MATCH(L7, 'Initial Study'!B:B, 0)+2),"-"),"-") | AA7: =IF(S7="RE", Y7 & "BT/" & IF(Z7 <> "-", Z7 & "BT", ""), IF(OR(S7="LTDR", S7="LTSR"), Y7 & "BL" & IF(Z7 <> "-", "/" & Z7 & "BT", ""), IF(OR(S7="RTDR", S7="RTSR"), Y7 & "BR" & IF(Z7 <> "-", "/" & Z7 & "BT", ""), IF(Z7 <> "-", Y7 & "BT/" & Z7 & "BT", Y7 & "BT"))))
A8: 558 | B8: SIKES MILL | C8: 0.14 | D8: N | E8: *LCL PIEDMONT SCH DR | F8: HAIGLER BAUCOM | H8: 999.999 | I8: NIS | L8: 108319024 | M8: 45986 | N8: 24 | O8: 1 | P8: 4 | Q8: 1 | R8: B | S8: =IFERROR(VLOOKUP(N8,Index!$A$1:$B$26,2,FALSE),"") | T8: =AA8 | V8: =IFERROR(INDEX(DetailedFiche!Q:Q,MATCH(L8,DetailedFiche!J:J,0)),"") | W8: =IFERROR(INDEX(DetailedFiche!R:R,MATCH(L8,DetailedFiche!J:J,0)),"") | Y8: =IFERROR(IF(AND(INDEX('Initial Study'!K:K, MATCH(L8, 'Initial Study'!B:B, 0)+1)<>0,INDEX('Initial Study'!K:K, MATCH(L8, 'Initial Study'!B:B, 0)+1)<>""),INDEX('Initial Study'!K:K, MATCH(L8, 'Initial Study'!B:B, 0)+1),""),"") | Z8: =IFERROR(IF(AND(INDEX('Initial Study'!K:K, MATCH(L8, 'Initial Study'!B:B, 0)+2)<>0,INDEX('Initial Study'!K:K, MATCH(L8, 'Initial Study'!B:B, 0)+2)<>"",NOT(ISNUMBER(INDEX('Initial Study'!K:K, MATCH(L8, 'Initial Study'!B:B, 0)+2)))),INDEX('Initial Study'!K:K, MATCH(L8, 'Initial Study'!B:B, 0)+2),"-"),"-") | AA8: =IF(S8="RE", Y8 & "BT/" & IF(Z8 <> "-", Z8 & "BT", ""), IF(OR(S8="LTDR", S8="LTSR"), Y8 & "BL" & IF(Z8 <> "-", "/" & Z8 & "BT", ""), IF(OR(S8="RTDR", S8="RTSR"), Y8 & "BR" & IF(Z8 <> "-", "/" & Z8 & "BT", ""), IF(Z8 <> "-", Y8 & "BT/" & Z8 & "BT", Y8 & "BT"))))
A9: 558 | B9: SIKES MILL | C9: 0.038 | D9: N | E9: *LCL PIEDMONT SCH RD | F9: HAIGLER BAUCOM | H9: 999.999 | I9: NIS | L9: 107926331 | M9: 45611 | N9: 24 | O9: 1 | P9: 4 | Q9: 1 | R9: O | S9: =IFERROR(VLOOKUP(N9,Index!$A$1:$B$26,2,FALSE),"") | T9: =AA9 | V9: =IFERROR(INDEX(DetailedFiche!Q:Q,MATCH(L9,DetailedFiche!J:J,0)),"") | W9: =IFERROR(INDEX(DetailedFiche!R:R,MATCH(L9,DetailedFiche!J:J,0)),"") | Y9: =IFERROR(IF(AND(INDEX('Initial Study'!K:K, MATCH(L9, 'Initial Study'!B:B, 0)+1)<>0,INDEX('Initial Study'!K:K, MATCH(L9, 'Initial Study'!B:B, 0)+1)<>""),INDEX('Initial Study'!K:K, MATCH(L9, 'Initial Study'!B:B, 0)+1),""),"") | Z9: =IFERROR(IF(AND(INDEX('Initial Study'!K:K, MATCH(L9, 'Initial Study'!B:B, 0)+2)<>0,INDEX('Initial Study'!K:K, MATCH(L9, 'Initial Study'!B:B, 0)+2)<>"",NOT(ISNUMBER(INDEX('Initial Study'!K:K, MATCH(L9, 'Initial Study'!B:B, 0)+2)))),INDEX('Initial Study'!K:K, MATCH(L9, 'Initial Study'!B:B, 0)+2),"-"),"-") | AA9: =IF(S9="RE", Y9 & "BT/" & IF(Z9 <> "-", Z9 & "BT", ""), IF(OR(S9="LTDR", S9="LTSR"), Y9 & "BL" & IF(Z9 <> "-", "/" & Z9 & "BT", ""), IF(OR(S9="RTDR", S9="RTSR"), Y9 & "BR" & IF(Z9 <> "-", "/" & Z9 & "BT", ""), IF(Z9 <> "-", Y9 & "BT/" & Z9 & "BT", Y9 & "BT"))))
A10: 558 | B10: LOVE MILL | C10: 0.072 | D10: N | E10: *LCL PURSER RUSHING RD | F10: HAIGLER BAUCOM | H10: 999.999 | I10: NIS | L10: 107756918 | M10: 45463 | N10: 23 | O10: 1 | P10: 5 | Q10: 3 | R10: O | S10: =IFERROR(VLOOKUP(N10,Index!$A$1:$B$26,2,FALSE),"") | T10: =AA10 | V10: =IFERROR(INDEX(DetailedFiche!Q:Q,MATCH(L10,DetailedFiche!J:J,0)),"") | W10: =IFERROR(INDEX(DetailedFiche!R:R,MATCH(L10,DetailedFiche!J:J,0)),"") | Y10: =IFERROR(IF(AND(INDEX('Initial Study'!K:K, MATCH(L10, 'Initial Study'!B:B, 0)+1)<>0,INDEX('Initial Study'!K:K, MATCH(L10, 'Initial Study'!B:B, 0)+1)<>""),INDEX('Initial Study'!K:K, MATCH(L10, 'Initial Study'!B:B, 0)+1),""),"") | Z10: =IFERROR(IF(AND(INDEX('Initial Study'!K:K, MATCH(L10, 'Initial Study'!B:B, 0)+2)<>0,INDEX('Initial Study'!K:K, MATCH(L10, 'Initial Study'!B:B, 0)+2)<>"",NOT(ISNUMBER(INDEX('Initial Study'!K:K, MATCH(L10, 'Initial Study'!B:B, 0)+2)))),INDEX('Initial Study'!K:K, MATCH(L10, 'Initial Study'!B:B, 0)+2),"-"),"-") | AA10: =IF(S10="RE", Y10 & "BT/" & IF(Z10 <> "-", Z10 & "BT", ""), IF(OR(S10="LTDR", S10="LTSR"), Y10 & "BL" & IF(Z10 <> "-", "/" & Z10 & "BT", ""), IF(OR(S10="RTDR", S10="RTSR"), Y10 & "BR" & IF(Z10 <> "-", "/" & Z10 & "BT", ""), IF(Z10 <> "-", Y10 & "BT/" & Z10 & "BT", Y10 & "BT"))))
A11: 558 | B11: LOVE MILL | C11: 0.25 | D11: N | E11: *LCL PURSER RUSHING RD | F11: HAIGLER BAUCOM | H11: 999.999 | I11: NIS | L11: 108479327 | M11: 46140 | N11: 17 | O11: 1 | P11: 0 | Q11: 5 | R11: O | S11: =IFERROR(VLOOKUP(N11,Index!$A$1:$B$26,2,FALSE),"") | T11: =AA11 | V11: =IFERROR(INDEX(DetailedFiche!Q:Q,MATCH(L11,DetailedFiche!J:J,0)),"") | W11: =IFERROR(INDEX(DetailedFiche!R:R,MATCH(L11,DetailedFiche!J:J,0)),"") | Y11: =IFERROR(IF(AND(INDEX('Initial Study'!K:K, MATCH(L11, 'Initial Study'!B:B, 0)+1)<>0,INDEX('Initial Study'!K:K, MATCH(L11, 'Initial Study'!B:B, 0)+1)<>""),INDEX('Initial Study'!K:K, MATCH(L11, 'Initial Study'!B:B, 0)+1),""),"") | Z11: =IFERROR(IF(AND(INDEX('Initial Study'!K:K, MATCH(L11, 'Initial Study'!B:B, 0)+2)<>0,INDEX('Initial Study'!K:K, MATCH(L11, 'Initial Study'!B:B, 0)+2)<>"",NOT(ISNUMBER(INDEX('Initial Study'!K:K, MATCH(L11, 'Initial Study'!B:B, 0)+2)))),INDEX('Initial Study'!K:K, MATCH(L11, 'Initial Study'!B:B, 0)+2),"-"),"-") | AA11: =IF(S11="RE", Y11 & "BT/" & IF(Z11 <> "-", Z11 & "BT", ""), IF(OR(S11="LTDR", S11="LTSR"), Y11 & "BL" & IF(Z11 <> "-", "/" & Z11 & "BT", ""), IF(OR(S11="RTDR", S11="RTSR"), Y11 & "BR" & IF(Z11 <> "-", "/" & Z11 & "BT", ""), IF(Z11 <> "-", Y11 & "BT/" & Z11 & "BT", Y11 & "BT"))))
A12: 558 | B12: PIEDMONT SCHOOL | C12: 0.019 | D12: N | E12: LOVE MILL | F12: DEAD END | H12: 999.999 | I12: NIS | L12: 107528155 | M12: 45244 | N12: 21 | O12: 1 | P12: 12 | Q12: 1 | R12: O | S12: =IFERROR(VLOOKUP(N12,Index!$A$1:$B$26,2,FALSE),"") | T12: =AA12 | V12: =IFERROR(INDEX(DetailedFiche!Q:Q,MATCH(L12,DetailedFiche!J:J,0)),"") | W12: =IFERROR(INDEX(DetailedFiche!R:R,MATCH(L12,DetailedFiche!J:J,0)),"") | Y12: =IFERROR(IF(AND(INDEX('Initial Study'!K:K, MATCH(L12, 'Initial Study'!B:B, 0)+1)<>0,INDEX('Initial Study'!K:K, MATCH(L12, 'Initial Study'!B:B, 0)+1)<>""),INDEX('Initial Study'!K:K, MATCH(L12, 'Initial Study'!B:B, 0)+1),""),"") | Z12: =IFERROR(IF(AND(INDEX('Initial Study'!K:K, MATCH(L12, 'Initial Study'!B:B, 0)+2)<>0,INDEX('Initial Study'!K:K, MATCH(L12, 'Initial Study'!B:B, 0)+2)<>"",NOT(ISNUMBER(INDEX('Initial Study'!K:K, MATCH(L12, 'Initial Study'!B:B, 0)+2)))),INDEX('Initial Study'!K:K, MATCH(L12, 'Initial Study'!B:B, 0)+2),"-"),"-") | AA12: =IF(S12="RE", Y12 & "BT/" & IF(Z12 <> "-", Z12 & "BT", ""), IF(OR(S12="LTDR", S12="LTSR"), Y12 & "BL" & IF(Z12 <> "-", "/" & Z12 & "BT", ""), IF(OR(S12="RTDR", S12="RTSR"), Y12 & "BR" & IF(Z12 <> "-", "/" & Z12 & "BT", ""), IF(Z12 <> "-", Y12 & "BT/" & Z12 & "BT", Y12 & "BT"))))
A13: 558 | B13: TOM BOYD | C13: 0 | E13: OLD CAMDEN | F13: SIKES MILL | H13: 999.999 | I13: NIS | L13: 105415127 | M13: 43171 | N13: 30 | O13: 2 | P13: 7 | Q13: 1 | R13: C | S13: =IFERROR(VLOOKUP(N13,Index!$A$1:$B$26,2,FALSE),"") | T13: =AA13 | V13: =IFERROR(INDEX(DetailedFiche!Q:Q,MATCH(L13,DetailedFiche!J:J,0)),"") | W13: =IFERROR(INDEX(DetailedFiche!R:R,MATCH(L13,DetailedFiche!J:J,0)),"") | Y13: =IFERROR(IF(AND(INDEX('Initial Study'!K:K, MATCH(L13, 'Initial Study'!B:B, 0)+1)<>0,INDEX('Initial Study'!K:K, MATCH(L13, 'Initial Study'!B:B, 0)+1)<>""),INDEX('Initial Study'!K:K, MATCH(L13, 'Initial Study'!B:B, 0)+1),""),"") | Z13: =IFERROR(IF(AND(INDEX('Initial Study'!K:K, MATCH(L13, 'Initial Study'!B:B, 0)+2)<>0,INDEX('Initial Study'!K:K, MATCH(L13, 'Initial Study'!B:B, 0)+2)<>"",NOT(ISNUMBER(INDEX('Initial Study'!K:K, MATCH(L13, 'Initial Study'!B:B, 0)+2)))),INDEX('Initial Study'!K:K, MATCH(L13, 'Initial Study'!B:B, 0)+2),"-"),"-") | AA13: =IF(S13="RE", Y13 & "BT/" & IF(Z13 <> "-", Z13 & "BT", ""), IF(OR(S13="LTDR", S13="LTSR"), Y13 & "BL" & IF(Z13 <> "-", "/" & Z13 & "BT", ""), IF(OR(S13="RTDR", S13="RTSR"), Y13 & "BR" & IF(Z13 <> "-", "/" & Z13 & "BT", ""), IF(Z13 <> "-", Y13 & "BT/" & Z13 & "BT", Y13 & "BT"))))
A14: 558 | B14: TOM BOYD | C14: 0.16 | D14: NE | E14: OLD CAMDEN | F14: *LCL LATHAM WOODS DR | H14: 999.999 | I14: NIS | L14: 106910957 | M14: 44655 | N14: 17 | O14: 1 | P14: 0 | Q14: 5 | R14: O | S14: =IFERROR(VLOOKUP(N14,Index!$A$1:$B$26,2,FALSE),"") | T14: =AA14 | V14: =IFERROR(INDEX(DetailedFiche!Q:Q,MATCH(L14,DetailedFiche!J:J,0)),"") | W14: =IFERROR(INDEX(DetailedFiche!R:R,MATCH(L14,DetailedFiche!J:J,0)),"") | Y14: =IFERROR(IF(AND(INDEX('Initial Study'!K:K, MATCH(L14, 'Initial Study'!B:B, 0)+1)<>0,INDEX('Initial Study'!K:K, MATCH(L14, 'Initial Study'!B:B, 0)+1)<>""),INDEX('Initial Study'!K:K, MATCH(L14, 'Initial Study'!B:B, 0)+1),""),"") | Z14: =IFERROR(IF(AND(INDEX('Initial Study'!K:K, MATCH(L14, 'Initial Study'!B:B, 0)+2)<>0,INDEX('Initial Study'!K:K, MATCH(L14, 'Initial Study'!B:B, 0)+2)<>"",NOT(ISNUMBER(INDEX('Initial Study'!K:K, MATCH(L14, 'Initial Study'!B:B, 0)+2)))),INDEX('Initial Study'!K:K, MATCH(L14, 'Initial Study'!B:B, 0)+2),"-"),"-") | AA14: =IF(S14="RE", Y14 & "BT/" & IF(Z14 <> "-", Z14 & "BT", ""), IF(OR(S14="LTDR", S14="LTSR"), Y14 & "BL" & IF(Z14 <> "-", "/" & Z14 & "BT", ""), IF(OR(S14="RTDR", S14="RTSR"), Y14 & "BR" & IF(Z14 <> "-", "/" & Z14 & "BT", ""), IF(Z14 <> "-", Y14 & "BT/" & Z14 & "BT", Y14 & "BT"))))
A15: 558 | B15: TOM BOYD | C15: 0.36 | D15: E | E15: OLD CAMDEN | F15: SIKES MILL | H15: 999.999 | I15: NIS | L15: 108277405 | M15: 45954 | N15: 17 | O15: 1 | P15: 0 | Q15: 3 | R15: B | S15: =IFERROR(VLOOKUP(N15,Index!$A$1:$B$26,2,FALSE),"") | T15: =AA15 | V15: =IFERROR(INDEX(DetailedFiche!Q:Q,MATCH(L15,DetailedFiche!J:J,0)),"") | W15: =IFERROR(INDEX(DetailedFiche!R:R,MATCH(L15,DetailedFiche!J:J,0)),"") | Y15: =IFERROR(IF(AND(INDEX('Initial Study'!K:K, MATCH(L15, 'Initial Study'!B:B, 0)+1)<>0,INDEX('Initial Study'!K:K, MATCH(L15, 'Initial Study'!B:B, 0)+1)<>""),INDEX('Initial Study'!K:K, MATCH(L15, 'Initial Study'!B:B, 0)+1),""),"") | Z15: =IFERROR(IF(AND(INDEX('Initial Study'!K:K, MATCH(L15, 'Initial Study'!B:B, 0)+2)<>0,INDEX('Initial Study'!K:K, MATCH(L15, 'Initial Study'!B:B, 0)+2)<>"",NOT(ISNUMBER(INDEX('Initial Study'!K:K, MATCH(L15, 'Initial Study'!B:B, 0)+2)))),INDEX('Initial Study'!K:K, MATCH(L15, 'Initial Study'!B:B, 0)+2),"-"),"-") | AA15: =IF(S15="RE", Y15 & "BT/" & IF(Z15 <> "-", Z15 & "BT", ""), IF(OR(S15="LTDR", S15="LTSR"), Y15 & "BL" & IF(Z15 <> "-", "/" & Z15 & "BT", ""), IF(OR(S15="RTDR", S15="RTSR"), Y15 & "BR" & IF(Z15 <> "-", "/" & Z15 & "BT", ""), IF(Z15 <> "-", Y15 & "BT/" & Z15 & "BT", Y15 & "BT"))))
A16: 558 | B16: HAIGLER BAUCOM | C16: 0.005 | D16: E | E16: SIKES MILL | F16: LOVE MILL | H16: 999.999 | I16: NIS | L16: 107442545 | M16: 45168 | N16: 21 | O16: 2 | P16: 8 | Q16: 1 | R16: O | S16: =IFERROR(VLOOKUP(N16,Index!$A$1:$B$26,2,FALSE),"") | T16: =AA16 | V16: =IFERROR(INDEX(DetailedFiche!Q:Q,MATCH(L16,DetailedFiche!J:J,0)),"") | W16: =IFERROR(INDEX(DetailedFiche!R:R,MATCH(L16,DetailedFiche!J:J,0)),"") | Y16: =IFERROR(IF(AND(INDEX('Initial Study'!K:K, MATCH(L16, 'Initial Study'!B:B, 0)+1)<>0,INDEX('Initial Study'!K:K, MATCH(L16, 'Initial Study'!B:B, 0)+1)<>""),INDEX('Initial Study'!K:K, MATCH(L16, 'Initial Study'!B:B, 0)+1),""),"") | Z16: =IFERROR(IF(AND(INDEX('Initial Study'!K:K, MATCH(L16, 'Initial Study'!B:B, 0)+2)<>0,INDEX('Initial Study'!K:K, MATCH(L16, 'Initial Study'!B:B, 0)+2)<>"",NOT(ISNUMBER(INDEX('Initial Study'!K:K, MATCH(L16, 'Initial Study'!B:B, 0)+2)))),INDEX('Initial Study'!K:K, MATCH(L16, 'Initial Study'!B:B, 0)+2),"-"),"-") | AA16: =IF(S16="RE", Y16 & "BT/" & IF(Z16 <> "-", Z16 & "BT", ""), IF(OR(S16="LTDR", S16="LTSR"), Y16 & "BL" & IF(Z16 <> "-", "/" & Z16 & "BT", ""), IF(OR(S16="RTDR", S16="RTSR"), Y16 & "BR" & IF(Z16 <> "-", "/" & Z16 & "BT", ""), IF(Z16 <> "-", Y16 & "BT/" & Z16 & "BT", Y16 & "BT"))))
A17: 637 | B17: PVA 6609 SIKES MILL RD | C17: 0.028 | D17: W | E17: SIKES MILL | H17: 999.999 | I17: NIS | L17: 106254686 | M17: 44001 | N17: 31 | O17: 1 | P17: 4 | Q17: 1 | R17: O | S17: =IFERROR(VLOOKUP(N17,Index!$A$1:$B$26,2,FALSE),"") | T17: =AA17 | V17: =IFERROR(INDEX(DetailedFiche!Q:Q,MATCH(L17,DetailedFiche!J:J,0)),"") | W17: =IFERROR(INDEX(DetailedFiche!R:R,MATCH(L17,DetailedFiche!J:J,0)),"") | Y17: =IFERROR(IF(AND(INDEX('Initial Study'!K:K, MATCH(L17, 'Initial Study'!B:B, 0)+1)<>0,INDEX('Initial Study'!K:K, MATCH(L17, 'Initial Study'!B:B, 0)+1)<>""),INDEX('Initial Study'!K:K, MATCH(L17, 'Initial Study'!B:B, 0)+1),""),"") | Z17: =IFERROR(IF(AND(INDEX('Initial Study'!K:K, MATCH(L17, 'Initial Study'!B:B, 0)+2)<>0,INDEX('Initial Study'!K:K, MATCH(L17, 'Initial Study'!B:B, 0)+2)<>"",NOT(ISNUMBER(INDEX('Initial Study'!K:K, MATCH(L17, 'Initial Study'!B:B, 0)+2)))),INDEX('Initial Study'!K:K, MATCH(L17, 'Initial Study'!B:B, 0)+2),"-"),"-") | AA17: =IF(S17="RE", Y17 & "BT/" & IF(Z17 <> "-", Z17 & "BT", ""), IF(OR(S17="LTDR", S17="LTSR"), Y17 & "BL" & IF(Z17 <> "-", "/" & Z17 & "BT", ""), IF(OR(S17="RTDR", S17="RTSR"), Y17 & "BR" & IF(Z17 <> "-", "/" & Z17 & "BT", ""), IF(Z17 <> "-", Y17 & "BT/" & Z17 & "BT", Y17 & "BT"))))
A18: 558 | B18: PVA MARATHON | C18: 0.019 | D18: W | E18: SIKES MILL | H18: 999.999 | I18: NIS | L18: 106584227 | M18: 44341 | N18: 31 | O18: 1 | P18: 4 | Q18: 1 | R18: O | S18: =IFERROR(VLOOKUP(N18,Index!$A$1:$B$26,2,FALSE),"") | T18: =AA18 | V18: =IFERROR(INDEX(DetailedFiche!Q:Q,MATCH(L18,DetailedFiche!J:J,0)),"") | W18: =IFERROR(INDEX(DetailedFiche!R:R,MATCH(L18,DetailedFiche!J:J,0)),"") | Y18: =IFERROR(IF(AND(INDEX('Initial Study'!K:K, MATCH(L18, 'Initial Study'!B:B, 0)+1)<>0,INDEX('Initial Study'!K:K, MATCH(L18, 'Initial Study'!B:B, 0)+1)<>""),INDEX('Initial Study'!K:K, MATCH(L18, 'Initial Study'!B:B, 0)+1),""),"") | Z18: =IFERROR(IF(AND(INDEX('Initial Study'!K:K, MATCH(L18, 'Initial Study'!B:B, 0)+2)<>0,INDEX('Initial Study'!K:K, MATCH(L18, 'Initial Study'!B:B, 0)+2)<>"",NOT(ISNUMBER(INDEX('Initial Study'!K:K, MATCH(L18, 'Initial Study'!B:B, 0)+2)))),INDEX('Initial Study'!K:K, MATCH(L18, 'Initial Study'!B:B, 0)+2),"-"),"-") | AA18: =IF(S18="RE", Y18 & "BT/" & IF(Z18 <> "-", Z18 & "BT", ""), IF(OR(S18="LTDR", S18="LTSR"), Y18 & "BL" & IF(Z18 <> "-", "/" & Z18 & "BT", ""), IF(OR(S18="RTDR", S18="RTSR"), Y18 & "BR" & IF(Z18 <> "-", "/" & Z18 & "BT", ""), IF(Z18 <> "-", Y18 & "BT/" & Z18 & "BT", Y18 & "BT"))))
A19: 558 | B19: PVA MARATHON | C19: 0.019 | D19: W | E19: SIKES MILL | H19: 999.999 | I19: NIS | L19: 106303935 | M19: 44055 | N19: 20 | O19: 1 | P19: 4 | Q19: 1 | R19: O | S19: =IFERROR(VLOOKUP(N19,Index!$A$1:$B$26,2,FALSE),"") | T19: =AA19 | V19: =IFERROR(INDEX(DetailedFiche!Q:Q,MATCH(L19,DetailedFiche!J:J,0)),"") | W19: =IFERROR(INDEX(DetailedFiche!R:R,MATCH(L19,DetailedFiche!J:J,0)),"") | Y19: =IFERROR(IF(AND(INDEX('Initial Study'!K:K, MATCH(L19, 'Initial Study'!B:B, 0)+1)<>0,INDEX('Initial Study'!K:K, MATCH(L19, 'Initial Study'!B:B, 0)+1)<>""),INDEX('Initial Study'!K:K, MATCH(L19, 'Initial Study'!B:B, 0)+1),""),"") | Z19: =IFERROR(IF(AND(INDEX('Initial Study'!K:K, MATCH(L19, 'Initial Study'!B:B, 0)+2)<>0,INDEX('Initial Study'!K:K, MATCH(L19, 'Initial Study'!B:B, 0)+2)<>"",NOT(ISNUMBER(INDEX('Initial Study'!K:K, MATCH(L19, 'Initial Study'!B:B, 0)+2)))),INDEX('Initial Study'!K:K, MATCH(L19, 'Initial Study'!B:B, 0)+2),"-"),"-") | AA19: =IF(S19="RE", Y19 & "BT/" & IF(Z19 <> "-", Z19 & "BT", ""), IF(OR(S19="LTDR", S19="LTSR"), Y19 & "BL" & IF(Z19 <> "-", "/" & Z19 & "BT", ""), IF(OR(S19="RTDR", S19="RTSR"), Y19 & "BR" & IF(Z19 <> "-", "/" & Z19 & "BT", ""), IF(Z19 <> "-", Y19 & "BT/" & Z19 & "BT", Y19 & "BT"))))
A20: 558 | B20: PVA PIEDMONT HS | C20: 0.028 | D20: E | E20: SIKES MILL | H20: 999.999 | I20: NIS | L20: 107711938 | M20: 45419 | N20: 23 | O20: 1 | P20: 4 | Q20: 1 | R20: O | S20: =IFERROR(VLOOKUP(N20,Index!$A$1:$B$26,2,FALSE),"") | T20: =AA20 | V20: =IFERROR(INDEX(DetailedFiche!Q:Q,MATCH(L20,DetailedFiche!J:J,0)),"") | W20: =IFERROR(INDEX(DetailedFiche!R:R,MATCH(L20,DetailedFiche!J:J,0)),"") | Y20: =IFERROR(IF(AND(INDEX('Initial Study'!K:K, MATCH(L20, 'Initial Study'!B:B, 0)+1)<>0,INDEX('Initial Study'!K:K, MATCH(L20, 'Initial Study'!B:B, 0)+1)<>""),INDEX('Initial Study'!K:K, MATCH(L20, 'Initial Study'!B:B, 0)+1),""),"") | Z20: =IFERROR(IF(AND(INDEX('Initial Study'!K:K, MATCH(L20, 'Initial Study'!B:B, 0)+2)<>0,INDEX('Initial Study'!K:K, MATCH(L20, 'Initial Study'!B:B, 0)+2)<>"",NOT(ISNUMBER(INDEX('Initial Study'!K:K, MATCH(L20, 'Initial Study'!B:B, 0)+2)))),INDEX('Initial Study'!K:K, MATCH(L20, 'Initial Study'!B:B, 0)+2),"-"),"-") | AA20: =IF(S20="RE", Y20 & "BT/" & IF(Z20 <> "-", Z20 & "BT", ""), IF(OR(S20="LTDR", S20="LTSR"), Y20 & "BL" & IF(Z20 <> "-", "/" & Z20 & "BT", ""), IF(OR(S20="RTDR", S20="RTSR"), Y20 & "BR" & IF(Z20 <> "-", "/" & Z20 & "BT", ""), IF(Z20 <> "-", Y20 & "BT/" & Z20 & "BT", Y20 & "BT"))))
A21: 558 | B21: PVA PIEDMONT MIDDLE SCHOOL | C21: 0.001 | D21: E | E21: SIKES MILL | H21: 999.999 | I21: NIS | L21: 108247372 | M21: 45930 | N21: 21 | O21: 2 | P21: 4 | Q21: 1 | R21: O | S21: =IFERROR(VLOOKUP(N21,Index!$A$1:$B$26,2,FALSE),"") | T21: =AA21 | V21: =IFERROR(INDEX(DetailedFiche!Q:Q,MATCH(L21,DetailedFiche!J:J,0)),"") | W21: =IFERROR(INDEX(DetailedFiche!R:R,MATCH(L21,DetailedFiche!J:J,0)),"") | Y21: =IFERROR(IF(AND(INDEX('Initial Study'!K:K, MATCH(L21, 'Initial Study'!B:B, 0)+1)<>0,INDEX('Initial Study'!K:K, MATCH(L21, 'Initial Study'!B:B, 0)+1)<>""),INDEX('Initial Study'!K:K, MATCH(L21, 'Initial Study'!B:B, 0)+1),""),"") | Z21: =IFERROR(IF(AND(INDEX('Initial Study'!K:K, MATCH(L21, 'Initial Study'!B:B, 0)+2)<>0,INDEX('Initial Study'!K:K, MATCH(L21, 'Initial Study'!B:B, 0)+2)<>"",NOT(ISNUMBER(INDEX('Initial Study'!K:K, MATCH(L21, 'Initial Study'!B:B, 0)+2)))),INDEX('Initial Study'!K:K, MATCH(L21, 'Initial Study'!B:B, 0)+2),"-"),"-") | AA21: =IF(S21="RE", Y21 & "BT/" & IF(Z21 <> "-", Z21 & "BT", ""), IF(OR(S21="LTDR", S21="LTSR"), Y21 & "BL" & IF(Z21 <> "-", "/" & Z21 & "BT", ""), IF(OR(S21="RTDR", S21="RTSR"), Y21 & "BR" & IF(Z21 <> "-", "/" & Z21 & "BT", ""), IF(Z21 <> "-", Y21 & "BT/" & Z21 & "BT", Y21 & "BT"))))
A22: 558 | B22: PVA PIEDMONT MIDDLE SCHOOL | C22: 0.019 | D22: E | E22: SIKES MILL | H22: 999.999 | I22: NIS | L22: 107683218 | M22: 45393 | N22: 31 | O22: 2 | P22: 4 | Q22: 1 | R22: O | S22: =IFERROR(VLOOKUP(N22,Index!$A$1:$B$26,2,FALSE),"") | T22: =AA22 | V22: =IFERROR(INDEX(DetailedFiche!Q:Q,MATCH(L22,DetailedFiche!J:J,0)),"") | W22: =IFERROR(INDEX(DetailedFiche!R:R,MATCH(L22,DetailedFiche!J:J,0)),"") | Y22: =IFERROR(IF(AND(INDEX('Initial Study'!K:K, MATCH(L22, 'Initial Study'!B:B, 0)+1)<>0,INDEX('Initial Study'!K:K, MATCH(L22, 'Initial Study'!B:B, 0)+1)<>""),INDEX('Initial Study'!K:K, MATCH(L22, 'Initial Study'!B:B, 0)+1),""),"") | Z22: =IFERROR(IF(AND(INDEX('Initial Study'!K:K, MATCH(L22, 'Initial Study'!B:B, 0)+2)<>0,INDEX('Initial Study'!K:K, MATCH(L22, 'Initial Study'!B:B, 0)+2)<>"",NOT(ISNUMBER(INDEX('Initial Study'!K:K, MATCH(L22, 'Initial Study'!B:B, 0)+2)))),INDEX('Initial Study'!K:K, MATCH(L22, 'Initial Study'!B:B, 0)+2),"-"),"-") | AA22: =IF(S22="RE", Y22 & "BT/" & IF(Z22 <> "-", Z22 & "BT", ""), IF(OR(S22="LTDR", S22="LTSR"), Y22 & "BL" & IF(Z22 <> "-", "/" & Z22 & "BT", ""), IF(OR(S22="RTDR", S22="RTSR"), Y22 & "BR" & IF(Z22 <> "-", "/" & Z22 & "BT", ""), IF(Z22 <> "-", Y22 & "BT/" & Z22 & "BT", Y22 & "BT"))))
A23: 558 | B23: TOM BOYD | C23: 0.29 | D23: SE | E23: SIKES MILL | F23: OLD CAMDEN | H23: 999.999 | I23: NIS | L23: 107906736 | M23: 45593 | N23: 17 | O23: 1 | P23: 0 | Q23: 5 | R23: O | S23: =IFERROR(VLOOKUP(N23,Index!$A$1:$B$26,2,FALSE),"") | T23: =AA23 | V23: =IFERROR(INDEX(DetailedFiche!Q:Q,MATCH(L23,DetailedFiche!J:J,0)),"") | W23: =IFERROR(INDEX(DetailedFiche!R:R,MATCH(L23,DetailedFiche!J:J,0)),"") | Y23: =IFERROR(IF(AND(INDEX('Initial Study'!K:K, MATCH(L23, 'Initial Study'!B:B, 0)+1)<>0,INDEX('Initial Study'!K:K, MATCH(L23, 'Initial Study'!B:B, 0)+1)<>""),INDEX('Initial Study'!K:K, MATCH(L23, 'Initial Study'!B:B, 0)+1),""),"") | Z23: =IFERROR(IF(AND(INDEX('Initial Study'!K:K, MATCH(L23, 'Initial Study'!B:B, 0)+2)<>0,INDEX('Initial Study'!K:K, MATCH(L23, 'Initial Study'!B:B, 0)+2)<>"",NOT(ISNUMBER(INDEX('Initial Study'!K:K, MATCH(L23, 'Initial Study'!B:B, 0)+2)))),INDEX('Initial Study'!K:K, MATCH(L23, 'Initial Study'!B:B, 0)+2),"-"),"-") | AA23: =IF(S23="RE", Y23 & "BT/" & IF(Z23 <> "-", Z23 & "BT", ""), IF(OR(S23="LTDR", S23="LTSR"), Y23 & "BL" & IF(Z23 <> "-", "/" & Z23 & "BT", ""), IF(OR(S23="RTDR", S23="RTSR"), Y23 & "BR" & IF(Z23 <> "-", "/" & Z23 & "BT", ""), IF(Z23 <> "-", Y23 & "BT/" & Z23 & "BT", Y23 & "BT"))))
A24: 558 | B24: *LCL CAR WASH PVA | C24: 0.001 | D24: E | E24: SR 1001 | F24: DEAD END | H24: 999.999 | I24: NIS | L24: 105722912 | M24: 43452 | N24: 31 | O24: 1 | P24: 0 | Q24: 1 | R24: O | S24: =IFERROR(VLOOKUP(N24,Index!$A$1:$B$26,2,FALSE),"") | T24: =AA24 | V24: =IFERROR(INDEX(DetailedFiche!Q:Q,MATCH(L24,DetailedFiche!J:J,0)),"") | W24: =IFERROR(INDEX(DetailedFiche!R:R,MATCH(L24,DetailedFiche!J:J,0)),"") | Y24: =IFERROR(IF(AND(INDEX('Initial Study'!K:K, MATCH(L24, 'Initial Study'!B:B, 0)+1)<>0,INDEX('Initial Study'!K:K, MATCH(L24, 'Initial Study'!B:B, 0)+1)<>""),INDEX('Initial Study'!K:K, MATCH(L24, 'Initial Study'!B:B, 0)+1),""),"") | Z24: =IFERROR(IF(AND(INDEX('Initial Study'!K:K, MATCH(L24, 'Initial Study'!B:B, 0)+2)<>0,INDEX('Initial Study'!K:K, MATCH(L24, 'Initial Study'!B:B, 0)+2)<>"",NOT(ISNUMBER(INDEX('Initial Study'!K:K, MATCH(L24, 'Initial Study'!B:B, 0)+2)))),INDEX('Initial Study'!K:K, MATCH(L24, 'Initial Study'!B:B, 0)+2),"-"),"-") | AA24: =IF(S24="RE", Y24 & "BT/" & IF(Z24 <> "-", Z24 & "BT", ""), IF(OR(S24="LTDR", S24="LTSR"), Y24 & "BL" & IF(Z24 <> "-", "/" & Z24 & "BT", ""), IF(OR(S24="RTDR", S24="RTSR"), Y24 & "BR" & IF(Z24 <> "-", "/" & Z24 & "BT", ""), IF(Z24 <> "-", Y24 & "BT/" & Z24 & "BT", Y24 & "BT"))))
A25: 558 | B25: PIEDMONT SCHOOL | C25: 0.005 | D25: W | E25: SR 1001 | F25: *LCL - | H25: 999.999 | I25: NIS | L25: 105971602 | M25: 43703 | N25: 24 | O25: 1 | P25: 4 | Q25: 1 | R25: O | S25: =IFERROR(VLOOKUP(N25,Index!$A$1:$B$26,2,FALSE),"") | T25: =AA25 | V25: =IFERROR(INDEX(DetailedFiche!Q:Q,MATCH(L25,DetailedFiche!J:J,0)),"") | W25: =IFERROR(INDEX(DetailedFiche!R:R,MATCH(L25,DetailedFiche!J:J,0)),"") | Y25: =IFERROR(IF(AND(INDEX('Initial Study'!K:K, MATCH(L25, 'Initial Study'!B:B, 0)+1)<>0,INDEX('Initial Study'!K:K, MATCH(L25, 'Initial Study'!B:B, 0)+1)<>""),INDEX('Initial Study'!K:K, MATCH(L25, 'Initial Study'!B:B, 0)+1),""),"") | Z25: =IFERROR(IF(AND(INDEX('Initial Study'!K:K, MATCH(L25, 'Initial Study'!B:B, 0)+2)<>0,INDEX('Initial Study'!K:K, MATCH(L25, 'Initial Study'!B:B, 0)+2)<>"",NOT(ISNUMBER(INDEX('Initial Study'!K:K, MATCH(L25, 'Initial Study'!B:B, 0)+2)))),INDEX('Initial Study'!K:K, MATCH(L25, 'Initial Study'!B:B, 0)+2),"-"),"-") | AA25: =IF(S25="RE", Y25 & "BT/" & IF(Z25 <> "-", Z25 & "BT", ""), IF(OR(S25="LTDR", S25="LTSR"), Y25 & "BL" & IF(Z25 <> "-", "/" & Z25 & "BT", ""), IF(OR(S25="RTDR", S25="RTSR"), Y25 & "BR" & IF(Z25 <> "-", "/" & Z25 & "BT", ""), IF(Z25 <> "-", Y25 & "BT/" & Z25 & "BT", Y25 & "BT"))))
A26: 558 | B26: PVA 2623 SIKES MILL RD | C26: 0.009 | D26: W | E26: SR 1001 | F26: SR 1618 | H26: 999.999 | I26: NIS | L26: 107250998 | M26: 44966 | N26: 20 | O26: 1 | P26: 4 | Q26: 1 | R26: O | S26: =IFERROR(VLOOKUP(N26,Index!$A$1:$B$26,2,FALSE),"") | T26: =AA26 | V26: =IFERROR(INDEX(DetailedFiche!Q:Q,MATCH(L26,DetailedFiche!J:J,0)),"") | W26: =IFERROR(INDEX(DetailedFiche!R:R,MATCH(L26,DetailedFiche!J:J,0)),"") | Y26: =IFERROR(IF(AND(INDEX('Initial Study'!K:K, MATCH(L26, 'Initial Study'!B:B, 0)+1)<>0,INDEX('Initial Study'!K:K, MATCH(L26, 'Initial Study'!B:B, 0)+1)<>""),INDEX('Initial Study'!K:K, MATCH(L26, 'Initial Study'!B:B, 0)+1),""),"") | Z26: =IFERROR(IF(AND(INDEX('Initial Study'!K:K, MATCH(L26, 'Initial Study'!B:B, 0)+2)<>0,INDEX('Initial Study'!K:K, MATCH(L26, 'Initial Study'!B:B, 0)+2)<>"",NOT(ISNUMBER(INDEX('Initial Study'!K:K, MATCH(L26, 'Initial Study'!B:B, 0)+2)))),INDEX('Initial Study'!K:K, MATCH(L26, 'Initial Study'!B:B, 0)+2),"-"),"-") | AA26: =IF(S26="RE", Y26 & "BT/" & IF(Z26 <> "-", Z26 & "BT", ""), IF(OR(S26="LTDR", S26="LTSR"), Y26 & "BL" & IF(Z26 <> "-", "/" & Z26 & "BT", ""), IF(OR(S26="RTDR", S26="RTSR"), Y26 & "BR" & IF(Z26 <> "-", "/" & Z26 & "BT", ""), IF(Z26 <> "-", Y26 & "BT/" & Z26 & "BT", Y26 & "BT"))))
A27: 0 | B27: PVA 3006 SIKES MILL RD | C27: 0.004 | D27: E | E27: SR 1001 | F27: DEAD END | H27: 999.999 | I27: NIS | L27: 105983673 | M27: 43711 | N27: 21 | O27: 1 | P27: 4 | Q27: 1 | R27: O | S27: =IFERROR(VLOOKUP(N27,Index!$A$1:$B$26,2,FALSE),"") | T27: =AA27 | V27: =IFERROR(INDEX(DetailedFiche!Q:Q,MATCH(L27,DetailedFiche!J:J,0)),"") | W27: =IFERROR(INDEX(DetailedFiche!R:R,MATCH(L27,DetailedFiche!J:J,0)),"") | Y27: =IFERROR(IF(AND(INDEX('Initial Study'!K:K, MATCH(L27, 'Initial Study'!B:B, 0)+1)<>0,INDEX('Initial Study'!K:K, MATCH(L27, 'Initial Study'!B:B, 0)+1)<>""),INDEX('Initial Study'!K:K, MATCH(L27, 'Initial Study'!B:B, 0)+1),""),"") | Z27: =IFERROR(IF(AND(INDEX('Initial Study'!K:K, MATCH(L27, 'Initial Study'!B:B, 0)+2)<>0,INDEX('Initial Study'!K:K, MATCH(L27, 'Initial Study'!B:B, 0)+2)<>"",NOT(ISNUMBER(INDEX('Initial Study'!K:K, MATCH(L27, 'Initial Study'!B:B, 0)+2)))),INDEX('Initial Study'!K:K, MATCH(L27, 'Initial Study'!B:B, 0)+2),"-"),"-") | AA27: =IF(S27="RE", Y27 & "BT/" & IF(Z27 <> "-", Z27 & "BT", ""), IF(OR(S27="LTDR", S27="LTSR"), Y27 & "BL" & IF(Z27 <> "-", "/" & Z27 & "BT", ""), IF(OR(S27="RTDR", S27="RTSR"), Y27 & "BR" & IF(Z27 <> "-", "/" & Z27 & "BT", ""), IF(Z27 <> "-", Y27 & "BT/" & Z27 & "BT", Y27 & "BT"))))
A28: 558 | B28: PVA 709 SIKES MILL RD | C28: 0.005 | D28: W | E28: SR 1001 | F28: DEAD END | H28: 999.999 | I28: NIS | L28: 107994713 | M28: 45674 | N28: 20 | O28: 1 | P28: 5 | Q28: 2 | S28: =IFERROR(VLOOKUP(N28,Index!$A$1:$B$26,2,FALSE),"") | T28: =AA28 | V28: =IFERROR(INDEX(DetailedFiche!Q:Q,MATCH(L28,DetailedFiche!J:J,0)),"") | W28: =IFERROR(INDEX(DetailedFiche!R:R,MATCH(L28,DetailedFiche!J:J,0)),"") | Y28: =IFERROR(IF(AND(INDEX('Initial Study'!K:K, MATCH(L28, 'Initial Study'!B:B, 0)+1)<>0,INDEX('Initial Study'!K:K, MATCH(L28, 'Initial Study'!B:B, 0)+1)<>""),INDEX('Initial Study'!K:K, MATCH(L28, 'Initial Study'!B:B, 0)+1),""),"") | Z28: =IFERROR(IF(AND(INDEX('Initial Study'!K:K, MATCH(L28, 'Initial Study'!B:B, 0)+2)<>0,INDEX('Initial Study'!K:K, MATCH(L28, 'Initial Study'!B:B, 0)+2)<>"",NOT(ISNUMBER(INDEX('Initial Study'!K:K, MATCH(L28, 'Initial Study'!B:B, 0)+2)))),INDEX('Initial Study'!K:K, MATCH(L28, 'Initial Study'!B:B, 0)+2),"-"),"-") | AA28: =IF(S28="RE", Y28 & "BT/" & IF(Z28 <> "-", Z28 & "BT", ""), IF(OR(S28="LTDR", S28="LTSR"), Y28 & "BL" & IF(Z28 <> "-", "/" & Z28 & "BT", ""), IF(OR(S28="RTDR", S28="RTSR"), Y28 & "BR" & IF(Z28 <> "-", "/" & Z28 & "BT", ""), IF(Z28 <> "-", Y28 & "BT/" & Z28 & "BT", Y28 & "BT"))))
A29: 558 | B29: PVA MARATHON | C29: 0.009 | D29: W | E29: SR 1001 | F29: SR 1618 | H29: 999.999 | I29: NIS | L29: 108345733 | M29: 46010 | N29: 20 | O29: 1 | P29: 4 | Q29: 1 | R29: O | S29: =IFERROR(VLOOKUP(N29,Index!$A$1:$B$26,2,FALSE),"") | T29: =AA29 | V29: =IFERROR(INDEX(DetailedFiche!Q:Q,MATCH(L29,DetailedFiche!J:J,0)),"") | W29: =IFERROR(INDEX(DetailedFiche!R:R,MATCH(L29,DetailedFiche!J:J,0)),"") | Y29: =IFERROR(IF(AND(INDEX('Initial Study'!K:K, MATCH(L29, 'Initial Study'!B:B, 0)+1)<>0,INDEX('Initial Study'!K:K, MATCH(L29, 'Initial Study'!B:B, 0)+1)<>""),INDEX('Initial Study'!K:K, MATCH(L29, 'Initial Study'!B:B, 0)+1),""),"") | Z29: =IFERROR(IF(AND(INDEX('Initial Study'!K:K, MATCH(L29, 'Initial Study'!B:B, 0)+2)<>0,INDEX('Initial Study'!K:K, MATCH(L29, 'Initial Study'!B:B, 0)+2)<>"",NOT(ISNUMBER(INDEX('Initial Study'!K:K, MATCH(L29, 'Initial Study'!B:B, 0)+2)))),INDEX('Initial Study'!K:K, MATCH(L29, 'Initial Study'!B:B, 0)+2),"-"),"-") | AA29: =IF(S29="RE", Y29 & "BT/" & IF(Z29 <> "-", Z29 & "BT", ""), IF(OR(S29="LTDR", S29="LTSR"), Y29 & "BL" & IF(Z29 <> "-", "/" & Z29 & "BT", ""), IF(OR(S29="RTDR", S29="RTSR"), Y29 & "BR" & IF(Z29 <> "-", "/" & Z29 & "BT", ""), IF(Z29 <> "-", Y29 & "BT/" & Z29 & "BT", Y29 & "BT"))))
A30: 558 | B30: PVA MARATHON GAS | C30: 0.014 | D30: W | E30: SR 1001 | F30: DEAD END | H30: 999.999 | I30: NIS | L30: 105790718 | M30: 43526 | N30: 31 | O30: 1 | P30: 0 | Q30: 1 | R30: O | S30: =IFERROR(VLOOKUP(N30,Index!$A$1:$B$26,2,FALSE),"") | T30: =AA30 | V30: =IFERROR(INDEX(DetailedFiche!Q:Q,MATCH(L30,DetailedFiche!J:J,0)),"") | W30: =IFERROR(INDEX(DetailedFiche!R:R,MATCH(L30,DetailedFiche!J:J,0)),"") | Y30: =IFERROR(IF(AND(INDEX('Initial Study'!K:K, MATCH(L30, 'Initial Study'!B:B, 0)+1)<>0,INDEX('Initial Study'!K:K, MATCH(L30, 'Initial Study'!B:B, 0)+1)<>""),INDEX('Initial Study'!K:K, MATCH(L30, 'Initial Study'!B:B, 0)+1),""),"") | Z30: =IFERROR(IF(AND(INDEX('Initial Study'!K:K, MATCH(L30, 'Initial Study'!B:B, 0)+2)<>0,INDEX('Initial Study'!K:K, MATCH(L30, 'Initial Study'!B:B, 0)+2)<>"",NOT(ISNUMBER(INDEX('Initial Study'!K:K, MATCH(L30, 'Initial Study'!B:B, 0)+2)))),INDEX('Initial Study'!K:K, MATCH(L30, 'Initial Study'!B:B, 0)+2),"-"),"-") | AA30: =IF(S30="RE", Y30 & "BT/" & IF(Z30 <> "-", Z30 & "BT", ""), IF(OR(S30="LTDR", S30="LTSR"), Y30 & "BL" & IF(Z30 <> "-", "/" & Z30 & "BT", ""), IF(OR(S30="RTDR", S30="RTSR"), Y30 & "BR" & IF(Z30 <> "-", "/" & Z30 & "BT", ""), IF(Z30 <> "-", Y30 & "BT/" & Z30 & "BT", Y30 & "BT"))))
A31: 558 | B31: PVA MARATHON GAS | C31: 0.019 | D31: W | E31: SR 1001 | F31: DEAD END | H31: 999.999 | I31: NIS | L31: 106747056 | M31: 44498 | N31: 31 | O31: 1 | P31: 0 | Q31: 1 | R31: O | S31: =IFERROR(VLOOKUP(N31,Index!$A$1:$B$26,2,FALSE),"") | T31: =AA31 | V31: =IFERROR(INDEX(DetailedFiche!Q:Q,MATCH(L31,DetailedFiche!J:J,0)),"") | W31: =IFERROR(INDEX(DetailedFiche!R:R,MATCH(L31,DetailedFiche!J:J,0)),"") | Y31: =IFERROR(IF(AND(INDEX('Initial Study'!K:K, MATCH(L31, 'Initial Study'!B:B, 0)+1)<>0,INDEX('Initial Study'!K:K, MATCH(L31, 'Initial Study'!B:B, 0)+1)<>""),INDEX('Initial Study'!K:K, MATCH(L31, 'Initial Study'!B:B, 0)+1),""),"") | Z31: =IFERROR(IF(AND(INDEX('Initial Study'!K:K, MATCH(L31, 'Initial Study'!B:B, 0)+2)<>0,INDEX('Initial Study'!K:K, MATCH(L31, 'Initial Study'!B:B, 0)+2)<>"",NOT(ISNUMBER(INDEX('Initial Study'!K:K, MATCH(L31, 'Initial Study'!B:B, 0)+2)))),INDEX('Initial Study'!K:K, MATCH(L31, 'Initial Study'!B:B, 0)+2),"-"),"-") | AA31: =IF(S31="RE", Y31 & "BT/" & IF(Z31 <> "-", Z31 & "BT", ""), IF(OR(S31="LTDR", S31="LTSR"), Y31 & "BL" & IF(Z31 <> "-", "/" & Z31 & "BT", ""), IF(OR(S31="RTDR", S31="RTSR"), Y31 & "BR" & IF(Z31 <> "-", "/" & Z31 & "BT", ""), IF(Z31 <> "-", Y31 & "BT/" & Z31 & "BT", Y31 & "BT"))))
A32: 558 | B32: PVA MARATHON GAS STATION | C32: 0.019 | D32: W | E32: SR 1001 | F32: DEAD END | H32: 999.999 | I32: NIS | L32: 107692192 | M32: 45400 | N32: 31 | O32: 1 | P32: 4 | Q32: 1 | R32: O | S32: =IFERROR(VLOOKUP(N32,Index!$A$1:$B$26,2,FALSE),"") | T32: =AA32 | V32: =IFERROR(INDEX(DetailedFiche!Q:Q,MATCH(L32,DetailedFiche!J:J,0)),"") | W32: =IFERROR(INDEX(DetailedFiche!R:R,MATCH(L32,DetailedFiche!J:J,0)),"") | Y32: =IFERROR(IF(AND(INDEX('Initial Study'!K:K, MATCH(L32, 'Initial Study'!B:B, 0)+1)<>0,INDEX('Initial Study'!K:K, MATCH(L32, 'Initial Study'!B:B, 0)+1)<>""),INDEX('Initial Study'!K:K, MATCH(L32, 'Initial Study'!B:B, 0)+1),""),"") | Z32: =IFERROR(IF(AND(INDEX('Initial Study'!K:K, MATCH(L32, 'Initial Study'!B:B, 0)+2)<>0,INDEX('Initial Study'!K:K, MATCH(L32, 'Initial Study'!B:B, 0)+2)<>"",NOT(ISNUMBER(INDEX('Initial Study'!K:K, MATCH(L32, 'Initial Study'!B:B, 0)+2)))),INDEX('Initial Study'!K:K, MATCH(L32, 'Initial Study'!B:B, 0)+2),"-"),"-") | AA32: =IF(S32="RE", Y32 & "BT/" & IF(Z32 <> "-", Z32 & "BT", ""), IF(OR(S32="LTDR", S32="LTSR"), Y32 & "BL" & IF(Z32 <> "-", "/" & Z32 & "BT", ""), IF(OR(S32="RTDR", S32="RTSR"), Y32 & "BR" & IF(Z32 <> "-", "/" & Z32 & "BT", ""), IF(Z32 <> "-", Y32 & "BT/" & Z32 & "BT", Y32 & "BT"))))
A33: 558 | B33: PVA PIEDMONT HIGH SCHOOL | C33: 0.009 | D33: W | E33: SR 1001 | F33: *LCL - | H33: 999.999 | I33: NIS | L33: 104865813 | M33: 42642 | N33: 21 | O33: 2 | P33: 4 | Q33: 1 | R33: C | S33: =IFERROR(VLOOKUP(N33,Index!$A$1:$B$26,2,FALSE),"") | T33: =AA33 | V33: =IFERROR(INDEX(DetailedFiche!Q:Q,MATCH(L33,DetailedFiche!J:J,0)),"") | W33: =IFERROR(INDEX(DetailedFiche!R:R,MATCH(L33,DetailedFiche!J:J,0)),"") | Y33: =IFERROR(IF(AND(INDEX('Initial Study'!K:K, MATCH(L33, 'Initial Study'!B:B, 0)+1)<>0,INDEX('Initial Study'!K:K, MATCH(L33, 'Initial Study'!B:B, 0)+1)<>""),INDEX('Initial Study'!K:K, MATCH(L33, 'Initial Study'!B:B, 0)+1),""),"") | Z33: =IFERROR(IF(AND(INDEX('Initial Study'!K:K, MATCH(L33, 'Initial Study'!B:B, 0)+2)<>0,INDEX('Initial Study'!K:K, MATCH(L33, 'Initial Study'!B:B, 0)+2)<>"",NOT(ISNUMBER(INDEX('Initial Study'!K:K, MATCH(L33, 'Initial Study'!B:B, 0)+2)))),INDEX('Initial Study'!K:K, MATCH(L33, 'Initial Study'!B:B, 0)+2),"-"),"-") | AA33: =IF(S33="RE", Y33 & "BT/" & IF(Z33 <> "-", Z33 & "BT", ""), IF(OR(S33="LTDR", S33="LTSR"), Y33 & "BL" & IF(Z33 <> "-", "/" & Z33 & "BT", ""), IF(OR(S33="RTDR", S33="RTSR"), Y33 & "BR" & IF(Z33 <> "-", "/" & Z33 & "BT", ""), IF(Z33 <> "-", Y33 & "BT/" & Z33 & "BT", Y33 & "BT"))))
A34: 558 | B34: PVA PIEDMONT HIGH SCHOOL | C34: 0.017 | D34: W | E34: SR 1001 | F34: DEAD END | H34: 999.999 | I34: NIS | L34: 104945962 | M34: 42716 | N34: 21 | O34: 1 | P34: 4 | Q34: 1 | R34: O | S34: =IFERROR(VLOOKUP(N34,Index!$A$1:$B$26,2,FALSE),"") | T34: =AA34 | V34: =IFERROR(INDEX(DetailedFiche!Q:Q,MATCH(L34,DetailedFiche!J:J,0)),"") | W34: =IFERROR(INDEX(DetailedFiche!R:R,MATCH(L34,DetailedFiche!J:J,0)),"") | Y34: =IFERROR(IF(AND(INDEX('Initial Study'!K:K, MATCH(L34, 'Initial Study'!B:B, 0)+1)<>0,INDEX('Initial Study'!K:K, MATCH(L34, 'Initial Study'!B:B, 0)+1)<>""),INDEX('Initial Study'!K:K, MATCH(L34, 'Initial Study'!B:B, 0)+1),""),"") | Z34: =IFERROR(IF(AND(INDEX('Initial Study'!K:K, MATCH(L34, 'Initial Study'!B:B, 0)+2)<>0,INDEX('Initial Study'!K:K, MATCH(L34, 'Initial Study'!B:B, 0)+2)<>"",NOT(ISNUMBER(INDEX('Initial Study'!K:K, MATCH(L34, 'Initial Study'!B:B, 0)+2)))),INDEX('Initial Study'!K:K, MATCH(L34, 'Initial Study'!B:B, 0)+2),"-"),"-") | AA34: =IF(S34="RE", Y34 & "BT/" & IF(Z34 <> "-", Z34 & "BT", ""), IF(OR(S34="LTDR", S34="LTSR"), Y34 & "BL" & IF(Z34 <> "-", "/" & Z34 & "BT", ""), IF(OR(S34="RTDR", S34="RTSR"), Y34 & "BR" & IF(Z34 <> "-", "/" & Z34 & "BT", ""), IF(Z34 <> "-", Y34 & "BT/" & Z34 & "BT", Y34 & "BT"))))
A35: 558 | B35: PVA PIEDMONT HIGH SCHOOL | C35: 0.017 | D35: W | E35: SR 1001 | F35: DEAD END | H35: 999.999 | I35: NIS | L35: 104950470 | M35: 42716 | N35: 21 | O35: 1 | P35: 4 | Q35: 1 | R35: O | S35: =IFERROR(VLOOKUP(N35,Index!$A$1:$B$26,2,FALSE),"") | T35: =AA35 | V35: =IFERROR(INDEX(DetailedFiche!Q:Q,MATCH(L35,DetailedFiche!J:J,0)),"") | W35: =IFERROR(INDEX(DetailedFiche!R:R,MATCH(L35,DetailedFiche!J:J,0)),"") | Y35: =IFERROR(IF(AND(INDEX('Initial Study'!K:K, MATCH(L35, 'Initial Study'!B:B, 0)+1)<>0,INDEX('Initial Study'!K:K, MATCH(L35, 'Initial Study'!B:B, 0)+1)<>""),INDEX('Initial Study'!K:K, MATCH(L35, 'Initial Study'!B:B, 0)+1),""),"") | Z35: =IFERROR(IF(AND(INDEX('Initial Study'!K:K, MATCH(L35, 'Initial Study'!B:B, 0)+2)<>0,INDEX('Initial Study'!K:K, MATCH(L35, 'Initial Study'!B:B, 0)+2)<>"",NOT(ISNUMBER(INDEX('Initial Study'!K:K, MATCH(L35, 'Initial Study'!B:B, 0)+2)))),INDEX('Initial Study'!K:K, MATCH(L35, 'Initial Study'!B:B, 0)+2),"-"),"-") | AA35: =IF(S35="RE", Y35 & "BT/" & IF(Z35 <> "-", Z35 & "BT", ""), IF(OR(S35="LTDR", S35="LTSR"), Y35 & "BL" & IF(Z35 <> "-", "/" & Z35 & "BT", ""), IF(OR(S35="RTDR", S35="RTSR"), Y35 & "BR" & IF(Z35 <> "-", "/" & Z35 & "BT", ""), IF(Z35 <> "-", Y35 & "BT/" & Z35 & "BT", Y35 & "BT"))))
A36: 558 | B36: PVA PIEDMONT MIDDLE | C36: 0 | E36: SR 1001 | F36: DEAD END | H36: 999.999 | I36: NIS | L36: 105740561 | M36: 43472 | N36: 21 | O36: 1 | P36: 8 | Q36: 1 | R36: O | S36: =IFERROR(VLOOKUP(N36,Index!$A$1:$B$26,2,FALSE),"") | T36: =AA36 | V36: =IFERROR(INDEX(DetailedFiche!Q:Q,MATCH(L36,DetailedFiche!J:J,0)),"") | W36: =IFERROR(INDEX(DetailedFiche!R:R,MATCH(L36,DetailedFiche!J:J,0)),"") | Y36: =IFERROR(IF(AND(INDEX('Initial Study'!K:K, MATCH(L36, 'Initial Study'!B:B, 0)+1)<>0,INDEX('Initial Study'!K:K, MATCH(L36, 'Initial Study'!B:B, 0)+1)<>""),INDEX('Initial Study'!K:K, MATCH(L36, 'Initial Study'!B:B, 0)+1),""),"") | Z36: =IFERROR(IF(AND(INDEX('Initial Study'!K:K, MATCH(L36, 'Initial Study'!B:B, 0)+2)<>0,INDEX('Initial Study'!K:K, MATCH(L36, 'Initial Study'!B:B, 0)+2)<>"",NOT(ISNUMBER(INDEX('Initial Study'!K:K, MATCH(L36, 'Initial Study'!B:B, 0)+2)))),INDEX('Initial Study'!K:K, MATCH(L36, 'Initial Study'!B:B, 0)+2),"-"),"-") | AA36: =IF(S36="RE", Y36 & "BT/" & IF(Z36 <> "-", Z36 & "BT", ""), IF(OR(S36="LTDR", S36="LTSR"), Y36 & "BL" & IF(Z36 <> "-", "/" & Z36 & "BT", ""), IF(OR(S36="RTDR", S36="RTSR"), Y36 & "BR" & IF(Z36 <> "-", "/" & Z36 & "BT", ""), IF(Z36 <> "-", Y36 & "BT/" & Z36 & "BT", Y36 & "BT"))))
A37: 0 | B37: *PP 2815 OLD CAMDEN RD | C37: 0.019 | D37: W | E37: SR 1606 | F37: DEAD END | H37: 999.999 | I37: NIS | L37: 107479024 | M37: 45203 | N37: 20 | O37: 1 | P37: 5 | Q37: 5 | R37: O | S37: =IFERROR(VLOOKUP(N37,Index!$A$1:$B$26,2,FALSE),"") | T37: =AA37 | V37: =IFERROR(INDEX(DetailedFiche!Q:Q,MATCH(L37,DetailedFiche!J:J,0)),"") | W37: =IFERROR(INDEX(DetailedFiche!R:R,MATCH(L37,DetailedFiche!J:J,0)),"") | Y37: =IFERROR(IF(AND(INDEX('Initial Study'!K:K, MATCH(L37, 'Initial Study'!B:B, 0)+1)<>0,INDEX('Initial Study'!K:K, MATCH(L37, 'Initial Study'!B:B, 0)+1)<>""),INDEX('Initial Study'!K:K, MATCH(L37, 'Initial Study'!B:B, 0)+1),""),"") | Z37: =IFERROR(IF(AND(INDEX('Initial Study'!K:K, MATCH(L37, 'Initial Study'!B:B, 0)+2)<>0,INDEX('Initial Study'!K:K, MATCH(L37, 'Initial Study'!B:B, 0)+2)<>"",NOT(ISNUMBER(INDEX('Initial Study'!K:K, MATCH(L37, 'Initial Study'!B:B, 0)+2)))),INDEX('Initial Study'!K:K, MATCH(L37, 'Initial Study'!B:B, 0)+2),"-"),"-") | AA37: =IF(S37="RE", Y37 & "BT/" & IF(Z37 <> "-", Z37 & "BT", ""), IF(OR(S37="LTDR", S37="LTSR"), Y37 & "BL" & IF(Z37 <> "-", "/" & Z37 & "BT", ""), IF(OR(S37="RTDR", S37="RTSR"), Y37 & "BR" & IF(Z37 <> "-", "/" & Z37 & "BT", ""), IF(Z37 <> "-", Y37 & "BT/" & Z37 & "BT", Y37 & "BT"))))
A38: 558 | B38: PVA 3006 SIKES MILL RD | C38: 0.018 | D38: E | E38: SR 1606 | F38: SR 1001 | H38: 999.999 | I38: NIS | L38: 107844251 | M38: 45540 | N38: 31 | O38: 1 | P38: 0 | Q38: 1 | R38: O | S38: =IFERROR(VLOOKUP(N38,Index!$A$1:$B$26,2,FALSE),"") | T38: =AA38 | V38: =IFERROR(INDEX(DetailedFiche!Q:Q,MATCH(L38,DetailedFiche!J:J,0)),"") | W38: =IFERROR(INDEX(DetailedFiche!R:R,MATCH(L38,DetailedFiche!J:J,0)),"") | Y38: =IFERROR(IF(AND(INDEX('Initial Study'!K:K, MATCH(L38, 'Initial Study'!B:B, 0)+1)<>0,INDEX('Initial Study'!K:K, MATCH(L38, 'Initial Study'!B:B, 0)+1)<>""),INDEX('Initial Study'!K:K, MATCH(L38, 'Initial Study'!B:B, 0)+1),""),"") | Z38: =IFERROR(IF(AND(INDEX('Initial Study'!K:K, MATCH(L38, 'Initial Study'!B:B, 0)+2)<>0,INDEX('Initial Study'!K:K, MATCH(L38, 'Initial Study'!B:B, 0)+2)<>"",NOT(ISNUMBER(INDEX('Initial Study'!K:K, MATCH(L38, 'Initial Study'!B:B, 0)+2)))),INDEX('Initial Study'!K:K, MATCH(L38, 'Initial Study'!B:B, 0)+2),"-"),"-") | AA38: =IF(S38="RE", Y38 & "BT/" & IF(Z38 <> "-", Z38 & "BT", ""), IF(OR(S38="LTDR", S38="LTSR"), Y38 & "BL" & IF(Z38 <> "-", "/" & Z38 & "BT", ""), IF(OR(S38="RTDR", S38="RTSR"), Y38 & "BR" & IF(Z38 <> "-", "/" & Z38 & "BT", ""), IF(Z38 <> "-", Y38 & "BT/" & Z38 & "BT", Y38 & "BT"))))
A39: 558 | B39: PVA MARATHON GAS STATION | C39: 0.014 | D39: W | E39: SR 1606 | F39: SR 1001 | H39: 999.999 | I39: NIS | L39: 105060300 | M39: 42814 | N39: 31 | O39: 1 | P39: 4 | Q39: 1 | R39: O | S39: =IFERROR(VLOOKUP(N39,Index!$A$1:$B$26,2,FALSE),"") | T39: =AA39 | V39: =IFERROR(INDEX(DetailedFiche!Q:Q,MATCH(L39,DetailedFiche!J:J,0)),"") | W39: =IFERROR(INDEX(DetailedFiche!R:R,MATCH(L39,DetailedFiche!J:J,0)),"") | Y39: =IFERROR(IF(AND(INDEX('Initial Study'!K:K, MATCH(L39, 'Initial Study'!B:B, 0)+1)<>0,INDEX('Initial Study'!K:K, MATCH(L39, 'Initial Study'!B:B, 0)+1)<>""),INDEX('Initial Study'!K:K, MATCH(L39, 'Initial Study'!B:B, 0)+1),""),"") | Z39: =IFERROR(IF(AND(INDEX('Initial Study'!K:K, MATCH(L39, 'Initial Study'!B:B, 0)+2)<>0,INDEX('Initial Study'!K:K, MATCH(L39, 'Initial Study'!B:B, 0)+2)<>"",NOT(ISNUMBER(INDEX('Initial Study'!K:K, MATCH(L39, 'Initial Study'!B:B, 0)+2)))),INDEX('Initial Study'!K:K, MATCH(L39, 'Initial Study'!B:B, 0)+2),"-"),"-") | AA39: =IF(S39="RE", Y39 & "BT/" & IF(Z39 <> "-", Z39 & "BT", ""), IF(OR(S39="LTDR", S39="LTSR"), Y39 & "BL" & IF(Z39 <> "-", "/" & Z39 & "BT", ""), IF(OR(S39="RTDR", S39="RTSR"), Y39 & "BR" & IF(Z39 <> "-", "/" & Z39 & "BT", ""), IF(Z39 <> "-", Y39 & "BT/" & Z39 & "BT", Y39 & "BT"))))
A40: 558 | B40: PVA PIEDMONT HIGH SCHOOL | C40: 0.004 | D40: E | E40: SR 1606 | F40: SR 1678 | H40: 999.999 | I40: NIS | L40: 107118944 | M40: 44847 | N40: 31 | O40: 1 | P40: 4 | Q40: 1 | R40: O | S40: =IFERROR(VLOOKUP(N40,Index!$A$1:$B$26,2,FALSE),"") | T40: =AA40 | V40: =IFERROR(INDEX(DetailedFiche!Q:Q,MATCH(L40,DetailedFiche!J:J,0)),"") | W40: =IFERROR(INDEX(DetailedFiche!R:R,MATCH(L40,DetailedFiche!J:J,0)),"") | Y40: =IFERROR(IF(AND(INDEX('Initial Study'!K:K, MATCH(L40, 'Initial Study'!B:B, 0)+1)<>0,INDEX('Initial Study'!K:K, MATCH(L40, 'Initial Study'!B:B, 0)+1)<>""),INDEX('Initial Study'!K:K, MATCH(L40, 'Initial Study'!B:B, 0)+1),""),"") | Z40: =IFERROR(IF(AND(INDEX('Initial Study'!K:K, MATCH(L40, 'Initial Study'!B:B, 0)+2)<>0,INDEX('Initial Study'!K:K, MATCH(L40, 'Initial Study'!B:B, 0)+2)<>"",NOT(ISNUMBER(INDEX('Initial Study'!K:K, MATCH(L40, 'Initial Study'!B:B, 0)+2)))),INDEX('Initial Study'!K:K, MATCH(L40, 'Initial Study'!B:B, 0)+2),"-"),"-") | AA40: =IF(S40="RE", Y40 & "BT/" & IF(Z40 <> "-", Z40 & "BT", ""), IF(OR(S40="LTDR", S40="LTSR"), Y40 & "BL" & IF(Z40 <> "-", "/" & Z40 & "BT", ""), IF(OR(S40="RTDR", S40="RTSR"), Y40 & "BR" & IF(Z40 <> "-", "/" & Z40 & "BT", ""), IF(Z40 <> "-", Y40 & "BT/" & Z40 & "BT", Y40 & "BT"))))
A41: 558 | B41: PVA PIEDMONT MIDDLE SCHOOL | C41: 0.019 | D41: E | E41: SR 1606 | F41: DEAD END | H41: 999.999 | I41: NIS | L41: 105226618 | M41: 42998 | N41: 21 | O41: 1 | P41: 8 | Q41: 1 | R41: O | S41: =IFERROR(VLOOKUP(N41,Index!$A$1:$B$26,2,FALSE),"") | T41: =AA41 | V41: =IFERROR(INDEX(DetailedFiche!Q:Q,MATCH(L41,DetailedFiche!J:J,0)),"") | W41: =IFERROR(INDEX(DetailedFiche!R:R,MATCH(L41,DetailedFiche!J:J,0)),"") | Y41: =IFERROR(IF(AND(INDEX('Initial Study'!K:K, MATCH(L41, 'Initial Study'!B:B, 0)+1)<>0,INDEX('Initial Study'!K:K, MATCH(L41, 'Initial Study'!B:B, 0)+1)<>""),INDEX('Initial Study'!K:K, MATCH(L41, 'Initial Study'!B:B, 0)+1),""),"") | Z41: =IFERROR(IF(AND(INDEX('Initial Study'!K:K, MATCH(L41, 'Initial Study'!B:B, 0)+2)<>0,INDEX('Initial Study'!K:K, MATCH(L41, 'Initial Study'!B:B, 0)+2)<>"",NOT(ISNUMBER(INDEX('Initial Study'!K:K, MATCH(L41, 'Initial Study'!B:B, 0)+2)))),INDEX('Initial Study'!K:K, MATCH(L41, 'Initial Study'!B:B, 0)+2),"-"),"-") | AA41: =IF(S41="RE", Y41 & "BT/" & IF(Z41 <> "-", Z41 & "BT", ""), IF(OR(S41="LTDR", S41="LTSR"), Y41 & "BL" & IF(Z41 <> "-", "/" & Z41 & "BT", ""), IF(OR(S41="RTDR", S41="RTSR"), Y41 & "BR" & IF(Z41 <> "-", "/" & Z41 & "BT", ""), IF(Z41 <> "-", Y41 & "BT/" & Z41 & "BT", Y41 & "BT"))))
A42: 558 | B42: *PP 1518 TOM BOYD RD | C42: 0.014 | D42: W | E42: SR 1619 | F42: *LCL - | H42: 999.999 | I42: ? | L42: 104698395 | M42: 42469 | N42: 31 | O42: 1 | P42: 5 | Q42: 5 | R42: O | S42: =IFERROR(VLOOKUP(N42,Index!$A$1:$B$26,2,FALSE),"") | T42: =AA42 | U42: backing crash on private property at 1518 Tom Boyd Rd, 74 ft west of the junction, MP unresolved; confirm it is off the roadway | V42: =IFERROR(INDEX(DetailedFiche!Q:Q,MATCH(L42,DetailedFiche!J:J,0)),"") | W42: =IFERROR(INDEX(DetailedFiche!R:R,MATCH(L42,DetailedFiche!J:J,0)),"") | Y42: =IFERROR(IF(AND(INDEX('Initial Study'!K:K, MATCH(L42, 'Initial Study'!B:B, 0)+1)<>0,INDEX('Initial Study'!K:K, MATCH(L42, 'Initial Study'!B:B, 0)+1)<>""),INDEX('Initial Study'!K:K, MATCH(L42, 'Initial Study'!B:B, 0)+1),""),"") | Z42: =IFERROR(IF(AND(INDEX('Initial Study'!K:K, MATCH(L42, 'Initial Study'!B:B, 0)+2)<>0,INDEX('Initial Study'!K:K, MATCH(L42, 'Initial Study'!B:B, 0)+2)<>"",NOT(ISNUMBER(INDEX('Initial Study'!K:K, MATCH(L42, 'Initial Study'!B:B, 0)+2)))),INDEX('Initial Study'!K:K, MATCH(L42, 'Initial Study'!B:B, 0)+2),"-"),"-") | AA42: =IF(S42="RE", Y42 & "BT/" & IF(Z42 <> "-", Z42 & "BT", ""), IF(OR(S42="LTDR", S42="LTSR"), Y42 & "BL" & IF(Z42 <> "-", "/" & Z42 & "BT", ""), IF(OR(S42="RTDR", S42="RTSR"), Y42 & "BR" & IF(Z42 <> "-", "/" & Z42 & "BT", ""), IF(Z42 <> "-", Y42 & "BT/" & Z42 & "BT", Y42 & "BT"))))
A43: 558 | B43: TOM BOYD | C43: 0.011 | D43: S | E43: UNIONVILLE | F43: SIKES MILL | H43: 999.999 | I43: NIS | L43: 105230136 | M43: 42997 | N43: 13 | O43: 1 | P43: 8 | Q43: 1 | R43: O | S43: =IFERROR(VLOOKUP(N43,Index!$A$1:$B$26,2,FALSE),"") | T43: =AA43 | V43: =IFERROR(INDEX(DetailedFiche!Q:Q,MATCH(L43,DetailedFiche!J:J,0)),"") | W43: =IFERROR(INDEX(DetailedFiche!R:R,MATCH(L43,DetailedFiche!J:J,0)),"") | Y43: =IFERROR(IF(AND(INDEX('Initial Study'!K:K, MATCH(L43, 'Initial Study'!B:B, 0)+1)<>0,INDEX('Initial Study'!K:K, MATCH(L43, 'Initial Study'!B:B, 0)+1)<>""),INDEX('Initial Study'!K:K, MATCH(L43, 'Initial Study'!B:B, 0)+1),""),"") | Z43: =IFERROR(IF(AND(INDEX('Initial Study'!K:K, MATCH(L43, 'Initial Study'!B:B, 0)+2)<>0,INDEX('Initial Study'!K:K, MATCH(L43, 'Initial Study'!B:B, 0)+2)<>"",NOT(ISNUMBER(INDEX('Initial Study'!K:K, MATCH(L43, 'Initial Study'!B:B, 0)+2)))),INDEX('Initial Study'!K:K, MATCH(L43, 'Initial Study'!B:B, 0)+2),"-"),"-") | AA43: =IF(S43="RE", Y43 & "BT/" & IF(Z43 <> "-", Z43 & "BT", ""), IF(OR(S43="LTDR", S43="LTSR"), Y43 & "BL" & IF(Z43 <> "-", "/" & Z43 & "BT", ""), IF(OR(S43="RTDR", S43="RTSR"), Y43 & "BR" & IF(Z43 <> "-", "/" & Z43 & "BT", ""), IF(Z43 <> "-", Y43 & "BT/" & Z43 & "BT", Y43 & "BT"))))
A44: 558 | B44: LAWYERS | C44: 0.005 | D44: SE | E44: SIKES MILL | F44: OLD CAMDEN | G44: LAWYERS | H44: 999.999 | I44: NIS | L44: 107493499 | M44: 45217 | N44: 21 | O44: 1 | P44: 10 | Q44: 1 | R44: O | S44: =IFERROR(VLOOKUP(N44,Index!$A$1:$B$26,2,FALSE),"") | T44: =AA44 | V44: =IFERROR(INDEX(DetailedFiche!Q:Q,MATCH(L44,DetailedFiche!J:J,0)),"") | W44: =IFERROR(INDEX(DetailedFiche!R:R,MATCH(L44,DetailedFiche!J:J,0)),"") | Y44: =IFERROR(IF(AND(INDEX('Initial Study'!K:K, MATCH(L44, 'Initial Study'!B:B, 0)+1)<>0,INDEX('Initial Study'!K:K, MATCH(L44, 'Initial Study'!B:B, 0)+1)<>""),INDEX('Initial Study'!K:K, MATCH(L44, 'Initial Study'!B:B, 0)+1),""),"") | Z44: =IFERROR(IF(AND(INDEX('Initial Study'!K:K, MATCH(L44, 'Initial Study'!B:B, 0)+2)<>0,INDEX('Initial Study'!K:K, MATCH(L44, 'Initial Study'!B:B, 0)+2)<>"",NOT(ISNUMBER(INDEX('Initial Study'!K:K, MATCH(L44, 'Initial Study'!B:B, 0)+2)))),INDEX('Initial Study'!K:K, MATCH(L44, 'Initial Study'!B:B, 0)+2),"-"),"-") | AA44: =IF(S44="RE", Y44 & "BT/" & IF(Z44 <> "-", Z44 & "BT", ""), IF(OR(S44="LTDR", S44="LTSR"), Y44 & "BL" & IF(Z44 <> "-", "/" & Z44 & "BT", ""), IF(OR(S44="RTDR", S44="RTSR"), Y44 & "BR" & IF(Z44 <> "-", "/" & Z44 & "BT", ""), IF(Z44 <> "-", Y44 & "BT/" & Z44 & "BT", Y44 & "BT"))))
A45: 558 | B45: LOVE MILL | C45: 0.41 | D45: S | E45: BRIEF | F45: NC 218 | G45: LOVE MILL | H45: 999.999 | I45: NIS | L45: 108330211 | M45: 45995 | N45: 17 | O45: 1 | P45: 0 | Q45: 5 | R45: O | S45: =IFERROR(VLOOKUP(N45,Index!$A$1:$B$26,2,FALSE),"") | T45: =AA45 | V45: =IFERROR(INDEX(DetailedFiche!Q:Q,MATCH(L45,DetailedFiche!J:J,0)),"") | W45: =IFERROR(INDEX(DetailedFiche!R:R,MATCH(L45,DetailedFiche!J:J,0)),"") | Y45: =IFERROR(IF(AND(INDEX('Initial Study'!K:K, MATCH(L45, 'Initial Study'!B:B, 0)+1)<>0,INDEX('Initial Study'!K:K, MATCH(L45, 'Initial Study'!B:B, 0)+1)<>""),INDEX('Initial Study'!K:K, MATCH(L45, 'Initial Study'!B:B, 0)+1),""),"") | Z45: =IFERROR(IF(AND(INDEX('Initial Study'!K:K, MATCH(L45, 'Initial Study'!B:B, 0)+2)<>0,INDEX('Initial Study'!K:K, MATCH(L45, 'Initial Study'!B:B, 0)+2)<>"",NOT(ISNUMBER(INDEX('Initial Study'!K:K, MATCH(L45, 'Initial Study'!B:B, 0)+2)))),INDEX('Initial Study'!K:K, MATCH(L45, 'Initial Study'!B:B, 0)+2),"-"),"-") | AA45: =IF(S45="RE", Y45 & "BT/" & IF(Z45 <> "-", Z45 & "BT", ""), IF(OR(S45="LTDR", S45="LTSR"), Y45 & "BL" & IF(Z45 <> "-", "/" & Z45 & "BT", ""), IF(OR(S45="RTDR", S45="RTSR"), Y45 & "BR" & IF(Z45 <> "-", "/" & Z45 & "BT", ""), IF(Z45 <> "-", Y45 & "BT/" & Z45 & "BT", Y45 & "BT"))))
A46: 558 | B46: LOVE MILL | C46: 0.005 | D46: E | E46: SIKES MILL | F46: PIEDMONT SCHOOL | G46: LOVE MILL | H46: 999.999 | I46: NIS | L46: 107319671 | M46: 45035 | N46: 21 | O46: 1 | P46: 10 | Q46: 1 | R46: O | S46: =IFERROR(VLOOKUP(N46,Index!$A$1:$B$26,2,FALSE),"") | T46: =AA46 | V46: =IFERROR(INDEX(DetailedFiche!Q:Q,MATCH(L46,DetailedFiche!J:J,0)),"") | W46: =IFERROR(INDEX(DetailedFiche!R:R,MATCH(L46,DetailedFiche!J:J,0)),"") | Y46: =IFERROR(IF(AND(INDEX('Initial Study'!K:K, MATCH(L46, 'Initial Study'!B:B, 0)+1)<>0,INDEX('Initial Study'!K:K, MATCH(L46, 'Initial Study'!B:B, 0)+1)<>""),INDEX('Initial Study'!K:K, MATCH(L46, 'Initial Study'!B:B, 0)+1),""),"") | Z46: =IFERROR(IF(AND(INDEX('Initial Study'!K:K, MATCH(L46, 'Initial Study'!B:B, 0)+2)<>0,INDEX('Initial Study'!K:K, MATCH(L46, 'Initial Study'!B:B, 0)+2)<>"",NOT(ISNUMBER(INDEX('Initial Study'!K:K, MATCH(L46, 'Initial Study'!B:B, 0)+2)))),INDEX('Initial Study'!K:K, MATCH(L46, 'Initial Study'!B:B, 0)+2),"-"),"-") | AA46: =IF(S46="RE", Y46 & "BT/" & IF(Z46 <> "-", Z46 & "BT", ""), IF(OR(S46="LTDR", S46="LTSR"), Y46 & "BL" & IF(Z46 <> "-", "/" & Z46 & "BT", ""), IF(OR(S46="RTDR", S46="RTSR"), Y46 & "BR" & IF(Z46 <> "-", "/" & Z46 & "BT", ""), IF(Z46 <> "-", Y46 & "BT/" & Z46 & "BT", Y46 & "BT"))))
A47: 558 | B47: LOVE MILL | C47: 0.19 | D47: NE | E47: SIKES MILL | F47: PIEDMONT SCHOOL | G47: LOVE MILL | H47: 999.999 | I47: NIS | L47: 107148213 | M47: 44881 | N47: 21 | O47: 1 | P47: 0 | Q47: 1 | R47: O | S47: =IFERROR(VLOOKUP(N47,Index!$A$1:$B$26,2,FALSE),"") | T47: =AA47 | V47: =IFERROR(INDEX(DetailedFiche!Q:Q,MATCH(L47,DetailedFiche!J:J,0)),"") | W47: =IFERROR(INDEX(DetailedFiche!R:R,MATCH(L47,DetailedFiche!J:J,0)),"") | Y47: =IFERROR(IF(AND(INDEX('Initial Study'!K:K, MATCH(L47, 'Initial Study'!B:B, 0)+1)<>0,INDEX('Initial Study'!K:K, MATCH(L47, 'Initial Study'!B:B, 0)+1)<>""),INDEX('Initial Study'!K:K, MATCH(L47, 'Initial Study'!B:B, 0)+1),""),"") | Z47: =IFERROR(IF(AND(INDEX('Initial Study'!K:K, MATCH(L47, 'Initial Study'!B:B, 0)+2)<>0,INDEX('Initial Study'!K:K, MATCH(L47, 'Initial Study'!B:B, 0)+2)<>"",NOT(ISNUMBER(INDEX('Initial Study'!K:K, MATCH(L47, 'Initial Study'!B:B, 0)+2)))),INDEX('Initial Study'!K:K, MATCH(L47, 'Initial Study'!B:B, 0)+2),"-"),"-") | AA47: =IF(S47="RE", Y47 & "BT/" & IF(Z47 <> "-", Z47 & "BT", ""), IF(OR(S47="LTDR", S47="LTSR"), Y47 & "BL" & IF(Z47 <> "-", "/" & Z47 & "BT", ""), IF(OR(S47="RTDR", S47="RTSR"), Y47 & "BR" & IF(Z47 <> "-", "/" & Z47 & "BT", ""), IF(Z47 <> "-", Y47 & "BT/" & Z47 & "BT", Y47 & "BT"))))
A48: 558 | B48: LOVE MILL | C48: 0.2 | D48: NE | E48: SIKES MILL | F48: *LCL PURSER RUSHING RD | G48: LOVE MILL | H48: 999.999 | I48: NIS | L48: 105536078 | M48: 43290 | N48: 17 | O48: 1 | P48: 0 | Q48: 2 | R48: O | S48: =IFERROR(VLOOKUP(N48,Index!$A$1:$B$26,2,FALSE),"") | T48: =AA48 | V48: =IFERROR(INDEX(DetailedFiche!Q:Q,MATCH(L48,DetailedFiche!J:J,0)),"") | W48: =IFERROR(INDEX(DetailedFiche!R:R,MATCH(L48,DetailedFiche!J:J,0)),"") | Y48: =IFERROR(IF(AND(INDEX('Initial Study'!K:K, MATCH(L48, 'Initial Study'!B:B, 0)+1)<>0,INDEX('Initial Study'!K:K, MATCH(L48, 'Initial Study'!B:B, 0)+1)<>""),INDEX('Initial Study'!K:K, MATCH(L48, 'Initial Study'!B:B, 0)+1),""),"") | Z48: =IFERROR(IF(AND(INDEX('Initial Study'!K:K, MATCH(L48, 'Initial Study'!B:B, 0)+2)<>0,INDEX('Initial Study'!K:K, MATCH(L48, 'Initial Study'!B:B, 0)+2)<>"",NOT(ISNUMBER(INDEX('Initial Study'!K:K, MATCH(L48, 'Initial Study'!B:B, 0)+2)))),INDEX('Initial Study'!K:K, MATCH(L48, 'Initial Study'!B:B, 0)+2),"-"),"-") | AA48: =IF(S48="RE", Y48 & "BT/" & IF(Z48 <> "-", Z48 & "BT", ""), IF(OR(S48="LTDR", S48="LTSR"), Y48 & "BL" & IF(Z48 <> "-", "/" & Z48 & "BT", ""), IF(OR(S48="RTDR", S48="RTSR"), Y48 & "BR" & IF(Z48 <> "-", "/" & Z48 & "BT", ""), IF(Z48 <> "-", Y48 & "BT/" & Z48 & "BT", Y48 & "BT"))))
A49: 558 | B49: NC 200 | C49: 0 | E49: SR 1606 | F49: SR 1633 | G49: NC 200 | H49: 25.69 | I49: NIS | L49: 107224951 | M49: 44948 | N49: 23 | O49: 2 | P49: 7 | Q49: 5 | R49: O | S49: =IFERROR(VLOOKUP(N49,Index!$A$1:$B$26,2,FALSE),"") | T49: =AA49 | V49: =IFERROR(INDEX(DetailedFiche!Q:Q,MATCH(L49,DetailedFiche!J:J,0)),"") | W49: =IFERROR(INDEX(DetailedFiche!R:R,MATCH(L49,DetailedFiche!J:J,0)),"") | Y49: =IFERROR(IF(AND(INDEX('Initial Study'!K:K, MATCH(L49, 'Initial Study'!B:B, 0)+1)<>0,INDEX('Initial Study'!K:K, MATCH(L49, 'Initial Study'!B:B, 0)+1)<>""),INDEX('Initial Study'!K:K, MATCH(L49, 'Initial Study'!B:B, 0)+1),""),"") | Z49: =IFERROR(IF(AND(INDEX('Initial Study'!K:K, MATCH(L49, 'Initial Study'!B:B, 0)+2)<>0,INDEX('Initial Study'!K:K, MATCH(L49, 'Initial Study'!B:B, 0)+2)<>"",NOT(ISNUMBER(INDEX('Initial Study'!K:K, MATCH(L49, 'Initial Study'!B:B, 0)+2)))),INDEX('Initial Study'!K:K, MATCH(L49, 'Initial Study'!B:B, 0)+2),"-"),"-") | AA49: =IF(S49="RE", Y49 & "BT/" & IF(Z49 <> "-", Z49 & "BT", ""), IF(OR(S49="LTDR", S49="LTSR"), Y49 & "BL" & IF(Z49 <> "-", "/" & Z49 & "BT", ""), IF(OR(S49="RTDR", S49="RTSR"), Y49 & "BR" & IF(Z49 <> "-", "/" & Z49 & "BT", ""), IF(Z49 <> "-", Y49 & "BT/" & Z49 & "BT", Y49 & "BT"))))
A50: 558 | B50: NC 200 | C50: 0 | E50: SR 1606 | F50: SR 1633 | G50: NC 200 | H50: 25.69 | I50: NIS | L50: 106326117 | M50: 44076 | N50: 30 | O50: 1 | P50: 7 | Q50: 1 | R50: B | S50: =IFERROR(VLOOKUP(N50,Index!$A$1:$B$26,2,FALSE),"") | T50: =AA50 | V50: =IFERROR(INDEX(DetailedFiche!Q:Q,MATCH(L50,DetailedFiche!J:J,0)),"") | W50: =IFERROR(INDEX(DetailedFiche!R:R,MATCH(L50,DetailedFiche!J:J,0)),"") | Y50: =IFERROR(IF(AND(INDEX('Initial Study'!K:K, MATCH(L50, 'Initial Study'!B:B, 0)+1)<>0,INDEX('Initial Study'!K:K, MATCH(L50, 'Initial Study'!B:B, 0)+1)<>""),INDEX('Initial Study'!K:K, MATCH(L50, 'Initial Study'!B:B, 0)+1),""),"") | Z50: =IFERROR(IF(AND(INDEX('Initial Study'!K:K, MATCH(L50, 'Initial Study'!B:B, 0)+2)<>0,INDEX('Initial Study'!K:K, MATCH(L50, 'Initial Study'!B:B, 0)+2)<>"",NOT(ISNUMBER(INDEX('Initial Study'!K:K, MATCH(L50, 'Initial Study'!B:B, 0)+2)))),INDEX('Initial Study'!K:K, MATCH(L50, 'Initial Study'!B:B, 0)+2),"-"),"-") | AA50: =IF(S50="RE", Y50 & "BT/" & IF(Z50 <> "-", Z50 & "BT", ""), IF(OR(S50="LTDR", S50="LTSR"), Y50 & "BL" & IF(Z50 <> "-", "/" & Z50 & "BT", ""), IF(OR(S50="RTDR", S50="RTSR"), Y50 & "BR" & IF(Z50 <> "-", "/" & Z50 & "BT", ""), IF(Z50 <> "-", Y50 & "BT/" & Z50 & "BT", Y50 & "BT"))))
A51: 0 | B51: NC 200 | C51: 0 | E51: SR 1606 | F51: SR 1627 | G51: NC 200 | H51: 25.69 | I51: NIS | L51: 106253848 | M51: 43994 | N51: 23 | O51: 1 | P51: 7 | Q51: 1 | R51: O | S51: =IFERROR(VLOOKUP(N51,Index!$A$1:$B$26,2,FALSE),"") | T51: =AA51 | V51: =IFERROR(INDEX(DetailedFiche!Q:Q,MATCH(L51,DetailedFiche!J:J,0)),"") | W51: =IFERROR(INDEX(DetailedFiche!R:R,MATCH(L51,DetailedFiche!J:J,0)),"") | Y51: =IFERROR(IF(AND(INDEX('Initial Study'!K:K, MATCH(L51, 'Initial Study'!B:B, 0)+1)<>0,INDEX('Initial Study'!K:K, MATCH(L51, 'Initial Study'!B:B, 0)+1)<>""),INDEX('Initial Study'!K:K, MATCH(L51, 'Initial Study'!B:B, 0)+1),""),"") | Z51: =IFERROR(IF(AND(INDEX('Initial Study'!K:K, MATCH(L51, 'Initial Study'!B:B, 0)+2)<>0,INDEX('Initial Study'!K:K, MATCH(L51, 'Initial Study'!B:B, 0)+2)<>"",NOT(ISNUMBER(INDEX('Initial Study'!K:K, MATCH(L51, 'Initial Study'!B:B, 0)+2)))),INDEX('Initial Study'!K:K, MATCH(L51, 'Initial Study'!B:B, 0)+2),"-"),"-") | AA51: =IF(S51="RE", Y51 & "BT/" & IF(Z51 <> "-", Z51 & "BT", ""), IF(OR(S51="LTDR", S51="LTSR"), Y51 & "BL" & IF(Z51 <> "-", "/" & Z51 & "BT", ""), IF(OR(S51="RTDR", S51="RTSR"), Y51 & "BR" & IF(Z51 <> "-", "/" & Z51 & "BT", ""), IF(Z51 <> "-", Y51 & "BT/" & Z51 & "BT", Y51 & "BT"))))
A52: 558 | B52: NC 200 | C52: 0 | E52: SR 1606 | F52: SR 1633 | G52: NC 200 | H52: 25.69 | I52: NIS | L52: 105848333 | M52: 43581 | N52: 30 | O52: 1 | P52: 7 | Q52: 1 | R52: O | S52: =IFERROR(VLOOKUP(N52,Index!$A$1:$B$26,2,FALSE),"") | T52: =AA52 | V52: =IFERROR(INDEX(DetailedFiche!Q:Q,MATCH(L52,DetailedFiche!J:J,0)),"") | W52: =IFERROR(INDEX(DetailedFiche!R:R,MATCH(L52,DetailedFiche!J:J,0)),"") | Y52: =IFERROR(IF(AND(INDEX('Initial Study'!K:K, MATCH(L52, 'Initial Study'!B:B, 0)+1)<>0,INDEX('Initial Study'!K:K, MATCH(L52, 'Initial Study'!B:B, 0)+1)<>""),INDEX('Initial Study'!K:K, MATCH(L52, 'Initial Study'!B:B, 0)+1),""),"") | Z52: =IFERROR(IF(AND(INDEX('Initial Study'!K:K, MATCH(L52, 'Initial Study'!B:B, 0)+2)<>0,INDEX('Initial Study'!K:K, MATCH(L52, 'Initial Study'!B:B, 0)+2)<>"",NOT(ISNUMBER(INDEX('Initial Study'!K:K, MATCH(L52, 'Initial Study'!B:B, 0)+2)))),INDEX('Initial Study'!K:K, MATCH(L52, 'Initial Study'!B:B, 0)+2),"-"),"-") | AA52: =IF(S52="RE", Y52 & "BT/" & IF(Z52 <> "-", Z52 & "BT", ""), IF(OR(S52="LTDR", S52="LTSR"), Y52 & "BL" & IF(Z52 <> "-", "/" & Z52 & "BT", ""), IF(OR(S52="RTDR", S52="RTSR"), Y52 & "BR" & IF(Z52 <> "-", "/" & Z52 & "BT", ""), IF(Z52 <> "-", Y52 & "BT/" & Z52 & "BT", Y52 & "BT"))))
A53: 558 | B53: NC 200 | C53: 0 | E53: SR 1606 | F53: SR 1633 | G53: NC 200 | H53: 25.69 | I53: NIS | L53: 105422803 | M53: 43178 | N53: 19 | O53: 1 | P53: 7 | Q53: 1 | R53: O | S53: =IFERROR(VLOOKUP(N53,Index!$A$1:$B$26,2,FALSE),"") | T53: =AA53 | V53: =IFERROR(INDEX(DetailedFiche!Q:Q,MATCH(L53,DetailedFiche!J:J,0)),"") | W53: =IFERROR(INDEX(DetailedFiche!R:R,MATCH(L53,DetailedFiche!J:J,0)),"") | Y53: =IFERROR(IF(AND(INDEX('Initial Study'!K:K, MATCH(L53, 'Initial Study'!B:B, 0)+1)<>0,INDEX('Initial Study'!K:K, MATCH(L53, 'Initial Study'!B:B, 0)+1)<>""),INDEX('Initial Study'!K:K, MATCH(L53, 'Initial Study'!B:B, 0)+1),""),"") | Z53: =IFERROR(IF(AND(INDEX('Initial Study'!K:K, MATCH(L53, 'Initial Study'!B:B, 0)+2)<>0,INDEX('Initial Study'!K:K, MATCH(L53, 'Initial Study'!B:B, 0)+2)<>"",NOT(ISNUMBER(INDEX('Initial Study'!K:K, MATCH(L53, 'Initial Study'!B:B, 0)+2)))),INDEX('Initial Study'!K:K, MATCH(L53, 'Initial Study'!B:B, 0)+2),"-"),"-") | AA53: =IF(S53="RE", Y53 & "BT/" & IF(Z53 <> "-", Z53 & "BT", ""), IF(OR(S53="LTDR", S53="LTSR"), Y53 & "BL" & IF(Z53 <> "-", "/" & Z53 & "BT", ""), IF(OR(S53="RTDR", S53="RTSR"), Y53 & "BR" & IF(Z53 <> "-", "/" & Z53 & "BT", ""), IF(Z53 <> "-", Y53 & "BT/" & Z53 & "BT", Y53 & "BT"))))
A54: 558 | B54: NC 200 | C54: 0.01 | D54: N | E54: SR 1606 | F54: SR 1637 | G54: NC 200 | H54: 25.7 | I54: NIS | L54: 107859973 | M54: 45554 | N54: 19 | O54: 1 | P54: 0 | Q54: 1 | R54: B | S54: =IFERROR(VLOOKUP(N54,Index!$A$1:$B$26,2,FALSE),"") | T54: =AA54 | V54: =IFERROR(INDEX(DetailedFiche!Q:Q,MATCH(L54,DetailedFiche!J:J,0)),"") | W54: =IFERROR(INDEX(DetailedFiche!R:R,MATCH(L54,DetailedFiche!J:J,0)),"") | Y54: =IFERROR(IF(AND(INDEX('Initial Study'!K:K, MATCH(L54, 'Initial Study'!B:B, 0)+1)<>0,INDEX('Initial Study'!K:K, MATCH(L54, 'Initial Study'!B:B, 0)+1)<>""),INDEX('Initial Study'!K:K, MATCH(L54, 'Initial Study'!B:B, 0)+1),""),"") | Z54: =IFERROR(IF(AND(INDEX('Initial Study'!K:K, MATCH(L54, 'Initial Study'!B:B, 0)+2)<>0,INDEX('Initial Study'!K:K, MATCH(L54, 'Initial Study'!B:B, 0)+2)<>"",NOT(ISNUMBER(INDEX('Initial Study'!K:K, MATCH(L54, 'Initial Study'!B:B, 0)+2)))),INDEX('Initial Study'!K:K, MATCH(L54, 'Initial Study'!B:B, 0)+2),"-"),"-") | AA54: =IF(S54="RE", Y54 & "BT/" & IF(Z54 <> "-", Z54 & "BT", ""), IF(OR(S54="LTDR", S54="LTSR"), Y54 & "BL" & IF(Z54 <> "-", "/" & Z54 & "BT", ""), IF(OR(S54="RTDR", S54="RTSR"), Y54 & "BR" & IF(Z54 <> "-", "/" & Z54 & "BT", ""), IF(Z54 <> "-", Y54 & "BT/" & Z54 & "BT", Y54 & "BT"))))
A55: 637 | B55: NC 218 | C55: 0.019 | D55: W | E55: SIKES MILL | F55: MILL CREEK CHUR | G55: NC 218 | H55: 8.063 | I55: NIS | L55: 108436294 | M55: 46096 | N55: 21 | O55: 1 | P55: 0 | Q55: 1 | R55: O | S55: =IFERROR(VLOOKUP(N55,Index!$A$1:$B$26,2,FALSE),"") | T55: =AA55 | V55: =IFERROR(INDEX(DetailedFiche!Q:Q,MATCH(L55,DetailedFiche!J:J,0)),"") | W55: =IFERROR(INDEX(DetailedFiche!R:R,MATCH(L55,DetailedFiche!J:J,0)),"") | Y55: =IFERROR(IF(AND(INDEX('Initial Study'!K:K, MATCH(L55, 'Initial Study'!B:B, 0)+1)<>0,INDEX('Initial Study'!K:K, MATCH(L55, 'Initial Study'!B:B, 0)+1)<>""),INDEX('Initial Study'!K:K, MATCH(L55, 'Initial Study'!B:B, 0)+1),""),"") | Z55: =IFERROR(IF(AND(INDEX('Initial Study'!K:K, MATCH(L55, 'Initial Study'!B:B, 0)+2)<>0,INDEX('Initial Study'!K:K, MATCH(L55, 'Initial Study'!B:B, 0)+2)<>"",NOT(ISNUMBER(INDEX('Initial Study'!K:K, MATCH(L55, 'Initial Study'!B:B, 0)+2)))),INDEX('Initial Study'!K:K, MATCH(L55, 'Initial Study'!B:B, 0)+2),"-"),"-") | AA55: =IF(S55="RE", Y55 & "BT/" & IF(Z55 <> "-", Z55 & "BT", ""), IF(OR(S55="LTDR", S55="LTSR"), Y55 & "BL" & IF(Z55 <> "-", "/" & Z55 & "BT", ""), IF(OR(S55="RTDR", S55="RTSR"), Y55 & "BR" & IF(Z55 <> "-", "/" & Z55 & "BT", ""), IF(Z55 <> "-", Y55 & "BT/" & Z55 & "BT", Y55 & "BT"))))
A56: 637 | B56: NC 218 | C56: 0.009 | D56: W | E56: SIKES MILL | F56: *LCL CROOKED CREEK CH RD | G56: NC 218 | H56: 8.073 | I56: NIS | L56: 107209411 | M56: 44937 | N56: 21 | O56: 1 | P56: 12 | Q56: 1 | R56: C | S56: =IFERROR(VLOOKUP(N56,Index!$A$1:$B$26,2,FALSE),"") | T56: =AA56 | V56: =IFERROR(INDEX(DetailedFiche!Q:Q,MATCH(L56,DetailedFiche!J:J,0)),"") | W56: =IFERROR(INDEX(DetailedFiche!R:R,MATCH(L56,DetailedFiche!J:J,0)),"") | Y56: =IFERROR(IF(AND(INDEX('Initial Study'!K:K, MATCH(L56, 'Initial Study'!B:B, 0)+1)<>0,INDEX('Initial Study'!K:K, MATCH(L56, 'Initial Study'!B:B, 0)+1)<>""),INDEX('Initial Study'!K:K, MATCH(L56, 'Initial Study'!B:B, 0)+1),""),"") | Z56: =IFERROR(IF(AND(INDEX('Initial Study'!K:K, MATCH(L56, 'Initial Study'!B:B, 0)+2)<>0,INDEX('Initial Study'!K:K, MATCH(L56, 'Initial Study'!B:B, 0)+2)<>"",NOT(ISNUMBER(INDEX('Initial Study'!K:K, MATCH(L56, 'Initial Study'!B:B, 0)+2)))),INDEX('Initial Study'!K:K, MATCH(L56, 'Initial Study'!B:B, 0)+2),"-"),"-") | AA56: =IF(S56="RE", Y56 & "BT/" & IF(Z56 <> "-", Z56 & "BT", ""), IF(OR(S56="LTDR", S56="LTSR"), Y56 & "BL" & IF(Z56 <> "-", "/" & Z56 & "BT", ""), IF(OR(S56="RTDR", S56="RTSR"), Y56 & "BR" & IF(Z56 <> "-", "/" & Z56 & "BT", ""), IF(Z56 <> "-", Y56 & "BT/" & Z56 & "BT", Y56 & "BT"))))
A57: 637 | B57: NC 218 | C57: 0.003 | D57: W | E57: SIKES MILL | F57: CROOKED CRK CH | G57: NC 218 | H57: 8.079 | I57: NIS | L57: 107321738 | M57: 45047 | N57: 21 | O57: 1 | P57: 7 | Q57: 1 | R57: C | S57: =IFERROR(VLOOKUP(N57,Index!$A$1:$B$26,2,FALSE),"") | T57: =AA57 | V57: =IFERROR(INDEX(DetailedFiche!Q:Q,MATCH(L57,DetailedFiche!J:J,0)),"") | W57: =IFERROR(INDEX(DetailedFiche!R:R,MATCH(L57,DetailedFiche!J:J,0)),"") | Y57: =IFERROR(IF(AND(INDEX('Initial Study'!K:K, MATCH(L57, 'Initial Study'!B:B, 0)+1)<>0,INDEX('Initial Study'!K:K, MATCH(L57, 'Initial Study'!B:B, 0)+1)<>""),INDEX('Initial Study'!K:K, MATCH(L57, 'Initial Study'!B:B, 0)+1),""),"") | Z57: =IFERROR(IF(AND(INDEX('Initial Study'!K:K, MATCH(L57, 'Initial Study'!B:B, 0)+2)<>0,INDEX('Initial Study'!K:K, MATCH(L57, 'Initial Study'!B:B, 0)+2)<>"",NOT(ISNUMBER(INDEX('Initial Study'!K:K, MATCH(L57, 'Initial Study'!B:B, 0)+2)))),INDEX('Initial Study'!K:K, MATCH(L57, 'Initial Study'!B:B, 0)+2),"-"),"-") | AA57: =IF(S57="RE", Y57 & "BT/" & IF(Z57 <> "-", Z57 & "BT", ""), IF(OR(S57="LTDR", S57="LTSR"), Y57 & "BL" & IF(Z57 <> "-", "/" & Z57 & "BT", ""), IF(OR(S57="RTDR", S57="RTSR"), Y57 & "BR" & IF(Z57 <> "-", "/" & Z57 & "BT", ""), IF(Z57 <> "-", Y57 & "BT/" & Z57 & "BT", Y57 & "BT"))))
A58: 637 | B58: NC 218 | C58: 0.001 | D58: W | E58: SR 1606 | F58: SR 1609 | G58: NC 218 | H58: 8.081 | I58: NIS | L58: 104866396 | M58: 42643 | N58: 32 | O58: 1 | P58: 7 | Q58: 5 | R58: O | S58: =IFERROR(VLOOKUP(N58,Index!$A$1:$B$26,2,FALSE),"") | T58: =AA58 | V58: =IFERROR(INDEX(DetailedFiche!Q:Q,MATCH(L58,DetailedFiche!J:J,0)),"") | W58: =IFERROR(INDEX(DetailedFiche!R:R,MATCH(L58,DetailedFiche!J:J,0)),"") | Y58: =IFERROR(IF(AND(INDEX('Initial Study'!K:K, MATCH(L58, 'Initial Study'!B:B, 0)+1)<>0,INDEX('Initial Study'!K:K, MATCH(L58, 'Initial Study'!B:B, 0)+1)<>""),INDEX('Initial Study'!K:K, MATCH(L58, 'Initial Study'!B:B, 0)+1),""),"") | Z58: =IFERROR(IF(AND(INDEX('Initial Study'!K:K, MATCH(L58, 'Initial Study'!B:B, 0)+2)<>0,INDEX('Initial Study'!K:K, MATCH(L58, 'Initial Study'!B:B, 0)+2)<>"",NOT(ISNUMBER(INDEX('Initial Study'!K:K, MATCH(L58, 'Initial Study'!B:B, 0)+2)))),INDEX('Initial Study'!K:K, MATCH(L58, 'Initial Study'!B:B, 0)+2),"-"),"-") | AA58: =IF(S58="RE", Y58 & "BT/" & IF(Z58 <> "-", Z58 & "BT", ""), IF(OR(S58="LTDR", S58="LTSR"), Y58 & "BL" & IF(Z58 <> "-", "/" & Z58 & "BT", ""), IF(OR(S58="RTDR", S58="RTSR"), Y58 & "BR" & IF(Z58 <> "-", "/" & Z58 & "BT", ""), IF(Z58 <> "-", Y58 & "BT/" & Z58 & "BT", Y58 & "BT"))))
A59: 637 | B59: NC 218 | C59: 0 | E59: SIKES MILL | F59: *LCL OLD FISH RD | G59: NC 218 | H59: 8.082 | I59: NIS | L59: 108486827 | M59: 46146 | N59: 28 | O59: 1 | P59: 10 | Q59: 1 | R59: O | S59: =IFERROR(VLOOKUP(N59,Index!$A$1:$B$26,2,FALSE),"") | T59: =AA59 | V59: =IFERROR(INDEX(DetailedFiche!Q:Q,MATCH(L59,DetailedFiche!J:J,0)),"") | W59: =IFERROR(INDEX(DetailedFiche!R:R,MATCH(L59,DetailedFiche!J:J,0)),"") | Y59: =IFERROR(IF(AND(INDEX('Initial Study'!K:K, MATCH(L59, 'Initial Study'!B:B, 0)+1)<>0,INDEX('Initial Study'!K:K, MATCH(L59, 'Initial Study'!B:B, 0)+1)<>""),INDEX('Initial Study'!K:K, MATCH(L59, 'Initial Study'!B:B, 0)+1),""),"") | Z59: =IFERROR(IF(AND(INDEX('Initial Study'!K:K, MATCH(L59, 'Initial Study'!B:B, 0)+2)<>0,INDEX('Initial Study'!K:K, MATCH(L59, 'Initial Study'!B:B, 0)+2)<>"",NOT(ISNUMBER(INDEX('Initial Study'!K:K, MATCH(L59, 'Initial Study'!B:B, 0)+2)))),INDEX('Initial Study'!K:K, MATCH(L59, 'Initial Study'!B:B, 0)+2),"-"),"-") | AA59: =IF(S59="RE", Y59 & "BT/" & IF(Z59 <> "-", Z59 & "BT", ""), IF(OR(S59="LTDR", S59="LTSR"), Y59 & "BL" & IF(Z59 <> "-", "/" & Z59 & "BT", ""), IF(OR(S59="RTDR", S59="RTSR"), Y59 & "BR" & IF(Z59 <> "-", "/" & Z59 & "BT", ""), IF(Z59 <> "-", Y59 & "BT/" & Z59 & "BT", Y59 & "BT"))))
A60: 637 | B60: NC 218 | C60: 0 | E60: SIKES MILL | F60: BRIEF | G60: NC 218 | H60: 8.082 | I60: NIS | L60: 107751347 | M60: 45457 | N60: 24 | O60: 1 | P60: 7 | Q60: 1 | R60: C | S60: =IFERROR(VLOOKUP(N60,Index!$A$1:$B$26,2,FALSE),"") | T60: =AA60 | V60: =IFERROR(INDEX(DetailedFiche!Q:Q,MATCH(L60,DetailedFiche!J:J,0)),"") | W60: =IFERROR(INDEX(DetailedFiche!R:R,MATCH(L60,DetailedFiche!J:J,0)),"") | Y60: =IFERROR(IF(AND(INDEX('Initial Study'!K:K, MATCH(L60, 'Initial Study'!B:B, 0)+1)<>0,INDEX('Initial Study'!K:K, MATCH(L60, 'Initial Study'!B:B, 0)+1)<>""),INDEX('Initial Study'!K:K, MATCH(L60, 'Initial Study'!B:B, 0)+1),""),"") | Z60: =IFERROR(IF(AND(INDEX('Initial Study'!K:K, MATCH(L60, 'Initial Study'!B:B, 0)+2)<>0,INDEX('Initial Study'!K:K, MATCH(L60, 'Initial Study'!B:B, 0)+2)<>"",NOT(ISNUMBER(INDEX('Initial Study'!K:K, MATCH(L60, 'Initial Study'!B:B, 0)+2)))),INDEX('Initial Study'!K:K, MATCH(L60, 'Initial Study'!B:B, 0)+2),"-"),"-") | AA60: =IF(S60="RE", Y60 & "BT/" & IF(Z60 <> "-", Z60 & "BT", ""), IF(OR(S60="LTDR", S60="LTSR"), Y60 & "BL" & IF(Z60 <> "-", "/" & Z60 & "BT", ""), IF(OR(S60="RTDR", S60="RTSR"), Y60 & "BR" & IF(Z60 <> "-", "/" & Z60 & "BT", ""), IF(Z60 <> "-", Y60 & "BT/" & Z60 & "BT", Y60 & "BT"))))
A61: 637 | B61: NC 218 | C61: 0 | E61: SIKES MILL | F61: BRIEF | G61: NC 218 | H61: 8.082 | I61: NIS | L61: 107705518 | M61: 45413 | N61: 23 | O61: 1 | P61: 7 | Q61: 1 | R61: C | S61: =IFERROR(VLOOKUP(N61,Index!$A$1:$B$26,2,FALSE),"") | T61: =AA61 | V61: =IFERROR(INDEX(DetailedFiche!Q:Q,MATCH(L61,DetailedFiche!J:J,0)),"") | W61: =IFERROR(INDEX(DetailedFiche!R:R,MATCH(L61,DetailedFiche!J:J,0)),"") | Y61: =IFERROR(IF(AND(INDEX('Initial Study'!K:K, MATCH(L61, 'Initial Study'!B:B, 0)+1)<>0,INDEX('Initial Study'!K:K, MATCH(L61, 'Initial Study'!B:B, 0)+1)<>""),INDEX('Initial Study'!K:K, MATCH(L61, 'Initial Study'!B:B, 0)+1),""),"") | Z61: =IFERROR(IF(AND(INDEX('Initial Study'!K:K, MATCH(L61, 'Initial Study'!B:B, 0)+2)<>0,INDEX('Initial Study'!K:K, MATCH(L61, 'Initial Study'!B:B, 0)+2)<>"",NOT(ISNUMBER(INDEX('Initial Study'!K:K, MATCH(L61, 'Initial Study'!B:B, 0)+2)))),INDEX('Initial Study'!K:K, MATCH(L61, 'Initial Study'!B:B, 0)+2),"-"),"-") | AA61: =IF(S61="RE", Y61 & "BT/" & IF(Z61 <> "-", Z61 & "BT", ""), IF(OR(S61="LTDR", S61="LTSR"), Y61 & "BL" & IF(Z61 <> "-", "/" & Z61 & "BT", ""), IF(OR(S61="RTDR", S61="RTSR"), Y61 & "BR" & IF(Z61 <> "-", "/" & Z61 & "BT", ""), IF(Z61 <> "-", Y61 & "BT/" & Z61 & "BT", Y61 & "BT"))))
A62: 637 | B62: NC 218 | C62: 0 | E62: SIKES MILL | F62: BRIEF | G62: NC 218 | H62: 8.082 | I62: NIS | L62: 107183135 | M62: 44911 | N62: 30 | O62: 1 | P62: 7 | Q62: 1 | R62: O | S62: =IFERROR(VLOOKUP(N62,Index!$A$1:$B$26,2,FALSE),"") | T62: =AA62 | V62: =IFERROR(INDEX(DetailedFiche!Q:Q,MATCH(L62,DetailedFiche!J:J,0)),"") | W62: =IFERROR(INDEX(DetailedFiche!R:R,MATCH(L62,DetailedFiche!J:J,0)),"") | Y62: =IFERROR(IF(AND(INDEX('Initial Study'!K:K, MATCH(L62, 'Initial Study'!B:B, 0)+1)<>0,INDEX('Initial Study'!K:K, MATCH(L62, 'Initial Study'!B:B, 0)+1)<>""),INDEX('Initial Study'!K:K, MATCH(L62, 'Initial Study'!B:B, 0)+1),""),"") | Z62: =IFERROR(IF(AND(INDEX('Initial Study'!K:K, MATCH(L62, 'Initial Study'!B:B, 0)+2)<>0,INDEX('Initial Study'!K:K, MATCH(L62, 'Initial Study'!B:B, 0)+2)<>"",NOT(ISNUMBER(INDEX('Initial Study'!K:K, MATCH(L62, 'Initial Study'!B:B, 0)+2)))),INDEX('Initial Study'!K:K, MATCH(L62, 'Initial Study'!B:B, 0)+2),"-"),"-") | AA62: =IF(S62="RE", Y62 & "BT/" & IF(Z62 <> "-", Z62 & "BT", ""), IF(OR(S62="LTDR", S62="LTSR"), Y62 & "BL" & IF(Z62 <> "-", "/" & Z62 & "BT", ""), IF(OR(S62="RTDR", S62="RTSR"), Y62 & "BR" & IF(Z62 <> "-", "/" & Z62 & "BT", ""), IF(Z62 <> "-", Y62 & "BT/" & Z62 & "BT", Y62 & "BT"))))
A63: 637 | B63: NC 218 | C63: 0 | E63: SIKES MILL | F63: BRIEF | G63: NC 218 | H63: 8.082 | I63: NIS | L63: 107035876 | M63: 44777 | N63: 30 | O63: 1 | P63: 7 | Q63: 1 | R63: C | S63: =IFERROR(VLOOKUP(N63,Index!$A$1:$B$26,2,FALSE),"") | T63: =AA63 | V63: =IFERROR(INDEX(DetailedFiche!Q:Q,MATCH(L63,DetailedFiche!J:J,0)),"") | W63: =IFERROR(INDEX(DetailedFiche!R:R,MATCH(L63,DetailedFiche!J:J,0)),"") | Y63: =IFERROR(IF(AND(INDEX('Initial Study'!K:K, MATCH(L63, 'Initial Study'!B:B, 0)+1)<>0,INDEX('Initial Study'!K:K, MATCH(L63, 'Initial Study'!B:B, 0)+1)<>""),INDEX('Initial Study'!K:K, MATCH(L63, 'Initial Study'!B:B, 0)+1),""),"") | Z63: =IFERROR(IF(AND(INDEX('Initial Study'!K:K, MATCH(L63, 'Initial Study'!B:B, 0)+2)<>0,INDEX('Initial Study'!K:K, MATCH(L63, 'Initial Study'!B:B, 0)+2)<>"",NOT(ISNUMBER(INDEX('Initial Study'!K:K, MATCH(L63, 'Initial Study'!B:B, 0)+2)))),INDEX('Initial Study'!K:K, MATCH(L63, 'Initial Study'!B:B, 0)+2),"-"),"-") | AA63: =IF(S63="RE", Y63 & "BT/" & IF(Z63 <> "-", Z63 & "BT", ""), IF(OR(S63="LTDR", S63="LTSR"), Y63 & "BL" & IF(Z63 <> "-", "/" & Z63 & "BT", ""), IF(OR(S63="RTDR", S63="RTSR"), Y63 & "BR" & IF(Z63 <> "-", "/" & Z63 & "BT", ""), IF(Z63 <> "-", Y63 & "BT/" & Z63 & "BT", Y63 & "BT"))))
A64: 0 | B64: NC 218 | C64: 0 | E64: SR 1606 | F64: SR 1547 | G64: NC 218 | H64: 8.082 | I64: NIS | L64: 107659355 | M64: 45367 | N64: 30 | O64: 1 | P64: 7 | Q64: 1 | R64: O | S64: =IFERROR(VLOOKUP(N64,Index!$A$1:$B$26,2,FALSE),"") | T64: =AA64 | V64: =IFERROR(INDEX(DetailedFiche!Q:Q,MATCH(L64,DetailedFiche!J:J,0)),"") | W64: =IFERROR(INDEX(DetailedFiche!R:R,MATCH(L64,DetailedFiche!J:J,0)),"") | Y64: =IFERROR(IF(AND(INDEX('Initial Study'!K:K, MATCH(L64, 'Initial Study'!B:B, 0)+1)<>0,INDEX('Initial Study'!K:K, MATCH(L64, 'Initial Study'!B:B, 0)+1)<>""),INDEX('Initial Study'!K:K, MATCH(L64, 'Initial Study'!B:B, 0)+1),""),"") | Z64: =IFERROR(IF(AND(INDEX('Initial Study'!K:K, MATCH(L64, 'Initial Study'!B:B, 0)+2)<>0,INDEX('Initial Study'!K:K, MATCH(L64, 'Initial Study'!B:B, 0)+2)<>"",NOT(ISNUMBER(INDEX('Initial Study'!K:K, MATCH(L64, 'Initial Study'!B:B, 0)+2)))),INDEX('Initial Study'!K:K, MATCH(L64, 'Initial Study'!B:B, 0)+2),"-"),"-") | AA64: =IF(S64="RE", Y64 & "BT/" & IF(Z64 <> "-", Z64 & "BT", ""), IF(OR(S64="LTDR", S64="LTSR"), Y64 & "BL" & IF(Z64 <> "-", "/" & Z64 & "BT", ""), IF(OR(S64="RTDR", S64="RTSR"), Y64 & "BR" & IF(Z64 <> "-", "/" & Z64 & "BT", ""), IF(Z64 <> "-", Y64 & "BT/" & Z64 & "BT", Y64 & "BT"))))
A65: 0 | B65: NC 218 | C65: 0 | E65: SR 1606 | F65: SR 1001 | G65: NC 218 | H65: 8.082 | I65: NIS | L65: 107194746 | M65: 44922 | N65: 21 | O65: 1 | P65: 7 | Q65: 5 | R65: C | S65: =IFERROR(VLOOKUP(N65,Index!$A$1:$B$26,2,FALSE),"") | T65: =AA65 | V65: =IFERROR(INDEX(DetailedFiche!Q:Q,MATCH(L65,DetailedFiche!J:J,0)),"") | W65: =IFERROR(INDEX(DetailedFiche!R:R,MATCH(L65,DetailedFiche!J:J,0)),"") | Y65: =IFERROR(IF(AND(INDEX('Initial Study'!K:K, MATCH(L65, 'Initial Study'!B:B, 0)+1)<>0,INDEX('Initial Study'!K:K, MATCH(L65, 'Initial Study'!B:B, 0)+1)<>""),INDEX('Initial Study'!K:K, MATCH(L65, 'Initial Study'!B:B, 0)+1),""),"") | Z65: =IFERROR(IF(AND(INDEX('Initial Study'!K:K, MATCH(L65, 'Initial Study'!B:B, 0)+2)<>0,INDEX('Initial Study'!K:K, MATCH(L65, 'Initial Study'!B:B, 0)+2)<>"",NOT(ISNUMBER(INDEX('Initial Study'!K:K, MATCH(L65, 'Initial Study'!B:B, 0)+2)))),INDEX('Initial Study'!K:K, MATCH(L65, 'Initial Study'!B:B, 0)+2),"-"),"-") | AA65: =IF(S65="RE", Y65 & "BT/" & IF(Z65 <> "-", Z65 & "BT", ""), IF(OR(S65="LTDR", S65="LTSR"), Y65 & "BL" & IF(Z65 <> "-", "/" & Z65 & "BT", ""), IF(OR(S65="RTDR", S65="RTSR"), Y65 & "BR" & IF(Z65 <> "-", "/" & Z65 & "BT", ""), IF(Z65 <> "-", Y65 & "BT/" & Z65 & "BT", Y65 & "BT"))))
A66: 0 | B66: NC 218 | C66: 0 | E66: SR 1606 | F66: SR 1610 | G66: NC 218 | H66: 8.082 | I66: NIS | L66: 107139136 | M66: 44872 | N66: 30 | O66: 1 | P66: 7 | Q66: 5 | R66: O | S66: =IFERROR(VLOOKUP(N66,Index!$A$1:$B$26,2,FALSE),"") | T66: =AA66 | V66: =IFERROR(INDEX(DetailedFiche!Q:Q,MATCH(L66,DetailedFiche!J:J,0)),"") | W66: =IFERROR(INDEX(DetailedFiche!R:R,MATCH(L66,DetailedFiche!J:J,0)),"") | Y66: =IFERROR(IF(AND(INDEX('Initial Study'!K:K, MATCH(L66, 'Initial Study'!B:B, 0)+1)<>0,INDEX('Initial Study'!K:K, MATCH(L66, 'Initial Study'!B:B, 0)+1)<>""),INDEX('Initial Study'!K:K, MATCH(L66, 'Initial Study'!B:B, 0)+1),""),"") | Z66: =IFERROR(IF(AND(INDEX('Initial Study'!K:K, MATCH(L66, 'Initial Study'!B:B, 0)+2)<>0,INDEX('Initial Study'!K:K, MATCH(L66, 'Initial Study'!B:B, 0)+2)<>"",NOT(ISNUMBER(INDEX('Initial Study'!K:K, MATCH(L66, 'Initial Study'!B:B, 0)+2)))),INDEX('Initial Study'!K:K, MATCH(L66, 'Initial Study'!B:B, 0)+2),"-"),"-") | AA66: =IF(S66="RE", Y66 & "BT/" & IF(Z66 <> "-", Z66 & "BT", ""), IF(OR(S66="LTDR", S66="LTSR"), Y66 & "BL" & IF(Z66 <> "-", "/" & Z66 & "BT", ""), IF(OR(S66="RTDR", S66="RTSR"), Y66 & "BR" & IF(Z66 <> "-", "/" & Z66 & "BT", ""), IF(Z66 <> "-", Y66 & "BT/" & Z66 & "BT", Y66 & "BT"))))
A67: 637 | B67: NC 218 | C67: 0 | E67: SR 1606 | F67: SR 1547 | G67: NC 218 | H67: 8.082 | I67: NIS | L67: 107122762 | M67: 44854 | N67: 30 | O67: 1 | P67: 7 | Q67: 1 | R67: O | S67: =IFERROR(VLOOKUP(N67,Index!$A$1:$B$26,2,FALSE),"") | T67: =AA67 | V67: =IFERROR(INDEX(DetailedFiche!Q:Q,MATCH(L67,DetailedFiche!J:J,0)),"") | W67: =IFERROR(INDEX(DetailedFiche!R:R,MATCH(L67,DetailedFiche!J:J,0)),"") | Y67: =IFERROR(IF(AND(INDEX('Initial Study'!K:K, MATCH(L67, 'Initial Study'!B:B, 0)+1)<>0,INDEX('Initial Study'!K:K, MATCH(L67, 'Initial Study'!B:B, 0)+1)<>""),INDEX('Initial Study'!K:K, MATCH(L67, 'Initial Study'!B:B, 0)+1),""),"") | Z67: =IFERROR(IF(AND(INDEX('Initial Study'!K:K, MATCH(L67, 'Initial Study'!B:B, 0)+2)<>0,INDEX('Initial Study'!K:K, MATCH(L67, 'Initial Study'!B:B, 0)+2)<>"",NOT(ISNUMBER(INDEX('Initial Study'!K:K, MATCH(L67, 'Initial Study'!B:B, 0)+2)))),INDEX('Initial Study'!K:K, MATCH(L67, 'Initial Study'!B:B, 0)+2),"-"),"-") | AA67: =IF(S67="RE", Y67 & "BT/" & IF(Z67 <> "-", Z67 & "BT", ""), IF(OR(S67="LTDR", S67="LTSR"), Y67 & "BL" & IF(Z67 <> "-", "/" & Z67 & "BT", ""), IF(OR(S67="RTDR", S67="RTSR"), Y67 & "BR" & IF(Z67 <> "-", "/" & Z67 & "BT", ""), IF(Z67 <> "-", Y67 & "BT/" & Z67 & "BT", Y67 & "BT"))))
A68: 637 | B68: NC 218 | C68: 0 | E68: SR 1606 | F68: SR 1609 | G68: NC 218 | H68: 8.082 | I68: NIS | L68: 106620331 | M68: 44371 | N68: 30 | O68: 1 | P68: 7 | Q68: 1 | R68: A | S68: =IFERROR(VLOOKUP(N68,Index!$A$1:$B$26,2,FALSE),"") | T68: =AA68 | V68: =IFERROR(INDEX(DetailedFiche!Q:Q,MATCH(L68,DetailedFiche!J:J,0)),"") | W68: =IFERROR(INDEX(DetailedFiche!R:R,MATCH(L68,DetailedFiche!J:J,0)),"") | Y68: =IFERROR(IF(AND(INDEX('Initial Study'!K:K, MATCH(L68, 'Initial Study'!B:B, 0)+1)<>0,INDEX('Initial Study'!K:K, MATCH(L68, 'Initial Study'!B:B, 0)+1)<>""),INDEX('Initial Study'!K:K, MATCH(L68, 'Initial Study'!B:B, 0)+1),""),"") | Z68: =IFERROR(IF(AND(INDEX('Initial Study'!K:K, MATCH(L68, 'Initial Study'!B:B, 0)+2)<>0,INDEX('Initial Study'!K:K, MATCH(L68, 'Initial Study'!B:B, 0)+2)<>"",NOT(ISNUMBER(INDEX('Initial Study'!K:K, MATCH(L68, 'Initial Study'!B:B, 0)+2)))),INDEX('Initial Study'!K:K, MATCH(L68, 'Initial Study'!B:B, 0)+2),"-"),"-") | AA68: =IF(S68="RE", Y68 & "BT/" & IF(Z68 <> "-", Z68 & "BT", ""), IF(OR(S68="LTDR", S68="LTSR"), Y68 & "BL" & IF(Z68 <> "-", "/" & Z68 & "BT", ""), IF(OR(S68="RTDR", S68="RTSR"), Y68 & "BR" & IF(Z68 <> "-", "/" & Z68 & "BT", ""), IF(Z68 <> "-", Y68 & "BT/" & Z68 & "BT", Y68 & "BT"))))
A69: 0 | B69: NC 218 | C69: 0 | E69: SR 1606 | F69: SR 1547 | G69: NC 218 | H69: 8.082 | I69: NIS | L69: 105491727 | M69: 43243 | N69: 24 | O69: 1 | P69: 7 | Q69: 1 | R69: B | S69: =IFERROR(VLOOKUP(N69,Index!$A$1:$B$26,2,FALSE),"") | T69: =AA69 | V69: =IFERROR(INDEX(DetailedFiche!Q:Q,MATCH(L69,DetailedFiche!J:J,0)),"") | W69: =IFERROR(INDEX(DetailedFiche!R:R,MATCH(L69,DetailedFiche!J:J,0)),"") | Y69: =IFERROR(IF(AND(INDEX('Initial Study'!K:K, MATCH(L69, 'Initial Study'!B:B, 0)+1)<>0,INDEX('Initial Study'!K:K, MATCH(L69, 'Initial Study'!B:B, 0)+1)<>""),INDEX('Initial Study'!K:K, MATCH(L69, 'Initial Study'!B:B, 0)+1),""),"") | Z69: =IFERROR(IF(AND(INDEX('Initial Study'!K:K, MATCH(L69, 'Initial Study'!B:B, 0)+2)<>0,INDEX('Initial Study'!K:K, MATCH(L69, 'Initial Study'!B:B, 0)+2)<>"",NOT(ISNUMBER(INDEX('Initial Study'!K:K, MATCH(L69, 'Initial Study'!B:B, 0)+2)))),INDEX('Initial Study'!K:K, MATCH(L69, 'Initial Study'!B:B, 0)+2),"-"),"-") | AA69: =IF(S69="RE", Y69 & "BT/" & IF(Z69 <> "-", Z69 & "BT", ""), IF(OR(S69="LTDR", S69="LTSR"), Y69 & "BL" & IF(Z69 <> "-", "/" & Z69 & "BT", ""), IF(OR(S69="RTDR", S69="RTSR"), Y69 & "BR" & IF(Z69 <> "-", "/" & Z69 & "BT", ""), IF(Z69 <> "-", Y69 & "BT/" & Z69 & "BT", Y69 & "BT"))))
A70: 637 | B70: NC 218 | C70: 0 | E70: SR 1606 | F70: SR 1547 | G70: NC 218 | H70: 8.082 | I70: NIS | L70: 105344309 | M70: 43106 | N70: 30 | O70: 1 | P70: 7 | Q70: 1 | R70: B | S70: =IFERROR(VLOOKUP(N70,Index!$A$1:$B$26,2,FALSE),"") | T70: =AA70 | V70: =IFERROR(INDEX(DetailedFiche!Q:Q,MATCH(L70,DetailedFiche!J:J,0)),"") | W70: =IFERROR(INDEX(DetailedFiche!R:R,MATCH(L70,DetailedFiche!J:J,0)),"") | Y70: =IFERROR(IF(AND(INDEX('Initial Study'!K:K, MATCH(L70, 'Initial Study'!B:B, 0)+1)<>0,INDEX('Initial Study'!K:K, MATCH(L70, 'Initial Study'!B:B, 0)+1)<>""),INDEX('Initial Study'!K:K, MATCH(L70, 'Initial Study'!B:B, 0)+1),""),"") | Z70: =IFERROR(IF(AND(INDEX('Initial Study'!K:K, MATCH(L70, 'Initial Study'!B:B, 0)+2)<>0,INDEX('Initial Study'!K:K, MATCH(L70, 'Initial Study'!B:B, 0)+2)<>"",NOT(ISNUMBER(INDEX('Initial Study'!K:K, MATCH(L70, 'Initial Study'!B:B, 0)+2)))),INDEX('Initial Study'!K:K, MATCH(L70, 'Initial Study'!B:B, 0)+2),"-"),"-") | AA70: =IF(S70="RE", Y70 & "BT/" & IF(Z70 <> "-", Z70 & "BT", ""), IF(OR(S70="LTDR", S70="LTSR"), Y70 & "BL" & IF(Z70 <> "-", "/" & Z70 & "BT", ""), IF(OR(S70="RTDR", S70="RTSR"), Y70 & "BR" & IF(Z70 <> "-", "/" & Z70 & "BT", ""), IF(Z70 <> "-", Y70 & "BT/" & Z70 & "BT", Y70 & "BT"))))
... A78: 0 | B78: NC 218 | C78: 0 | E78: SR 1606 | F78: SR 1001 | G78: NC 218 | H78: 8.082 | I78: NIS | L78: 104805272 | M78: 42581 | N78: 30 | O78: 1 | P78: 7 | Q78: 1 | R78: C | S78: =IFERROR(VLOOKUP(N78,Index!$A$1:$B$26,2,FALSE),"") | T78: =AA78 | V78: =IFERROR(INDEX(DetailedFiche!Q:Q,MATCH(L78,DetailedFiche!J:J,0)),"") | W78: =IFERROR(INDEX(DetailedFiche!R:R,MATCH(L78,DetailedFiche!J:J,0)),"") | Y78: =IFERROR(IF(AND(INDEX('Initial Study'!K:K, MATCH(L78, 'Initial Study'!B:B, 0)+1)<>0,INDEX('Initial Study'!K:K, MATCH(L78, 'Initial Study'!B:B, 0)+1)<>""),INDEX('Initial Study'!K:K, MATCH(L78, 'Initial Study'!B:B, 0)+1),""),"") | Z78: =IFERROR(IF(AND(INDEX('Initial Study'!K:K, MATCH(L78, 'Initial Study'!B:B, 0)+2)<>0,INDEX('Initial Study'!K:K, MATCH(L78, 'Initial Study'!B:B, 0)+2)<>"",NOT(ISNUMBER(INDEX('Initial Study'!K:K, MATCH(L78, 'Initial Study'!B:B, 0)+2)))),INDEX('Initial Study'!K:K, MATCH(L78, 'Initial Study'!B:B, 0)+2),"-"),"-") | AA78: =IF(S78="RE", Y78 & "BT/" & IF(Z78 <> "-", Z78 & "BT", ""), IF(OR(S78="LTDR", S78="LTSR"), Y78 & "BL" & IF(Z78 <> "-", "/" & Z78 & "BT", ""), IF(OR(S78="RTDR", S78="RTSR"), Y78 & "BR" & IF(Z78 <> "-", "/" & Z78 & "BT", ""), IF(Z78 <> "-", Y78 & "BT/" & Z78 & "BT", Y78 & "BT"))))
A79: 637 | B79: NC 218 | C79: 0.002 | D79: E | E79: SR 1606 | F79: SR 1547 | G79: NC 218 | H79: 8.084 | I79: NIS | L79: 105301818 | M79: 43065 | N79: 21 | O79: 1 | P79: 0 | Q79: 5 | R79: C | S79: =IFERROR(VLOOKUP(N79,Index!$A$1:$B$26,2,FALSE),"") | T79: =AA79 | V79: =IFERROR(INDEX(DetailedFiche!Q:Q,MATCH(L79,DetailedFiche!J:J,0)),"") | W79: =IFERROR(INDEX(DetailedFiche!R:R,MATCH(L79,DetailedFiche!J:J,0)),"") | Y79: =IFERROR(IF(AND(INDEX('Initial Study'!K:K, MATCH(L79, 'Initial Study'!B:B, 0)+1)<>0,INDEX('Initial Study'!K:K, MATCH(L79, 'Initial Study'!B:B, 0)+1)<>""),INDEX('Initial Study'!K:K, MATCH(L79, 'Initial Study'!B:B, 0)+1),""),"") | Z79: =IFERROR(IF(AND(INDEX('Initial Study'!K:K, MATCH(L79, 'Initial Study'!B:B, 0)+2)<>0,INDEX('Initial Study'!K:K, MATCH(L79, 'Initial Study'!B:B, 0)+2)<>"",NOT(ISNUMBER(INDEX('Initial Study'!K:K, MATCH(L79, 'Initial Study'!B:B, 0)+2)))),INDEX('Initial Study'!K:K, MATCH(L79, 'Initial Study'!B:B, 0)+2),"-"),"-") | AA79: =IF(S79="RE", Y79 & "BT/" & IF(Z79 <> "-", Z79 & "BT", ""), IF(OR(S79="LTDR", S79="LTSR"), Y79 & "BL" & IF(Z79 <> "-", "/" & Z79 & "BT", ""), IF(OR(S79="RTDR", S79="RTSR"), Y79 & "BR" & IF(Z79 <> "-", "/" & Z79 & "BT", ""), IF(Z79 <> "-", Y79 & "BT/" & Z79 & "BT", Y79 & "BT"))))
A80: 637 | B80: NC 218 | C80: 0.009 | D80: E | E80: SR 1606 | F80: SR 1547 | G80: NC 218 | H80: 8.091 | I80: NIS | L80: 105152445 | M80: 42922 | N80: 21 | O80: 1 | P80: 7 | Q80: 1 | R80: O | S80: =IFERROR(VLOOKUP(N80,Index!$A$1:$B$26,2,FALSE),"") | T80: =AA80 | V80: =IFERROR(INDEX(DetailedFiche!Q:Q,MATCH(L80,DetailedFiche!J:J,0)),"") | W80: =IFERROR(INDEX(DetailedFiche!R:R,MATCH(L80,DetailedFiche!J:J,0)),"") | Y80: =IFERROR(IF(AND(INDEX('Initial Study'!K:K, MATCH(L80, 'Initial Study'!B:B, 0)+1)<>0,INDEX('Initial Study'!K:K, MATCH(L80, 'Initial Study'!B:B, 0)+1)<>""),INDEX('Initial Study'!K:K, MATCH(L80, 'Initial Study'!B:B, 0)+1),""),"") | Z80: =IFERROR(IF(AND(INDEX('Initial Study'!K:K, MATCH(L80, 'Initial Study'!B:B, 0)+2)<>0,INDEX('Initial Study'!K:K, MATCH(L80, 'Initial Study'!B:B, 0)+2)<>"",NOT(ISNUMBER(INDEX('Initial Study'!K:K, MATCH(L80, 'Initial Study'!B:B, 0)+2)))),INDEX('Initial Study'!K:K, MATCH(L80, 'Initial Study'!B:B, 0)+2),"-"),"-") | AA80: =IF(S80="RE", Y80 & "BT/" & IF(Z80 <> "-", Z80 & "BT", ""), IF(OR(S80="LTDR", S80="LTSR"), Y80 & "BL" & IF(Z80 <> "-", "/" & Z80 & "BT", ""), IF(OR(S80="RTDR", S80="RTSR"), Y80 & "BR" & IF(Z80 <> "-", "/" & Z80 & "BT", ""), IF(Z80 <> "-", Y80 & "BT/" & Z80 & "BT", Y80 & "BT"))))
A81: 637 | B81: NC 218 | C81: 0.01 | D81: E | E81: SR 1606 | F81: SR 1547 | G81: NC 218 | H81: 8.092 | I81: NIS | L81: 108326425 | M81: 45991 | N81: 21 | O81: 2 | P81: 0 | Q81: 5 | R81: O | S81: =IFERROR(VLOOKUP(N81,Index!$A$1:$B$26,2,FALSE),"") | T81: =AA81 | V81: =IFERROR(INDEX(DetailedFiche!Q:Q,MATCH(L81,DetailedFiche!J:J,0)),"") | W81: =IFERROR(INDEX(DetailedFiche!R:R,MATCH(L81,DetailedFiche!J:J,0)),"") | Y81: =IFERROR(IF(AND(INDEX('Initial Study'!K:K, MATCH(L81, 'Initial Study'!B:B, 0)+1)<>0,INDEX('Initial Study'!K:K, MATCH(L81, 'Initial Study'!B:B, 0)+1)<>""),INDEX('Initial Study'!K:K, MATCH(L81, 'Initial Study'!B:B, 0)+1),""),"") | Z81: =IFERROR(IF(AND(INDEX('Initial Study'!K:K, MATCH(L81, 'Initial Study'!B:B, 0)+2)<>0,INDEX('Initial Study'!K:K, MATCH(L81, 'Initial Study'!B:B, 0)+2)<>"",NOT(ISNUMBER(INDEX('Initial Study'!K:K, MATCH(L81, 'Initial Study'!B:B, 0)+2)))),INDEX('Initial Study'!K:K, MATCH(L81, 'Initial Study'!B:B, 0)+2),"-"),"-") | AA81: =IF(S81="RE", Y81 & "BT/" & IF(Z81 <> "-", Z81 & "BT", ""), IF(OR(S81="LTDR", S81="LTSR"), Y81 & "BL" & IF(Z81 <> "-", "/" & Z81 & "BT", ""), IF(OR(S81="RTDR", S81="RTSR"), Y81 & "BR" & IF(Z81 <> "-", "/" & Z81 & "BT", ""), IF(Z81 <> "-", Y81 & "BT/" & Z81 & "BT", Y81 & "BT"))))
A82: 0 | B82: NC 218 | C82: 0.028 | D82: W | E82: LOVE MILL | F82: BRIEF | G82: NC 218 | H82: 9.758 | I82: NIS | L82: 107144129 | M82: 44878 | N82: 17 | O82: 1 | P82: 0 | Q82: 5 | R82: O | S82: =IFERROR(VLOOKUP(N82,Index!$A$1:$B$26,2,FALSE),"") | T82: =AA82 | V82: =IFERROR(INDEX(DetailedFiche!Q:Q,MATCH(L82,DetailedFiche!J:J,0)),"") | W82: =IFERROR(INDEX(DetailedFiche!R:R,MATCH(L82,DetailedFiche!J:J,0)),"") | Y82: =IFERROR(IF(AND(INDEX('Initial Study'!K:K, MATCH(L82, 'Initial Study'!B:B, 0)+1)<>0,INDEX('Initial Study'!K:K, MATCH(L82, 'Initial Study'!B:B, 0)+1)<>""),INDEX('Initial Study'!K:K, MATCH(L82, 'Initial Study'!B:B, 0)+1),""),"") | Z82: =IFERROR(IF(AND(INDEX('Initial Study'!K:K, MATCH(L82, 'Initial Study'!B:B, 0)+2)<>0,INDEX('Initial Study'!K:K, MATCH(L82, 'Initial Study'!B:B, 0)+2)<>"",NOT(ISNUMBER(INDEX('Initial Study'!K:K, MATCH(L82, 'Initial Study'!B:B, 0)+2)))),INDEX('Initial Study'!K:K, MATCH(L82, 'Initial Study'!B:B, 0)+2),"-"),"-") | AA82: =IF(S82="RE", Y82 & "BT/" & IF(Z82 <> "-", Z82 & "BT", ""), IF(OR(S82="LTDR", S82="LTSR"), Y82 & "BL" & IF(Z82 <> "-", "/" & Z82 & "BT", ""), IF(OR(S82="RTDR", S82="RTSR"), Y82 & "BR" & IF(Z82 <> "-", "/" & Z82 & "BT", ""), IF(Z82 <> "-", Y82 & "BT/" & Z82 & "BT", Y82 & "BT"))))
A83: 637 | B83: NC 218 | C83: 0.014 | D83: W | E83: SR 1001 | F83: SR 1609 | G83: NC 218 | H83: 9.772 | I83: NIS | L83: 105062907 | M83: 42828 | N83: 23 | O83: 1 | P83: 0 | Q83: 1 | R83: O | S83: =IFERROR(VLOOKUP(N83,Index!$A$1:$B$26,2,FALSE),"") | T83: =AA83 | V83: =IFERROR(INDEX(DetailedFiche!Q:Q,MATCH(L83,DetailedFiche!J:J,0)),"") | W83: =IFERROR(INDEX(DetailedFiche!R:R,MATCH(L83,DetailedFiche!J:J,0)),"") | Y83: =IFERROR(IF(AND(INDEX('Initial Study'!K:K, MATCH(L83, 'Initial Study'!B:B, 0)+1)<>0,INDEX('Initial Study'!K:K, MATCH(L83, 'Initial Study'!B:B, 0)+1)<>""),INDEX('Initial Study'!K:K, MATCH(L83, 'Initial Study'!B:B, 0)+1),""),"") | Z83: =IFERROR(IF(AND(INDEX('Initial Study'!K:K, MATCH(L83, 'Initial Study'!B:B, 0)+2)<>0,INDEX('Initial Study'!K:K, MATCH(L83, 'Initial Study'!B:B, 0)+2)<>"",NOT(ISNUMBER(INDEX('Initial Study'!K:K, MATCH(L83, 'Initial Study'!B:B, 0)+2)))),INDEX('Initial Study'!K:K, MATCH(L83, 'Initial Study'!B:B, 0)+2),"-"),"-") | AA83: =IF(S83="RE", Y83 & "BT/" & IF(Z83 <> "-", Z83 & "BT", ""), IF(OR(S83="LTDR", S83="LTSR"), Y83 & "BL" & IF(Z83 <> "-", "/" & Z83 & "BT", ""), IF(OR(S83="RTDR", S83="RTSR"), Y83 & "BR" & IF(Z83 <> "-", "/" & Z83 & "BT", ""), IF(Z83 <> "-", Y83 & "BT/" & Z83 & "BT", Y83 & "BT"))))
A84: 0 | B84: NC 218 | C84: 0.005 | D84: W | E84: SR 1001 | F84: SR 1547 | G84: NC 218 | H84: 9.781 | I84: NIS | L84: 105103445 | M84: 42872 | N84: 23 | O84: 1 | P84: 7 | Q84: 1 | R84: B | S84: =IFERROR(VLOOKUP(N84,Index!$A$1:$B$26,2,FALSE),"") | T84: =AA84 | V84: =IFERROR(INDEX(DetailedFiche!Q:Q,MATCH(L84,DetailedFiche!J:J,0)),"") | W84: =IFERROR(INDEX(DetailedFiche!R:R,MATCH(L84,DetailedFiche!J:J,0)),"") | Y84: =IFERROR(IF(AND(INDEX('Initial Study'!K:K, MATCH(L84, 'Initial Study'!B:B, 0)+1)<>0,INDEX('Initial Study'!K:K, MATCH(L84, 'Initial Study'!B:B, 0)+1)<>""),INDEX('Initial Study'!K:K, MATCH(L84, 'Initial Study'!B:B, 0)+1),""),"") | Z84: =IFERROR(IF(AND(INDEX('Initial Study'!K:K, MATCH(L84, 'Initial Study'!B:B, 0)+2)<>0,INDEX('Initial Study'!K:K, MATCH(L84, 'Initial Study'!B:B, 0)+2)<>"",NOT(ISNUMBER(INDEX('Initial Study'!K:K, MATCH(L84, 'Initial Study'!B:B, 0)+2)))),INDEX('Initial Study'!K:K, MATCH(L84, 'Initial Study'!B:B, 0)+2),"-"),"-") | AA84: =IF(S84="RE", Y84 & "BT/" & IF(Z84 <> "-", Z84 & "BT", ""), IF(OR(S84="LTDR", S84="LTSR"), Y84 & "BL" & IF(Z84 <> "-", "/" & Z84 & "BT", ""), IF(OR(S84="RTDR", S84="RTSR"), Y84 & "BR" & IF(Z84 <> "-", "/" & Z84 & "BT", ""), IF(Z84 <> "-", Y84 & "BT/" & Z84 & "BT", Y84 & "BT"))))
A85: 637 | B85: NC 218 | C85: 0.004 | D85: W | E85: SR 1001 | F85: SR 1609 | G85: NC 218 | H85: 9.782 | I85: NIS | L85: 105067787 | M85: 42828 | N85: 22 | O85: 2 | P85: 7 | Q85: 1 | R85: O | S85: =IFERROR(VLOOKUP(N85,Index!$A$1:$B$26,2,FALSE),"") | T85: =AA85 | V85: =IFERROR(INDEX(DetailedFiche!Q:Q,MATCH(L85,DetailedFiche!J:J,0)),"") | W85: =IFERROR(INDEX(DetailedFiche!R:R,MATCH(L85,DetailedFiche!J:J,0)),"") | Y85: =IFERROR(IF(AND(INDEX('Initial Study'!K:K, MATCH(L85, 'Initial Study'!B:B, 0)+1)<>0,INDEX('Initial Study'!K:K, MATCH(L85, 'Initial Study'!B:B, 0)+1)<>""),INDEX('Initial Study'!K:K, MATCH(L85, 'Initial Study'!B:B, 0)+1),""),"") | Z85: =IFERROR(IF(AND(INDEX('Initial Study'!K:K, MATCH(L85, 'Initial Study'!B:B, 0)+2)<>0,INDEX('Initial Study'!K:K, MATCH(L85, 'Initial Study'!B:B, 0)+2)<>"",NOT(ISNUMBER(INDEX('Initial Study'!K:K, MATCH(L85, 'Initial Study'!B:B, 0)+2)))),INDEX('Initial Study'!K:K, MATCH(L85, 'Initial Study'!B:B, 0)+2),"-"),"-") | AA85: =IF(S85="RE", Y85 & "BT/" & IF(Z85 <> "-", Z85 & "BT", ""), IF(OR(S85="LTDR", S85="LTSR"), Y85 & "BL" & IF(Z85 <> "-", "/" & Z85 & "BT", ""), IF(OR(S85="RTDR", S85="RTSR"), Y85 & "BR" & IF(Z85 <> "-", "/" & Z85 & "BT", ""), IF(Z85 <> "-", Y85 & "BT/" & Z85 & "BT", Y85 & "BT"))))
A86: 0 | B86: NC 218 | C86: 0 | E86: SR 1001 | F86: SR 1547 | G86: NC 218 | H86: 9.786 | I86: NIS | L86: 108267514 | M86: 45944 | N86: 21 | O86: 1 | P86: 0 | Q86: 1 | R86: O | S86: =IFERROR(VLOOKUP(N86,Index!$A$1:$B$26,2,FALSE),"") | T86: =AA86 | V86: =IFERROR(INDEX(DetailedFiche!Q:Q,MATCH(L86,DetailedFiche!J:J,0)),"") | W86: =IFERROR(INDEX(DetailedFiche!R:R,MATCH(L86,DetailedFiche!J:J,0)),"") | Y86: =IFERROR(IF(AND(INDEX('Initial Study'!K:K, MATCH(L86, 'Initial Study'!B:B, 0)+1)<>0,INDEX('Initial Study'!K:K, MATCH(L86, 'Initial Study'!B:B, 0)+1)<>""),INDEX('Initial Study'!K:K, MATCH(L86, 'Initial Study'!B:B, 0)+1),""),"") | Z86: =IFERROR(IF(AND(INDEX('Initial Study'!K:K, MATCH(L86, 'Initial Study'!B:B, 0)+2)<>0,INDEX('Initial Study'!K:K, MATCH(L86, 'Initial Study'!B:B, 0)+2)<>"",NOT(ISNUMBER(INDEX('Initial Study'!K:K, MATCH(L86, 'Initial Study'!B:B, 0)+2)))),INDEX('Initial Study'!K:K, MATCH(L86, 'Initial Study'!B:B, 0)+2),"-"),"-") | AA86: =IF(S86="RE", Y86 & "BT/" & IF(Z86 <> "-", Z86 & "BT", ""), IF(OR(S86="LTDR", S86="LTSR"), Y86 & "BL" & IF(Z86 <> "-", "/" & Z86 & "BT", ""), IF(OR(S86="RTDR", S86="RTSR"), Y86 & "BR" & IF(Z86 <> "-", "/" & Z86 & "BT", ""), IF(Z86 <> "-", Y86 & "BT/" & Z86 & "BT", Y86 & "BT"))))
A87: 0 | B87: NC 218 | C87: 0 | E87: SR 1001 | F87: NC 200 | G87: NC 218 | H87: 9.786 | I87: NIS | L87: 107715702 | M87: 45423 | N87: 30 | O87: 1 | P87: 7 | Q87: 1 | R87: O | S87: =IFERROR(VLOOKUP(N87,Index!$A$1:$B$26,2,FALSE),"") | T87: =AA87 | V87: =IFERROR(INDEX(DetailedFiche!Q:Q,MATCH(L87,DetailedFiche!J:J,0)),"") | W87: =IFERROR(INDEX(DetailedFiche!R:R,MATCH(L87,DetailedFiche!J:J,0)),"") | Y87: =IFERROR(IF(AND(INDEX('Initial Study'!K:K, MATCH(L87, 'Initial Study'!B:B, 0)+1)<>0,INDEX('Initial Study'!K:K, MATCH(L87, 'Initial Study'!B:B, 0)+1)<>""),INDEX('Initial Study'!K:K, MATCH(L87, 'Initial Study'!B:B, 0)+1),""),"") | Z87: =IFERROR(IF(AND(INDEX('Initial Study'!K:K, MATCH(L87, 'Initial Study'!B:B, 0)+2)<>0,INDEX('Initial Study'!K:K, MATCH(L87, 'Initial Study'!B:B, 0)+2)<>"",NOT(ISNUMBER(INDEX('Initial Study'!K:K, MATCH(L87, 'Initial Study'!B:B, 0)+2)))),INDEX('Initial Study'!K:K, MATCH(L87, 'Initial Study'!B:B, 0)+2),"-"),"-") | AA87: =IF(S87="RE", Y87 & "BT/" & IF(Z87 <> "-", Z87 & "BT", ""), IF(OR(S87="LTDR", S87="LTSR"), Y87 & "BL" & IF(Z87 <> "-", "/" & Z87 & "BT", ""), IF(OR(S87="RTDR", S87="RTSR"), Y87 & "BR" & IF(Z87 <> "-", "/" & Z87 & "BT", ""), IF(Z87 <> "-", Y87 & "BT/" & Z87 & "BT", Y87 & "BT"))))
A88: 0 | B88: NC 218 | C88: 0 | E88: SR 1001 | F88: SR 1547 | G88: NC 218 | H88: 9.786 | I88: NIS | L88: 107040279 | M88: 44776 | N88: 30 | O88: 1 | P88: 7 | Q88: 1 | R88: O | S88: =IFERROR(VLOOKUP(N88,Index!$A$1:$B$26,2,FALSE),"") | T88: =AA88 | V88: =IFERROR(INDEX(DetailedFiche!Q:Q,MATCH(L88,DetailedFiche!J:J,0)),"") | W88: =IFERROR(INDEX(DetailedFiche!R:R,MATCH(L88,DetailedFiche!J:J,0)),"") | Y88: =IFERROR(IF(AND(INDEX('Initial Study'!K:K, MATCH(L88, 'Initial Study'!B:B, 0)+1)<>0,INDEX('Initial Study'!K:K, MATCH(L88, 'Initial Study'!B:B, 0)+1)<>""),INDEX('Initial Study'!K:K, MATCH(L88, 'Initial Study'!B:B, 0)+1),""),"") | Z88: =IFERROR(IF(AND(INDEX('Initial Study'!K:K, MATCH(L88, 'Initial Study'!B:B, 0)+2)<>0,INDEX('Initial Study'!K:K, MATCH(L88, 'Initial Study'!B:B, 0)+2)<>"",NOT(ISNUMBER(INDEX('Initial Study'!K:K, MATCH(L88, 'Initial Study'!B:B, 0)+2)))),INDEX('Initial Study'!K:K, MATCH(L88, 'Initial Study'!B:B, 0)+2),"-"),"-") | AA88: =IF(S88="RE", Y88 & "BT/" & IF(Z88 <> "-", Z88 & "BT", ""), IF(OR(S88="LTDR", S88="LTSR"), Y88 & "BL" & IF(Z88 <> "-", "/" & Z88 & "BT", ""), IF(OR(S88="RTDR", S88="RTSR"), Y88 & "BR" & IF(Z88 <> "-", "/" & Z88 & "BT", ""), IF(Z88 <> "-", Y88 & "BT/" & Z88 & "BT", Y88 & "BT"))))
A89: 0 | B89: NC 218 | C89: 0 | E89: SR 1001 | F89: SR 1606 | G89: NC 218 | H89: 9.786 | I89: NIS | L89: 107011232 | M89: 44750 | N89: 28 | O89: 1 | P89: 7 | Q89: 1 | R89: B | S89: =IFERROR(VLOOKUP(N89,Index!$A$1:$B$26,2,FALSE),"") | T89: =AA89 | V89: =IFERROR(INDEX(DetailedFiche!Q:Q,MATCH(L89,DetailedFiche!J:J,0)),"") | W89: =IFERROR(INDEX(DetailedFiche!R:R,MATCH(L89,DetailedFiche!J:J,0)),"") | Y89: =IFERROR(IF(AND(INDEX('Initial Study'!K:K, MATCH(L89, 'Initial Study'!B:B, 0)+1)<>0,INDEX('Initial Study'!K:K, MATCH(L89, 'Initial Study'!B:B, 0)+1)<>""),INDEX('Initial Study'!K:K, MATCH(L89, 'Initial Study'!B:B, 0)+1),""),"") | Z89: =IFERROR(IF(AND(INDEX('Initial Study'!K:K, MATCH(L89, 'Initial Study'!B:B, 0)+2)<>0,INDEX('Initial Study'!K:K, MATCH(L89, 'Initial Study'!B:B, 0)+2)<>"",NOT(ISNUMBER(INDEX('Initial Study'!K:K, MATCH(L89, 'Initial Study'!B:B, 0)+2)))),INDEX('Initial Study'!K:K, MATCH(L89, 'Initial Study'!B:B, 0)+2),"-"),"-") | AA89: =IF(S89="RE", Y89 & "BT/" & IF(Z89 <> "-", Z89 & "BT", ""), IF(OR(S89="LTDR", S89="LTSR"), Y89 & "BL" & IF(Z89 <> "-", "/" & Z89 & "BT", ""), IF(OR(S89="RTDR", S89="RTSR"), Y89 & "BR" & IF(Z89 <> "-", "/" & Z89 & "BT", ""), IF(Z89 <> "-", Y89 & "BT/" & Z89 & "BT", Y89 & "BT"))))
A90: 0 | B90: NC 218 | C90: 0 | E90: SR 1001 | F90: SR 1606 | G90: NC 218 | H90: 9.786 | I90: NIS | L90: 107011234 | M90: 44750 | N90: 30 | O90: 1 | P90: 7 | Q90: 1 | R90: C | S90: =IFERROR(VLOOKUP(N90,Index!$A$1:$B$26,2,FALSE),"") | T90: =AA90 | V90: =IFERROR(INDEX(DetailedFiche!Q:Q,MATCH(L90,DetailedFiche!J:J,0)),"") | W90: =IFERROR(INDEX(DetailedFiche!R:R,MATCH(L90,DetailedFiche!J:J,0)),"") | Y90: =IFERROR(IF(AND(INDEX('Initial Study'!K:K, MATCH(L90, 'Initial Study'!B:B, 0)+1)<>0,INDEX('Initial Study'!K:K, MATCH(L90, 'Initial Study'!B:B, 0)+1)<>""),INDEX('Initial Study'!K:K, MATCH(L90, 'Initial Study'!B:B, 0)+1),""),"") | Z90: =IFERROR(IF(AND(INDEX('Initial Study'!K:K, MATCH(L90, 'Initial Study'!B:B, 0)+2)<>0,INDEX('Initial Study'!K:K, MATCH(L90, 'Initial Study'!B:B, 0)+2)<>"",NOT(ISNUMBER(INDEX('Initial Study'!K:K, MATCH(L90, 'Initial Study'!B:B, 0)+2)))),INDEX('Initial Study'!K:K, MATCH(L90, 'Initial Study'!B:B, 0)+2),"-"),"-") | AA90: =IF(S90="RE", Y90 & "BT/" & IF(Z90 <> "-", Z90 & "BT", ""), IF(OR(S90="LTDR", S90="LTSR"), Y90 & "BL" & IF(Z90 <> "-", "/" & Z90 & "BT", ""), IF(OR(S90="RTDR", S90="RTSR"), Y90 & "BR" & IF(Z90 <> "-", "/" & Z90 & "BT", ""), IF(Z90 <> "-", Y90 & "BT/" & Z90 & "BT", Y90 & "BT"))))
A91: 0 | B91: NC 218 | C91: 0 | E91: SR 1001 | F91: NC 200 | G91: NC 218 | H91: 9.786 | I91: NIS | L91: 106880793 | M91: 44625 | N91: 30 | O91: 1 | P91: 7 | Q91: 1 | R91: B | S91: =IFERROR(VLOOKUP(N91,Index!$A$1:$B$26,2,FALSE),"") | T91: =AA91 | V91: =IFERROR(INDEX(DetailedFiche!Q:Q,MATCH(L91,DetailedFiche!J:J,0)),"") | W91: =IFERROR(INDEX(DetailedFiche!R:R,MATCH(L91,DetailedFiche!J:J,0)),"") | Y91: =IFERROR(IF(AND(INDEX('Initial Study'!K:K, MATCH(L91, 'Initial Study'!B:B, 0)+1)<>0,INDEX('Initial Study'!K:K, MATCH(L91, 'Initial Study'!B:B, 0)+1)<>""),INDEX('Initial Study'!K:K, MATCH(L91, 'Initial Study'!B:B, 0)+1),""),"") | Z91: =IFERROR(IF(AND(INDEX('Initial Study'!K:K, MATCH(L91, 'Initial Study'!B:B, 0)+2)<>0,INDEX('Initial Study'!K:K, MATCH(L91, 'Initial Study'!B:B, 0)+2)<>"",NOT(ISNUMBER(INDEX('Initial Study'!K:K, MATCH(L91, 'Initial Study'!B:B, 0)+2)))),INDEX('Initial Study'!K:K, MATCH(L91, 'Initial Study'!B:B, 0)+2),"-"),"-") | AA91: =IF(S91="RE", Y91 & "BT/" & IF(Z91 <> "-", Z91 & "BT", ""), IF(OR(S91="LTDR", S91="LTSR"), Y91 & "BL" & IF(Z91 <> "-", "/" & Z91 & "BT", ""), IF(OR(S91="RTDR", S91="RTSR"), Y91 & "BR" & IF(Z91 <> "-", "/" & Z91 & "BT", ""), IF(Z91 <> "-", Y91 & "BT/" & Z91 & "BT", Y91 & "BT"))))
A92: 637 | B92: NC 218 | C92: 0 | E92: SR 1001 | F92: SR 1610 | G92: NC 218 | H92: 9.786 | I92: NIS | L92: 107287156 | M92: 45013 | N92: 30 | O92: 1 | P92: 7 | Q92: 1 | R92: B | S92: =IFERROR(VLOOKUP(N92,Index!$A$1:$B$26,2,FALSE),"") | T92: =AA92 | V92: =IFERROR(INDEX(DetailedFiche!Q:Q,MATCH(L92,DetailedFiche!J:J,0)),"") | W92: =IFERROR(INDEX(DetailedFiche!R:R,MATCH(L92,DetailedFiche!J:J,0)),"") | Y92: =IFERROR(IF(AND(INDEX('Initial Study'!K:K, MATCH(L92, 'Initial Study'!B:B, 0)+1)<>0,INDEX('Initial Study'!K:K, MATCH(L92, 'Initial Study'!B:B, 0)+1)<>""),INDEX('Initial Study'!K:K, MATCH(L92, 'Initial Study'!B:B, 0)+1),""),"") | Z92: =IFERROR(IF(AND(INDEX('Initial Study'!K:K, MATCH(L92, 'Initial Study'!B:B, 0)+2)<>0,INDEX('Initial Study'!K:K, MATCH(L92, 'Initial Study'!B:B, 0)+2)<>"",NOT(ISNUMBER(INDEX('Initial Study'!K:K, MATCH(L92, 'Initial Study'!B:B, 0)+2)))),INDEX('Initial Study'!K:K, MATCH(L92, 'Initial Study'!B:B, 0)+2),"-"),"-") | AA92: =IF(S92="RE", Y92 & "BT/" & IF(Z92 <> "-", Z92 & "BT", ""), IF(OR(S92="LTDR", S92="LTSR"), Y92 & "BL" & IF(Z92 <> "-", "/" & Z92 & "BT", ""), IF(OR(S92="RTDR", S92="RTSR"), Y92 & "BR" & IF(Z92 <> "-", "/" & Z92 & "BT", ""), IF(Z92 <> "-", Y92 & "BT/" & Z92 & "BT", Y92 & "BT"))))
A93: 0 | B93: NC 218 | C93: 0 | E93: SR 1001 | F93: SR 1639 | G93: NC 218 | H93: 9.786 | I93: NIS | L93: 106759634 | M93: 44505 | N93: 30 | O93: 1 | P93: 7 | Q93: 1 | R93: O | S93: =IFERROR(VLOOKUP(N93,Index!$A$1:$B$26,2,FALSE),"") | T93: =AA93 | V93: =IFERROR(INDEX(DetailedFiche!Q:Q,MATCH(L93,DetailedFiche!J:J,0)),"") | W93: =IFERROR(INDEX(DetailedFiche!R:R,MATCH(L93,DetailedFiche!J:J,0)),"") | Y93: =IFERROR(IF(AND(INDEX('Initial Study'!K:K, MATCH(L93, 'Initial Study'!B:B, 0)+1)<>0,INDEX('Initial Study'!K:K, MATCH(L93, 'Initial Study'!B:B, 0)+1)<>""),INDEX('Initial Study'!K:K, MATCH(L93, 'Initial Study'!B:B, 0)+1),""),"") | Z93: =IFERROR(IF(AND(INDEX('Initial Study'!K:K, MATCH(L93, 'Initial Study'!B:B, 0)+2)<>0,INDEX('Initial Study'!K:K, MATCH(L93, 'Initial Study'!B:B, 0)+2)<>"",NOT(ISNUMBER(INDEX('Initial Study'!K:K, MATCH(L93, 'Initial Study'!B:B, 0)+2)))),INDEX('Initial Study'!K:K, MATCH(L93, 'Initial Study'!B:B, 0)+2),"-"),"-") | AA93: =IF(S93="RE", Y93 & "BT/" & IF(Z93 <> "-", Z93 & "BT", ""), IF(OR(S93="LTDR", S93="LTSR"), Y93 & "BL" & IF(Z93 <> "-", "/" & Z93 & "BT", ""), IF(OR(S93="RTDR", S93="RTSR"), Y93 & "BR" & IF(Z93 <> "-", "/" & Z93 & "BT", ""), IF(Z93 <> "-", Y93 & "BT/" & Z93 & "BT", Y93 & "BT"))))
A94: 637 | B94: NC 218 | C94: 0 | E94: SR 1001 | F94: NC 200 | G94: NC 218 | H94: 9.786 | I94: NIS | L94: 106655032 | M94: 44412 | N94: 30 | O94: 1 | P94: 7 | Q94: 1 | R94: O | S94: =IFERROR(VLOOKUP(N94,Index!$A$1:$B$26,2,FALSE),"") | T94: =AA94 | V94: =IFERROR(INDEX(DetailedFiche!Q:Q,MATCH(L94,DetailedFiche!J:J,0)),"") | W94: =IFERROR(INDEX(DetailedFiche!R:R,MATCH(L94,DetailedFiche!J:J,0)),"") | Y94: =IFERROR(IF(AND(INDEX('Initial Study'!K:K, MATCH(L94, 'Initial Study'!B:B, 0)+1)<>0,INDEX('Initial Study'!K:K, MATCH(L94, 'Initial Study'!B:B, 0)+1)<>""),INDEX('Initial Study'!K:K, MATCH(L94, 'Initial Study'!B:B, 0)+1),""),"") | Z94: =IFERROR(IF(AND(INDEX('Initial Study'!K:K, MATCH(L94, 'Initial Study'!B:B, 0)+2)<>0,INDEX('Initial Study'!K:K, MATCH(L94, 'Initial Study'!B:B, 0)+2)<>"",NOT(ISNUMBER(INDEX('Initial Study'!K:K, MATCH(L94, 'Initial Study'!B:B, 0)+2)))),INDEX('Initial Study'!K:K, MATCH(L94, 'Initial Study'!B:B, 0)+2),"-"),"-") | AA94: =IF(S94="RE", Y94 & "BT/" & IF(Z94 <> "-", Z94 & "BT", ""), IF(OR(S94="LTDR", S94="LTSR"), Y94 & "BL" & IF(Z94 <> "-", "/" & Z94 & "BT", ""), IF(OR(S94="RTDR", S94="RTSR"), Y94 & "BR" & IF(Z94 <> "-", "/" & Z94 & "BT", ""), IF(Z94 <> "-", Y94 & "BT/" & Z94 & "BT", Y94 & "BT"))))
A95: 0 | B95: NC 218 | C95: 0 | E95: SR 1001 | F95: SR 1547 | G95: NC 218 | H95: 9.786 | I95: NIS | L95: 106554754 | M95: 44308 | N95: 21 | O95: 1 | P95: 7 | Q95: 1 | R95: C | S95: =IFERROR(VLOOKUP(N95,Index!$A$1:$B$26,2,FALSE),"") | T95: =AA95 | V95: =IFERROR(INDEX(DetailedFiche!Q:Q,MATCH(L95,DetailedFiche!J:J,0)),"") | W95: =IFERROR(INDEX(DetailedFiche!R:R,MATCH(L95,DetailedFiche!J:J,0)),"") | Y95: =IFERROR(IF(AND(INDEX('Initial Study'!K:K, MATCH(L95, 'Initial Study'!B:B, 0)+1)<>0,INDEX('Initial Study'!K:K, MATCH(L95, 'Initial Study'!B:B, 0)+1)<>""),INDEX('Initial Study'!K:K, MATCH(L95, 'Initial Study'!B:B, 0)+1),""),"") | Z95: =IFERROR(IF(AND(INDEX('Initial Study'!K:K, MATCH(L95, 'Initial Study'!B:B, 0)+2)<>0,INDEX('Initial Study'!K:K, MATCH(L95, 'Initial Study'!B:B, 0)+2)<>"",NOT(ISNUMBER(INDEX('Initial Study'!K:K, MATCH(L95, 'Initial Study'!B:B, 0)+2)))),INDEX('Initial Study'!K:K, MATCH(L95, 'Initial Study'!B:B, 0)+2),"-"),"-") | AA95: =IF(S95="RE", Y95 & "BT/" & IF(Z95 <> "-", Z95 & "BT", ""), IF(OR(S95="LTDR", S95="LTSR"), Y95 & "BL" & IF(Z95 <> "-", "/" & Z95 & "BT", ""), IF(OR(S95="RTDR", S95="RTSR"), Y95 & "BR" & IF(Z95 <> "-", "/" & Z95 & "BT", ""), IF(Z95 <> "-", Y95 & "BT/" & Z95 & "BT", Y95 & "BT"))))
A96: 558 | B96: NC 218 | C96: 0 | E96: SR 1001 | F96: CYRUS LEE | G96: NC 218 | H96: 9.786 | I96: NIS | L96: 106521629 | M96: 44276 | N96: 22 | O96: 1 | P96: 7 | Q96: 1 | R96: B | S96: =IFERROR(VLOOKUP(N96,Index!$A$1:$B$26,2,FALSE),"") | T96: =AA96 | V96: =IFERROR(INDEX(DetailedFiche!Q:Q,MATCH(L96,DetailedFiche!J:J,0)),"") | W96: =IFERROR(INDEX(DetailedFiche!R:R,MATCH(L96,DetailedFiche!J:J,0)),"") | Y96: =IFERROR(IF(AND(INDEX('Initial Study'!K:K, MATCH(L96, 'Initial Study'!B:B, 0)+1)<>0,INDEX('Initial Study'!K:K, MATCH(L96, 'Initial Study'!B:B, 0)+1)<>""),INDEX('Initial Study'!K:K, MATCH(L96, 'Initial Study'!B:B, 0)+1),""),"") | Z96: =IFERROR(IF(AND(INDEX('Initial Study'!K:K, MATCH(L96, 'Initial Study'!B:B, 0)+2)<>0,INDEX('Initial Study'!K:K, MATCH(L96, 'Initial Study'!B:B, 0)+2)<>"",NOT(ISNUMBER(INDEX('Initial Study'!K:K, MATCH(L96, 'Initial Study'!B:B, 0)+2)))),INDEX('Initial Study'!K:K, MATCH(L96, 'Initial Study'!B:B, 0)+2),"-"),"-") | AA96: =IF(S96="RE", Y96 & "BT/" & IF(Z96 <> "-", Z96 & "BT", ""), IF(OR(S96="LTDR", S96="LTSR"), Y96 & "BL" & IF(Z96 <> "-", "/" & Z96 & "BT", ""), IF(OR(S96="RTDR", S96="RTSR"), Y96 & "BR" & IF(Z96 <> "-", "/" & Z96 & "BT", ""), IF(Z96 <> "-", Y96 & "BT/" & Z96 & "BT", Y96 & "BT"))))
A97: 0 | B97: NC 218 | C97: 0 | E97: SR 1001 | F97: NC 200 | G97: NC 218 | H97: 9.786 | I97: NIS | L97: 106362077 | M97: 44109 | N97: 30 | O97: 1 | P97: 7 | Q97: 1 | R97: O | S97: =IFERROR(VLOOKUP(N97,Index!$A$1:$B$26,2,FALSE),"") | T97: =AA97 | V97: =IFERROR(INDEX(DetailedFiche!Q:Q,MATCH(L97,DetailedFiche!J:J,0)),"") | W97: =IFERROR(INDEX(DetailedFiche!R:R,MATCH(L97,DetailedFiche!J:J,0)),"") | Y97: =IFERROR(IF(AND(INDEX('Initial Study'!K:K, MATCH(L97, 'Initial Study'!B:B, 0)+1)<>0,INDEX('Initial Study'!K:K, MATCH(L97, 'Initial Study'!B:B, 0)+1)<>""),INDEX('Initial Study'!K:K, MATCH(L97, 'Initial Study'!B:B, 0)+1),""),"") | Z97: =IFERROR(IF(AND(INDEX('Initial Study'!K:K, MATCH(L97, 'Initial Study'!B:B, 0)+2)<>0,INDEX('Initial Study'!K:K, MATCH(L97, 'Initial Study'!B:B, 0)+2)<>"",NOT(ISNUMBER(INDEX('Initial Study'!K:K, MATCH(L97, 'Initial Study'!B:B, 0)+2)))),INDEX('Initial Study'!K:K, MATCH(L97, 'Initial Study'!B:B, 0)+2),"-"),"-") | AA97: =IF(S97="RE", Y97 & "BT/" & IF(Z97 <> "-", Z97 & "BT", ""), IF(OR(S97="LTDR", S97="LTSR"), Y97 & "BL" & IF(Z97 <> "-", "/" & Z97 & "BT", ""), IF(OR(S97="RTDR", S97="RTSR"), Y97 & "BR" & IF(Z97 <> "-", "/" & Z97 & "BT", ""), IF(Z97 <> "-", Y97 & "BT/" & Z97 & "BT", Y97 & "BT"))))
... A112: 650 | B112: NC 218 | C112: 0 | E112: SR 1001 | F112: CYRUS LEE | G112: NC 218 | H112: 9.786 | I112: NIS | L112: 105125636 | M112: 42890 | N112: 21 | O112: 1 | P112: 12 | Q112: 1 | R112: O | S112: =IFERROR(VLOOKUP(N112,Index!$A$1:$B$26,2,FALSE),"") | T112: =AA112 | V112: =IFERROR(INDEX(DetailedFiche!Q:Q,MATCH(L112,DetailedFiche!J:J,0)),"") | W112: =IFERROR(INDEX(DetailedFiche!R:R,MATCH(L112,DetailedFiche!J:J,0)),"") | Y112: =IFERROR(IF(AND(INDEX('Initial Study'!K:K, MATCH(L112, 'Initial Study'!B:B, 0)+1)<>0,INDEX('Initial Study'!K:K, MATCH(L112, 'Initial Study'!B:B, 0)+1)<>""),INDEX('Initial Study'!K:K, MATCH(L112, 'Initial Study'!B:B, 0)+1),""),"") | Z112: =IFERROR(IF(AND(INDEX('Initial Study'!K:K, MATCH(L112, 'Initial Study'!B:B, 0)+2)<>0,INDEX('Initial Study'!K:K, MATCH(L112, 'Initial Study'!B:B, 0)+2)<>"",NOT(ISNUMBER(INDEX('Initial Study'!K:K, MATCH(L112, 'Initial Study'!B:B, 0)+2)))),INDEX('Initial Study'!K:K, MATCH(L112, 'Initial Study'!B:B, 0)+2),"-"),"-") | AA112: =IF(S112="RE", Y112 & "BT/" & IF(Z112 <> "-", Z112 & "BT", ""), IF(OR(S112="LTDR", S112="LTSR"), Y112 & "BL" & IF(Z112 <> "-", "/" & Z112 & "BT", ""), IF(OR(S112="RTDR", S112="RTSR"), Y112 & "BR" & IF(Z112 <> "-", "/" & Z112 & "BT", ""), IF(Z112 <> "-", Y112 & "BT/" & Z112 & "BT", Y112 & "BT"))))
A113: 637 | B113: NC 218 | C113: 0.005 | D113: E | E113: LOVE MILL | F113: NC 200 | G113: NC 218 | H113: 9.791 | I113: NIS | L113: 107609800 | M113: 45322 | N113: 21 | O113: 2 | P113: 7 | Q113: 1 | R113: C | S113: =IFERROR(VLOOKUP(N113,Index!$A$1:$B$26,2,FALSE),"") | T113: =AA113 | V113: =IFERROR(INDEX(DetailedFiche!Q:Q,MATCH(L113,DetailedFiche!J:J,0)),"") | W113: =IFERROR(INDEX(DetailedFiche!R:R,MATCH(L113,DetailedFiche!J:J,0)),"") | Y113: =IFERROR(IF(AND(INDEX('Initial Study'!K:K, MATCH(L113, 'Initial Study'!B:B, 0)+1)<>0,INDEX('Initial Study'!K:K, MATCH(L113, 'Initial Study'!B:B, 0)+1)<>""),INDEX('Initial Study'!K:K, MATCH(L113, 'Initial Study'!B:B, 0)+1),""),"") | Z113: =IFERROR(IF(AND(INDEX('Initial Study'!K:K, MATCH(L113, 'Initial Study'!B:B, 0)+2)<>0,INDEX('Initial Study'!K:K, MATCH(L113, 'Initial Study'!B:B, 0)+2)<>"",NOT(ISNUMBER(INDEX('Initial Study'!K:K, MATCH(L113, 'Initial Study'!B:B, 0)+2)))),INDEX('Initial Study'!K:K, MATCH(L113, 'Initial Study'!B:B, 0)+2),"-"),"-") | AA113: =IF(S113="RE", Y113 & "BT/" & IF(Z113 <> "-", Z113 & "BT", ""), IF(OR(S113="LTDR", S113="LTSR"), Y113 & "BL" & IF(Z113 <> "-", "/" & Z113 & "BT", ""), IF(OR(S113="RTDR", S113="RTSR"), Y113 & "BR" & IF(Z113 <> "-", "/" & Z113 & "BT", ""), IF(Z113 <> "-", Y113 & "BT/" & Z113 & "BT", Y113 & "BT"))))
A114: 0 | B114: NC 218 | C114: 0.006 | D114: E | E114: SR 1001 | F114: NC 200 | G114: NC 218 | H114: 9.792 | I114: NIS | L114: 106370455 | M114: 44121 | N114: 23 | O114: 1 | P114: 7 | Q114: 1 | R114: O | S114: =IFERROR(VLOOKUP(N114,Index!$A$1:$B$26,2,FALSE),"") | T114: =AA114 | V114: =IFERROR(INDEX(DetailedFiche!Q:Q,MATCH(L114,DetailedFiche!J:J,0)),"") | W114: =IFERROR(INDEX(DetailedFiche!R:R,MATCH(L114,DetailedFiche!J:J,0)),"") | Y114: =IFERROR(IF(AND(INDEX('Initial Study'!K:K, MATCH(L114, 'Initial Study'!B:B, 0)+1)<>0,INDEX('Initial Study'!K:K, MATCH(L114, 'Initial Study'!B:B, 0)+1)<>""),INDEX('Initial Study'!K:K, MATCH(L114, 'Initial Study'!B:B, 0)+1),""),"") | Z114: =IFERROR(IF(AND(INDEX('Initial Study'!K:K, MATCH(L114, 'Initial Study'!B:B, 0)+2)<>0,INDEX('Initial Study'!K:K, MATCH(L114, 'Initial Study'!B:B, 0)+2)<>"",NOT(ISNUMBER(INDEX('Initial Study'!K:K, MATCH(L114, 'Initial Study'!B:B, 0)+2)))),INDEX('Initial Study'!K:K, MATCH(L114, 'Initial Study'!B:B, 0)+2),"-"),"-") | AA114: =IF(S114="RE", Y114 & "BT/" & IF(Z114 <> "-", Z114 & "BT", ""), IF(OR(S114="LTDR", S114="LTSR"), Y114 & "BL" & IF(Z114 <> "-", "/" & Z114 & "BT", ""), IF(OR(S114="RTDR", S114="RTSR"), Y114 & "BR" & IF(Z114 <> "-", "/" & Z114 & "BT", ""), IF(Z114 <> "-", Y114 & "BT/" & Z114 & "BT", Y114 & "BT"))))
A115: 650 | B115: NC 218 | C115: 0.028 | D115: E | E115: SR 1001 | F115: NC 200 | G115: NC 218 | H115: 9.814 | I115: NIS | L115: 104859857 | M115: 42633 | N115: 21 | O115: 1 | P115: 0 | Q115: 1 | R115: O | S115: =IFERROR(VLOOKUP(N115,Index!$A$1:$B$26,2,FALSE),"") | T115: =AA115 | V115: =IFERROR(INDEX(DetailedFiche!Q:Q,MATCH(L115,DetailedFiche!J:J,0)),"") | W115: =IFERROR(INDEX(DetailedFiche!R:R,MATCH(L115,DetailedFiche!J:J,0)),"") | Y115: =IFERROR(IF(AND(INDEX('Initial Study'!K:K, MATCH(L115, 'Initial Study'!B:B, 0)+1)<>0,INDEX('Initial Study'!K:K, MATCH(L115, 'Initial Study'!B:B, 0)+1)<>""),INDEX('Initial Study'!K:K, MATCH(L115, 'Initial Study'!B:B, 0)+1),""),"") | Z115: =IFERROR(IF(AND(INDEX('Initial Study'!K:K, MATCH(L115, 'Initial Study'!B:B, 0)+2)<>0,INDEX('Initial Study'!K:K, MATCH(L115, 'Initial Study'!B:B, 0)+2)<>"",NOT(ISNUMBER(INDEX('Initial Study'!K:K, MATCH(L115, 'Initial Study'!B:B, 0)+2)))),INDEX('Initial Study'!K:K, MATCH(L115, 'Initial Study'!B:B, 0)+2),"-"),"-") | AA115: =IF(S115="RE", Y115 & "BT/" & IF(Z115 <> "-", Z115 & "BT", ""), IF(OR(S115="LTDR", S115="LTSR"), Y115 & "BL" & IF(Z115 <> "-", "/" & Z115 & "BT", ""), IF(OR(S115="RTDR", S115="RTSR"), Y115 & "BR" & IF(Z115 <> "-", "/" & Z115 & "BT", ""), IF(Z115 <> "-", Y115 & "BT/" & Z115 & "BT", Y115 & "BT"))))
A116: 637 | B116: SIKES MILL | C116: 0.095 | D116: N | E116: BRIEF | F116: OLD FERRY | G116: SIKES MILL | H116: 999.999 | I116: NIS | L116: 105713579 | M116: 43452 | N116: 17 | O116: 1 | P116: 0 | Q116: 1 | R116: O | S116: =IFERROR(VLOOKUP(N116,Index!$A$1:$B$26,2,FALSE),"") | T116: =AA116 | V116: =IFERROR(INDEX(DetailedFiche!Q:Q,MATCH(L116,DetailedFiche!J:J,0)),"") | W116: =IFERROR(INDEX(DetailedFiche!R:R,MATCH(L116,DetailedFiche!J:J,0)),"") | Y116: =IFERROR(IF(AND(INDEX('Initial Study'!K:K, MATCH(L116, 'Initial Study'!B:B, 0)+1)<>0,INDEX('Initial Study'!K:K, MATCH(L116, 'Initial Study'!B:B, 0)+1)<>""),INDEX('Initial Study'!K:K, MATCH(L116, 'Initial Study'!B:B, 0)+1),""),"") | Z116: =IFERROR(IF(AND(INDEX('Initial Study'!K:K, MATCH(L116, 'Initial Study'!B:B, 0)+2)<>0,INDEX('Initial Study'!K:K, MATCH(L116, 'Initial Study'!B:B, 0)+2)<>"",NOT(ISNUMBER(INDEX('Initial Study'!K:K, MATCH(L116, 'Initial Study'!B:B, 0)+2)))),INDEX('Initial Study'!K:K, MATCH(L116, 'Initial Study'!B:B, 0)+2),"-"),"-") | AA116: =IF(S116="RE", Y116 & "BT/" & IF(Z116 <> "-", Z116 & "BT", ""), IF(OR(S116="LTDR", S116="LTSR"), Y116 & "BL" & IF(Z116 <> "-", "/" & Z116 & "BT", ""), IF(OR(S116="RTDR", S116="RTSR"), Y116 & "BR" & IF(Z116 <> "-", "/" & Z116 & "BT", ""), IF(Z116 <> "-", Y116 & "BT/" & Z116 & "BT", Y116 & "BT"))))
A117: 637 | B117: SIKES MILL | C117: 0.19 | D117: N | E117: BRIEF | F117: OLD FERRY | G117: SIKES MILL | H117: 999.999 | I117: NIS | L117: 108485442 | M117: 46146 | N117: 17 | O117: 1 | Q117: 1 | R117: O | S117: =IFERROR(VLOOKUP(N117,Index!$A$1:$B$26,2,FALSE),"") | T117: =AA117 | V117: =IFERROR(INDEX(DetailedFiche!Q:Q,MATCH(L117,DetailedFiche!J:J,0)),"") | W117: =IFERROR(INDEX(DetailedFiche!R:R,MATCH(L117,DetailedFiche!J:J,0)),"") | Y117: =IFERROR(IF(AND(INDEX('Initial Study'!K:K, MATCH(L117, 'Initial Study'!B:B, 0)+1)<>0,INDEX('Initial Study'!K:K, MATCH(L117, 'Initial Study'!B:B, 0)+1)<>""),INDEX('Initial Study'!K:K, MATCH(L117, 'Initial Study'!B:B, 0)+1),""),"") | Z117: =IFERROR(IF(AND(INDEX('Initial Study'!K:K, MATCH(L117, 'Initial Study'!B:B, 0)+2)<>0,INDEX('Initial Study'!K:K, MATCH(L117, 'Initial Study'!B:B, 0)+2)<>"",NOT(ISNUMBER(INDEX('Initial Study'!K:K, MATCH(L117, 'Initial Study'!B:B, 0)+2)))),INDEX('Initial Study'!K:K, MATCH(L117, 'Initial Study'!B:B, 0)+2),"-"),"-") | AA117: =IF(S117="RE", Y117 & "BT/" & IF(Z117 <> "-", Z117 & "BT", ""), IF(OR(S117="LTDR", S117="LTSR"), Y117 & "BL" & IF(Z117 <> "-", "/" & Z117 & "BT", ""), IF(OR(S117="RTDR", S117="RTSR"), Y117 & "BR" & IF(Z117 <> "-", "/" & Z117 & "BT", ""), IF(Z117 <> "-", Y117 & "BT/" & Z117 & "BT", Y117 & "BT"))))
A118: 637 | B118: SIKES MILL | C118: 0.35 | D118: S | E118: BRIEF | F118: NC 218 | G118: SIKES MILL | H118: 999.999 | I118: NIS | L118: 107562589 | M118: 45274 | N118: 19 | O118: 1 | P118: 0 | Q118: 1 | R118: O | S118: =IFERROR(VLOOKUP(N118,Index!$A$1:$B$26,2,FALSE),"") | T118: =AA118 | V118: =IFERROR(INDEX(DetailedFiche!Q:Q,MATCH(L118,DetailedFiche!J:J,0)),"") | W118: =IFERROR(INDEX(DetailedFiche!R:R,MATCH(L118,DetailedFiche!J:J,0)),"") | Y118: =IFERROR(IF(AND(INDEX('Initial Study'!K:K, MATCH(L118, 'Initial Study'!B:B, 0)+1)<>0,INDEX('Initial Study'!K:K, MATCH(L118, 'Initial Study'!B:B, 0)+1)<>""),INDEX('Initial Study'!K:K, MATCH(L118, 'Initial Study'!B:B, 0)+1),""),"") | Z118: =IFERROR(IF(AND(INDEX('Initial Study'!K:K, MATCH(L118, 'Initial Study'!B:B, 0)+2)<>0,INDEX('Initial Study'!K:K, MATCH(L118, 'Initial Study'!B:B, 0)+2)<>"",NOT(ISNUMBER(INDEX('Initial Study'!K:K, MATCH(L118, 'Initial Study'!B:B, 0)+2)))),INDEX('Initial Study'!K:K, MATCH(L118, 'Initial Study'!B:B, 0)+2),"-"),"-") | AA118: =IF(S118="RE", Y118 & "BT/" & IF(Z118 <> "-", Z118 & "BT", ""), IF(OR(S118="LTDR", S118="LTSR"), Y118 & "BL" & IF(Z118 <> "-", "/" & Z118 & "BT", ""), IF(OR(S118="RTDR", S118="RTSR"), Y118 & "BR" & IF(Z118 <> "-", "/" & Z118 & "BT", ""), IF(Z118 <> "-", Y118 & "BT/" & Z118 & "BT", Y118 & "BT"))))
A119: 558 | B119: SIKES MILL | C119: 0.3 | D119: N | E119: CARRIKER | F119: *LCL OLD FISH RD | G119: SIKES MILL | H119: 999.999 | I119: NIS | L119: 108496852 | M119: 46155 | N119: 17 | O119: 1 | P119: 0 | Q119: 5 | R119: O | S119: =IFERROR(VLOOKUP(N119,Index!$A$1:$B$26,2,FALSE),"") | T119: =AA119 | V119: =IFERROR(INDEX(DetailedFiche!Q:Q,MATCH(L119,DetailedFiche!J:J,0)),"") | W119: =IFERROR(INDEX(DetailedFiche!R:R,MATCH(L119,DetailedFiche!J:J,0)),"") | Y119: =IFERROR(IF(AND(INDEX('Initial Study'!K:K, MATCH(L119, 'Initial Study'!B:B, 0)+1)<>0,INDEX('Initial Study'!K:K, MATCH(L119, 'Initial Study'!B:B, 0)+1)<>""),INDEX('Initial Study'!K:K, MATCH(L119, 'Initial Study'!B:B, 0)+1),""),"") | Z119: =IFERROR(IF(AND(INDEX('Initial Study'!K:K, MATCH(L119, 'Initial Study'!B:B, 0)+2)<>0,INDEX('Initial Study'!K:K, MATCH(L119, 'Initial Study'!B:B, 0)+2)<>"",NOT(ISNUMBER(INDEX('Initial Study'!K:K, MATCH(L119, 'Initial Study'!B:B, 0)+2)))),INDEX('Initial Study'!K:K, MATCH(L119, 'Initial Study'!B:B, 0)+2),"-"),"-") | AA119: =IF(S119="RE", Y119 & "BT/" & IF(Z119 <> "-", Z119 & "BT", ""), IF(OR(S119="LTDR", S119="LTSR"), Y119 & "BL" & IF(Z119 <> "-", "/" & Z119 & "BT", ""), IF(OR(S119="RTDR", S119="RTSR"), Y119 & "BR" & IF(Z119 <> "-", "/" & Z119 & "BT", ""), IF(Z119 <> "-", Y119 & "BT/" & Z119 & "BT", Y119 & "BT"))))
A120: 558 | B120: SIKES MILL | C120: 0.038 | D120: N | E120: CLONTZ LONG | F120: *LCL TYLER RIDGE CT | G120: SIKES MILL | H120: 999.999 | I120: NIS | L120: 107553868 | M120: 45262 | N120: 17 | O120: 1 | P120: 0 | Q120: 5 | R120: O | S120: =IFERROR(VLOOKUP(N120,Index!$A$1:$B$26,2,FALSE),"") | T120: =AA120 | V120: =IFERROR(INDEX(DetailedFiche!Q:Q,MATCH(L120,DetailedFiche!J:J,0)),"") | W120: =IFERROR(INDEX(DetailedFiche!R:R,MATCH(L120,DetailedFiche!J:J,0)),"") | Y120: =IFERROR(IF(AND(INDEX('Initial Study'!K:K, MATCH(L120, 'Initial Study'!B:B, 0)+1)<>0,INDEX('Initial Study'!K:K, MATCH(L120, 'Initial Study'!B:B, 0)+1)<>""),INDEX('Initial Study'!K:K, MATCH(L120, 'Initial Study'!B:B, 0)+1),""),"") | Z120: =IFERROR(IF(AND(INDEX('Initial Study'!K:K, MATCH(L120, 'Initial Study'!B:B, 0)+2)<>0,INDEX('Initial Study'!K:K, MATCH(L120, 'Initial Study'!B:B, 0)+2)<>"",NOT(ISNUMBER(INDEX('Initial Study'!K:K, MATCH(L120, 'Initial Study'!B:B, 0)+2)))),INDEX('Initial Study'!K:K, MATCH(L120, 'Initial Study'!B:B, 0)+2),"-"),"-") | AA120: =IF(S120="RE", Y120 & "BT/" & IF(Z120 <> "-", Z120 & "BT", ""), IF(OR(S120="LTDR", S120="LTSR"), Y120 & "BL" & IF(Z120 <> "-", "/" & Z120 & "BT", ""), IF(OR(S120="RTDR", S120="RTSR"), Y120 & "BR" & IF(Z120 <> "-", "/" & Z120 & "BT", ""), IF(Z120 <> "-", Y120 & "BT/" & Z120 & "BT", Y120 & "BT"))))
A121: 558 | B121: SIKES MILL | C121: 0.15 | D121: S | E121: CLONTZ LONG | F121: UNIONVILLE | G121: SIKES MILL | H121: 999.999 | I121: NIS | L121: 107408108 | M121: 45134 | N121: 29 | O121: 1 | P121: 0 | Q121: 1 | R121: O | S121: =IFERROR(VLOOKUP(N121,Index!$A$1:$B$26,2,FALSE),"") | T121: =AA121 | V121: =IFERROR(INDEX(DetailedFiche!Q:Q,MATCH(L121,DetailedFiche!J:J,0)),"") | W121: =IFERROR(INDEX(DetailedFiche!R:R,MATCH(L121,DetailedFiche!J:J,0)),"") | Y121: =IFERROR(IF(AND(INDEX('Initial Study'!K:K, MATCH(L121, 'Initial Study'!B:B, 0)+1)<>0,INDEX('Initial Study'!K:K, MATCH(L121, 'Initial Study'!B:B, 0)+1)<>""),INDEX('Initial Study'!K:K, MATCH(L121, 'Initial Study'!B:B, 0)+1),""),"") | Z121: =IFERROR(IF(AND(INDEX('Initial Study'!K:K, MATCH(L121, 'Initial Study'!B:B, 0)+2)<>0,INDEX('Initial Study'!K:K, MATCH(L121, 'Initial Study'!B:B, 0)+2)<>"",NOT(ISNUMBER(INDEX('Initial Study'!K:K, MATCH(L121, 'Initial Study'!B:B, 0)+2)))),INDEX('Initial Study'!K:K, MATCH(L121, 'Initial Study'!B:B, 0)+2),"-"),"-") | AA121: =IF(S121="RE", Y121 & "BT/" & IF(Z121 <> "-", Z121 & "BT", ""), IF(OR(S121="LTDR", S121="LTSR"), Y121 & "BL" & IF(Z121 <> "-", "/" & Z121 & "BT", ""), IF(OR(S121="RTDR", S121="RTSR"), Y121 & "BR" & IF(Z121 <> "-", "/" & Z121 & "BT", ""), IF(Z121 <> "-", Y121 & "BT/" & Z121 & "BT", Y121 & "BT"))))
...

Sheet ID
A1: Crash ID | B1: CRASH | C1: IS? | D1: Fiche? | H1: CRASH | I1: ID | J1: ON | K1: RD | L1: CD | M1: SVRTY | N1: DATE | O1: TYPE
A2: 105722912 | B2: 104716467 | D2: YES | H2: 104716467 | I2: 40001617 | J2: 5 | K2: 42487 | L2: 0.81944444 | M2: 30
A3: 104698395 | B3: 104890928 | D3: YES | H3: 104890928 | I3: 40001001 | J3: 4 | K3: 42653 | L3: 0.36805556 | M3: 30
A4: 107479024 | B4: 104901954 | D4: YES | H4: 104901954 | I4: 40001001 | J4: 5 | K4: 42676 | L4: 0.31736111 | M4: 30
A5: 107442545 | B5: 104942804 | D5: YES | H5: 104942804 | I5: 40001001 | J5: 3 | K5: 42712 | L5: 0.67291667 | M5: 30
A6: 108377465 | B6: 104987740 | D6: YES | H6: 104987740 | I6: 40001001 | J6: 3 | K6: 42760 | L6: 0.56944444 | M6: 30
A7: 108397947 | B7: 105210461 | D7: YES | H7: 105210461 | I7: 40001001 | J7: 4 | K7: 42977 | L7: 0.33888889 | M7: 30
A8: 107756918 | B8: 105326435 | D8: YES | H8: 105326435 | I8: 40001001 | J8: 2 | K8: 43085 | L8: 0.48819444 | M8: 30
A9: 108479327 | B9: 105520583 | D9: YES | H9: 105520583 | I9: 40001001 | J9: 5 | K9: 43271 | L9: 0.8125 | M9: 19
A10: 107528155 | B10: 105535858 | D10: YES | H10: 105535858 | I10: 40001001 | J10: 3 | K10: 43290 | L10: 0.35347222 | M10: 30
A11: 105971602 | B11: 105553349 | D11: YES | H11: 105553349 | I11: 40001001 | J11: 5 | K11: 43304 | L11: 0.80486111 | M11: 18
A12: 107250998 | B12: 105885258 | D12: YES | H12: 105885258 | I12: 40001617 | J12: 5 | K12: 43620 | L12: 0.32013889 | M12: 29
A13: 105983673 | B13: 106126767 | D13: YES | H13: 106126767 | I13: 40001001 | J13: 5 | K13: 43843 | L13: 0.55069444 | M13: 21
... A23: 105060300 | B23: 108279485 | D23: YES | H23: 108279485 | I23: 40001001 | J23: 4 | K23: 45953 | L23: 0.53680556 | M23: 30
A24: 104865813
A25: 104945962
A26: 104950470
A27: 107118944
A28: 107711938
A29: 105740561
A30: 108247372
A31: 107683218
A32: 105226618
A33: 108319024
A34: 107926331
A35: 108430866
... A588: 105387411

Sheet Index
A1: 0 | B1: unknown
A2: 1 | B2: ROR-R
A3: 2 | B3: ROR-L
A4: 3 | B4: ROR-T
A5: 4 | B5: jackknife
A6: 5 | B6: overturn
A7: 13 | B7: other
A8: 14 | B8: pedestrian
A9: 15 | B9: cyclist
A10: 16 | B10: RR
A11: 17 | B11: animal
A12: 18 | B12: MO
... A26: 32 | B26: other

Sheet Initial Study
B1: North Carolina Department of Transportation Traffic Engineering Accident Analysis System Intersection Analysis Report
A2: Study Criteria Summary
A3: County: | B3: UNION | C3: City: | D3: All and Rural
A4: Date: | B4: 42461 | C4: to | D4: 46203 | E4: Study: | F4: 41000076160
A5: Location: | B5: SR 1001 (Sikes Mill Road) at SR 1617 (Tom Boyd Road)
A6: Report Details
A7: Acc No | B7: Crash ID | C7: Date | D7: Accident Type | E7: Total Damage | F7: Injuries | G7: F | H7: A | I7: B | J7: C | K7: R | L7: Condition | M7: L | N7: W | O7: Road | P7: Ch | Q7: Ci | R7: Dv | S7: Trfc Ctl | T7: Op
A8: 1 | B8: 104716467 | C8: 42487.819 | D8: ANGLE | E8: $ | F8: 15000 | G8: 0 | H8: 0 | I8: 0 | J8: 0 | K8: 1 | L8: 1 | M8: 1 | N8: 1 | O8: 0 | P8: 1 | Q8: 1
A9: Unit | B9: 1 | C9: : | D9: 4 | E9: Alchl/Drgs: | F9: 0 | G9: Speed: | H9: 0 | I9: MPH | J9: Dir: | K9: E | L9: Veh Mnvr / Ped Actn: | M9: 4 | N9: Obj Strk:
A10: Unit | B10: 2 | C10: : | D10: 5 | E10: Alchl/Drgs: | F10: 0 | G10: Speed: | H10: 45 | I10: MPH | J10: Dir: | K10: S | L10: Veh Mnvr / Ped Actn: | M10: 4 | N10: Obj Strk:
A11: 2 | B11: 104890928 | C11: 42653.368 | D11: ANGLE | E11: $ | F11: 2660 | G11: 0 | H11: 0 | I11: 0 | J11: 3 | K11: 1 | L11: 1 | M11: 1 | N11: 3 | O11: 0 | P11: 1 | Q11: 1
A12: Unit | B12: 1 | C12: : | D12: 1 | E12: Alchl/Drgs: | F12: 0 | G12: Speed: | H12: 55 | I12: MPH | J12: Dir: | K12: SW | L12: Veh Mnvr / Ped Actn: | M12: 4 | N12: Obj Strk:
A13: Unit | B13: 2 | C13: : | D13: 2 | E13: Alchl/Drgs: | F13: 0 | G13: Speed: | H13: 5 | I13: MPH | J13: Dir: | K13: NW | L13: Veh Mnvr / Ped Actn: | M13: 4 | N13: Obj Strk:
A14: 3 | B14: 104901954 | C14: 42676.317 | D14: ANGLE | E14: $ | F14: 11500 | G14: 0 | H14: 0 | I14: 0 | J14: 0 | K14: 1 | L14: 1 | M14: 1 | N14: 2 | O14: 0 | P14: 1 | Q14: 1
A15: Unit | B15: 1 | C15: : | D15: 2 | E15: Alchl/Drgs: | F15: 0 | G15: Speed: | H15: 0 | I15: MPH | J15: Dir: | K15: W | L15: Veh Mnvr / Ped Actn: | M15: 4 | N15: Obj Strk:
A16: Unit | B16: 2 | C16: : | D16: 1 | E16: Alchl/Drgs: | F16: 0 | G16: Speed: | H16: 45 | I16: MPH | J16: Dir: | K16: S | L16: Veh Mnvr / Ped Actn: | M16: 4 | N16: Obj Strk:
A17: Unit | B17: 3 | C17: : | D17: 4 | E17: Alchl/Drgs: | F17: 0 | G17: Speed: | H17: 45 | I17: MPH | J17: Dir: | K17: E | L17: Veh Mnvr / Ped Actn: | M17: 1 | N17: Obj Strk:
A18: 4 | B18: 104942804 | C18: 42712.673 | D18: ANGLE | E18: $ | F18: 7000 | G18: 0 | H18: 0 | I18: 1 | J18: 0 | K18: 1 | L18: 1 | M18: 2 | N18: 3 | O18: 0 | P18: 1 | Q18: 1
A19: Unit | B19: 1 | C19: : | D19: 1 | E19: Alchl/Drgs: | F19: 0 | G19: Speed: | H19: 10 | I19: MPH | J19: Dir: | K19: W | L19: Veh Mnvr / Ped Actn: | M19: 4 | N19: Obj Strk:
A20: Unit | B20: 2 | C20: : | D20: 1 | E20: Alchl/Drgs: | F20: 0 | G20: Speed: | H20: 60 | I20: MPH | J20: Dir: | K20: S | L20: Veh Mnvr / Ped Actn: | M20: 4 | N20: Obj Strk:
A21: 5 | B21: 104987740 | C21: 42760.569 | D21: ANGLE | E21: $ | F21: 10575 | G21: 0 | H21: 0 | I21: 3 | J21: 3 | K21: 1 | L21: 1 | M21: 1 | N21: 3 | O21: 0 | P21: 1 | Q21: 1
A22: Unit | B22: 1 | C22: : | D22: 1 | E22: Alchl/Drgs: | F22: 0 | G22: Speed: | H22: 45 | I22: MPH | J22: Dir: | K22: W | L22: Veh Mnvr / Ped Actn: | M22: 4 | N22: Obj Strk:
A23: Unit | B23: 2 | C23: : | D23: 4 | E23: Alchl/Drgs: | F23: 0 | G23: Speed: | H23: 50 | I23: MPH | J23: Dir: | K23: S | L23: Veh Mnvr / Ped Actn: | M23: 4 | N23: Obj Strk: | O23: 60
A24: 6 | B24: 105210461 | C24: 42977.339 | D24: ANGLE | E24: $ | F24: 4500 | G24: 0 | H24: 0 | I24: 0 | J24: 2 | K24: 1 | L24: 1 | M24: 1 | N24: 3 | O24: 0 | P24: 1 | Q24: 1
A25: Unit | B25: 1 | C25: : | D25: 4 | E25: Alchl/Drgs: | F25: 0 | G25: Speed: | H25: 0 | I25: MPH | J25: Dir: | K25: E | L25: Veh Mnvr / Ped Actn: | M25: 4 | N25: Obj Strk:
A26: Unit | B26: 2 | C26: : | D26: 7 | E26: Alchl/Drgs: | F26: 0 | G26: Speed: | H26: 45 | I26: MPH | J26: Dir: | K26: N | L26: Veh Mnvr / Ped Actn: | M26: 4 | N26: Obj Strk:
A27: 7 | B27: 105326435 | C27: 43085.488 | D27: ANGLE | E27: $ | F27: 20000 | G27: 0 | H27: 1 | I27: 1 | J27: 0 | K27: 1 | L27: 1 | M27: 1 | N27: 1 | O27: 0 | P27: 1 | Q27: 1
A28: Unit | B28: 1 | C28: : | D28: 14 | E28: Alchl/Drgs: | F28: 0 | G28: Speed: | H28: 45 | I28: MPH | J28: Dir: | K28: S | L28: Veh Mnvr / Ped Actn: | M28: 4 | N28: Obj Strk: | O28: 58
A29: Unit | B29: 2 | C29: : | D29: 1 | E29: Alchl/Drgs: | F29: 0 | G29: Speed: | H29: 55 | I29: MPH | J29: Dir: | K29: E | L29: Veh Mnvr / Ped Actn: | M29: 4 | N29: Obj Strk:
B30: 46254 | C30: All data presented in this report comes explicitly from the Traffic Engineering Accident Analysis System based upon various input criteria provided by the report's creator. The onus is strictly upon the user of this report to exercise due diligence in interpreting and further representing this data. | D30: -1-
B31: North Carolina Department of Transportation Traffic Engineering Accident Analysis System Intersection Analysis Report
A32: Acc No | B32: Crash ID | C32: Date | D32: Accident Type | E32: Total Damage | F32: Injuries | G32: F | H32: A | I32: B | J32: C | K32: R | L32: Condition | M32: L | N32: W | O32: Road | P32: Ch | Q32: Ci | R32: Dv | S32: Trfc Ctl | T32: Op
A33: 8 | B33: 105520583 | C33: 43271.812 | D33: FIXED OBJECT | E33: $ | F33: 1000 | G33: 0 | H33: 0 | I33: 0 | J33: 0 | K33: 2 | L33: 1 | M33: 3 | N33: 5 | O33: 0 | P33: 13 | Q33: 1
A34: Unit | B34: 1 | C34: : | D34: 1 | E34: Alchl/Drgs: | F34: 0 | G34: Speed: | H34: 35 | I34: MPH | J34: Dir: | K34: N | L34: Veh Mnvr / Ped Actn: | M34: 4 | N34: Obj Strk: | O34: 58
A35: 9 | B35: 105535858 | C35: 43290.353 | D35: ANGLE | E35: $ | F35: 28650 | G35: 0 | H35: 0 | I35: 2 | J35: 0 | K35: 1 | L35: 1 | M35: 1 | N35: 1 | O35: 0 | P35: 1 | Q35: 1
A36: Unit | B36: 1 | C36: : | D36: 1 | E36: Alchl/Drgs: | F36: 0 | G36: Speed: | H36: 50 | I36: MPH | J36: Dir: | K36: SE | L36: Veh Mnvr / Ped Actn: | M36: 4 | N36: Obj Strk: | O36: 64
A37: Unit | B37: 2 | C37: : | D37: 4 | E37: Alchl/Drgs: | F37: 0 | G37: Speed: | H37: 45 | I37: MPH | J37: Dir: | K37: SW | L37: Veh Mnvr / Ped Actn: | M37: 4 | N37: Obj Strk:
A38: Unit | B38: 3 | C38: : | D38: 2 | E38: Alchl/Drgs: | F38: 7 | G38: Speed: | H38: 0 | I38: MPH | J38: Dir: | K38: W | L38: Veh Mnvr / Ped Actn: | M38: 2 | N38: Obj Strk:
A39: 10 | B39: 105553349 | C39: 43304.805 | D39: MOVABLE OBJECT | E39: $ | F39: 500 | G39: 0 | H39: 0 | I39: 0 | J39: 0 | K39: 2 | L39: 1 | M39: 3 | N39: 7 | O39: 0 | P39: 13 | Q39: 1
A40: Unit | B40: 1 | C40: : | D40: 1 | E40: Alchl/Drgs: | F40: 0 | G40: Speed: | H40: 65 | I40: MPH | J40: Dir: | K40: N | L40: Veh Mnvr / Ped Actn: | M40: 4 | N40: Obj Strk: | O40: 18
A41: 11 | B41: 105885258 | C41: 43620.32 | D41: SIDESWIPE, OPPOSITE DIRECTION | E41: $ | F41: 500 | G41: 0 | H41: 0 | I41: 0 | J41: 0 | K41: 1 | L41: 1 | M41: 1 | N41: 1 | O41: 0 | P41: 0
A42: Unit | B42: 1 | C42: : | D42: 32 | E42: Alchl/Drgs: | F42: 7 | G42: Speed: | H42: 55 | I42: MPH | J42: Dir: | K42: W | L42: Veh Mnvr / Ped Actn: | M42: 4 | N42: Obj Strk:
A43: Unit | B43: 2 | C43: : | D43: 2 | E43: Alchl/Drgs: | F43: 0 | G43: Speed: | H43: 55 | I43: MPH | J43: Dir: | K43: E | L43: Veh Mnvr / Ped Actn: | M43: 4 | N43: Obj Strk:
A44: 12 | B44: 106126767 | C44: 43843.551 | D44: REAR END, SLOW OR STOP | E44: $ | F44: 10000 | G44: 0 | H44: 0 | I44: 0 | J44: 0 | K44: 2 | L44: 1 | M44: 2 | N44: 1 | O44: 0 | P44: 14 | Q44: 1
A45: Unit | B45: 1 | C45: : | D45: 2 | E45: Alchl/Drgs: | F45: 0 | G45: Speed: | H45: 45 | I45: MPH | J45: Dir: | K45: S | L45: Veh Mnvr / Ped Actn: | M45: 4 | N45: Obj Strk:
A46: Unit | B46: 2 | C46: : | D46: 1 | E46: Alchl/Drgs: | F46: 0 | G46: Speed: | H46: 15 | I46: MPH | J46: Dir: | K46: S | L46: Veh Mnvr / Ped Actn: | M46: 11 | N46: Obj Strk:
A47: Unit | B47: 3 | C47: : | D47: 1 | E47: Alchl/Drgs: | F47: 0 | G47: Speed: | H47: 10 | I47: MPH | J47: Dir: | K47: S | L47: Veh Mnvr / Ped Actn: | M47: 1 | N47: Obj Strk:
A48: 13 | B48: 106133705 | C48: 43853.333 | D48: ANGLE | E48: $ | F48: 10000 | G48: 0 | H48: 0 | I48: 0 | J48: 0 | K48: 1 | L48: 1 | M48: 2 | N48: 1 | O48: 0 | P48: 1 | Q48: 1
A49: Unit | B49: 1 | C49: : | D49: 2 | E49: Alchl/Drgs: | F49: 0 | G49: Speed: | H49: 15 | I49: MPH | J49: Dir: | K49: E | L49: Veh Mnvr / Ped Actn: | M49: 4 | N49: Obj Strk:
A50: Unit | B50: 2 | C50: : | D50: 1 | E50: Alchl/Drgs: | F50: 0 | G50: Speed: | H50: 45 | I50: MPH | J50: Dir: | K50: N | L50: Veh Mnvr / Ped Actn: | M50: 4 | N50: Obj Strk:
A51: 14 | B51: 106286453 | C51: 44037.431 | D51: ANGLE | E51: $ | F51: 8000 | G51: 0 | H51: 0 | I51: 0 | J51: 4 | K51: 1 | L51: 1 | M51: 1 | N51: 1 | O51: 0 | P51: 1 | Q51: 1
A52: Unit | B52: 1 | C52: : | D52: 4 | E52: Alchl/Drgs: | F52: 0 | G52: Speed: | H52: 10 | I52: MPH | J52: Dir: | K52: E | L52: Veh Mnvr / Ped Actn: | M52: 4 | N52: Obj Strk:
A53: Unit | B53: 2 | C53: : | D53: 4 | E53: Alchl/Drgs: | F53: 0 | G53: Speed: | H53: 55 | I53: MPH | J53: Dir: | K53: N | L53: Veh Mnvr / Ped Actn: | M53: 4 | N53: Obj Strk:
A54: 15 | B54: 106743409 | C54: 44494.814 | D54: ANGLE | E54: $ | F54: 8600 | G54: 0 | H54: 0 | I54: 0 | J54: 0 | K54: 1 | L54: 5 | M54: 2 | N54: 1 | O54: 0 | P54: 1 | Q54: 1
A55: Unit | B55: 1 | C55: : | D55: 1 | E55: Alchl/Drgs: | F55: 0 | G55: Speed: | H55: 0 | I55: MPH | J55: Dir: | K55: N | L55: Veh Mnvr / Ped Actn: | M55: 4 | N55: Obj Strk:
A56: Unit | B56: 2 | C56: : | D56: 1 | E56: Alchl/Drgs: | F56: 0 | G56: Speed: | H56: 8 | I56: MPH | J56: Dir: | K56: E | L56: Veh Mnvr / Ped Actn: | M56: 4 | N56: Obj Strk:
A57: 16 | B57: 106772984 | C57: 44519.344 | D57: ANGLE | E57: $ | F57: 3000 | G57: 0 | H57: 0 | I57: 0 | J57: 0 | K57: 1 | L57: 1 | M57: 1 | N57: 1 | O57: 0 | P57: 1 | Q57: 1
A58: Unit | B58: 1 | C58: : | D58: 1 | E58: Alchl/Drgs: | F58: 0 | G58: Speed: | H58: 15 | I58: MPH | J58: Dir: | K58: W | L58: Veh Mnvr / Ped Actn: | M58: 4 | N58: Obj Strk:
A59: Unit | B59: 2 | C59: : | D59: 4 | E59: Alchl/Drgs: | F59: 0 | G59: Speed: | H59: 10 | I59: MPH | J59: Dir: | K59: S | L59: Veh Mnvr / Ped Actn: | M59: 4 | N59: Obj Strk:
B60: 46254 | C60: All data presented in this report comes explicitly from the Traffic Engineering Accident Analysis System based upon various input criteria provided by the report's creator. The onus is strictly upon the user of this report to exercise due diligence in interpreting and further representing this data. | D60: -2-
B61: North Carolina Department of Transportation Traffic Engineering Accident Analysis System Intersection Analysis Report
A62: Acc No | B62: Crash ID | C62: Date | D62: Accident Type | E62: Total Damage | F62: Injuries | G62: F | H62: A | I62: B | J62: C | K62: R | L62: Condition | M62: L | N62: W | O62: Road | P62: Ch | Q62: Ci | R62: Dv | S62: Trfc Ctl | T62: Op
A63: 17 | B63: 107601791 | C63: 45314.344 | D63: ANGLE | E63: $ | F63: 3500 | G63: 0 | H63: 0 | I63: 0 | J63: 0 | K63: 2 | L63: 1 | M63: 3 | N63: 1 | O63: 0 | P63: 1 | Q63: 1
A64: Unit | B64: 1 | C64: : | D64: 2 | E64: Alchl/Drgs: | F64: 0 | G64: Speed: | H64: 10 | I64: MPH | J64: Dir: | K64: E | L64: Veh Mnvr / Ped Actn: | M64: 4 | N64: Obj Strk:
A65: Unit | B65: 2 | C65: : | D65: 4 | E65: Alchl/Drgs: | F65: 0 | G65: Speed: | H65: 10 | I65: MPH | J65: Dir: | K65: S | L65: Veh Mnvr / Ped Actn: | M65: 4 | N65: Obj Strk:
A66: 18 | B66: 107870118 | C66: 45568.635 | D66: ANGLE | E66: $ | F66: 16000 | G66: 0 | H66: 0 | I66: 0 | J66: 0 | K66: 1 | L66: 1 | M66: 1 | N66: 1 | O66: 0 | P66: 1 | Q66: 1
A67: Unit | B67: 1 | C67: : | D67: 4 | E67: Alchl/Drgs: | F67: 0 | G67: Speed: | H67: 25 | I67: MPH | J67: Dir: | K67: N | L67: Veh Mnvr / Ped Actn: | M67: 4 | N67: Obj Strk:
A68: Unit | B68: 2 | C68: : | D68: 5 | E68: Alchl/Drgs: | F68: 0 | G68: Speed: | H68: 10 | I68: MPH | J68: Dir: | K68: E | L68: Veh Mnvr / Ped Actn: | M68: 4 | N68: Obj Strk:
A69: 19 | B69: 107902086 | C69: 45593.758 | D69: ANGLE | E69: $ | F69: 6000 | G69: 0 | H69: 0 | I69: 0 | J69: 0 | K69: 1 | L69: 1 | M69: 1 | N69: 1 | O69: 0 | P69: 1 | Q69: 1
A70: Unit | B70: 1 | C70: : | D70: 4 | E70: Alchl/Drgs: | F70: 0 | G70: Speed: | H70: 0 | I70: MPH | J70: Dir: | K70: N | L70: Veh Mnvr / Ped Actn: | M70: 4 | N70: Obj Strk:
A71: Unit | B71: 2 | C71: : | D71: 1 | E71: Alchl/Drgs: | F71: 0 | G71: Speed: | H71: 0 | I71: MPH | J71: Dir: | K71: E | L71: Veh Mnvr / Ped Actn: | M71: 4 | N71: Obj Strk:
A72: 20 | B72: 107945637 | C72: 45630.646 | D72: REAR END, SLOW OR STOP | E72: $ | F72: 1800 | G72: 0 | H72: 0 | I72: 0 | J72: 1 | K72: 1 | L72: 1 | M72: 1 | N72: 1 | O72: 0 | P72: 1 | Q72: 1
A73: Unit | B73: 1 | C73: : | D73: 1 | E73: Alchl/Drgs: | F73: 0 | G73: Speed: | H73: 35 | I73: MPH | J73: Dir: | K73: S | L73: Veh Mnvr / Ped Actn: | M73: 4 | N73: Obj Strk:
A74: Unit | B74: 2 | C74: : | D74: 1 | E74: Alchl/Drgs: | F74: 0 | G74: Speed: | H74: 0 | I74: MPH | J74: Dir: | K74: S | L74: Veh Mnvr / Ped Actn: | M74: 1 | N74: Obj Strk:
A75: 21 | B75: 108250468 | C75: 45931.837 | D75: ANGLE | E75: $ | F75: 5500 | G75: 0 | H75: 0 | I75: 0 | J75: 0 | K75: 1 | L75: 5 | M75: 1 | N75: 1 | O75: 0 | P75: 1 | Q75: 1
A76: Unit | B76: 1 | C76: : | D76: 4 | E76: Alchl/Drgs: | F76: 0 | G76: Speed: | H76: 0 | I76: MPH | J76: Dir: | K76: E | L76: Veh Mnvr / Ped Actn: | M76: 4 | N76: Obj Strk:
A77: Unit | B77: 2 | C77: : | D77: 1 | E77: Alchl/Drgs: | F77: 0 | G77: Speed: | H77: 0 | I77: MPH | J77: Dir: | K77: S | L77: Veh Mnvr / Ped Actn: | M77: 4 | N77: Obj Strk:
A78: 22 | B78: 108279485 | C78: 45953.537 | D78: ANGLE | E78: $ | F78: 2000 | G78: 0 | H78: 0 | I78: 0 | J78: 1 | K78: 1 | L78: 1 | M78: 1 | N78: 1 | O78: 0 | P78: 1 | Q78: 1
A79: Unit | B79: 1 | C79: : | D79: 4 | E79: Alchl/Drgs: | F79: 0 | G79: Speed: | H79: 45 | I79: MPH | J79: Dir: | K79: E | L79: Veh Mnvr / Ped Actn: | M79: 4 | N79: Obj Strk:
A80: Unit | B80: 2 | C80: : | D80: 2 | E80: Alchl/Drgs: | F80: 0 | G80: Speed: | H80: 0 | I80: MPH | J80: Dir: | K80: N | L80: Veh Mnvr / Ped Actn: | M80: 4 | N80: Obj Strk:
A81: Legend for Report Details: | B81: Acc No - Accident Number Injuries: F - Fatal, A - Class A, B - Class B, C - Class C Condition: R - Road Surface, L - Ambient Light, W - Weather Rd Ch - Road Character Rd Ci - Roadway Contributing Circumstances Trfc Ctl - Traffic Control: Dv - Device, Op - Operating Alchl/Drgs - Alcohol Drugs Suspected Veh Mnvr/Ped Actn - Vehicle Maneuver/Pedestrian Action Obj Strk - Object Struck
B82: 46254 | C82: All data presented in this report comes explicitly from the Traffic Engineering Accident Analysis System based upon various input criteria provided by the report's creator. The onus is strictly upon the user of this report to exercise due diligence in interpreting and further representing this data. | D82: -3-
B83: North Carolina Department of Transportation Traffic Engineering Accident Analysis System Intersection Analysis Report
A84: Summary Statistics
A85: High Level Crash Summary
A86: Crash Type | B86: Number of Crashes | C86: Percent of Total
A87: Total Crashes | B87: 22 | C87: 100
A88: Fatal Crashes | B88: 0 | C88: 0
A89: Non-Fatal Injury Crashes | B89: 9 | C89: 40.91
A90: Total Injury Crashes | B90: 9 | C90: 40.91
A91: Property Damage Only Crashes | B91: 13 | C91: 59.09
A92: Night Crashes | B92: 2 | C92: 9.09
A93: Wet Crashes | B93: 4 | C93: 18.18
A94: Alcohol/Drugs Involvement Crashes | B94: 0 | C94: 0
A95: Crash Severity Summary
A96: Crash Type | B96: Number of Crashes | C96: Percent of Total
A97: Total Crashes | B97: 22 | C97: 100
A98: Fatal Crashes | B98: 0 | C98: 0
A99: Class A Crashes | B99: 1 | C99: 4.55
A100: Class B Crashes | B100: 3 | C100: 13.64
...

Sheet DetailedFiche
A1: Municipality | B1: On Road | C1: Miles | D1: Dir From | E1: From Road | F1: Toward Road | G1: Milepost Road | H1: MP | I1: MA | J1: Crash ID | K1: Date | L1: T | M1: C | N1: F | O1: L | P1: S | Q1: Latitude | R1: Longitude | S1: Source
A2: NEW SALEM | B2: LOVE MILL | C2: 0.026 | D2: S | E2: GREEN | F2: SANTA CLAUS | G2: SR 1001 | H2: 8.623 | J2: 106457925 | K2: 44203 | L2: 5 | M2: 1 | N2: 0 | O2: 1 | P2: C
A3: UNIONVILLE | B3: SR 1619 | C3: 0 | E3: SR 1681 | G3: SR 1619 | H3: 0.573 | J3: 107533157 | K3: 45249 | L3: 19 | M3: 1 | N3: 8 | O3: 1 | P3: O | Q3: 35.07597 | R3: -80.49265 | S3: DMV349CLEANED
A4: UNIONVILLE | B4: SIKES MILL | C4: 0.17 | D4: S | E4: HAIGLER BAUCOM | F4: PIEDMONT SCHOOL | G4: SIKES MILL | H4: 999.999 | J4: 106479132 | K4: 44230 | L4: 19 | M4: 1 | N4: 0 | O4: 1 | P4: C
A5: UNIONVILLE | B5: SIKES MILL | C5: 0 | E5: TOM BOYD | F5: LAWYERS | G5: SR 1001 | H5: 3.461 | J5: 106133705 | K5: 43853 | L5: 30 | M5: 1 | N5: 7 | O5: 1 | P5: O
A6: UNIONVILLE | B6: SIKES MILL | C6: 0.26 | D6: S | E6: BAUCOM | F6: US 601 | G6: SR 1001 | H6: 1.092 | J6: 105898128 | K6: 43629 | L6: 17 | M6: 1 | N6: 0 | O6: 5 | P6: O
A7: UNIONVILLE | B7: SIKES MILL | C7: 0 | E7: TOM HELMS | F7: PIEDMONT SCHOOL | G7: SR 1001 | H7: 4.094 | J7: 107101493 | K7: 44840 | L7: 28 | M7: 1 | N7: 10 | O7: 1 | P7: O
A8: UNIONVILLE | B8: SR 1001 | C8: 0.5 | D8: E | E8: US 601 | F8: SPRING LAKE | G8: SR 1001 | H8: 0.5 | J8: 108339974 | K8: 45993 | L8: 17 | M8: 2 | N8: 0 | O8: 1 | P8: O | Q8: 35.03374 | R8: -80.53659 | S8: DMV349CLEANED
A9: RURAL | B9: SIKES MILL | C9: 0.002 | D9: S | E9: SPRING LAKE | F9: US 601 | G9: SR 1001 | H9: 0.883 | J9: 106059402 | K9: 43777 | L9: 19 | M9: 2 | N9: 0 | O9: 4 | P9: B
A10: RURAL | B10: SIKES MILL | C10: 0 | E10: NC 218 | F10: *LCL OLD FISH RD | G10: SIKES MILL | H10: 999.999 | J10: 106882446 | K10: 44619 | L10: 21 | M10: 2 | N10: 7 | O10: 1 | P10: O
A11: UNIONVILLE | B11: SR 1619 | C11: 0.095 | D11: E | E11: SR 1001 | F11: SR 1606 | G11: SR 1619 | H11: 0.095 | J11: 107771302 | K11: 45468 | L11: 17 | M11: 1 | N11: 0 | O11: 5 | P11: O | Q11: 35.0802 | R11: -80.49869 | S11: DMV349CLEANED
A12: UNIONVILLE | B12: SIKES MILL | C12: 0.009 | D12: N | E12: BAUCOM | F12: CHANEY | G12: SR 1001 | H12: 1.361 | J12: 104780506 | K12: 42553 | L12: 21 | M12: 1 | N12: 8 | O12: 1 | P12: O
A13: UNIONVILLE | B13: US 601 | C13: 0 | E13: SIKES MILL | F13: BAUCOM DEESE | G13: US 601 | H13: 18.007 | J13: 107221390 | K13: 44946 | L13: 24 | M13: 1 | N13: 8 | O13: 1 | P13: O
A14: FAIRVIEW | B14: SR 1606 | C14: 0.18 | D14: N | E14: SR 1547 | F14: SR 1607 | G14: SR 1606 | H14: 1.407 | J14: 108377689 | K14: 46031 | L14: 19 | M14: 1 | N14: 5 | O14: 5 | P14: K | Q14: 35.150173 | R14: -80.47355 | S14: DMV349CLEANED
A15: UNIONVILLE | B15: SIKES MILL | C15: 0.3 | D15: N | E15: TOM BOYD | F15: TOM HELMS | G15: SR 1001 | H15: 3.761 | J15: 107879671 | K15: 45576 | L15: 21 | M15: 1 | N15: 0 | O15: 1 | P15: O
A16: UNIONVILLE | B16: LOVE MILL | C16: 0.19 | D16: NE | E16: SIKES MILL | F16: PIEDMONT SCHOOL | G16: LOVE MILL | H16: 999.999 | J16: 107148213 | K16: 44881 | L16: 21 | M16: 1 | N16: 0 | O16: 1 | P16: O
A17: RURAL | B17: SR 1001 | C17: 0.2 | D17: S | E17: SR 1619 | F17: SR 1615 | G17: SR 1001 | H17: 3.261 | J17: 107272200 | K17: 44999 | L17: 17 | M17: 1 | N17: 0 | O17: 5 | P17: O
A18: UNIONVILLE | B18: SR 1606 | C18: 0.079 | D18: S | E18: SR 1638 | F18: SR 1678 | G18: SR 1606 | H18: 5.095 | J18: 107321031 | K18: 45036 | L18: 22 | M18: 1 | N18: 0 | O18: 1 | P18: K
A19: RURAL | B19: SIKES MILL | C19: 2 | D19: N | E19: CHANEY | F19: UNIONVILLE | G19: SR 1001 | H19: 4.11 | J19: 108420506 | K19: 46080 | L19: 29 | M19: 2 | N19: 0 | O19: 5 | P19: O
A20: RURAL | B20: LOVE MILL | C20: 0.14 | D20: S | E20: BRASSWELL RUSHING | F20: HAIGLER BAUCOM | G20: SR 1001 | H20: 5.825 | J20: 106148368 | K20: 43867 | L20: 19 | M20: 2 | N20: 0 | O20: 1 | P20: O
A21: UNIONVILLE | B21: LOVE MILL | C21: 0.058 | D21: N | E21: ZEBULON WILLIAMS | F21: HAGLER | G21: SR 1001 | H21: 6.748 | J21: 107006747 | K21: 44747 | L21: 29 | M21: 1 | N21: 0 | O21: 1 | P21: C
A22: FAIRVIEW | B22: SR 1606 | C22: 0 | E22: SR 1547 | F22: NC 218 | G22: SR 1606 | H22: 1.587 | J22: 107701512 | K22: 45409 | L22: 30 | M22: 1 | N22: 8 | O22: 1 | P22: O | Q22: 35.15793 | R22: -80.47559 | S22: DMV349CLEANED
A23: RURAL | B23: SIKES MILL | C23: 1.1 | D23: N | E23: CONCORD | F23: BAUCOM | G23: SR 1001 | H23: 1.1 | J23: 106028073 | K23: 43756 | L23: 17 | M23: 1 | N23: 0 | O23: 5 | P23: O
A24: UNIONVILLE | B24: SIKES MILL | C24: 0.23 | D24: NE | E24: TOM BOYD | F24: LAWYERS | G24: SR 1001 | H24: 3.691 | J24: 106477388 | K24: 44222 | L24: 17 | M24: 2 | N24: 0 | O24: 5 | P24: O
A25: UNIONVILLE | B25: SIKES MILL | C25: 0.019 | D25: S | E25: BAUCOM | F25: US 601 | G25: SR 1001 | H25: 1.333 | J25: 108314414 | K25: 45982 | L25: 21 | M25: 2 | N25: 0 | O25: 1 | P25: O
A26: UNIONVILLE | B26: SR 1615 | C26: 0.02 | D26: S | E26: SR 1617 | F26: SR 1001 | G26: SR 1615 | H26: 2.204 | J26: 107082068 | K26: 44812 | L26: 19 | M26: 2 | N26: 0 | O26: 5 | P26: B
A27: RURAL | B27: SR 1606 | C27: 0 | E27: SR 1547 | F27: SR 1607 | G27: SR 1606 | H27: 1.587 | J27: 107960659 | K27: 45641 | L27: 30 | M27: 1 | N27: 7 | O27: 5 | P27: C | Q27: 35.147841 | R27: -80.47553 | S27: DMV349CLEANED
A28: UNIONVILLE | B28: SIKES MILL | C28: 0.19 | D28: S | E28: SPRING LAKE | F28: US 601 | G28: SR 1001 | H28: 0.695 | J28: 107653448 | K28: 45363 | L28: 29 | M28: 1 | N28: 0 | O28: 5 | P28: O
A29: UNIONVILLE | B29: SR 1606 | C29: 0.3 | D29: S | E29: SR 1638 | F29: SR 1001 | G29: SR 1606 | H29: 5.316 | J29: 108460445 | K29: 46120 | L29: 23 | M29: 1 | N29: 5 | O29: 1 | P29: O | Q29: 35.099553 | R29: -80.49195 | S29: DMV349
A30: RURAL | B30: SR 1001 | C30: 0.2 | D30: S | E30: SR 1664 | F30: SR 1663 | G30: SR 1001 | H30: 9.445 | J30: 108045760 | K30: 45728 | L30: 17 | M30: 1 | N30: 0 | O30: 1 | P30: O | Q30: 35.147788 | R30: -80.43851 | S30: DMV349CLEANED
A31: UNIONVILLE | B31: HAIGLER BAUCOM | C31: 0.005 | D31: E | E31: SIKES MILL | F31: LOVE MILL | H31: 999.999 | J31: 107442545 | K31: 45168 | L31: 21 | M31: 2 | N31: 8 | O31: 1 | P31: O
A32: UNIONVILLE | B32: SIKES MILL | C32: 0 | E32: TOM BOYD | F32: LOVE MILL | G32: SR 1001 | H32: 3.461 | J32: 107870118 | K32: 45568 | L32: 30 | M32: 1 | N32: 7 | O32: 1 | P32: O
A33: UNIONVILLE | B33: SR 1001 | C33: 0.4 | D33: SE | E33: SR 1665 | F33: SR 1620 | G33: SR 1001 | H33: 1.815 | J33: 107984794 | K33: 45664 | L33: 18 | M33: 1 | N33: 0 | O33: 5 | P33: O | Q33: 35.064187 | R33: -80.51922 | S33: DMV349CLEANED
A34: RURAL | B34: SR 1001 | C34: 0 | E34: NC 218 | F34: SR 1547 | G34: SR 1001 | H34: 8.137 | J34: 107456725 | K34: 45181 | L34: 30 | M34: 1 | N34: 7 | O34: 1 | P34: C
A35: UNIONVILLE | B35: LOVE MILL | C35: 0 | E35: *LCL PIEDMONT SCH DR | F35: SIKES MILL | H35: 999.999 | J35: 108397947 | K35: 46063 | L35: 26 | M35: 1 | N35: 8 | O35: 1 | P35: O
A36: UNIONVILLE | B36: PVA PIEDMONT MIDDLE | C36: 0 | E36: SR 1001 | F36: DEAD END | H36: 999.999 | J36: 105740561 | K36: 43472 | L36: 21 | M36: 1 | N36: 8 | O36: 1 | P36: O
A37: RURAL | B37: SR 1001 | C37: 0.8 | D37: S | E37: SR 1664 | F37: SR 1663 | G37: SR 1001 | H37: 8.845 | J37: 106283239 | K37: 44033 | L37: 29 | M37: 1 | N37: 0 | O37: 1 | P37: O
A38: RURAL | B38: SR 1001 | C38: 0 | E38: SR 1620 | F38: SR 1615 | G38: SR 1001 | H38: 1.352 | J38: 106971893 | K38: 44709 | L38: 23 | M38: 1 | N38: 8 | O38: 1 | P38: O
A39: FAIRVIEW | B39: SIKES MILL | C39: 0.095 | D39: N | E39: BRIEF | F39: OLD FERRY | G39: SIKES MILL | H39: 999.999 | J39: 105713579 | K39: 43452 | L39: 17 | M39: 1 | N39: 0 | O39: 1 | P39: O
A40: RURAL | B40: US 601 | C40: 0.009 | D40: N | E40: SR 1001 | F40: SR 1505 | G40: US 601 | H40: 18.016 | J40: 107232412 | K40: 44959 | L40: 21 | M40: 2 | N40: 0 | O40: 1 | P40: O
A41: UNIONVILLE | B41: SIKES MILL | C41: 0.18 | D41: S | E41: TOM BOYD | F41: UNIONVILLE | G41: SR 1001 | H41: 3.281 | J41: 107631164 | K41: 45344 | L41: 17 | M41: 1 | N41: 0 | O41: 3 | P41: O
A42: UNIONVILLE | B42: LOVE MILL | C42: 0.095 | D42: NE | E42: PIEDMONT SCHOOL | F42: *LCL PURSER RUSHING RD | G42: SR 1001 | H42: 4.699 | J42: 106705523 | K42: 44462 | L42: 21 | M42: 1 | N42: 0 | O42: 1 | P42: O
A43: RURAL | B43: LOVE MILL | C43: 0 | E43: NC 218 | G43: SR 1001 | H43: 8.137 | J43: 106117028 | K43: 43833 | L43: 30 | M43: 2 | N43: 7 | O43: 1 | P43: C
A44: RURAL | B44: SIKES MILL | C44: 0.74 | D44: SW | E44: SPRING LAKE | F44: US 601 | G44: SR 1001 | H44: 0.145 | J44: 104717808 | K44: 42486 | L44: 21 | M44: 1 | N44: 12 | O44: 1 | P44: O
A45: RURAL | B45: SR 1606 | C45: 0.04 | D45: N | E45: SR 1654 | F45: SR 1610 | G45: SR 1606 | H45: 3.539 | J45: 107733744 | K45: 45439 | L45: 19 | M45: 1 | N45: 0 | O45: 1 | P45: O | Q45: 35.12204 | R45: -80.47925 | S45: DMV349CLEANED
A46: UNIONVILLE | B46: SR 1606 | C46: 0.3 | D46: E | E46: SR 1619 | F46: NC 200 | G46: SR 1606 | H46: 999.999 | J46: 107329736 | K46: 45053 | L46: 19 | M46: 1 | N46: 0 | O46: 5 | P46: A | Q46: 35.063101 | R46: -80.489374 | S46: NCDOT_TSU
A47: UNIONVILLE | B47: SIKES MILL | C47: 0.005 | D47: N | E47: TOM BOYD | F47: LOVE MILL | G47: SR 1001 | H47: 3.466 | J47: 107945637 | K47: 45630 | L47: 21 | M47: 1 | N47: 7 | O47: 1 | P47: C
A48: UNIONVILLE | B48: SIKES MILL | C48: 0.21 | D48: N | E48: UNIONVILLE | F48: TOM BOYD | G48: SR 1001 | H48: 3.081 | J48: 107483858 | K48: 45205 | L48: 17 | M48: 1 | N48: 0 | O48: 2 | P48: O
A49: UNIONVILLE | B49: SIKES MILL | C49: 0.003 | D49: N | E49: LAWYERS | F49: LOVE MILL | G49: SR 1001 | H49: 4.11 | J49: 107472572 | K49: 45198 | L49: 28 | M49: 1 | N49: 10 | O49: 1 | P49: O
A50: UNIONVILLE | B50: PVA 3006 SIKES MILL RD | C50: 0.018 | D50: E | E50: SR 1606 | F50: SR 1001 | H50: 999.999 | J50: 107844251 | K50: 45540 | L50: 31 | M50: 1 | N50: 0 | O50: 1 | P50: O | Q50: 35.09455 | R50: -80.4927 | S50: DMV349
A51: UNIONVILLE | B51: SR 1619 | C51: 0.009 | D51: E | E51: SR 2116 | F51: SR 1681 | G51: SR 1619 | H51: 999.999 | J51: 107278206 | K51: 45006 | L51: 29 | M51: 1 | N51: 0 | O51: 1 | P51: O | Q51: 35.079021 | R51: -80.497504 | S51: ITRE_CMV
A52: RURAL | B52: SR 1001 | C52: 0.5 | D52: N | E52: SR 2713 | F52: SR 1615 | G52: SR 1001 | H52: 3.025 | J52: 104716998 | K52: 42482 | L52: 17 | M52: 1 | N52: 0 | O52: 5 | P52: O
A53: UNIONVILLE | B53: SR 1606 | C53: 0 | E53: SR 1606 | G53: SR 1606 | H53: 999.999 | J53: 104720551 | K53: 42491 | L53: 30 | M53: 1 | N53: 7 | O53: 1 | P53: O
A54: UNIONVILLE | B54: SR 1001 | C54: 0.1 | D54: S | E54: SR 1675 | F54: SR 1638 | G54: SR 1001 | H54: 5.865 | J54: 105877759 | K54: 43608 | L54: 28 | M54: 1 | N54: 0 | O54: 1 | P54: O
A55: UNIONVILLE | B55: SR 1606 | C55: 0.2 | D55: S | E55: SR 1605 | F55: SR 1638 | G55: SR 1606 | H55: 999.999 | J55: 104772437 | K55: 42543 | L55: 17 | M55: 1 | N55: 0 | O55: 5 | P55: O
A56: UNIONVILLE | B56: SR 1638 | C56: 0 | E56: SR 1001 | F56: SR 1638 | G56: SR 1638 | H56: 1.556 | J56: 104762571 | K56: 42529 | L56: 30 | M56: 1 | N56: 7 | O56: 1 | P56: O
A57: UNIONVILLE | B57: SR 1617 | C57: 0 | E57: SR 1001 | G57: SR 1617 | H57: 0.54 | J57: 104716467 | K57: 42487 | L57: 30 | M57: 1 | N57: 7 | O57: 1 | P57: O
A58: FAIRVIEW | B58: SR 1606 | C58: 0.004 | D58: N | E58: NC 218 | F58: SR 1547 | G58: SR 1606 | H58: 2.937 | J58: 104726358 | K58: 42497 | L58: 19 | M58: 1 | N58: 0 | O58: 5 | P58: C
A59: RURAL | B59: NC 218 | C59: 0 | E59: SR 1606 | F59: SR 1001 | G59: NC 218 | H59: 8.082 | J59: 104805272 | K59: 42581 | L59: 30 | M59: 1 | N59: 7 | O59: 1 | P59: C
A60: UNIONVILLE | B60: SR 1001 | C60: 0.1 | D60: S | E60: SR 1619 | F60: SR 1615 | G60: SR 1001 | H60: 3.361 | J60: 104793661 | K60: 42563 | L60: 19 | M60: 1 | N60: 0 | O60: 1 | P60: B
A61: RURAL | B61: SR 1001 | C61: 0.23 | D61: N | E61: SR 1654 | F61: SR 1658 | G61: SR 1001 | H61: 6.461 | J61: 105156270 | K61: 42917 | L61: 18 | M61: 1 | N61: 0 | O61: 3 | P61: C
A62: UNIONVILLE | B62: SR 1611 | C62: 0.019 | D62: SW | E62: SR 1001 | F62: SR 1640 | G62: SR 1611 | H62: 999.999 | J62: 104711866 | K62: 42484 | L62: 17 | M62: 1 | O62: 5 | P62: O
A63: UNIONVILLE | B63: *PP 1518 TOM BOYD RD | C63: 0.014 | D63: W | E63: SR 1619 | F63: *LCL - | H63: 999.999 | J63: 104698395 | K63: 42469 | L63: 31 | M63: 1 | N63: 5 | O63: 5 | P63: O
A64: UNIONVILLE | B64: TOM BOYD | C64: 0.024 | D64: SE | E64: *LCL LATHAN WOODS DR | F64: OLD CAMDEN | H64: 999.999 | J64: 104734401 | K64: 42502 | L64: 21 | M64: 2 | N64: 5 | O64: 5 | P64: O
A65: FAIRVIEW | B65: SIKES MILL | C65: 0.019 | D65: S | E65: OLD FERRY | F65: BRIEF | G65: SIKES MILL | H65: 999.999 | J65: 106029162 | K65: 43756 | L65: 29 | M65: 1 | N65: 0 | O65: 3 | P65: C
A66: UNIONVILLE | B66: SIKES MILL | C66: 0.19 | D66: S | E66: HENRY SMITH | F66: TOM HELMS | G66: SIKES MILL | H66: 999.999 | J66: 106612846 | K66: 44377 | L66: 21 | M66: 1 | N66: 0 | O66: 1 | P66: C
A67: FAIRVIEW | B67: NC 218 | C67: 0 | E67: SR 1606 | F67: SR 1547 | G67: NC 218 | H67: 8.082 | J67: 104866502 | K67: 42643 | L67: 24 | M67: 1 | N67: 7 | O67: 5 | P67: A
A68: RURAL | B68: SR 1001 | C68: 0.008 | D68: N | E68: US 601 | F68: SR 1620 | G68: SR 1001 | H68: 0.008 | J68: 104867496 | K68: 42643 | L68: 19 | M68: 1 | N68: 8 | O68: 5 | P68: O
A69: UNIONVILLE | B69: PVA PIEDMONT HIGH SCHOOL | C69: 0.017 | D69: W | E69: SR 1001 | F69: DEAD END | H69: 999.999 | J69: 104950470 | K69: 42716 | L69: 21 | M69: 1 | N69: 4 | O69: 1 | P69: O
A70: UNIONVILLE | B70: SR 1606 | C70: 0.002 | D70: S | E70: SR 1611 | F70: SR 1615 | G70: SR 1606 | H70: 4.011 | J70: 104963318 | K70: 42731 | L70: 21 | M70: 1 | N70: 8 | O70: 1 | P70: A
A71: FAIRVIEW | B71: NC 218 | C71: 0 | E71: SR 1606 | F71: SR 1609 | G71: NC 218 | H71: 8.082 | J71: 104984617 | K71: 42758 | L71: 30 | M71: 1 | N71: 7 | O71: 1 | P71: C
A72: RURAL | B72: SR 1606 | C72: 0.5 | D72: N | E72: SR 1006 | F72: SR 1627 | G72: SR 1606 | H72: 999.999 | J72: 104914987 | K72: 42686 | L72: 19 | M72: 1 | N72: 0 | O72: 5 | P72: A | Q72: 35.038986 | R72: -80.476556 | S72: ITRE_SEVEREINJURY
A73: UNIONVILLE | B73: SR 1606 | C73: 0 | E73: SR 1618 | F73: SR 1606 | G73: SR 1606 | H73: 6.066 | J73: 104942525 | K73: 42713 | L73: 26 | M73: 1 | N73: 10 | O73: 1 | P73: C
A74: NEW SALEM | B74: NC 218 | C74: 0.028 | D74: E | E74: SR 1001 | F74: NC 200 | G74: NC 218 | H74: 9.814 | J74: 104859857 | K74: 42633 | L74: 21 | M74: 1 | N74: 0 | O74: 1 | P74: O
A75: RURAL | B75: SR 1001 | C75: 0.003 | D75: E | E75: US 601 | F75: SR 1620 | G75: SR 1001 | H75: 0.003 | J75: 105007511 | K75: 42777 | L75: 27 | M75: 1 | N75: 8 | O75: 5 | P75: B
A76: RURAL | B76: SR 1001 | C76: 0.4 | D76: S | E76: SR 1615 | F76: SR 1638 | G76: SR 1001 | H76: 2.471 | J76: 104946035 | K76: 42714 | L76: 21 | M76: 1 | N76: 0 | O76: 5 | P76: C
A77: UNIONVILLE | B77: SR 1619 | C77: 0 | E77: SR 1001 | F77: SR 1606 | G77: SR 1619 | H77: 0 | J77: 104898405 | K77: 42674 | L77: 30 | M77: 1 | N77: 7 | O77: 1 | P77: C
A78: UNIONVILLE | B78: SR 1618 | C78: 0.014 | D78: W | E78: SR 1606 | F78: SR 2776 | G78: SR 1618 | H78: 0.014 | J78: 105139371 | K78: 42898 | L78: 19 | M78: 1 | N78: 10 | O78: 1 | P78: O
A79: UNIONVILLE | B79: SR 1001 | C79: 0 | E79: SR 1637 | F79: SR 1001 | G79: SR 1001 | H79: 4.11 | J79: 107563521 | K79: 45273 | L79: 28 | M79: 1 | N79: 10 | O79: 5 | P79: O | Q79: 35.08894 | R79: -80.49375 | S79: DMV349CLEANED
A80: RURAL | B80: SR 1001 | C80: 0 | E80: SR 1617 | F80: SR 1615 | G80: SR 1001 | H80: 3.461 | J80: 104942804 | K80: 42712 | L80: 30 | M80: 1 | N80: 7 | O80: 1 | P80: B
A81: UNIONVILLE | B81: SR 1001 | C81: 0 | E81: SR 1617 | F81: SR 1615 | G81: SR 1001 | H81: 3.461 | J81: 104987740 | K81: 42760 | L81: 30 | M81: 1 | N81: 7 | O81: 1 | P81: B
A82: FAIRVIEW | B82: NC 218 | C82: 0 | E82: SR 1606 | F82: SR 1657 | G82: NC 218 | H82: 8.082 | J82: 104997979 | K82: 42767 | L82: 30 | M82: 1 | N82: 7 | O82: 5 | P82: B
A83: RURAL | B83: SR 1001 | C83: 0.1 | D83: N | E83: SR 1665 | F83: SR 2713 | G83: SR 1001 | H83: 2.315 | J83: 104942809 | K83: 42711 | L83: 1 | M83: 1 | N83: 5 | O83: 5 | P83: O
A84: UNIONVILLE | B84: SR 1606 | C84: 0.009 | D84: N | E84: SR 1615 | F84: SR 1611 | G84: SR 1606 | H84: 4.582 | J84: 105132992 | K84: 42897 | L84: 17 | M84: 1 | N84: 0 | O84: 5 | P84: O
A85: FAIRVIEW | B85: NC 218 | C85: 0.009 | D85: E | E85: SR 1606 | F85: SR 1547 | G85: NC 218 | H85: 8.091 | J85: 105152445 | K85: 42922 | L85: 21 | M85: 1 | N85: 7 | O85: 1 | P85: O
A86: FAIRVIEW | B86: SR 1606 | C86: 0 | E86: NC 218 | F86: SR 1609 | G86: SR 1606 | H86: 2.941 | J86: 105168368 | K86: 42937 | L86: 30 | M86: 1 | N86: 7 | O86: 1 | P86: O
A87: UNIONVILLE | B87: SR 1001 | C87: 0 | E87: SR 1617 | F87: SR 1618 | G87: SR 1001 | H87: 3.461 | J87: 104901954 | K87: 42676 | L87: 30 | M87: 1 | N87: 7 | O87: 1 | P87: O
A88: UNIONVILLE | B88: SR 1001 | C88: 0 | E88: SR 1617 | F88: SR 1615 | G88: SR 1001 | H88: 3.461 | J88: 104890928 | K88: 42653 | L88: 30 | M88: 1 | N88: 7 | O88: 1 | P88: C
A89: FAIRVIEW | B89: NC 218 | C89: 0.001 | D89: W | E89: SR 1606 | F89: SR 1609 | G89: NC 218 | H89: 8.081 | J89: 104866396 | K89: 42643 | L89: 32 | M89: 1 | N89: 7 | O89: 5 | P89: O
A90: RURAL | B90: SR 1606 | C90: 0.5 | D90: W | E90: SR 1627 | F90: NC 200 | G90: SR 1606 | H90: 999.999 | J90: 104877259 | K90: 42655 | L90: 29 | M90: 1 | N90: 0 | O90: 1 | P90: O
A91: UNIONVILLE | B91: NC 218 | C91: 0 | E91: SR 1606 | F91: SR 1111 | G91: NC 218 | H91: 8.082 | J91: 104905109 | K91: 42680 | L91: 30 | M91: 1 | N91: 7 | O91: 1 | P91: C
A92: UNIONVILLE | B92: NC 218 | C92: 0 | E92: SR 1606 | F92: SR 1547 | G92: NC 218 | H92: 8.082 | J92: 105178395 | K92: 42945 | L92: 30 | M92: 1 | N92: 7 | O92: 5 | P92: O
A93: UNIONVILLE | B93: SR 1001 | C93: 0.19 | D93: S | E93: SR 1617 | F93: SR 1615 | G93: SR 1001 | H93: 3.271 | J93: 105178491 | K93: 42948 | L93: 18 | M93: 1 | N93: 0 | O93: 1 | P93: B
A94: UNIONVILLE | B94: SR 1606 | C94: 0.1 | D94: S | E94: SR 1654 | F94: SR 1675 | G94: SR 1606 | H94: 3.679 | J94: 105220541 | K94: 42989 | L94: 19 | M94: 2 | N94: 0 | O94: 5 | P94: O
A95: RURAL | B95: SR 1606 | C95: 0.1 | D95: N | E95: NC 218 | F95: SR 1547 | G95: SR 1606 | H95: 2.841 | J95: 105201844 | K95: 42969 | L95: 29 | M95: 1 | N95: 0 | O95: 1 | P95: O
A96: UNIONVILLE | B96: SR 1001 | C96: 0.03 | D96: S | E96: SR 1617 | F96: SR 1615 | G96: SR 1001 | H96: 3.431 | J96: 105208918 | K96: 42979 | L96: 27 | M96: 3 | N96: 0 | O96: 1 | P96: C
A97: NEW SALEM | B97: NC 218 | C97: 0 | E97: SR 1001 | F97: CYRUS LEE | G97: NC 218 | H97: 9.786 | J97: 105125636 | K97: 42890 | L97: 21 | M97: 1 | N97: 12 | O97: 1 | P97: O
A98: FAIRVIEW | B98: NC 218 | C98: 0.014 | D98: W | E98: SR 1001 | F98: SR 1609 | G98: NC 218 | H98: 9.772 | J98: 105062907 | K98: 42828 | L98: 23 | M98: 1 | N98: 0 | O98: 1 | P98: O
A99: RURAL | B99: SR 1606 | C99: 0.1 | D99: S | E99: SR 1617 | F99: SR 1634 | G99: SR 1606 | H99: 999.999 | J99: 104922359 | K99: 42691 | L99: 17 | M99: 1 | N99: 0 | O99: 5 | P99: O
A100: UNIONVILLE | B100: SR 1001 | C100: 0 | E100: SR 1665 | F100: SR 1615 | G100: SR 1001 | H100: 2.215 | J100: 105137812 | K100: 42905 | L100: 19 | M100: 1 | N100: 8 | O100: 1 | P100: O
...
