Workbook

Sheet Step-by-Step Instructions

Sheet Typical Target Crash Types
B2: Target Crash Type Guidance - Intersection Treatments
C4: Countermeasure | D4: Target-1 | E4: Target-2 | F4: Target-1 Crash | G4: Target-2 Crash | H4: Notes
C5: Advance Activated Warning Sign (a.k.a. Be Prepared to Stop Signs) | D5: Y | E5: Y | F5: Frontal Impact Crashes where Vehicle on Treated Approach Ran Red Light | G5: Rear End Crashes Approaching Intersection on Treated Approaches | H5: Treated Approaches are likely both Mainline Approaches
C6: All Way Stop | D6: Y | F6: Frontal Impact Crashes in Intersection
C7: Reduced Conflict Intersection (RCI) | D7: Y | F7: Frontal Impact Crashes involving vehicle making a movement that is restricted in the after period | H7: If the treatment included the construction of U-turn bulbouts, the entire constructed section may need to be included in the treatment analysis. If the treatment was ONLY the RCI, analyze downstream U-turn crashes in a separate table.
C8: Flashing Traffic Signal (i.e. Overhead Non-Actuated Flasher) | D8: Y | F8: Frontal Impact Crashes in Intersection
C9: Grade Separation | D9: Y | F9: Frontal Impact Crashes in Intersection
C10: Increase Conspicuity of Stop Condition (i.e. Double Indicated Stop Sign, Transverse Rumble Strips, Double Arrow Sign) | D10: Y | F10: Frontal Impact Crashes where Vehicle on Treated Approach Ran the Stop Sign | H10: Include Ran Off Road - Straight Crashes for T Intersections
C11: Increase Conspicuity of Traffic Signal (i.e. Double Indicated Red, Backplates) | D11: Y | F11: Frontal Impact Crashes where Vehicle on Treated Approach Ran Red Light | H11: Include Rear End crashes from the treated approaches within the Additional Information Table.
C12: Intersection Realignment | D12: Y | E12: Y | F12: Frontal Impact Crashes in Intersection | G12: Varies by Treatment - Other Targets may be necessary depending on the situation (i.e. Rear End Crashes or Lane Departure Crashes) | H12: Y-Lines may need to be extended. Analyze Entire Area impacted by realignment
C13: Left Turn Lane - New Installation | D13: Y | E13: Y | F13: Rear End Crashes Approaching Intersection on Treated Approaches | G13: Left Turn Same Roadway Crashes on Treated Approaches | H13: If a multilane facility, rear ends may need to be specific to the inner lanes
C14: Left Turn Lane - Offset Existing Lane | D14: Y | F14: Left Turn Same Roadway Crashes on Treated Approaches
C15: Median Channelization on an Intersection Approach (i.e. Assess Management for Driveways) | D15: Y | E15: Y | F15: Frontal Impact Crashes involving vehicle making a movement that is restricted in the after period | G15: Varies by Treatment - Other Targets may be necessary depending on the situation (i.e. rear end crashes alleviated due to a movement restriction) | H15: Analyze a Potential Area of Influence / Downstream U-Turn Crashes in the additional information table and/or the discussion
C16: New Traffic Signal | D16: Y | F16: Frontal Impact Crashes in Intersection
C17: Pedestrian/Bicycle Treatments | D17: Y | F17: Pedestrian and Bicycle Crashes | H17: For a Pedestrian signal, rear end crashes may also need to be analyzed
C18: Remove Access/Intersection | D18: Y | E18: Y | F18: Frontal Impact Crashes in Intersection* | G18: Varies by Treatment - Other Targets may be necessary depending on the situation (i.e. Rear End Crashes) | H18: *Target crashes can vary depending on the specifics of what was removed
C19: Right Turn Lane at Intersection | D19: Y | E19: Y | F19: Rear End Crashes Approaching Intersection on Treated Approaches | G19: Sideswipe Crashes Approaching Intersection on Treated Approaches | H19: If a multilane facility, rear ends and sideswipes may need to be specific to the outer lanes
C20: Roundabout | D20: Y | F20: Frontal Impact Crashes in Intersection | H20: Particularly for rural roundabouts, note whether there is lighting present within the discussion and detail any patterns regarding nighttime crashes or nighttime lane departures within the additional information table and/or discussion
C21: Sight Distance Improvements at Intersection | D21: Y | F21: Frontal Impact Crashes in Intersection | H21: May need to only include Frontal Impact Crashes involving vehicles making maneuvers directly affected by sight distance improvements (i.e. if one quadrant was cleared)
C22: Traffic Signal Revisions - Flashing Yellow Arrow | D22: Y | F22: Left Turn Same Roadway Crashes on Treated Approaches
C23: Traffic Signal Revisions - Left Turn Phasing Revisions | D23: Y | F23: Left Turn Same Roadway Crashes on Treated Approaches
C24: Vehicle Entering When Flashing | D24: Y | F24: Frontal Impact Crashes involving Vehicles from Treated Approaches | H24: Look at the sign and loop placement to determine what are the treated approaches. If the signs are only on one approach, then only include crashes involving vehicles from that approach. Crashes involving vehicles from the same roadway (Left Turn Same Roadway, Right Turn Same Roadway and Head On Crashes) are typically excluded because the flashers are not displayed to vehicles traveling on the same roadway.
B26: Comments/Instructions for Typical Target Crashes:
B27: ● | C27: Frontal impacts crash types: left-turn same roadway, left-turn different roadway, right-turn same roadway, right-turn different roadway, head-on, and angle crashes

Sheet Evaluation Set-up
B2: Date Range Calculator | J2: AADT Calculator
C4: Most recent TEAAS date | D4: 46203 | F4: Color Key | L4: Representative Years Selection: | P4: Representative Volumes: | T4: Instructions for AADT Calculator:
C5: Construction Period Length (Give Value in Months) | D5: 3 | F5: Cells that need to be edited | L5: Select Before Period Year: | N5: 2019 | P5: Before Period Volume: | R5: =IFERROR(ROUND(VLOOKUP($N$5, $K$11:$R$35, 8, FALSE), -2), "Select Year") -> 5100 | T5: ● | U5: In cells N5 and N6, select the last year within each period that has available volume data (i.e. actual collected volume data, not estimated/interpolated data) | AF5: cells needed for calcs:
F6: Auto-calculated cells | L6: Select After Period Year: | N6: 2022 | P6: After Period Volume: | R6: =IFERROR(ROUND(VLOOKUP($N$6, $K$11:$R$35, 8, FALSE), -2), "Select Year") -> 4200
AH7: Total # of months in between
C8: Time Period | D8: Start Date | E8: End Date | F8: # of Years | G8: # of Months | K8: AADTs for every year within the study period | T8: ● | U8: When inputting volume data into this tool, use Black font color for values taken directly from the available volume data | AF8: =YEAR(E9) -> 2021 | AG8: =MONTH(E9) -> 3 | AH8: =(YEAR(D10)-YEAR(D9))*12+MONTH(D10)-MONTH(D9) -> 60
C9: Before Period | D9: =DATE(AF8-F11,AG8-G11+1,1) -> 42461 | E9: =D10-1 -> 44286 | F9: =ROUNDDOWN(AH8/12,0) -> 5 | G9: =AH8-12*F9 -> 0 | K9: Year | L9: Major Road - Leg #1 | M9: Major Road - Leg #2 | N9: Major Road - Average AADT | O9: Minor Rd - Leg #3 | P9: Minor Rd - Leg #4 | Q9: Minor Road - Average AADT | R9: Intersection AADT | AF9: =YEAR(E10) -> 2021 | AG9: =MONTH(E10) -> 6 | AH9: =(YEAR(D11)-YEAR(D10))*12+MONTH(D11)-MONTH(D10) -> 3
C10: Construction Period | D10: =DATE(AF9,AG9-(D5-1),1) -> 44287 | E10: 44377 | F10: =ROUNDDOWN(AH9/12,0) -> 0 | G10: =AH9-12*F10 -> 3 | T10: ● | U10: When inputting volume data into this tool, use Red font color for values that need to be calculated, interpolated, or assumed | AG10: =E11+1 -> 46204 | AH10: =(YEAR(AG10)-YEAR(D11))*12+MONTH(AG10)-MONTH(D11) -> 60
C11: After Period | D11: =E10+1 -> 44378 | E11: =D4 -> 46203 | F11: =ROUNDDOWN(AH10/12,0) -> 5 | G11: =AH10-12*F11 -> 0 | K11: 2006 | N11: =IF(COUNT(L11:M11) = 0, "",L11/2+M11/2) | Q11: =IF(COUNT(O11:P11) = 0, "",O11/2+P11/2) | R11: =IF(COUNT(L11:M11) = 0, "",N11+Q11)
K12: 2007 | N12: =IF(COUNT(L12:M12) = 0, "",L12/2+M12/2) | Q12: =IF(COUNT(O12:P12) = 0, "",O12/2+P12/2) | R12: =IF(COUNT(L12:M12) = 0, "",N12+Q12) | T12: ● | U12: Input AADTs for every year that appears in the study range (Before and After Period). You do not need to input volumes for the years outside of the study time periods
B13: Comments/Instruction on Date Range Calculator: | K13: 2008 | N13: =IF(COUNT(L13:M13) = 0, "",L13/2+M13/2) | Q13: =IF(COUNT(O13:P13) = 0, "",O13/2+P13/2) | R13: =IF(COUNT(L13:M13) = 0, "",N13+Q13)
B14: ● | C14: Use a typical 3-month Construction Period unless you have specific information to the contrary (ex. construction dates were provided, info from satellite views, etc.). | K14: 2009 | N14: =IF(COUNT(L14:M14) = 0, "",L14/2+M14/2) | Q14: =IF(COUNT(O14:P14) = 0, "",O14/2+P14/2) | R14: =IF(COUNT(L14:M14) = 0, "",N14+Q14)
K15: 2010 | N15: =IF(COUNT(L15:M15) = 0, "",L15/2+M15/2) | Q15: =IF(COUNT(O15:P15) = 0, "",O15/2+P15/2) | R15: =IF(COUNT(L15:M15) = 0, "",N15+Q15) | T15: ● | U15: Volumes should be entered in for each leg of the intersection, even if no count data is available. Legs without available volume counts will need to have their volumes estimated.
B16: ● | C16: You CAN input the construction start date directly into cell D10 or simply just enter in the construction period length into cells D5/D6. | K16: 2011 | N16: =IF(COUNT(L16:M16) = 0, "",L16/2+M16/2) | Q16: =IF(COUNT(O16:P16) = 0, "",O16/2+P16/2) | R16: =IF(COUNT(L16:M16) = 0, "",N16+Q16)
K17: 2012 | N17: =IF(COUNT(L17:M17) = 0, "",L17/2+M17/2) | Q17: =IF(COUNT(O17:P17) = 0, "",O17/2+P17/2) | R17: =IF(COUNT(L17:M17) = 0, "",N17+Q17)
B18: ● | C18: This tool only works in WHOLE MONTHS. Construction start dates should be rounded up to the first of the month and construction end dates should be rounded down to the end the month. | K18: 2013 | N18: =IF(COUNT(L18:M18) = 0, "",L18/2+M18/2) | Q18: =IF(COUNT(O18:P18) = 0, "",O18/2+P18/2) | R18: =IF(COUNT(L18:M18) = 0, "",N18+Q18) | T18: ● | U18: In the case of a T-intersection, leave leg #4 blank (Column Q)
K19: 2014 | N19: =IF(COUNT(L19:M19) = 0, "",L19/2+M19/2) | Q19: =IF(COUNT(O19:P19) = 0, "",O19/2+P19/2) | R19: =IF(COUNT(L19:M19) = 0, "",N19+Q19) | T19: ● | U19: Intersections with 5 or more legs should just have the yearly volumes for the WHOLE intersection calcuated manually and entered into column R.
K20: 2015 | N20: =IF(COUNT(L20:M20) = 0, "",L20/2+M20/2) | Q20: =IF(COUNT(O20:P20) = 0, "",O20/2+P20/2) | R20: =IF(COUNT(L20:M20) = 0, "",N20+Q20)
K21: 2016 | L21: 4100 | M21: 2200 | N21: =IF(COUNT(L21:M21) = 0, "",L21/2+M21/2) -> 3150 | O21: 1400 | P21: 1400 | Q21: =IF(COUNT(O21:P21) = 0, "",O21/2+P21/2) -> 1400 | R21: =IF(COUNT(L21:M21) = 0, "",N21+Q21) -> 4550
K22: 2017 | L22: 4100 | M22: 2650 | N22: =IF(COUNT(L22:M22) = 0, "",L22/2+M22/2) -> 3375 | O22: 1400 | P22: 1400 | Q22: =IF(COUNT(O22:P22) = 0, "",O22/2+P22/2) -> 1400 | R22: =IF(COUNT(L22:M22) = 0, "",N22+Q22) -> 4775 | T22: ● | U22: Please note that this tool will not correctly calculate the AADT of an intersection that involves a one-way road. Should the major or minor road involve one-way traffic, the total entering volume into the intersection by that road should be directly entered into Column O (if the major road is one-way) or column R (if the minor road is one-way)
K23: 2018 | L23: 4300 | M23: 3100 | N23: =IF(COUNT(L23:M23) = 0, "",L23/2+M23/2) -> 3700 | O23: 1400 | P23: 1400 | Q23: =IF(COUNT(O23:P23) = 0, "",O23/2+P23/2) -> 1400 | R23: =IF(COUNT(L23:M23) = 0, "",N23+Q23) -> 5100
K24: 2019 | L24: 4500 | M24: 2850 | N24: =IF(COUNT(L24:M24) = 0, "",L24/2+M24/2) -> 3675 | O24: 1400 | P24: 1400 | Q24: =IF(COUNT(O24:P24) = 0, "",O24/2+P24/2) -> 1400 | R24: =IF(COUNT(L24:M24) = 0, "",N24+Q24) -> 5075
K25: 2020 | L25: 4000 | M25: 2600 | N25: =IF(COUNT(L25:M25) = 0, "",L25/2+M25/2) -> 3300 | O25: 1400 | P25: 1400 | Q25: =IF(COUNT(O25:P25) = 0, "",O25/2+P25/2) -> 1400 | R25: =IF(COUNT(L25:M25) = 0, "",N25+Q25) -> 4700
K26: 2021 | L26: 3500 | M26: 2350 | N26: =IF(COUNT(L26:M26) = 0, "",L26/2+M26/2) -> 2925 | O26: 1400 | P26: 1400 | Q26: =IF(COUNT(O26:P26) = 0, "",O26/2+P26/2) -> 1400 | R26: =IF(COUNT(L26:M26) = 0, "",N26+Q26) -> 4325
K27: 2022 | L27: 3500 | M27: 2100 | N27: =IF(COUNT(L27:M27) = 0, "",L27/2+M27/2) -> 2800 | O27: 1400 | P27: 1400 | Q27: =IF(COUNT(O27:P27) = 0, "",O27/2+P27/2) -> 1400 | R27: =IF(COUNT(L27:M27) = 0, "",N27+Q27) -> 4200
K28: 2023 | L28: 3500 | M28: 2100 | N28: =IF(COUNT(L28:M28) = 0, "",L28/2+M28/2) -> 2800 | O28: 1400 | P28: 1400 | Q28: =IF(COUNT(O28:P28) = 0, "",O28/2+P28/2) -> 1400 | R28: =IF(COUNT(L28:M28) = 0, "",N28+Q28) -> 4200 | T28: ● | U28: Do not select 2020 as a representative year for a particular time period, due to the effects of the COVID-19 pandemic, even if it is the last year with available AADT data within said time period.
K29: 2024 | L29: 3500 | M29: 2100 | N29: =IF(COUNT(L29:M29) = 0, "",L29/2+M29/2) -> 2800 | O29: 1400 | P29: 1400 | Q29: =IF(COUNT(O29:P29) = 0, "",O29/2+P29/2) -> 1400 | R29: =IF(COUNT(L29:M29) = 0, "",N29+Q29) -> 4200
K30: 2025 | L30: 3500 | M30: 2100 | N30: =IF(COUNT(L30:M30) = 0, "",L30/2+M30/2) -> 2800 | O30: 1400 | P30: 1400 | Q30: =IF(COUNT(O30:P30) = 0, "",O30/2+P30/2) -> 1400 | R30: =IF(COUNT(L30:M30) = 0, "",N30+Q30) -> 4200
K31: 2026 | L31: 3500 | M31: 2100 | N31: =IF(COUNT(L31:M31) = 0, "",L31/2+M31/2) -> 2800 | O31: 1400 | P31: 1400 | Q31: =IF(COUNT(O31:P31) = 0, "",O31/2+P31/2) -> 1400 | R31: =IF(COUNT(L31:M31) = 0, "",N31+Q31) -> 4200
K32: 2027 | N32: =IF(COUNT(L32:M32) = 0, "",L32/2+M32/2) | Q32: =IF(COUNT(O32:P32) = 0, "",O32/2+P32/2) | R32: =IF(COUNT(L32:M32) = 0, "",N32+Q32)
K33: 2028 | N33: =IF(COUNT(L33:M33) = 0, "",L33/2+M33/2) | Q33: =IF(COUNT(O33:P33) = 0, "",O33/2+P33/2) | R33: =IF(COUNT(L33:M33) = 0, "",N33+Q33)
K34: 2029 | N34: =IF(COUNT(L34:M34) = 0, "",L34/2+M34/2) | Q34: =IF(COUNT(O34:P34) = 0, "",O34/2+P34/2) | R34: =IF(COUNT(L34:M34) = 0, "",N34+Q34)
K35: 2030 | N35: =IF(COUNT(L35:M35) = 0, "",L35/2+M35/2) | Q35: =IF(COUNT(O35:P35) = 0, "",O35/2+P35/2) | R35: =IF(COUNT(L35:M35) = 0, "",N35+Q35)

Sheet Original Fiche
A1: Muni. Code | B1: On Road | C1: Miles | D1: Dir From | E1: From Road | F1: Toward Road | G1: Milepost Road | H1: MP | I1: MA | J1: Crash ID | K1: Date | L1: T | M1: C | N1: F | O1: L | P1: S | Q1: Latitude | R1: Longitude | S1: Source
A2: 558 | B2: *LCL CAR WASH PVA | C2: 0.001 | D2: E | E2: SR 1001 | F2: DEAD END | H2: 999.999 | J2: 105722912 | K2: 12/18/2018 | L2: 31 | M2: 1 | N2: 0 | O2: 1 | P2: O
A3: 558 | B3: *PP 1518 TOM BOYD RD | C3: 0.014 | D3: W | E3: SR 1619 | F3: *LCL - | H3: 999.999 | J3: 104698395 | K3: 4/9/2016 | L3: 31 | M3: 1 | N3: 5 | O3: 5 | P3: O
A4: 0 | B4: *PP 2815 OLD CAMDEN RD | C4: 0.019 | D4: W | E4: SR 1606 | F4: DEAD END | H4: 999.999 | J4: 107479024 | K4: 10/4/2023 | L4: 20 | M4: 1 | N4: 5 | O4: 5 | P4: O
A5: 558 | B5: HAIGLER BAUCOM | C5: 0.005 | D5: E | E5: SIKES MILL | F5: LOVE MILL | H5: 999.999 | J5: 107442545 | K5: 8/30/2023 | L5: 21 | M5: 2 | N5: 8 | O5: 1 | P5: O
A6: 558 | B6: LOVE MILL | C6: 0.23 | D6: N | E6: *LCL A G R NANCE RD | F6: ZEBULON WILLIAMS | H6: 999.999 | J6: 108377465 | K6: 1/20/2026 | L6: 19 | M6: 1 | N6: 0 | O6: 1 | P6: O
A7: 558 | B7: LOVE MILL | C7: 0 | E7: *LCL PIEDMONT SCH DR | F7: SIKES MILL | H7: 999.999 | J7: 108397947 | K7: 2/10/2026 | L7: 26 | M7: 1 | N7: 8 | O7: 1 | P7: O
A8: 558 | B8: LOVE MILL | C8: 0.072 | D8: N | E8: *LCL PURSER RUSHING RD | F8: HAIGLER BAUCOM | H8: 999.999 | J8: 107756918 | K8: 6/20/2024 | L8: 23 | M8: 1 | N8: 5 | O8: 3 | P8: O
A9: 558 | B9: LOVE MILL | C9: 0.25 | D9: N | E9: *LCL PURSER RUSHING RD | F9: HAIGLER BAUCOM | H9: 999.999 | J9: 108479327 | K9: 4/28/2026 | L9: 17 | M9: 1 | N9: 0 | O9: 5 | P9: O
A10: 558 | B10: PIEDMONT SCHOOL | C10: 0.019 | D10: N | E10: LOVE MILL | F10: DEAD END | H10: 999.999 | J10: 107528155 | K10: 11/14/2023 | L10: 21 | M10: 1 | N10: 12 | O10: 1 | P10: O
A11: 558 | B11: PIEDMONT SCHOOL | C11: 0.005 | D11: W | E11: SR 1001 | F11: *LCL - | H11: 999.999 | J11: 105971602 | K11: 8/26/2019 | L11: 24 | M11: 1 | N11: 4 | O11: 1 | P11: O
A12: 558 | B12: PVA 2623 SIKES MILL RD | C12: 0.009 | D12: W | E12: SR 1001 | F12: SR 1618 | H12: 999.999 | J12: 107250998 | K12: 2/9/2023 | L12: 20 | M12: 1 | N12: 4 | O12: 1 | P12: O
A13: 0 | B13: PVA 3006 SIKES MILL RD | C13: 0.004 | D13: E | E13: SR 1001 | F13: DEAD END | H13: 999.999 | J13: 105983673 | K13: 9/3/2019 | L13: 21 | M13: 1 | N13: 4 | O13: 1 | P13: O
A14: 558 | B14: PVA 3006 SIKES MILL RD | C14: 0.018 | D14: E | E14: SR 1606 | F14: SR 1001 | H14: 999.999 | J14: 107844251 | K14: 9/5/2024 | L14: 31 | M14: 1 | N14: 0 | O14: 1 | P14: O | Q14: 35.09455 | R14: -80.4927 | S14: DMV349
A15: 637 | B15: PVA 6609 SIKES MILL RD | C15: 0.028 | D15: W | E15: SIKES MILL | H15: 999.999 | J15: 106254686 | K15: 6/19/2020 | L15: 31 | M15: 1 | N15: 4 | O15: 1 | P15: O
A16: 558 | B16: PVA 709 SIKES MILL RD | C16: 0.005 | D16: W | E16: SR 1001 | F16: DEAD END | H16: 999.999 | J16: 107994713 | K16: 1/17/2025 | L16: 20 | M16: 1 | N16: 5 | O16: 2
A17: 558 | B17: PVA MARATHON | C17: 0.019 | D17: W | E17: SIKES MILL | H17: 999.999 | J17: 106584227 | K17: 5/25/2021 | L17: 31 | M17: 1 | N17: 4 | O17: 1 | P17: O
A18: 558 | B18: PVA MARATHON | C18: 0.019 | D18: W | E18: SIKES MILL | H18: 999.999 | J18: 106303935 | K18: 8/12/2020 | L18: 20 | M18: 1 | N18: 4 | O18: 1 | P18: O
A19: 558 | B19: PVA MARATHON | C19: 0.009 | D19: W | E19: SR 1001 | F19: SR 1618 | H19: 999.999 | J19: 108345733 | K19: 12/19/2025 | L19: 20 | M19: 1 | N19: 4 | O19: 1 | P19: O | Q19: 35.08 | R19: -80.49 | S19: DMV349
A20: 558 | B20: PVA MARATHON GAS | C20: 0.014 | D20: W | E20: SR 1001 | F20: DEAD END | H20: 999.999 | J20: 105790718 | K20: 3/2/2019 | L20: 31 | M20: 1 | N20: 0 | O20: 1 | P20: O
A21: 558 | B21: PVA MARATHON GAS | C21: 0.019 | D21: W | E21: SR 1001 | F21: DEAD END | H21: 999.999 | J21: 106747056 | K21: 10/29/2021 | L21: 31 | M21: 1 | N21: 0 | O21: 1 | P21: O
A22: 558 | B22: PVA MARATHON GAS STATION | C22: 0.019 | D22: W | E22: SR 1001 | F22: DEAD END | H22: 999.999 | J22: 107692192 | K22: 4/18/2024 | L22: 31 | M22: 1 | N22: 4 | O22: 1 | P22: O | Q22: 35.0886 | R22: -80.49449 | S22: DMV349
A23: 558 | B23: PVA MARATHON GAS STATION | C23: 0.014 | D23: W | E23: SR 1606 | F23: SR 1001 | H23: 999.999 | J23: 105060300 | K23: 3/20/2017 | L23: 31 | M23: 1 | N23: 4 | O23: 1 | P23: O
A24: 558 | B24: PVA PIEDMONT HIGH SCHOOL | C24: 0.009 | D24: W | E24: SR 1001 | F24: *LCL - | H24: 999.999 | J24: 104865813 | K24: 9/29/2016 | L24: 21 | M24: 2 | N24: 4 | O24: 1 | P24: C
A25: 558 | B25: PVA PIEDMONT HIGH SCHOOL | C25: 0.017 | D25: W | E25: SR 1001 | F25: DEAD END | H25: 999.999 | J25: 104945962 | K25: 12/12/2016 | L25: 21 | M25: 1 | N25: 4 | O25: 1 | P25: O
A26: 558 | B26: PVA PIEDMONT HIGH SCHOOL | C26: 0.017 | D26: W | E26: SR 1001 | F26: DEAD END | H26: 999.999 | J26: 104950470 | K26: 12/12/2016 | L26: 21 | M26: 1 | N26: 4 | O26: 1 | P26: O
A27: 558 | B27: PVA PIEDMONT HIGH SCHOOL | C27: 0.004 | D27: E | E27: SR 1606 | F27: SR 1678 | H27: 999.999 | J27: 107118944 | K27: 10/13/2022 | L27: 31 | M27: 1 | N27: 4 | O27: 1 | P27: O
A28: 558 | B28: PVA PIEDMONT HS | C28: 0.028 | D28: E | E28: SIKES MILL | H28: 999.999 | J28: 107711938 | K28: 5/7/2024 | L28: 23 | M28: 1 | N28: 4 | O28: 1 | P28: O
A29: 558 | B29: PVA PIEDMONT MIDDLE | C29: 0 | E29: SR 1001 | F29: DEAD END | H29: 999.999 | J29: 105740561 | K29: 1/7/2019 | L29: 21 | M29: 1 | N29: 8 | O29: 1 | P29: O
A30: 558 | B30: PVA PIEDMONT MIDDLE SCHOOL | C30: 0.001 | D30: E | E30: SIKES MILL | H30: 999.999 | J30: 108247372 | K30: 9/30/2025 | L30: 21 | M30: 2 | N30: 4 | O30: 1 | P30: O
A31: 558 | B31: PVA PIEDMONT MIDDLE SCHOOL | C31: 0.019 | D31: E | E31: SIKES MILL | H31: 999.999 | J31: 107683218 | K31: 4/11/2024 | L31: 31 | M31: 2 | N31: 4 | O31: 1 | P31: O
A32: 558 | B32: PVA PIEDMONT MIDDLE SCHOOL | C32: 0.019 | D32: E | E32: SR 1606 | F32: DEAD END | H32: 999.999 | J32: 105226618 | K32: 9/20/2017 | L32: 21 | M32: 1 | N32: 8 | O32: 1 | P32: O
A33: 558 | B33: SIKES MILL | C33: 0.14 | D33: N | E33: *LCL PIEDMONT SCH DR | F33: HAIGLER BAUCOM | H33: 999.999 | J33: 108319024 | K33: 11/25/2025 | L33: 24 | M33: 1 | N33: 4 | O33: 1 | P33: B
A34: 558 | B34: SIKES MILL | C34: 0.038 | D34: N | E34: *LCL PIEDMONT SCH RD | F34: HAIGLER BAUCOM | H34: 999.999 | J34: 107926331 | K34: 11/15/2024 | L34: 24 | M34: 1 | N34: 4 | O34: 1 | P34: O
A35: 558 | B35: SR 1001 | C35: 0 | E35: *LCL PEIDMONT SCHOOL RD | F35: SR 1674 | H35: 999.999 | J35: 108430866 | K35: 3/13/2026 | L35: 24 | M35: 1 | N35: 5 | O35: 1 | P35: C | Q35: 35.093641 | R35: -80.4873 | S35: DMV349CLEANED
A36: 0 | B36: SR 1606 | C36: 0.25 | D36: S | E36: *LCL BIGGERS CEMETERY RD | F36: OLD FERRY | H36: 999.999 | J36: 105935402 | K36: 7/22/2019 | L36: 29 | M36: 1 | N36: 0 | O36: 1 | P36: O
A37: 0 | B37: SR 1606 | C37: 0.3 | D37: E | E37: *LCL CAMDEN OAKS LN | F37: SR 1006 | H37: 999.999 | J37: 106214571 | K37: 4/30/2020 | L37: 29 | M37: 1 | N37: 1 | O37: 1 | P37: O
A38: 558 | B38: TOM BOYD | C38: 0.024 | D38: SE | E38: *LCL LATHAN WOODS DR | F38: OLD CAMDEN | H38: 999.999 | J38: 104734401 | K38: 5/12/2016 | L38: 21 | M38: 2 | N38: 5 | O38: 5 | P38: O
A39: 558 | B39: TOM BOYD | C39: 0 | E39: OLD CAMDEN | F39: SIKES MILL | H39: 999.999 | J39: 105415127 | K39: 3/12/2018 | L39: 30 | M39: 2 | N39: 7 | O39: 1 | P39: C
A40: 558 | B40: TOM BOYD | C40: 0.16 | D40: NE | E40: OLD CAMDEN | F40: *LCL LATHAM WOODS DR | H40: 999.999 | J40: 106910957 | K40: 4/4/2022 | L40: 17 | M40: 1 | N40: 0 | O40: 5 | P40: O
A41: 558 | B41: TOM BOYD | C41: 0.36 | D41: E | E41: OLD CAMDEN | F41: SIKES MILL | H41: 999.999 | J41: 108277405 | K41: 10/24/2025 | L41: 17 | M41: 1 | N41: 0 | O41: 3 | P41: B
A42: 558 | B42: TOM BOYD | C42: 0.29 | D42: SE | E42: SIKES MILL | F42: OLD CAMDEN | H42: 999.999 | J42: 107906736 | K42: 10/28/2024 | L42: 17 | M42: 1 | N42: 0 | O42: 5 | P42: O
A43: 558 | B43: TOM BOYD | C43: 0.011 | D43: S | E43: UNIONVILLE | F43: SIKES MILL | H43: 999.999 | J43: 105230136 | K43: 9/19/2017 | L43: 13 | M43: 1 | N43: 8 | O43: 1 | P43: O
A44: 558 | B44: LAWYERS | C44: 0.005 | D44: SE | E44: SIKES MILL | F44: OLD CAMDEN | G44: LAWYERS | H44: 999.999 | J44: 107493499 | K44: 10/18/2023 | L44: 21 | M44: 1 | N44: 10 | O44: 1 | P44: O | Q44: 35.088954 | R44: -80.493752 | S44: ITRE_CMV
A45: 558 | B45: LOVE MILL | C45: 0.41 | D45: S | E45: BRIEF | F45: NC 218 | G45: LOVE MILL | H45: 999.999 | J45: 108330211 | K45: 12/4/2025 | L45: 17 | M45: 1 | N45: 0 | O45: 5 | P45: O
A46: 558 | B46: LOVE MILL | C46: 0.005 | D46: E | E46: SIKES MILL | F46: PIEDMONT SCHOOL | G46: LOVE MILL | H46: 999.999 | J46: 107319671 | K46: 4/19/2023 | L46: 21 | M46: 1 | N46: 10 | O46: 1 | P46: O
A47: 558 | B47: LOVE MILL | C47: 0.19 | D47: NE | E47: SIKES MILL | F47: PIEDMONT SCHOOL | G47: LOVE MILL | H47: 999.999 | J47: 107148213 | K47: 11/16/2022 | L47: 21 | M47: 1 | N47: 0 | O47: 1 | P47: O
A48: 558 | B48: LOVE MILL | C48: 0.2 | D48: NE | E48: SIKES MILL | F48: *LCL PURSER RUSHING RD | G48: LOVE MILL | H48: 999.999 | J48: 105536078 | K48: 7/9/2018 | L48: 17 | M48: 1 | N48: 0 | O48: 2 | P48: O
A49: 558 | B49: NC 200 | C49: 0 | E49: SR 1606 | F49: SR 1633 | G49: NC 200 | H49: 25.69 | J49: 107224951 | K49: 1/22/2023 | L49: 23 | M49: 2 | N49: 7 | O49: 5 | P49: O
A50: 558 | B50: NC 200 | C50: 0 | E50: SR 1606 | F50: SR 1633 | G50: NC 200 | H50: 25.69 | J50: 106326117 | K50: 9/2/2020 | L50: 30 | M50: 1 | N50: 7 | O50: 1 | P50: B
A51: 0 | B51: NC 200 | C51: 0 | E51: SR 1606 | F51: SR 1627 | G51: NC 200 | H51: 25.69 | J51: 106253848 | K51: 6/12/2020 | L51: 23 | M51: 1 | N51: 7 | O51: 1 | P51: O
A52: 558 | B52: NC 200 | C52: 0 | E52: SR 1606 | F52: SR 1633 | G52: NC 200 | H52: 25.69 | J52: 105848333 | K52: 4/26/2019 | L52: 30 | M52: 1 | N52: 7 | O52: 1 | P52: O
A53: 558 | B53: NC 200 | C53: 0 | E53: SR 1606 | F53: SR 1633 | G53: NC 200 | H53: 25.69 | J53: 105422803 | K53: 3/19/2018 | L53: 19 | M53: 1 | N53: 7 | O53: 1 | P53: O
A54: 558 | B54: NC 200 | C54: 0.01 | D54: N | E54: SR 1606 | F54: SR 1637 | G54: NC 200 | H54: 25.7 | J54: 107859973 | K54: 9/19/2024 | L54: 19 | M54: 1 | N54: 0 | O54: 1 | P54: B | Q54: 35.060963 | R54: -80.48599 | S54: DMV349CLEANED
A55: 637 | B55: NC 218 | C55: 0.019 | D55: W | E55: SIKES MILL | F55: MILL CREEK CHUR | G55: NC 218 | H55: 8.063 | J55: 108436294 | K55: 3/15/2026 | L55: 21 | M55: 1 | N55: 0 | O55: 1 | P55: O
A56: 637 | B56: NC 218 | C56: 0.009 | D56: W | E56: SIKES MILL | F56: *LCL CROOKED CREEK CH RD | G56: NC 218 | H56: 8.073 | J56: 107209411 | K56: 1/11/2023 | L56: 21 | M56: 1 | N56: 12 | O56: 1 | P56: C
A57: 637 | B57: NC 218 | C57: 0.003 | D57: W | E57: SIKES MILL | F57: CROOKED CRK CH | G57: NC 218 | H57: 8.079 | J57: 107321738 | K57: 5/1/2023 | L57: 21 | M57: 1 | N57: 7 | O57: 1 | P57: C
A58: 637 | B58: NC 218 | C58: 0.001 | D58: W | E58: SR 1606 | F58: SR 1609 | G58: NC 218 | H58: 8.081 | J58: 104866396 | K58: 9/30/2016 | L58: 32 | M58: 1 | N58: 7 | O58: 5 | P58: O
A59: 637 | B59: NC 218 | C59: 0 | E59: SIKES MILL | F59: *LCL OLD FISH RD | G59: NC 218 | H59: 8.082 | J59: 108486827 | K59: 5/4/2026 | L59: 28 | M59: 1 | N59: 10 | O59: 1 | P59: O
A60: 637 | B60: NC 218 | C60: 0 | E60: SIKES MILL | F60: BRIEF | G60: NC 218 | H60: 8.082 | J60: 107751347 | K60: 6/14/2024 | L60: 24 | M60: 1 | N60: 7 | O60: 1 | P60: C
A61: 637 | B61: NC 218 | C61: 0 | E61: SIKES MILL | F61: BRIEF | G61: NC 218 | H61: 8.082 | J61: 107705518 | K61: 5/1/2024 | L61: 23 | M61: 1 | N61: 7 | O61: 1 | P61: C
A62: 637 | B62: NC 218 | C62: 0 | E62: SIKES MILL | F62: BRIEF | G62: NC 218 | H62: 8.082 | J62: 107183135 | K62: 12/16/2022 | L62: 30 | M62: 1 | N62: 7 | O62: 1 | P62: O
A63: 637 | B63: NC 218 | C63: 0 | E63: SIKES MILL | F63: BRIEF | G63: NC 218 | H63: 8.082 | J63: 107035876 | K63: 8/4/2022 | L63: 30 | M63: 1 | N63: 7 | O63: 1 | P63: C
A64: 0 | B64: NC 218 | C64: 0 | E64: SR 1606 | F64: SR 1547 | G64: NC 218 | H64: 8.082 | J64: 107659355 | K64: 3/16/2024 | L64: 30 | M64: 1 | N64: 7 | O64: 1 | P64: O | Q64: 35.13035 | R64: -80.47907 | S64: DMV349CLEANED
A65: 0 | B65: NC 218 | C65: 0 | E65: SR 1606 | F65: SR 1001 | G65: NC 218 | H65: 8.082 | J65: 107194746 | K65: 12/27/2022 | L65: 21 | M65: 1 | N65: 7 | O65: 5 | P65: C
A66: 0 | B66: NC 218 | C66: 0 | E66: SR 1606 | F66: SR 1610 | G66: NC 218 | H66: 8.082 | J66: 107139136 | K66: 11/7/2022 | L66: 30 | M66: 1 | N66: 7 | O66: 5 | P66: O
A67: 637 | B67: NC 218 | C67: 0 | E67: SR 1606 | F67: SR 1547 | G67: NC 218 | H67: 8.082 | J67: 107122762 | K67: 10/20/2022 | L67: 30 | M67: 1 | N67: 7 | O67: 1 | P67: O
A68: 637 | B68: NC 218 | C68: 0 | E68: SR 1606 | F68: SR 1609 | G68: NC 218 | H68: 8.082 | J68: 106620331 | K68: 6/24/2021 | L68: 30 | M68: 1 | N68: 7 | O68: 1 | P68: A
A69: 0 | B69: NC 218 | C69: 0 | E69: SR 1606 | F69: SR 1547 | G69: NC 218 | H69: 8.082 | J69: 105491727 | K69: 5/23/2018 | L69: 24 | M69: 1 | N69: 7 | O69: 1 | P69: B
A70: 637 | B70: NC 218 | C70: 0 | E70: SR 1606 | F70: SR 1547 | G70: NC 218 | H70: 8.082 | J70: 105344309 | K70: 1/6/2018 | L70: 30 | M70: 1 | N70: 7 | O70: 1 | P70: B
A71: 637 | B71: NC 218 | C71: 0 | E71: SR 1606 | F71: SR 1609 | G71: NC 218 | H71: 8.082 | J71: 105184681 | K71: 8/8/2017 | L71: 30 | M71: 2 | N71: 7 | O71: 1 | P71: C
A72: 0 | B72: NC 218 | C72: 0 | E72: SR 1606 | F72: NC 200 | G72: NC 218 | H72: 8.082 | J72: 105098258 | K72: 5/12/2017 | L72: 30 | M72: 1 | N72: 7 | O72: 1 | P72: O
A73: 558 | B73: NC 218 | C73: 0 | E73: SR 1606 | F73: SR 1547 | G73: NC 218 | H73: 8.082 | J73: 105178395 | K73: 7/29/2017 | L73: 30 | M73: 1 | N73: 7 | O73: 5 | P73: O
A74: 558 | B74: NC 218 | C74: 0 | E74: SR 1606 | F74: SR 1111 | G74: NC 218 | H74: 8.082 | J74: 104905109 | K74: 11/6/2016 | L74: 30 | M74: 1 | N74: 7 | O74: 1 | P74: C
A75: 637 | B75: NC 218 | C75: 0 | E75: SR 1606 | F75: SR 1657 | G75: NC 218 | H75: 8.082 | J75: 104997979 | K75: 2/1/2017 | L75: 30 | M75: 1 | N75: 7 | O75: 5 | P75: B
A76: 637 | B76: NC 218 | C76: 0 | E76: SR 1606 | F76: SR 1609 | G76: NC 218 | H76: 8.082 | J76: 104984617 | K76: 1/23/2017 | L76: 30 | M76: 1 | N76: 7 | O76: 1 | P76: C
... A78: 0 | B78: NC 218 | C78: 0 | E78: SR 1606 | F78: SR 1001 | G78: NC 218 | H78: 8.082 | J78: 104805272 | K78: 7/30/2016 | L78: 30 | M78: 1 | N78: 7 | O78: 1 | P78: C
A79: 637 | B79: NC 218 | C79: 0.002 | D79: E | E79: SR 1606 | F79: SR 1547 | G79: NC 218 | H79: 8.084 | J79: 105301818 | K79: 11/26/2017 | L79: 21 | M79: 1 | N79: 0 | O79: 5 | P79: C
A80: 637 | B80: NC 218 | C80: 0.009 | D80: E | E80: SR 1606 | F80: SR 1547 | G80: NC 218 | H80: 8.091 | J80: 105152445 | K80: 7/6/2017 | L80: 21 | M80: 1 | N80: 7 | O80: 1 | P80: O
A81: 637 | B81: NC 218 | C81: 0.01 | D81: E | E81: SR 1606 | F81: SR 1547 | G81: NC 218 | H81: 8.092 | J81: 108326425 | K81: 11/30/2025 | L81: 21 | M81: 2 | N81: 0 | O81: 5 | P81: O | Q81: 35.131031 | R81: -80.47403 | S81: DMV349CLEANED
A82: 0 | B82: NC 218 | C82: 0.028 | D82: W | E82: LOVE MILL | F82: BRIEF | G82: NC 218 | H82: 9.758 | J82: 107144129 | K82: 11/13/2022 | L82: 17 | M82: 1 | N82: 0 | O82: 5 | P82: O
A83: 637 | B83: NC 218 | C83: 0.014 | D83: W | E83: SR 1001 | F83: SR 1609 | G83: NC 218 | H83: 9.772 | J83: 105062907 | K83: 4/3/2017 | L83: 23 | M83: 1 | N83: 0 | O83: 1 | P83: O
A84: 0 | B84: NC 218 | C84: 0.005 | D84: W | E84: SR 1001 | F84: SR 1547 | G84: NC 218 | H84: 9.781 | J84: 105103445 | K84: 5/17/2017 | L84: 23 | M84: 1 | N84: 7 | O84: 1 | P84: B
A85: 637 | B85: NC 218 | C85: 0.004 | D85: W | E85: SR 1001 | F85: SR 1609 | G85: NC 218 | H85: 9.782 | J85: 105067787 | K85: 4/3/2017 | L85: 22 | M85: 2 | N85: 7 | O85: 1 | P85: O
A86: 0 | B86: NC 218 | C86: 0 | E86: SR 1001 | F86: SR 1547 | G86: NC 218 | H86: 9.786 | J86: 108267514 | K86: 10/14/2025 | L86: 21 | M86: 1 | N86: 0 | O86: 1 | P86: O | Q86: 35.13365 | R86: -80.44976 | S86: DMV349CLEANED
A87: 0 | B87: NC 218 | C87: 0 | E87: SR 1001 | F87: NC 200 | G87: NC 218 | H87: 9.786 | J87: 107715702 | K87: 5/11/2024 | L87: 30 | M87: 1 | N87: 7 | O87: 1 | P87: O | Q87: 35.13378 | R87: -80.44974 | S87: DMV349CLEANED
A88: 0 | B88: NC 218 | C88: 0 | E88: SR 1001 | F88: SR 1547 | G88: NC 218 | H88: 9.786 | J88: 107040279 | K88: 8/3/2022 | L88: 30 | M88: 1 | N88: 7 | O88: 1 | P88: O
A89: 0 | B89: NC 218 | C89: 0 | E89: SR 1001 | F89: SR 1606 | G89: NC 218 | H89: 9.786 | J89: 107011232 | K89: 7/8/2022 | L89: 28 | M89: 1 | N89: 7 | O89: 1 | P89: B
A90: 0 | B90: NC 218 | C90: 0 | E90: SR 1001 | F90: SR 1606 | G90: NC 218 | H90: 9.786 | J90: 107011234 | K90: 7/8/2022 | L90: 30 | M90: 1 | N90: 7 | O90: 1 | P90: C
A91: 0 | B91: NC 218 | C91: 0 | E91: SR 1001 | F91: NC 200 | G91: NC 218 | H91: 9.786 | J91: 106880793 | K91: 3/5/2022 | L91: 30 | M91: 1 | N91: 7 | O91: 1 | P91: B
A92: 637 | B92: NC 218 | C92: 0 | E92: SR 1001 | F92: SR 1610 | G92: NC 218 | H92: 9.786 | J92: 107287156 | K92: 3/28/2023 | L92: 30 | M92: 1 | N92: 7 | O92: 1 | P92: B
A93: 0 | B93: NC 218 | C93: 0 | E93: SR 1001 | F93: SR 1639 | G93: NC 218 | H93: 9.786 | J93: 106759634 | K93: 11/5/2021 | L93: 30 | M93: 1 | N93: 7 | O93: 1 | P93: O
A94: 637 | B94: NC 218 | C94: 0 | E94: SR 1001 | F94: NC 200 | G94: NC 218 | H94: 9.786 | J94: 106655032 | K94: 8/4/2021 | L94: 30 | M94: 1 | N94: 7 | O94: 1 | P94: O
A95: 0 | B95: NC 218 | C95: 0 | E95: SR 1001 | F95: SR 1547 | G95: NC 218 | H95: 9.786 | J95: 106554754 | K95: 4/22/2021 | L95: 21 | M95: 1 | N95: 7 | O95: 1 | P95: C
A96: 558 | B96: NC 218 | C96: 0 | E96: SR 1001 | F96: CYRUS LEE | G96: NC 218 | H96: 9.786 | J96: 106521629 | K96: 3/21/2021 | L96: 22 | M96: 1 | N96: 7 | O96: 1 | P96: B
A97: 0 | B97: NC 218 | C97: 0 | E97: SR 1001 | F97: NC 200 | G97: NC 218 | H97: 9.786 | J97: 106362077 | K97: 10/5/2020 | L97: 30 | M97: 1 | N97: 7 | O97: 1 | P97: O
A98: 0 | B98: NC 218 | C98: 0 | E98: SR 1001 | F98: NC 200 | G98: NC 218 | H98: 9.786 | J98: 106219177 | K98: 5/1/2020 | L98: 30 | M98: 1 | N98: 7 | O98: 5 | P98: O
A99: 637 | B99: NC 218 | C99: 0 | E99: SR 1001 | F99: SR 1547 | G99: NC 218 | H99: 9.786 | J99: 106186515 | K99: 3/16/2020 | L99: 30 | M99: 1 | N99: 7 | O99: 1 | P99: O
... A112: 650 | B112: NC 218 | C112: 0 | E112: SR 1001 | F112: CYRUS LEE | G112: NC 218 | H112: 9.786 | J112: 105125636 | K112: 6/4/2017 | L112: 21 | M112: 1 | N112: 12 | O112: 1 | P112: O
A113: 637 | B113: NC 218 | C113: 0.005 | D113: E | E113: LOVE MILL | F113: NC 200 | G113: NC 218 | H113: 9.791 | J113: 107609800 | K113: 1/31/2024 | L113: 21 | M113: 2 | N113: 7 | O113: 1 | P113: C
...

Sheet Filtered Fiche
A1: Muni. Code | B1: On Road | C1: Miles | D1: Dir From | E1: From Road | F1: Toward Road | G1: Milepost Road | H1: MP | I1: IS | J1: New MP | K1: MA | L1: Crash ID | M1: Date | N1: T | O1: C | P1: F | Q1: L | R1: S | S1: Comments
A2: IN STUDY
A3: 558 | B3: SR 1001 | C3: 0.019 | D3: S | E3: SR 1617 | G3: SR 1001 | H3: 3.442 | I3: IS | L3: 105520583 | M3: 6/20/2018 | N3: 19 | O3: 2 | P3: 0 | Q3: 1 | R3: O | S3: SR 1001 MP 3.442, 100 ft south; NB ran off right into the ditch, charged safe speed; not intersection related
A4: 558 | B4: SR 1001 | C4: 0.014 | D4: S | E4: TOM BOYD | F4: SR 1606 | G4: SR 1001 | H4: 3.447 | I4: IS | L4: 105553349 | M4: 7/23/2018 | N4: 18 | O4: 2 | P4: 0 | Q4: 1 | R4: O | S4: SR 1001 MP 3.447, 74 ft south; NB at 65 crossed the centerline into the ditch; not intersection related
A5: 558 | B5: SIKES MILL | C5: 0 | E5: TOM BOYD | F5: UNIONVILLE | G5: SR 1001 | H5: 3.461 | I5: IS | L5: 107601791 | M5: 1/23/2024 | N5: 30 | O5: 2 | P5: 7 | Q5: 1 | R5: O | S5: coded at the junction, 0.000 from the study pair; EB Tom Boyd failed to yield from the stop; both at 10 mph
A6: 558 | B6: SIKES MILL | C6: 0 | E6: TOM BOYD | F6: UNIONVILLE | G6: SR 1001 | H6: 3.461 | I6: IS | L6: 106772984 | M6: 11/19/2021 | N6: 30 | O6: 1 | P6: 7 | Q6: 1 | R6: O | S6: coded at the junction, 0.000 from the study pair; both at 10 to 15 mph; officer could not determine which failed to yield
A7: 558 | B7: SIKES MILL | C7: 0 | E7: TOM BOYD | F7: LOVE MILL | G7: SR 1001 | H7: 3.461 | I7: IS | L7: 107870118 | M7: 10/3/2024 | N7: 30 | O7: 1 | P7: 7 | Q7: 1 | R7: O | S7: coded at the junction, 0.000 from the study pair; NB SR 1001 failed to stop at the new all way stop at 25
A8: 558 | B8: SIKES MILL | C8: 0 | E8: TOM BOYD | F8: LAWYERS | G8: SR 1001 | H8: 3.461 | I8: IS | L8: 106133705 | M8: 1/23/2020 | N8: 30 | O8: 1 | P8: 7 | Q8: 1 | R8: O | S8: coded at the junction, 0.000 from the study pair; EB west leg failed to yield at 15 against the NB through
A9: 558 | B9: SR 1001 | C9: 0 | E9: SR 1617 | F9: SR 1618 | G9: SR 1001 | H9: 3.461 | I9: IS | L9: 108250468 | M9: 10/1/2025 | N9: 30 | O9: 1 | P9: 7 | Q9: 5 | R9: O | S9: at the junction; DMV349 coords 0 ft; both departed their stops at 5 mph; no fault determined
A10: 558 | B10: SR 1001 | C10: 0 | E10: SR 1617 | F10: SR 1606 | G10: SR 1001 | H10: 3.461 | I10: IS | L10: 108279485 | M10: 10/23/2025 | N10: 30 | O10: 1 | P10: 7 | Q10: 1 | R10: C | S10: at the junction; DMV349 coords 12 ft; WB SR 1001 failed to stop at the four way at 45, charged failed to stop; the after period target C injury
A11: 558 | B11: SR 1001 | C11: 0 | E11: SR 1617 | F11: SR 1681 | G11: SR 1001 | H11: 3.461 | I11: IS | L11: 107902086 | M11: 10/28/2024 | N11: 30 | O11: 1 | P11: 7 | Q11: 1 | R11: O | S11: at the junction; DMV349 coords 10 ft; NB SR 1001 failed to yield from the stop sign; both from stops at 5 mph
A12: 0 | B12: SR 1001 | C12: 0 | E12: SR 1617 | G12: SR 1001 | H12: 3.461 | I12: IS | L12: 106743409 | M12: 10/25/2021 | N12: 30 | O12: 1 | P12: 7 | Q12: 5 | R12: O | S12: coded at the junction, 0.000 from the study pair; NB SR 1001 pulled from the new stop into a crossing vehicle nearly clear; failed to yield, charged; 5 to 10 mph
A13: 558 | B13: SR 1001 | C13: 0 | E13: SR 1617 | F13: SR 1615 | G13: SR 1001 | H13: 3.461 | I13: IS | L13: 106286453 | M13: 7/25/2020 | N13: 30 | O13: 1 | P13: 7 | Q13: 1 | R13: C | S13: coded at the junction, 0.000 from the study pair; EB west leg crossed at 10 against the NB through; charged failure to yield
A14: 0 | B14: SR 1001 | C14: 0 | E14: SR 1617 | F14: SR 1615 | G14: SR 1001 | H14: 3.461 | I14: IS | L14: 105535858 | M14: 7/9/2018 | N14: 30 | O14: 1 | P14: 7 | Q14: 1 | R14: B | S14: coded at the junction, 0.000 from the study pair; SE west leg ran the stop sign at 50, struck broadside; ran on to sideswipe the house at 2220 Sikes Mill Rd; charged stop sign violation
A15: 558 | B15: SR 1001 | C15: 0 | E15: SR 1617 | F15: SR 1681 | G15: SR 1001 | H15: 3.461 | I15: IS | L15: 105326435 | M15: 12/16/2017 | N15: 30 | O15: 1 | P15: 7 | Q15: 1 | R15: A | S15: coded at the junction, 0.000 from the study pair; EB west leg ran the stop sign, struck a SB truck trailer's saddle fuel tank; the A injury; charged stop sign violation
A16: 558 | B16: SR 1001 | C16: 0 | E16: SR 1617 | F16: SR 1615 | G16: SR 1001 | H16: 3.461 | I16: IS | L16: 105210461 | M16: 8/30/2017 | N16: 30 | O16: 1 | P16: 7 | Q16: 1 | R16: C | S16: coded at the junction, 0.000 from the study pair; EB west leg stopped, then entered against the NB through; failed to yield, charged
A17: 558 | B17: SR 1001 | C17: 0 | E17: SR 1617 | F17: SR 1615 | G17: SR 1001 | H17: 3.461 | I17: IS | L17: 104890928 | M17: 10/10/2016 | N17: 30 | O17: 1 | P17: 7 | Q17: 1 | R17: C | S17: coded at the junction, 0.000 from the study pair; WB east leg stopped at the sign, pulled into the SB through; failed to yield, charged
A18: 558 | B18: SR 1001 | C18: 0 | E18: SR 1617 | F18: SR 1618 | G18: SR 1001 | H18: 3.461 | I18: IS | L18: 104901954 | M18: 11/2/2016 | N18: 30 | O18: 1 | P18: 7 | Q18: 1 | R18: O | S18: coded at the junction, 0.000 from the study pair; WB east leg pulled from the stop into the SB through, then struck the opposite waiting vehicle; failed to yield, charged unsafe movement
A19: 558 | B19: SR 1001 | C19: 0 | E19: SR 1617 | F19: SR 1615 | G19: SR 1001 | H19: 3.461 | I19: IS | L19: 104987740 | M19: 1/25/2017 | N19: 30 | O19: 1 | P19: 7 | Q19: 1 | R19: B | S19: coded at the junction, 0.000 from the study pair; WB east leg ran the stop sign at 45; charged stop sign violation
A20: 0 | B20: SR 1001 | C20: 0 | E20: SR 1617 | F20: SR 1615 | G20: SR 1001 | H20: 3.461 | I20: IS | L20: 104942804 | M20: 12/8/2016 | N20: 30 | O20: 1 | P20: 7 | Q20: 1 | R20: B | S20: coded at the junction, 0.000 from the study pair; WB east leg stopped, then entered against the SB through; failed to yield
A21: 558 | B21: SIKES MILL | C21: 0.005 | D21: N | E21: TOM BOYD | F21: LOVE MILL | G21: SR 1001 | H21: 3.466 | I21: IS | L21: 107945637 | M21: 12/4/2024 | N21: 21 | O21: 1 | P21: 7 | Q21: 1 | R21: C | S21: SR 1001 MP 3.466, 26 ft north; rear end into a vehicle stopped at the all way stop, failed to reduce speed; the after period C injury
A22: 558 | B22: SR 1001 | C22: 0.005 | D22: N | E22: SR 1617 | F22: SR 1637 | G22: SR 1001 | H22: 3.466 | I22: IS | L22: 106126767 | M22: 1/13/2020 | N22: 21 | O22: 2 | P22: 7 | Q22: 1 | R22: O | S22: SR 1001 MP 3.466, 26 ft north; SB queue rear end, vehicles stopped for traffic flow ahead; charged failure to reduce speed
A23: 558 | B23: SR 1617 | C23: 0.028 | D23: W | E23: SR 1001 | F23: SR 1615 | G23: SR 1617 | H23: 0.512 | I23: IS | L23: 105885258 | M23: 6/4/2019 | N23: 29 | O23: 1 | P23: 0 | Q23: 1 | R23: O | S23: SR 1617 MP 0.512, 148 ft west, right at the y-line; opposite direction mirror strike on Tom Boyd, unit 1 fled; not control related
A24: 558 | B24: SR 1617 | C24: 0 | E24: SR 1001 | G24: SR 1617 | H24: 0.54 | I24: IS | L24: 104716467 | M24: 4/27/2016 | N24: 30 | O24: 1 | P24: 7 | Q24: 1 | R24: O | S24: at the junction, SR 1617 MP 0.540; EB west leg stopped, then failed to yield crossing; charged failure to yield
A25: ADDED TO STUDY
A26: 558 | B26: SR 1001 | C26: 0 | E26: SR 1619 | F26: SR 1618 | G26: SR 1001 | H26: 3.461 | I26: ADD | L26: 105363964 | M26: 1/26/2018 | N26: 30 | O26: 1 | P26: 7 | Q26: 5 | R26: C | S26: confirmed at the study intersection (report 0 ft, at SR 1619): WB east leg stopped, then failed to yield into the SB SR 1001 vehicle; charged fail to yield at stop sign; angle, target type, before period
A27: NOT IN STUDY - REPORT REVIEWED
A28: 558 | B28: *PP 1518 TOM BOYD RD | C28: 0.014 | D28: W | E28: SR 1619 | F28: *LCL - | H28: 999.999 | I28: NIS | L28: 104698395 | M28: 4/9/2016 | N28: 31 | O28: 1 | P28: 5 | Q28: 5 | R28: O | S28: confirmed off roadway: backed into a parked vehicle on the private drive at 1518 Tom Boyd Rd, 75 ft off the road
A29: 558 | B29: SR 1001 | C29: 0.1 | D29: N | E29: SR 1615 | F29: SR 1617 | G29: SR 1001 | H29: 2.971 | I29: NIS | L29: 108184887 | M29: 7/27/2025 | N29: 19 | O29: 1 | P29: 0 | Q29: 1 | R29: A | S29: confirmed elsewhere: ran off left mid block and struck a tree; the report's coded reference and its own coordinates disagree but both fall outside the y-line
A30: 558 | B30: SR 1001 | C30: 0.038 | D30: S | E30: SR 1617 | F30: US 601 | G30: SR 1001 | H30: 3.423 | I30: NIS | L30: 105964079 | M30: 8/15/2019 | N30: 19 | O30: 2 | P30: 0 | Q30: 5 | R30: O | S30: confirmed elsewhere: too fast on a wet curve, slid off right, struck the ditch and overturned; no intersection involvement
A31: 558 | B31: SR 1001 | C31: 0.03 | D31: S | E31: SR 1617 | F31: SR 1615 | G31: SR 1001 | H31: 3.431 | I31: NIS | L31: 105208918 | M31: 9/1/2017 | N31: 27 | O31: 3 | P31: 0 | Q31: 1 | R31: C | S31: confirmed elsewhere: ran off right on the curve, overcorrected across the centerline, head on in the southbound lane 156 ft south; lane departure, no intersection involvement
A32: NOT IN STUDY - REPORT NOT REVIEWED
A33: 558 | B33: *LCL CAR WASH PVA | C33: 0.001 | D33: E | E33: SR 1001 | F33: DEAD END | H33: 999.999 | L33: 105722912 | M33: 12/18/2018 | N33: 31 | O33: 1 | P33: 0 | Q33: 1 | R33: O
A34: 0 | B34: *PP 2815 OLD CAMDEN RD | C34: 0.019 | D34: W | E34: SR 1606 | F34: DEAD END | H34: 999.999 | L34: 107479024 | M34: 10/4/2023 | N34: 20 | O34: 1 | P34: 5 | Q34: 5 | R34: O
A35: 558 | B35: HAIGLER BAUCOM | C35: 0.005 | D35: E | E35: SIKES MILL | F35: LOVE MILL | H35: 999.999 | L35: 107442545 | M35: 8/30/2023 | N35: 21 | O35: 2 | P35: 8 | Q35: 1 | R35: O
A36: 558 | B36: LOVE MILL | C36: 0.23 | D36: N | E36: *LCL A G R NANCE RD | F36: ZEBULON WILLIAMS | H36: 999.999 | L36: 108377465 | M36: 1/20/2026 | N36: 19 | O36: 1 | P36: 0 | Q36: 1 | R36: O
A37: 558 | B37: LOVE MILL | C37: 0 | E37: *LCL PIEDMONT SCH DR | F37: SIKES MILL | H37: 999.999 | L37: 108397947 | M37: 2/10/2026 | N37: 26 | O37: 1 | P37: 8 | Q37: 1 | R37: O
A38: 558 | B38: LOVE MILL | C38: 0.072 | D38: N | E38: *LCL PURSER RUSHING RD | F38: HAIGLER BAUCOM | H38: 999.999 | L38: 107756918 | M38: 6/20/2024 | N38: 23 | O38: 1 | P38: 5 | Q38: 3 | R38: O
A39: 558 | B39: LOVE MILL | C39: 0.25 | D39: N | E39: *LCL PURSER RUSHING RD | F39: HAIGLER BAUCOM | H39: 999.999 | L39: 108479327 | M39: 4/28/2026 | N39: 17 | O39: 1 | P39: 0 | Q39: 5 | R39: O
A40: 558 | B40: PIEDMONT SCHOOL | C40: 0.019 | D40: N | E40: LOVE MILL | F40: DEAD END | H40: 999.999 | L40: 107528155 | M40: 11/14/2023 | N40: 21 | O40: 1 | P40: 12 | Q40: 1 | R40: O
A41: 558 | B41: PIEDMONT SCHOOL | C41: 0.005 | D41: W | E41: SR 1001 | F41: *LCL - | H41: 999.999 | L41: 105971602 | M41: 8/26/2019 | N41: 24 | O41: 1 | P41: 4 | Q41: 1 | R41: O
A42: 558 | B42: PVA 2623 SIKES MILL RD | C42: 0.009 | D42: W | E42: SR 1001 | F42: SR 1618 | H42: 999.999 | L42: 107250998 | M42: 2/9/2023 | N42: 20 | O42: 1 | P42: 4 | Q42: 1 | R42: O
A43: 0 | B43: PVA 3006 SIKES MILL RD | C43: 0.004 | D43: E | E43: SR 1001 | F43: DEAD END | H43: 999.999 | L43: 105983673 | M43: 9/3/2019 | N43: 21 | O43: 1 | P43: 4 | Q43: 1 | R43: O
A44: 558 | B44: PVA 3006 SIKES MILL RD | C44: 0.018 | D44: E | E44: SR 1606 | F44: SR 1001 | H44: 999.999 | L44: 107844251 | M44: 9/5/2024 | N44: 31 | O44: 1 | P44: 0 | Q44: 1 | R44: O
A45: 637 | B45: PVA 6609 SIKES MILL RD | C45: 0.028 | D45: W | E45: SIKES MILL | H45: 999.999 | L45: 106254686 | M45: 6/19/2020 | N45: 31 | O45: 1 | P45: 4 | Q45: 1 | R45: O
A46: 558 | B46: PVA 709 SIKES MILL RD | C46: 0.005 | D46: W | E46: SR 1001 | F46: DEAD END | H46: 999.999 | L46: 107994713 | M46: 1/17/2025 | N46: 20 | O46: 1 | P46: 5 | Q46: 2
A47: 558 | B47: PVA MARATHON | C47: 0.019 | D47: W | E47: SIKES MILL | H47: 999.999 | L47: 106584227 | M47: 5/25/2021 | N47: 31 | O47: 1 | P47: 4 | Q47: 1 | R47: O
A48: 558 | B48: PVA MARATHON | C48: 0.019 | D48: W | E48: SIKES MILL | H48: 999.999 | L48: 106303935 | M48: 8/12/2020 | N48: 20 | O48: 1 | P48: 4 | Q48: 1 | R48: O
A49: 558 | B49: PVA MARATHON | C49: 0.009 | D49: W | E49: SR 1001 | F49: SR 1618 | H49: 999.999 | L49: 108345733 | M49: 12/19/2025 | N49: 20 | O49: 1 | P49: 4 | Q49: 1 | R49: O
A50: 558 | B50: PVA MARATHON GAS | C50: 0.014 | D50: W | E50: SR 1001 | F50: DEAD END | H50: 999.999 | L50: 105790718 | M50: 3/2/2019 | N50: 31 | O50: 1 | P50: 0 | Q50: 1 | R50: O
A51: 558 | B51: PVA MARATHON GAS | C51: 0.019 | D51: W | E51: SR 1001 | F51: DEAD END | H51: 999.999 | L51: 106747056 | M51: 10/29/2021 | N51: 31 | O51: 1 | P51: 0 | Q51: 1 | R51: O
A52: 558 | B52: PVA MARATHON GAS STATION | C52: 0.019 | D52: W | E52: SR 1001 | F52: DEAD END | H52: 999.999 | L52: 107692192 | M52: 4/18/2024 | N52: 31 | O52: 1 | P52: 4 | Q52: 1 | R52: O
A53: 558 | B53: PVA MARATHON GAS STATION | C53: 0.014 | D53: W | E53: SR 1606 | F53: SR 1001 | H53: 999.999 | L53: 105060300 | M53: 3/20/2017 | N53: 31 | O53: 1 | P53: 4 | Q53: 1 | R53: O
A54: 558 | B54: PVA PIEDMONT HIGH SCHOOL | C54: 0.009 | D54: W | E54: SR 1001 | F54: *LCL - | H54: 999.999 | L54: 104865813 | M54: 9/29/2016 | N54: 21 | O54: 2 | P54: 4 | Q54: 1 | R54: C
A55: 558 | B55: PVA PIEDMONT HIGH SCHOOL | C55: 0.017 | D55: W | E55: SR 1001 | F55: DEAD END | H55: 999.999 | L55: 104945962 | M55: 12/12/2016 | N55: 21 | O55: 1 | P55: 4 | Q55: 1 | R55: O
A56: 558 | B56: PVA PIEDMONT HIGH SCHOOL | C56: 0.017 | D56: W | E56: SR 1001 | F56: DEAD END | H56: 999.999 | L56: 104950470 | M56: 12/12/2016 | N56: 21 | O56: 1 | P56: 4 | Q56: 1 | R56: O
A57: 558 | B57: PVA PIEDMONT HIGH SCHOOL | C57: 0.004 | D57: E | E57: SR 1606 | F57: SR 1678 | H57: 999.999 | L57: 107118944 | M57: 10/13/2022 | N57: 31 | O57: 1 | P57: 4 | Q57: 1 | R57: O
A58: 558 | B58: PVA PIEDMONT HS | C58: 0.028 | D58: E | E58: SIKES MILL | H58: 999.999 | L58: 107711938 | M58: 5/7/2024 | N58: 23 | O58: 1 | P58: 4 | Q58: 1 | R58: O
A59: 558 | B59: PVA PIEDMONT MIDDLE | C59: 0 | E59: SR 1001 | F59: DEAD END | H59: 999.999 | L59: 105740561 | M59: 1/7/2019 | N59: 21 | O59: 1 | P59: 8 | Q59: 1 | R59: O
A60: 558 | B60: PVA PIEDMONT MIDDLE SCHOOL | C60: 0.001 | D60: E | E60: SIKES MILL | H60: 999.999 | L60: 108247372 | M60: 9/30/2025 | N60: 21 | O60: 2 | P60: 4 | Q60: 1 | R60: O
A61: 558 | B61: PVA PIEDMONT MIDDLE SCHOOL | C61: 0.019 | D61: E | E61: SIKES MILL | H61: 999.999 | L61: 107683218 | M61: 4/11/2024 | N61: 31 | O61: 2 | P61: 4 | Q61: 1 | R61: O
A62: 558 | B62: PVA PIEDMONT MIDDLE SCHOOL | C62: 0.019 | D62: E | E62: SR 1606 | F62: DEAD END | H62: 999.999 | L62: 105226618 | M62: 9/20/2017 | N62: 21 | O62: 1 | P62: 8 | Q62: 1 | R62: O
A63: 558 | B63: SIKES MILL | C63: 0.14 | D63: N | E63: *LCL PIEDMONT SCH DR | F63: HAIGLER BAUCOM | H63: 999.999 | L63: 108319024 | M63: 11/25/2025 | N63: 24 | O63: 1 | P63: 4 | Q63: 1 | R63: B
A64: 558 | B64: SIKES MILL | C64: 0.038 | D64: N | E64: *LCL PIEDMONT SCH RD | F64: HAIGLER BAUCOM | H64: 999.999 | L64: 107926331 | M64: 11/15/2024 | N64: 24 | O64: 1 | P64: 4 | Q64: 1 | R64: O
A65: 558 | B65: SR 1001 | C65: 0 | E65: *LCL PEIDMONT SCHOOL RD | F65: SR 1674 | H65: 999.999 | L65: 108430866 | M65: 3/13/2026 | N65: 24 | O65: 1 | P65: 5 | Q65: 1 | R65: C
A66: 0 | B66: SR 1606 | C66: 0.25 | D66: S | E66: *LCL BIGGERS CEMETERY RD | F66: OLD FERRY | H66: 999.999 | L66: 105935402 | M66: 7/22/2019 | N66: 29 | O66: 1 | P66: 0 | Q66: 1 | R66: O
A67: 0 | B67: SR 1606 | C67: 0.3 | D67: E | E67: *LCL CAMDEN OAKS LN | F67: SR 1006 | H67: 999.999 | L67: 106214571 | M67: 4/30/2020 | N67: 29 | O67: 1 | P67: 1 | Q67: 1 | R67: O
A68: 558 | B68: TOM BOYD | C68: 0.024 | D68: SE | E68: *LCL LATHAN WOODS DR | F68: OLD CAMDEN | H68: 999.999 | L68: 104734401 | M68: 5/12/2016 | N68: 21 | O68: 2 | P68: 5 | Q68: 5 | R68: O
A69: 558 | B69: TOM BOYD | C69: 0 | E69: OLD CAMDEN | F69: SIKES MILL | H69: 999.999 | L69: 105415127 | M69: 3/12/2018 | N69: 30 | O69: 2 | P69: 7 | Q69: 1 | R69: C
A70: 558 | B70: TOM BOYD | C70: 0.16 | D70: NE | E70: OLD CAMDEN | F70: *LCL LATHAM WOODS DR | H70: 999.999 | L70: 106910957 | M70: 4/4/2022 | N70: 17 | O70: 1 | P70: 0 | Q70: 5 | R70: O
A71: 558 | B71: TOM BOYD | C71: 0.36 | D71: E | E71: OLD CAMDEN | F71: SIKES MILL | H71: 999.999 | L71: 108277405 | M71: 10/24/2025 | N71: 17 | O71: 1 | P71: 0 | Q71: 3 | R71: B
A72: 558 | B72: TOM BOYD | C72: 0.29 | D72: SE | E72: SIKES MILL | F72: OLD CAMDEN | H72: 999.999 | L72: 107906736 | M72: 10/28/2024 | N72: 17 | O72: 1 | P72: 0 | Q72: 5 | R72: O
A73: 558 | B73: TOM BOYD | C73: 0.011 | D73: S | E73: UNIONVILLE | F73: SIKES MILL | H73: 999.999 | L73: 105230136 | M73: 9/19/2017 | N73: 13 | O73: 1 | P73: 8 | Q73: 1 | R73: O
A74: 558 | B74: LAWYERS | C74: 0.005 | D74: SE | E74: SIKES MILL | F74: OLD CAMDEN | G74: LAWYERS | H74: 999.999 | L74: 107493499 | M74: 10/18/2023 | N74: 21 | O74: 1 | P74: 10 | Q74: 1 | R74: O
A75: 558 | B75: LOVE MILL | C75: 0.41 | D75: S | E75: BRIEF | F75: NC 218 | G75: LOVE MILL | H75: 999.999 | L75: 108330211 | M75: 12/4/2025 | N75: 17 | O75: 1 | P75: 0 | Q75: 5 | R75: O
A76: 558 | B76: LOVE MILL | C76: 0.005 | D76: E | E76: SIKES MILL | F76: PIEDMONT SCHOOL | G76: LOVE MILL | H76: 999.999 | L76: 107319671 | M76: 4/19/2023 | N76: 21 | O76: 1 | P76: 10 | Q76: 1 | R76: O
A77: 558 | B77: LOVE MILL | C77: 0.19 | D77: NE | E77: SIKES MILL | F77: PIEDMONT SCHOOL | G77: LOVE MILL | H77: 999.999 | L77: 107148213 | M77: 11/16/2022 | N77: 21 | O77: 1 | P77: 0 | Q77: 1 | R77: O
A78: 558 | B78: LOVE MILL | C78: 0.2 | D78: NE | E78: SIKES MILL | F78: *LCL PURSER RUSHING RD | G78: LOVE MILL | H78: 999.999 | L78: 105536078 | M78: 7/9/2018 | N78: 17 | O78: 1 | P78: 0 | Q78: 2 | R78: O
A79: 558 | B79: NC 200 | C79: 0 | E79: SR 1606 | F79: SR 1633 | G79: NC 200 | H79: 25.69 | L79: 107224951 | M79: 1/22/2023 | N79: 23 | O79: 2 | P79: 7 | Q79: 5 | R79: O
A80: 558 | B80: NC 200 | C80: 0 | E80: SR 1606 | F80: SR 1633 | G80: NC 200 | H80: 25.69 | L80: 106326117 | M80: 9/2/2020 | N80: 30 | O80: 1 | P80: 7 | Q80: 1 | R80: B
A81: 0 | B81: NC 200 | C81: 0 | E81: SR 1606 | F81: SR 1627 | G81: NC 200 | H81: 25.69 | L81: 106253848 | M81: 6/12/2020 | N81: 23 | O81: 1 | P81: 7 | Q81: 1 | R81: O
A82: 558 | B82: NC 200 | C82: 0 | E82: SR 1606 | F82: SR 1633 | G82: NC 200 | H82: 25.69 | L82: 105848333 | M82: 4/26/2019 | N82: 30 | O82: 1 | P82: 7 | Q82: 1 | R82: O
A83: 558 | B83: NC 200 | C83: 0 | E83: SR 1606 | F83: SR 1633 | G83: NC 200 | H83: 25.69 | L83: 105422803 | M83: 3/19/2018 | N83: 19 | O83: 1 | P83: 7 | Q83: 1 | R83: O
A84: 558 | B84: NC 200 | C84: 0.01 | D84: N | E84: SR 1606 | F84: SR 1637 | G84: NC 200 | H84: 25.7 | L84: 107859973 | M84: 9/19/2024 | N84: 19 | O84: 1 | P84: 0 | Q84: 1 | R84: B
A85: 637 | B85: NC 218 | C85: 0.019 | D85: W | E85: SIKES MILL | F85: MILL CREEK CHUR | G85: NC 218 | H85: 8.063 | L85: 108436294 | M85: 3/15/2026 | N85: 21 | O85: 1 | P85: 0 | Q85: 1 | R85: O
A86: 637 | B86: NC 218 | C86: 0.009 | D86: W | E86: SIKES MILL | F86: *LCL CROOKED CREEK CH RD | G86: NC 218 | H86: 8.073 | L86: 107209411 | M86: 1/11/2023 | N86: 21 | O86: 1 | P86: 12 | Q86: 1 | R86: C
A87: 637 | B87: NC 218 | C87: 0.003 | D87: W | E87: SIKES MILL | F87: CROOKED CRK CH | G87: NC 218 | H87: 8.079 | L87: 107321738 | M87: 5/1/2023 | N87: 21 | O87: 1 | P87: 7 | Q87: 1 | R87: C
A88: 637 | B88: NC 218 | C88: 0.001 | D88: W | E88: SR 1606 | F88: SR 1609 | G88: NC 218 | H88: 8.081 | L88: 104866396 | M88: 9/30/2016 | N88: 32 | O88: 1 | P88: 7 | Q88: 5 | R88: O
A89: 637 | B89: NC 218 | C89: 0 | E89: SIKES MILL | F89: *LCL OLD FISH RD | G89: NC 218 | H89: 8.082 | L89: 108486827 | M89: 5/4/2026 | N89: 28 | O89: 1 | P89: 10 | Q89: 1 | R89: O
A90: 637 | B90: NC 218 | C90: 0 | E90: SIKES MILL | F90: BRIEF | G90: NC 218 | H90: 8.082 | L90: 107751347 | M90: 6/14/2024 | N90: 24 | O90: 1 | P90: 7 | Q90: 1 | R90: C
A91: 637 | B91: NC 218 | C91: 0 | E91: SIKES MILL | F91: BRIEF | G91: NC 218 | H91: 8.082 | L91: 107705518 | M91: 5/1/2024 | N91: 23 | O91: 1 | P91: 7 | Q91: 1 | R91: C
A92: 637 | B92: NC 218 | C92: 0 | E92: SIKES MILL | F92: BRIEF | G92: NC 218 | H92: 8.082 | L92: 107183135 | M92: 12/16/2022 | N92: 30 | O92: 1 | P92: 7 | Q92: 1 | R92: O
A93: 637 | B93: NC 218 | C93: 0 | E93: SIKES MILL | F93: BRIEF | G93: NC 218 | H93: 8.082 | L93: 107035876 | M93: 8/4/2022 | N93: 30 | O93: 1 | P93: 7 | Q93: 1 | R93: C
A94: 0 | B94: NC 218 | C94: 0 | E94: SR 1606 | F94: SR 1547 | G94: NC 218 | H94: 8.082 | L94: 107659355 | M94: 3/16/2024 | N94: 30 | O94: 1 | P94: 7 | Q94: 1 | R94: O
A95: 0 | B95: NC 218 | C95: 0 | E95: SR 1606 | F95: SR 1001 | G95: NC 218 | H95: 8.082 | L95: 107194746 | M95: 12/27/2022 | N95: 21 | O95: 1 | P95: 7 | Q95: 5 | R95: C
A96: 0 | B96: NC 218 | C96: 0 | E96: SR 1606 | F96: SR 1610 | G96: NC 218 | H96: 8.082 | L96: 107139136 | M96: 11/7/2022 | N96: 30 | O96: 1 | P96: 7 | Q96: 5 | R96: O
A97: 637 | B97: NC 218 | C97: 0 | E97: SR 1606 | F97: SR 1547 | G97: NC 218 | H97: 8.082 | L97: 107122762 | M97: 10/20/2022 | N97: 30 | O97: 1 | P97: 7 | Q97: 1 | R97: O
A98: 637 | B98: NC 218 | C98: 0 | E98: SR 1606 | F98: SR 1609 | G98: NC 218 | H98: 8.082 | L98: 106620331 | M98: 6/24/2021 | N98: 30 | O98: 1 | P98: 7 | Q98: 1 | R98: A
A99: 0 | B99: NC 218 | C99: 0 | E99: SR 1606 | F99: SR 1547 | G99: NC 218 | H99: 8.082 | L99: 105491727 | M99: 5/23/2018 | N99: 24 | O99: 1 | P99: 7 | Q99: 1 | R99: B
A100: 637 | B100: NC 218 | C100: 0 | E100: SR 1606 | F100: SR 1547 | G100: NC 218 | H100: 8.082 | L100: 105344309 | M100: 1/6/2018 | N100: 30 | O100: 1 | P100: 7 | Q100: 1 | R100: B
...

Sheet Binned Crashes

Sheet Before
A1: Manually Edit These Columns (A -> M) | O1: Don't Edit These Columns (N -> ). Calculations are Automatic.
A2: ="Before Period ("&TEXT('Evaluation Set-up'!D9, "mm/dd/yy")&" - "&TEXT('Evaluation Set-up'!E9, "mm/dd/yy")&")" -> Before Period (04/01/16 - 03/31/21) | O2: Crash # | P2: Crash Year | Q2: Severity Index | R2: Target-1 Severity Index | S2: Target-1 KABCO | T2: Target-2 Severity Index | U2: Target-2 KABCO
A3: Crash ID | B3: Date | C3: T | D3: C | E3: F | F3: L | G3: S | H3: Analyst's Notes Column 1 | I3: Analyst's Notes Column 2 | J3: Analyst's Notes Column 3 | K3: Analyst's Notes Column 4 | L3: Target-1? | M3: Target-2? | Y3: Total | Z3: Target-1 | AA3: Target-2 | AB3: All Targets | AR3: Crash # | AS3: Target Crash?
A4: 104716467 | B4: 42487 | C4: 30 | D4: 1 | E4: 7 | F4: 1 | G4: O | L4: Y | O4: =IF(Q4 = "", "", COUNT(Q$4:$Q4)) -> 1 | P4: =IF(C4 > 0, YEAR(B4), "") -> 2016 | Q4: =IF(A4="", "", IF(G4="",1,IF(G4="O",1,IF(G4="C",8.4,IF(G4="B",8.4,IF(G4="A",76.8,IF(G4="K",76.8,"ERR"))))))) -> 1 | R4: =IF(L4<>"",Q4,"") -> 1 | S4: =IF(IF(L4<>"",G4,"")=0, "O", IF(L4<>"",G4,"")) -> O | T4: =IF(M4<>"",Q4,"") | U4: =IF(IF(M4<>"",G4,"")=0, "O", IF(M4<>"",G4,"")) | X4: K | Y4: =COUNTIF($G$4:$G$1048576,$X4) -> 0 | Z4: =COUNTIF($S$4:$S$1048576,$X4) -> 0 | AA4: =COUNTIF($U$4:$U$1048576,$X4) -> 0 | AB4: =COUNTIF($S:$S, X4)+COUNTIF($U:$U, X4)-COUNTIFS($S:$S, X4, $U:$U, X4) -> 0 | AR4: =IF(O4>0, O4, "") -> 1 | AS4: =IF(OR(L4="Y",M4="Y"),"Y","") -> Y
A5: 104890928 | B5: 42653 | C5: 30 | D5: 1 | E5: 7 | F5: 1 | G5: C | L5: Y | O5: =IF(Q5 = "", "", COUNT(Q$4:$Q5)) -> 2 | P5: =IF(C5 > 0, YEAR(B5), "") -> 2016 | Q5: =IF(A5="", "", IF(G5="",1,IF(G5="O",1,IF(G5="C",8.4,IF(G5="B",8.4,IF(G5="A",76.8,IF(G5="K",76.8,"ERR"))))))) -> 8.4 | R5: =IF(L5<>"",Q5,"") -> 8.4 | S5: =IF(IF(L5<>"",G5,"")=0, "O", IF(L5<>"",G5,"")) -> C | T5: =IF(M5<>"",Q5,"") | U5: =IF(IF(M5<>"",G5,"")=0, "O", IF(M5<>"",G5,"")) | X5: A | Y5: =COUNTIF($G$4:$G$1048576,$X5) -> 1 | Z5: =COUNTIF($S$4:$S$1048576,$X5) -> 1 | AA5: =COUNTIF($U$4:$U$1048576,$X5) -> 0 | AB5: =COUNTIF($S:$S, X5)+COUNTIF($U:$U, X5)-COUNTIFS($S:$S, X5, $U:$U, X5) -> 1 | AR5: =IF(O5>0, O5, "") -> 2 | AS5: =IF(OR(L5="Y",M5="Y"),"Y","") -> Y
A6: 104901954 | B6: 42676 | C6: 30 | D6: 1 | E6: 7 | F6: 1 | G6: O | L6: Y | O6: =IF(Q6 = "", "", COUNT(Q$4:$Q6)) -> 3 | P6: =IF(C6 > 0, YEAR(B6), "") -> 2016 | Q6: =IF(A6="", "", IF(G6="",1,IF(G6="O",1,IF(G6="C",8.4,IF(G6="B",8.4,IF(G6="A",76.8,IF(G6="K",76.8,"ERR"))))))) -> 1 | R6: =IF(L6<>"",Q6,"") -> 1 | S6: =IF(IF(L6<>"",G6,"")=0, "O", IF(L6<>"",G6,"")) -> O | T6: =IF(M6<>"",Q6,"") | U6: =IF(IF(M6<>"",G6,"")=0, "O", IF(M6<>"",G6,"")) | X6: B | Y6: =COUNTIF($G$4:$G$1048576,$X6) -> 3 | Z6: =COUNTIF($S$4:$S$1048576,$X6) -> 3 | AA6: =COUNTIF($U$4:$U$1048576,$X6) -> 0 | AB6: =COUNTIF($S:$S, X6)+COUNTIF($U:$U, X6)-COUNTIFS($S:$S, X6, $U:$U, X6) -> 3 | AR6: =IF(O6>0, O6, "") -> 3 | AS6: =IF(OR(L6="Y",M6="Y"),"Y","") -> Y
A7: 104942804 | B7: 42712 | C7: 30 | D7: 1 | E7: 7 | F7: 1 | G7: B | L7: Y | O7: =IF(Q7 = "", "", COUNT(Q$4:$Q7)) -> 4 | P7: =IF(C7 > 0, YEAR(B7), "") -> 2016 | Q7: =IF(A7="", "", IF(G7="",1,IF(G7="O",1,IF(G7="C",8.4,IF(G7="B",8.4,IF(G7="A",76.8,IF(G7="K",76.8,"ERR"))))))) -> 8.4 | R7: =IF(L7<>"",Q7,"") -> 8.4 | S7: =IF(IF(L7<>"",G7,"")=0, "O", IF(L7<>"",G7,"")) -> B | T7: =IF(M7<>"",Q7,"") | U7: =IF(IF(M7<>"",G7,"")=0, "O", IF(M7<>"",G7,"")) | X7: C | Y7: =COUNTIF($G$4:$G$1048576,$X7) -> 4 | Z7: =COUNTIF($S$4:$S$1048576,$X7) -> 4 | AA7: =COUNTIF($U$4:$U$1048576,$X7) -> 0 | AB7: =COUNTIF($S:$S, X7)+COUNTIF($U:$U, X7)-COUNTIFS($S:$S, X7, $U:$U, X7) -> 4 | AR7: =IF(O7>0, O7, "") -> 4 | AS7: =IF(OR(L7="Y",M7="Y"),"Y","") -> Y
A8: 104987740 | B8: 42760 | C8: 30 | D8: 1 | E8: 7 | F8: 1 | G8: B | L8: Y | O8: =IF(Q8 = "", "", COUNT(Q$4:$Q8)) -> 5 | P8: =IF(C8 > 0, YEAR(B8), "") -> 2017 | Q8: =IF(A8="", "", IF(G8="",1,IF(G8="O",1,IF(G8="C",8.4,IF(G8="B",8.4,IF(G8="A",76.8,IF(G8="K",76.8,"ERR"))))))) -> 8.4 | R8: =IF(L8<>"",Q8,"") -> 8.4 | S8: =IF(IF(L8<>"",G8,"")=0, "O", IF(L8<>"",G8,"")) -> B | T8: =IF(M8<>"",Q8,"") | U8: =IF(IF(M8<>"",G8,"")=0, "O", IF(M8<>"",G8,"")) | X8: O | Y8: =COUNTIF($G$4:$G$1048576,$X8)+COUNTIFS($G$4:$G$1048576, "", $O$4:$O$1048576, ">0") -> 7 | Z8: =COUNTIF($S$4:$S$1048576,$X8) -> 3 | AA8: =COUNTIF($U$4:$U$1048576,$X8) -> 0 | AB8: =COUNTIF($S:$S, X8)+COUNTIF($U:$U, X8)-COUNTIFS($S:$S, X8, $U:$U, X8) -> 3 | AR8: =IF(O8>0, O8, "") -> 5 | AS8: =IF(OR(L8="Y",M8="Y"),"Y","") -> Y
A9: 105210461 | B9: 42977 | C9: 30 | D9: 1 | E9: 7 | F9: 1 | G9: C | L9: Y | O9: =IF(Q9 = "", "", COUNT(Q$4:$Q9)) -> 6 | P9: =IF(C9 > 0, YEAR(B9), "") -> 2017 | Q9: =IF(A9="", "", IF(G9="",1,IF(G9="O",1,IF(G9="C",8.4,IF(G9="B",8.4,IF(G9="A",76.8,IF(G9="K",76.8,"ERR"))))))) -> 8.4 | R9: =IF(L9<>"",Q9,"") -> 8.4 | S9: =IF(IF(L9<>"",G9,"")=0, "O", IF(L9<>"",G9,"")) -> C | T9: =IF(M9<>"",Q9,"") | U9: =IF(IF(M9<>"",G9,"")=0, "O", IF(M9<>"",G9,"")) | X9: Total | Y9: =COUNTIF(O4:O1048576, ">0") -> 15 | Z9: =COUNT(R4:R1048576) -> 11 | AA9: =COUNT(T4:T1048576) -> 0 | AB9: =SUM(AB4:AB8) -> 11 | AR9: =IF(O9>0, O9, "") -> 6 | AS9: =IF(OR(L9="Y",M9="Y"),"Y","") -> Y
A10: 105326435 | B10: 43085 | C10: 30 | D10: 1 | E10: 7 | F10: 1 | G10: A | L10: Y | O10: =IF(Q10 = "", "", COUNT(Q$4:$Q10)) -> 7 | P10: =IF(C10 > 0, YEAR(B10), "") -> 2017 | Q10: =IF(A10="", "", IF(G10="",1,IF(G10="O",1,IF(G10="C",8.4,IF(G10="B",8.4,IF(G10="A",76.8,IF(G10="K",76.8,"ERR"))))))) -> 76.8 | R10: =IF(L10<>"",Q10,"") -> 76.8 | S10: =IF(IF(L10<>"",G10,"")=0, "O", IF(L10<>"",G10,"")) -> A | T10: =IF(M10<>"",Q10,"") | U10: =IF(IF(M10<>"",G10,"")=0, "O", IF(M10<>"",G10,"")) | X10: SI | Y10: =IFERROR(AVERAGE(Q4:Q1048576), 0) -> 9.5066667 | Z10: =IFERROR(AVERAGE(R4:R1048576),0) -> 12.6 | AA10: =IFERROR(AVERAGE(T4:T1048576),0) -> 0 | AB10: =IFERROR(AVERAGEIF($AS$4:$AS$1048576,"Y", Q4:Q1048576 ),0) -> 12.6 | AR10: =IF(O10>0, O10, "") -> 7 | AS10: =IF(OR(L10="Y",M10="Y"),"Y","") -> Y
A11: 105363964 | B11: 43126 | C11: 30 | D11: 1 | E11: 7 | F11: 5 | G11: C | L11: Y | O11: =IF(Q11 = "", "", COUNT(Q$4:$Q11)) -> 8 | P11: =IF(C11 > 0, YEAR(B11), "") -> 2018 | Q11: =IF(A11="", "", IF(G11="",1,IF(G11="O",1,IF(G11="C",8.4,IF(G11="B",8.4,IF(G11="A",76.8,IF(G11="K",76.8,"ERR"))))))) -> 8.4 | R11: =IF(L11<>"",Q11,"") -> 8.4 | S11: =IF(IF(L11<>"",G11,"")=0, "O", IF(L11<>"",G11,"")) -> C | T11: =IF(M11<>"",Q11,"") | U11: =IF(IF(M11<>"",G11,"")=0, "O", IF(M11<>"",G11,"")) | AR11: =IF(O11>0, O11, "") -> 8 | AS11: =IF(OR(L11="Y",M11="Y"),"Y","") -> Y
A12: 105520583 | B12: 43271 | C12: 19 | D12: 2 | E12: 0 | F12: 1 | G12: O | O12: =IF(Q12 = "", "", COUNT(Q$4:$Q12)) -> 9 | P12: =IF(C12 > 0, YEAR(B12), "") -> 2018 | Q12: =IF(A12="", "", IF(G12="",1,IF(G12="O",1,IF(G12="C",8.4,IF(G12="B",8.4,IF(G12="A",76.8,IF(G12="K",76.8,"ERR"))))))) -> 1 | R12: =IF(L12<>"",Q12,"") | S12: =IF(IF(L12<>"",G12,"")=0, "O", IF(L12<>"",G12,"")) | T12: =IF(M12<>"",Q12,"") | U12: =IF(IF(M12<>"",G12,"")=0, "O", IF(M12<>"",G12,"")) | AR12: =IF(O12>0, O12, "") -> 9 | AS12: =IF(OR(L12="Y",M12="Y"),"Y","")
A13: 105535858 | B13: 43290 | C13: 30 | D13: 1 | E13: 7 | F13: 1 | G13: B | L13: Y | O13: =IF(Q13 = "", "", COUNT(Q$4:$Q13)) -> 10 | P13: =IF(C13 > 0, YEAR(B13), "") -> 2018 | Q13: =IF(A13="", "", IF(G13="",1,IF(G13="O",1,IF(G13="C",8.4,IF(G13="B",8.4,IF(G13="A",76.8,IF(G13="K",76.8,"ERR"))))))) -> 8.4 | R13: =IF(L13<>"",Q13,"") -> 8.4 | S13: =IF(IF(L13<>"",G13,"")=0, "O", IF(L13<>"",G13,"")) -> B | T13: =IF(M13<>"",Q13,"") | U13: =IF(IF(M13<>"",G13,"")=0, "O", IF(M13<>"",G13,"")) | AR13: =IF(O13>0, O13, "") -> 10 | AS13: =IF(OR(L13="Y",M13="Y"),"Y","") -> Y
A14: 105553349 | B14: 43304 | C14: 18 | D14: 2 | E14: 0 | F14: 1 | G14: O | O14: =IF(Q14 = "", "", COUNT(Q$4:$Q14)) -> 11 | P14: =IF(C14 > 0, YEAR(B14), "") -> 2018 | Q14: =IF(A14="", "", IF(G14="",1,IF(G14="O",1,IF(G14="C",8.4,IF(G14="B",8.4,IF(G14="A",76.8,IF(G14="K",76.8,"ERR"))))))) -> 1 | R14: =IF(L14<>"",Q14,"") | S14: =IF(IF(L14<>"",G14,"")=0, "O", IF(L14<>"",G14,"")) | T14: =IF(M14<>"",Q14,"") | U14: =IF(IF(M14<>"",G14,"")=0, "O", IF(M14<>"",G14,"")) | W14: Steps | AR14: =IF(O14>0, O14, "") -> 11 | AS14: =IF(OR(L14="Y",M14="Y"),"Y","")
A15: 105885258 | B15: 43620 | C15: 29 | D15: 1 | E15: 0 | F15: 1 | G15: O | O15: =IF(Q15 = "", "", COUNT(Q$4:$Q15)) -> 12 | P15: =IF(C15 > 0, YEAR(B15), "") -> 2019 | Q15: =IF(A15="", "", IF(G15="",1,IF(G15="O",1,IF(G15="C",8.4,IF(G15="B",8.4,IF(G15="A",76.8,IF(G15="K",76.8,"ERR"))))))) -> 1 | R15: =IF(L15<>"",Q15,"") | S15: =IF(IF(L15<>"",G15,"")=0, "O", IF(L15<>"",G15,"")) | T15: =IF(M15<>"",Q15,"") | U15: =IF(IF(M15<>"",G15,"")=0, "O", IF(M15<>"",G15,"")) | W15: 1 | X15: For the crashes you have determined to be within your study area and in the BEFORE period, copy and paste the Crash ID, Date, T, C, F, L, and S columns from your filtered fiche into this tab's Columns A -> G. | AR15: =IF(O15>0, O15, "") -> 12 | AS15: =IF(OR(L15="Y",M15="Y"),"Y","")
A16: 106126767 | B16: 43843 | C16: 21 | D16: 2 | E16: 7 | F16: 1 | G16: O | O16: =IF(Q16 = "", "", COUNT(Q$4:$Q16)) -> 13 | P16: =IF(C16 > 0, YEAR(B16), "") -> 2020 | Q16: =IF(A16="", "", IF(G16="",1,IF(G16="O",1,IF(G16="C",8.4,IF(G16="B",8.4,IF(G16="A",76.8,IF(G16="K",76.8,"ERR"))))))) -> 1 | R16: =IF(L16<>"",Q16,"") | S16: =IF(IF(L16<>"",G16,"")=0, "O", IF(L16<>"",G16,"")) | T16: =IF(M16<>"",Q16,"") | U16: =IF(IF(M16<>"",G16,"")=0, "O", IF(M16<>"",G16,"")) | AR16: =IF(O16>0, O16, "") -> 13 | AS16: =IF(OR(L16="Y",M16="Y"),"Y","")
A17: 106133705 | B17: 43853 | C17: 30 | D17: 1 | E17: 7 | F17: 1 | G17: O | L17: Y | O17: =IF(Q17 = "", "", COUNT(Q$4:$Q17)) -> 14 | P17: =IF(C17 > 0, YEAR(B17), "") -> 2020 | Q17: =IF(A17="", "", IF(G17="",1,IF(G17="O",1,IF(G17="C",8.4,IF(G17="B",8.4,IF(G17="A",76.8,IF(G17="K",76.8,"ERR"))))))) -> 1 | R17: =IF(L17<>"",Q17,"") -> 1 | S17: =IF(IF(L17<>"",G17,"")=0, "O", IF(L17<>"",G17,"")) -> O | T17: =IF(M17<>"",Q17,"") | U17: =IF(IF(M17<>"",G17,"")=0, "O", IF(M17<>"",G17,"")) | AR17: =IF(O17>0, O17, "") -> 14 | AS17: =IF(OR(L17="Y",M17="Y"),"Y","") -> Y
A18: 106286453 | B18: 44037 | C18: 30 | D18: 1 | E18: 7 | F18: 1 | G18: C | L18: Y | O18: =IF(Q18 = "", "", COUNT(Q$4:$Q18)) -> 15 | P18: =IF(C18 > 0, YEAR(B18), "") -> 2020 | Q18: =IF(A18="", "", IF(G18="",1,IF(G18="O",1,IF(G18="C",8.4,IF(G18="B",8.4,IF(G18="A",76.8,IF(G18="K",76.8,"ERR"))))))) -> 8.4 | R18: =IF(L18<>"",Q18,"") -> 8.4 | S18: =IF(IF(L18<>"",G18,"")=0, "O", IF(L18<>"",G18,"")) -> C | T18: =IF(M18<>"",Q18,"") | U18: =IF(IF(M18<>"",G18,"")=0, "O", IF(M18<>"",G18,"")) | X18: ● | Y18: It is ESSENTIAL that the data you are pasting into these columns corresponds to their above headers. | AR18: =IF(O18>0, O18, "") -> 15 | AS18: =IF(OR(L18="Y",M18="Y"),"Y","") -> Y
O19: =IF(Q19 = "", "", COUNT(Q$4:$Q19)) | P19: =IF(C19 > 0, YEAR(B19), "") | Q19: =IF(A19="", "", IF(G19="",1,IF(G19="O",1,IF(G19="C",8.4,IF(G19="B",8.4,IF(G19="A",76.8,IF(G19="K",76.8,"ERR"))))))) | R19: =IF(L19<>"",Q19,"") | S19: =IF(IF(L19<>"",G19,"")=0, "O", IF(L19<>"",G19,"")) | T19: =IF(M19<>"",Q19,"") | U19: =IF(IF(M19<>"",G19,"")=0, "O", IF(M19<>"",G19,"")) | AR19: =IF(O19>0, O19, "") | AS19: =IF(OR(L19="Y",M19="Y"),"Y","")
O20: =IF(Q20 = "", "", COUNT(Q$4:$Q20)) | P20: =IF(C20 > 0, YEAR(B20), "") | Q20: =IF(A20="", "", IF(G20="",1,IF(G20="O",1,IF(G20="C",8.4,IF(G20="B",8.4,IF(G20="A",76.8,IF(G20="K",76.8,"ERR"))))))) | R20: =IF(L20<>"",Q20,"") | S20: =IF(IF(L20<>"",G20,"")=0, "O", IF(L20<>"",G20,"")) | T20: =IF(M20<>"",Q20,"") | U20: =IF(IF(M20<>"",G20,"")=0, "O", IF(M20<>"",G20,"")) | X20: ● | Y20: It is recommended that the user of this workbook enters in the crash data in the same order of the TEAAS study’s crash #s. This allows for consistency between this workbook’s crash #s with the TEAAS study’s crash #s and the collision diagram’s crash #s. Reviewers would find this consistency helpful. | AR20: =IF(O20>0, O20, "") | AS20: =IF(OR(L20="Y",M20="Y"),"Y","")
O21: =IF(Q21 = "", "", COUNT(Q$4:$Q21)) | P21: =IF(C21 > 0, YEAR(B21), "") | Q21: =IF(A21="", "", IF(G21="",1,IF(G21="O",1,IF(G21="C",8.4,IF(G21="B",8.4,IF(G21="A",76.8,IF(G21="K",76.8,"ERR"))))))) | R21: =IF(L21<>"",Q21,"") | S21: =IF(IF(L21<>"",G21,"")=0, "O", IF(L21<>"",G21,"")) | T21: =IF(M21<>"",Q21,"") | U21: =IF(IF(M21<>"",G21,"")=0, "O", IF(M21<>"",G21,"")) | AR21: =IF(O21>0, O21, "") | AS21: =IF(OR(L21="Y",M21="Y"),"Y","")
O22: =IF(Q22 = "", "", COUNT(Q$4:$Q22)) | P22: =IF(C22 > 0, YEAR(B22), "") | Q22: =IF(A22="", "", IF(G22="",1,IF(G22="O",1,IF(G22="C",8.4,IF(G22="B",8.4,IF(G22="A",76.8,IF(G22="K",76.8,"ERR"))))))) | R22: =IF(L22<>"",Q22,"") | S22: =IF(IF(L22<>"",G22,"")=0, "O", IF(L22<>"",G22,"")) | T22: =IF(M22<>"",Q22,"") | U22: =IF(IF(M22<>"",G22,"")=0, "O", IF(M22<>"",G22,"")) | AR22: =IF(O22>0, O22, "") | AS22: =IF(OR(L22="Y",M22="Y"),"Y","")
O23: =IF(Q23 = "", "", COUNT(Q$4:$Q23)) | P23: =IF(C23 > 0, YEAR(B23), "") | Q23: =IF(A23="", "", IF(G23="",1,IF(G23="O",1,IF(G23="C",8.4,IF(G23="B",8.4,IF(G23="A",76.8,IF(G23="K",76.8,"ERR"))))))) | R23: =IF(L23<>"",Q23,"") | S23: =IF(IF(L23<>"",G23,"")=0, "O", IF(L23<>"",G23,"")) | T23: =IF(M23<>"",Q23,"") | U23: =IF(IF(M23<>"",G23,"")=0, "O", IF(M23<>"",G23,"")) | AR23: =IF(O23>0, O23, "") | AS23: =IF(OR(L23="Y",M23="Y"),"Y","")
O24: =IF(Q24 = "", "", COUNT(Q$4:$Q24)) | P24: =IF(C24 > 0, YEAR(B24), "") | Q24: =IF(A24="", "", IF(G24="",1,IF(G24="O",1,IF(G24="C",8.4,IF(G24="B",8.4,IF(G24="A",76.8,IF(G24="K",76.8,"ERR"))))))) | R24: =IF(L24<>"",Q24,"") | S24: =IF(IF(L24<>"",G24,"")=0, "O", IF(L24<>"",G24,"")) | T24: =IF(M24<>"",Q24,"") | U24: =IF(IF(M24<>"",G24,"")=0, "O", IF(M24<>"",G24,"")) | AR24: =IF(O24>0, O24, "") | AS24: =IF(OR(L24="Y",M24="Y"),"Y","")
O25: =IF(Q25 = "", "", COUNT(Q$4:$Q25)) | P25: =IF(C25 > 0, YEAR(B25), "") | Q25: =IF(A25="", "", IF(G25="",1,IF(G25="O",1,IF(G25="C",8.4,IF(G25="B",8.4,IF(G25="A",76.8,IF(G25="K",76.8,"ERR"))))))) | R25: =IF(L25<>"",Q25,"") | S25: =IF(IF(L25<>"",G25,"")=0, "O", IF(L25<>"",G25,"")) | T25: =IF(M25<>"",Q25,"") | U25: =IF(IF(M25<>"",G25,"")=0, "O", IF(M25<>"",G25,"")) | X25: ● | Y25: Make sure that rows are not skipped when pasting the fiche's in-study crash data. Skipping rows will break some of the background formulas | AR25: =IF(O25>0, O25, "") | AS25: =IF(OR(L25="Y",M25="Y"),"Y","")
O26: =IF(Q26 = "", "", COUNT(Q$4:$Q26)) | P26: =IF(C26 > 0, YEAR(B26), "") | Q26: =IF(A26="", "", IF(G26="",1,IF(G26="O",1,IF(G26="C",8.4,IF(G26="B",8.4,IF(G26="A",76.8,IF(G26="K",76.8,"ERR"))))))) | R26: =IF(L26<>"",Q26,"") | S26: =IF(IF(L26<>"",G26,"")=0, "O", IF(L26<>"",G26,"")) | T26: =IF(M26<>"",Q26,"") | U26: =IF(IF(M26<>"",G26,"")=0, "O", IF(M26<>"",G26,"")) | AR26: =IF(O26>0, O26, "") | AS26: =IF(OR(L26="Y",M26="Y"),"Y","")
O27: =IF(Q27 = "", "", COUNT(Q$4:$Q27)) | P27: =IF(C27 > 0, YEAR(B27), "") | Q27: =IF(A27="", "", IF(G27="",1,IF(G27="O",1,IF(G27="C",8.4,IF(G27="B",8.4,IF(G27="A",76.8,IF(G27="K",76.8,"ERR"))))))) | R27: =IF(L27<>"",Q27,"") | S27: =IF(IF(L27<>"",G27,"")=0, "O", IF(L27<>"",G27,"")) | T27: =IF(M27<>"",Q27,"") | U27: =IF(IF(M27<>"",G27,"")=0, "O", IF(M27<>"",G27,"")) | X27: ● | Y27: The determination of the crashes in the study should be finalized/set-in-stone before pasting into this tab. Deleting and adjusting cells in the tab may break the formulas used in the calculations. | AR27: =IF(O27>0, O27, "") | AS27: =IF(OR(L27="Y",M27="Y"),"Y","")
O28: =IF(Q28 = "", "", COUNT(Q$4:$Q28)) | P28: =IF(C28 > 0, YEAR(B28), "") | Q28: =IF(A28="", "", IF(G28="",1,IF(G28="O",1,IF(G28="C",8.4,IF(G28="B",8.4,IF(G28="A",76.8,IF(G28="K",76.8,"ERR"))))))) | R28: =IF(L28<>"",Q28,"") | S28: =IF(IF(L28<>"",G28,"")=0, "O", IF(L28<>"",G28,"")) | T28: =IF(M28<>"",Q28,"") | U28: =IF(IF(M28<>"",G28,"")=0, "O", IF(M28<>"",G28,"")) | AR28: =IF(O28>0, O28, "") | AS28: =IF(OR(L28="Y",M28="Y"),"Y","")
O29: =IF(Q29 = "", "", COUNT(Q$4:$Q29)) | P29: =IF(C29 > 0, YEAR(B29), "") | Q29: =IF(A29="", "", IF(G29="",1,IF(G29="O",1,IF(G29="C",8.4,IF(G29="B",8.4,IF(G29="A",76.8,IF(G29="K",76.8,"ERR"))))))) | R29: =IF(L29<>"",Q29,"") | S29: =IF(IF(L29<>"",G29,"")=0, "O", IF(L29<>"",G29,"")) | T29: =IF(M29<>"",Q29,"") | U29: =IF(IF(M29<>"",G29,"")=0, "O", IF(M29<>"",G29,"")) | AR29: =IF(O29>0, O29, "") | AS29: =IF(OR(L29="Y",M29="Y"),"Y","")
O30: =IF(Q30 = "", "", COUNT(Q$4:$Q30)) | P30: =IF(C30 > 0, YEAR(B30), "") | Q30: =IF(A30="", "", IF(G30="",1,IF(G30="O",1,IF(G30="C",8.4,IF(G30="B",8.4,IF(G30="A",76.8,IF(G30="K",76.8,"ERR"))))))) | R30: =IF(L30<>"",Q30,"") | S30: =IF(IF(L30<>"",G30,"")=0, "O", IF(L30<>"",G30,"")) | T30: =IF(M30<>"",Q30,"") | U30: =IF(IF(M30<>"",G30,"")=0, "O", IF(M30<>"",G30,"")) | W30: 2 | X30: Different analysts like using different columns for their notes when filtering the Fiche and labeling crashes. Columns H -> K are your prerogative, feel free to copy in whatever notes you used in the analysis. | AR30: =IF(O30>0, O30, "") | AS30: =IF(OR(L30="Y",M30="Y"),"Y","")
O31: =IF(Q31 = "", "", COUNT(Q$4:$Q31)) | P31: =IF(C31 > 0, YEAR(B31), "") | Q31: =IF(A31="", "", IF(G31="",1,IF(G31="O",1,IF(G31="C",8.4,IF(G31="B",8.4,IF(G31="A",76.8,IF(G31="K",76.8,"ERR"))))))) | R31: =IF(L31<>"",Q31,"") | S31: =IF(IF(L31<>"",G31,"")=0, "O", IF(L31<>"",G31,"")) | T31: =IF(M31<>"",Q31,"") | U31: =IF(IF(M31<>"",G31,"")=0, "O", IF(M31<>"",G31,"")) | AR31: =IF(O31>0, O31, "") | AS31: =IF(OR(L31="Y",M31="Y"),"Y","")
O32: =IF(Q32 = "", "", COUNT(Q$4:$Q32)) | P32: =IF(C32 > 0, YEAR(B32), "") | Q32: =IF(A32="", "", IF(G32="",1,IF(G32="O",1,IF(G32="C",8.4,IF(G32="B",8.4,IF(G32="A",76.8,IF(G32="K",76.8,"ERR"))))))) | R32: =IF(L32<>"",Q32,"") | S32: =IF(IF(L32<>"",G32,"")=0, "O", IF(L32<>"",G32,"")) | T32: =IF(M32<>"",Q32,"") | U32: =IF(IF(M32<>"",G32,"")=0, "O", IF(M32<>"",G32,"")) | AR32: =IF(O32>0, O32, "") | AS32: =IF(OR(L32="Y",M32="Y"),"Y","")
O33: =IF(Q33 = "", "", COUNT(Q$4:$Q33)) | P33: =IF(C33 > 0, YEAR(B33), "") | Q33: =IF(A33="", "", IF(G33="",1,IF(G33="O",1,IF(G33="C",8.4,IF(G33="B",8.4,IF(G33="A",76.8,IF(G33="K",76.8,"ERR"))))))) | R33: =IF(L33<>"",Q33,"") | S33: =IF(IF(L33<>"",G33,"")=0, "O", IF(L33<>"",G33,"")) | T33: =IF(M33<>"",Q33,"") | U33: =IF(IF(M33<>"",G33,"")=0, "O", IF(M33<>"",G33,"")) | W33: 3 | X33: Columns L and M require manual input to identify Target Crashes | AR33: =IF(O33>0, O33, "") | AS33: =IF(OR(L33="Y",M33="Y"),"Y","")
O34: =IF(Q34 = "", "", COUNT(Q$4:$Q34)) | P34: =IF(C34 > 0, YEAR(B34), "") | Q34: =IF(A34="", "", IF(G34="",1,IF(G34="O",1,IF(G34="C",8.4,IF(G34="B",8.4,IF(G34="A",76.8,IF(G34="K",76.8,"ERR"))))))) | R34: =IF(L34<>"",Q34,"") | S34: =IF(IF(L34<>"",G34,"")=0, "O", IF(L34<>"",G34,"")) | T34: =IF(M34<>"",Q34,"") | U34: =IF(IF(M34<>"",G34,"")=0, "O", IF(M34<>"",G34,"")) | X34: ● | Y34: Type Y in Column L if Target-1 Crash. | AR34: =IF(O34>0, O34, "") | AS34: =IF(OR(L34="Y",M34="Y"),"Y","")
O35: =IF(Q35 = "", "", COUNT(Q$4:$Q35)) | P35: =IF(C35 > 0, YEAR(B35), "") | Q35: =IF(A35="", "", IF(G35="",1,IF(G35="O",1,IF(G35="C",8.4,IF(G35="B",8.4,IF(G35="A",76.8,IF(G35="K",76.8,"ERR"))))))) | R35: =IF(L35<>"",Q35,"") | S35: =IF(IF(L35<>"",G35,"")=0, "O", IF(L35<>"",G35,"")) | T35: =IF(M35<>"",Q35,"") | U35: =IF(IF(M35<>"",G35,"")=0, "O", IF(M35<>"",G35,"")) | X35: ● | Y35: Type Y in Column M if Target-2 Crash. | AR35: =IF(O35>0, O35, "") | AS35: =IF(OR(L35="Y",M35="Y"),"Y","")
O36: =IF(Q36 = "", "", COUNT(Q$4:$Q36)) | P36: =IF(C36 > 0, YEAR(B36), "") | Q36: =IF(A36="", "", IF(G36="",1,IF(G36="O",1,IF(G36="C",8.4,IF(G36="B",8.4,IF(G36="A",76.8,IF(G36="K",76.8,"ERR"))))))) | R36: =IF(L36<>"",Q36,"") | S36: =IF(IF(L36<>"",G36,"")=0, "O", IF(L36<>"",G36,"")) | T36: =IF(M36<>"",Q36,"") | U36: =IF(IF(M36<>"",G36,"")=0, "O", IF(M36<>"",G36,"")) | X36: ● | Y36: Leave these columns blank if not a Target Crash. | AR36: =IF(O36>0, O36, "") | AS36: =IF(OR(L36="Y",M36="Y"),"Y","")
O37: =IF(Q37 = "", "", COUNT(Q$4:$Q37)) | P37: =IF(C37 > 0, YEAR(B37), "") | Q37: =IF(A37="", "", IF(G37="",1,IF(G37="O",1,IF(G37="C",8.4,IF(G37="B",8.4,IF(G37="A",76.8,IF(G37="K",76.8,"ERR"))))))) | R37: =IF(L37<>"",Q37,"") | S37: =IF(IF(L37<>"",G37,"")=0, "O", IF(L37<>"",G37,"")) | T37: =IF(M37<>"",Q37,"") | U37: =IF(IF(M37<>"",G37,"")=0, "O", IF(M37<>"",G37,"")) | X37: ● | Y37: NOTE: If a crash could potentially fall in more than one target group, discuss with SEG Staff on how to prioritize the target placement. Each target crash should only fall in one target group. There should not be overlap. | AR37: =IF(O37>0, O37, "") | AS37: =IF(OR(L37="Y",M37="Y"),"Y","")
O38: =IF(Q38 = "", "", COUNT(Q$4:$Q38)) | P38: =IF(C38 > 0, YEAR(B38), "") | Q38: =IF(A38="", "", IF(G38="",1,IF(G38="O",1,IF(G38="C",8.4,IF(G38="B",8.4,IF(G38="A",76.8,IF(G38="K",76.8,"ERR"))))))) | R38: =IF(L38<>"",Q38,"") | S38: =IF(IF(L38<>"",G38,"")=0, "O", IF(L38<>"",G38,"")) | T38: =IF(M38<>"",Q38,"") | U38: =IF(IF(M38<>"",G38,"")=0, "O", IF(M38<>"",G38,"")) | AR38: =IF(O38>0, O38, "") | AS38: =IF(OR(L38="Y",M38="Y"),"Y","")
O39: =IF(Q39 = "", "", COUNT(Q$4:$Q39)) | P39: =IF(C39 > 0, YEAR(B39), "") | Q39: =IF(A39="", "", IF(G39="",1,IF(G39="O",1,IF(G39="C",8.4,IF(G39="B",8.4,IF(G39="A",76.8,IF(G39="K",76.8,"ERR"))))))) | R39: =IF(L39<>"",Q39,"") | S39: =IF(IF(L39<>"",G39,"")=0, "O", IF(L39<>"",G39,"")) | T39: =IF(M39<>"",Q39,"") | U39: =IF(IF(M39<>"",G39,"")=0, "O", IF(M39<>"",G39,"")) | AR39: =IF(O39>0, O39, "") | AS39: =IF(OR(L39="Y",M39="Y"),"Y","")
O40: =IF(Q40 = "", "", COUNT(Q$4:$Q40)) | P40: =IF(C40 > 0, YEAR(B40), "") | Q40: =IF(A40="", "", IF(G40="",1,IF(G40="O",1,IF(G40="C",8.4,IF(G40="B",8.4,IF(G40="A",76.8,IF(G40="K",76.8,"ERR"))))))) | R40: =IF(L40<>"",Q40,"") | S40: =IF(IF(L40<>"",G40,"")=0, "O", IF(L40<>"",G40,"")) | T40: =IF(M40<>"",Q40,"") | U40: =IF(IF(M40<>"",G40,"")=0, "O", IF(M40<>"",G40,"")) | AR40: =IF(O40>0, O40, "") | AS40: =IF(OR(L40="Y",M40="Y"),"Y","")
O41: =IF(Q41 = "", "", COUNT(Q$4:$Q41)) | P41: =IF(C41 > 0, YEAR(B41), "") | Q41: =IF(A41="", "", IF(G41="",1,IF(G41="O",1,IF(G41="C",8.4,IF(G41="B",8.4,IF(G41="A",76.8,IF(G41="K",76.8,"ERR"))))))) | R41: =IF(L41<>"",Q41,"") | S41: =IF(IF(L41<>"",G41,"")=0, "O", IF(L41<>"",G41,"")) | T41: =IF(M41<>"",Q41,"") | U41: =IF(IF(M41<>"",G41,"")=0, "O", IF(M41<>"",G41,"")) | W41: 4 | X41: The work should now be done for this Tab. Move on to the "After" Tab where you will repeat these steps for your After period crash data. | AR41: =IF(O41>0, O41, "") | AS41: =IF(OR(L41="Y",M41="Y"),"Y","")
O42: =IF(Q42 = "", "", COUNT(Q$4:$Q42)) | P42: =IF(C42 > 0, YEAR(B42), "") | Q42: =IF(A42="", "", IF(G42="",1,IF(G42="O",1,IF(G42="C",8.4,IF(G42="B",8.4,IF(G42="A",76.8,IF(G42="K",76.8,"ERR"))))))) | R42: =IF(L42<>"",Q42,"") | S42: =IF(IF(L42<>"",G42,"")=0, "O", IF(L42<>"",G42,"")) | T42: =IF(M42<>"",Q42,"") | U42: =IF(IF(M42<>"",G42,"")=0, "O", IF(M42<>"",G42,"")) | AR42: =IF(O42>0, O42, "") | AS42: =IF(OR(L42="Y",M42="Y"),"Y","")
O43: =IF(Q43 = "", "", COUNT(Q$4:$Q43)) | P43: =IF(C43 > 0, YEAR(B43), "") | Q43: =IF(A43="", "", IF(G43="",1,IF(G43="O",1,IF(G43="C",8.4,IF(G43="B",8.4,IF(G43="A",76.8,IF(G43="K",76.8,"ERR"))))))) | R43: =IF(L43<>"",Q43,"") | S43: =IF(IF(L43<>"",G43,"")=0, "O", IF(L43<>"",G43,"")) | T43: =IF(M43<>"",Q43,"") | U43: =IF(IF(M43<>"",G43,"")=0, "O", IF(M43<>"",G43,"")) | AR43: =IF(O43>0, O43, "") | AS43: =IF(OR(L43="Y",M43="Y"),"Y","")
O44: =IF(Q44 = "", "", COUNT(Q$4:$Q44)) | P44: =IF(C44 > 0, YEAR(B44), "") | Q44: =IF(A44="", "", IF(G44="",1,IF(G44="O",1,IF(G44="C",8.4,IF(G44="B",8.4,IF(G44="A",76.8,IF(G44="K",76.8,"ERR"))))))) | R44: =IF(L44<>"",Q44,"") | S44: =IF(IF(L44<>"",G44,"")=0, "O", IF(L44<>"",G44,"")) | T44: =IF(M44<>"",Q44,"") | U44: =IF(IF(M44<>"",G44,"")=0, "O", IF(M44<>"",G44,"")) | AR44: =IF(O44>0, O44, "") | AS44: =IF(OR(L44="Y",M44="Y"),"Y","")
O45: =IF(Q45 = "", "", COUNT(Q$4:$Q45)) | P45: =IF(C45 > 0, YEAR(B45), "") | Q45: =IF(A45="", "", IF(G45="",1,IF(G45="O",1,IF(G45="C",8.4,IF(G45="B",8.4,IF(G45="A",76.8,IF(G45="K",76.8,"ERR"))))))) | R45: =IF(L45<>"",Q45,"") | S45: =IF(IF(L45<>"",G45,"")=0, "O", IF(L45<>"",G45,"")) | T45: =IF(M45<>"",Q45,"") | U45: =IF(IF(M45<>"",G45,"")=0, "O", IF(M45<>"",G45,"")) | AR45: =IF(O45>0, O45, "") | AS45: =IF(OR(L45="Y",M45="Y"),"Y","")
O46: =IF(Q46 = "", "", COUNT(Q$4:$Q46)) | P46: =IF(C46 > 0, YEAR(B46), "") | Q46: =IF(A46="", "", IF(G46="",1,IF(G46="O",1,IF(G46="C",8.4,IF(G46="B",8.4,IF(G46="A",76.8,IF(G46="K",76.8,"ERR"))))))) | R46: =IF(L46<>"",Q46,"") | S46: =IF(IF(L46<>"",G46,"")=0, "O", IF(L46<>"",G46,"")) | T46: =IF(M46<>"",Q46,"") | U46: =IF(IF(M46<>"",G46,"")=0, "O", IF(M46<>"",G46,"")) | AR46: =IF(O46>0, O46, "") | AS46: =IF(OR(L46="Y",M46="Y"),"Y","")
O47: =IF(Q47 = "", "", COUNT(Q$4:$Q47)) | P47: =IF(C47 > 0, YEAR(B47), "") | Q47: =IF(A47="", "", IF(G47="",1,IF(G47="O",1,IF(G47="C",8.4,IF(G47="B",8.4,IF(G47="A",76.8,IF(G47="K",76.8,"ERR"))))))) | R47: =IF(L47<>"",Q47,"") | S47: =IF(IF(L47<>"",G47,"")=0, "O", IF(L47<>"",G47,"")) | T47: =IF(M47<>"",Q47,"") | U47: =IF(IF(M47<>"",G47,"")=0, "O", IF(M47<>"",G47,"")) | AR47: =IF(O47>0, O47, "") | AS47: =IF(OR(L47="Y",M47="Y"),"Y","")
O48: =IF(Q48 = "", "", COUNT(Q$4:$Q48)) | P48: =IF(C48 > 0, YEAR(B48), "") | Q48: =IF(A48="", "", IF(G48="",1,IF(G48="O",1,IF(G48="C",8.4,IF(G48="B",8.4,IF(G48="A",76.8,IF(G48="K",76.8,"ERR"))))))) | R48: =IF(L48<>"",Q48,"") | S48: =IF(IF(L48<>"",G48,"")=0, "O", IF(L48<>"",G48,"")) | T48: =IF(M48<>"",Q48,"") | U48: =IF(IF(M48<>"",G48,"")=0, "O", IF(M48<>"",G48,"")) | AR48: =IF(O48>0, O48, "") | AS48: =IF(OR(L48="Y",M48="Y"),"Y","")
O49: =IF(Q49 = "", "", COUNT(Q$4:$Q49)) | P49: =IF(C49 > 0, YEAR(B49), "") | Q49: =IF(A49="", "", IF(G49="",1,IF(G49="O",1,IF(G49="C",8.4,IF(G49="B",8.4,IF(G49="A",76.8,IF(G49="K",76.8,"ERR"))))))) | R49: =IF(L49<>"",Q49,"") | S49: =IF(IF(L49<>"",G49,"")=0, "O", IF(L49<>"",G49,"")) | T49: =IF(M49<>"",Q49,"") | U49: =IF(IF(M49<>"",G49,"")=0, "O", IF(M49<>"",G49,"")) | AR49: =IF(O49>0, O49, "") | AS49: =IF(OR(L49="Y",M49="Y"),"Y","")
O50: =IF(Q50 = "", "", COUNT(Q$4:$Q50)) | P50: =IF(C50 > 0, YEAR(B50), "") | Q50: =IF(A50="", "", IF(G50="",1,IF(G50="O",1,IF(G50="C",8.4,IF(G50="B",8.4,IF(G50="A",76.8,IF(G50="K",76.8,"ERR"))))))) | R50: =IF(L50<>"",Q50,"") | S50: =IF(IF(L50<>"",G50,"")=0, "O", IF(L50<>"",G50,"")) | T50: =IF(M50<>"",Q50,"") | U50: =IF(IF(M50<>"",G50,"")=0, "O", IF(M50<>"",G50,"")) | AR50: =IF(O50>0, O50, "") | AS50: =IF(OR(L50="Y",M50="Y"),"Y","")
O51: =IF(Q51 = "", "", COUNT(Q$4:$Q51)) | P51: =IF(C51 > 0, YEAR(B51), "") | Q51: =IF(A51="", "", IF(G51="",1,IF(G51="O",1,IF(G51="C",8.4,IF(G51="B",8.4,IF(G51="A",76.8,IF(G51="K",76.8,"ERR"))))))) | R51: =IF(L51<>"",Q51,"") | S51: =IF(IF(L51<>"",G51,"")=0, "O", IF(L51<>"",G51,"")) | T51: =IF(M51<>"",Q51,"") | U51: =IF(IF(M51<>"",G51,"")=0, "O", IF(M51<>"",G51,"")) | AR51: =IF(O51>0, O51, "") | AS51: =IF(OR(L51="Y",M51="Y"),"Y","")
O52: =IF(Q52 = "", "", COUNT(Q$4:$Q52)) | P52: =IF(C52 > 0, YEAR(B52), "") | Q52: =IF(A52="", "", IF(G52="",1,IF(G52="O",1,IF(G52="C",8.4,IF(G52="B",8.4,IF(G52="A",76.8,IF(G52="K",76.8,"ERR"))))))) | R52: =IF(L52<>"",Q52,"") | S52: =IF(IF(L52<>"",G52,"")=0, "O", IF(L52<>"",G52,"")) | T52: =IF(M52<>"",Q52,"") | U52: =IF(IF(M52<>"",G52,"")=0, "O", IF(M52<>"",G52,"")) | AR52: =IF(O52>0, O52, "") | AS52: =IF(OR(L52="Y",M52="Y"),"Y","")
O53: =IF(Q53 = "", "", COUNT(Q$4:$Q53)) | P53: =IF(C53 > 0, YEAR(B53), "") | Q53: =IF(A53="", "", IF(G53="",1,IF(G53="O",1,IF(G53="C",8.4,IF(G53="B",8.4,IF(G53="A",76.8,IF(G53="K",76.8,"ERR"))))))) | R53: =IF(L53<>"",Q53,"") | S53: =IF(IF(L53<>"",G53,"")=0, "O", IF(L53<>"",G53,"")) | T53: =IF(M53<>"",Q53,"") | U53: =IF(IF(M53<>"",G53,"")=0, "O", IF(M53<>"",G53,"")) | AR53: =IF(O53>0, O53, "") | AS53: =IF(OR(L53="Y",M53="Y"),"Y","")
... O1003: =IF(Q1003 = "", "", COUNT(Q$4:$Q1003)) | P1003: =IF(C1003 > 0, YEAR(B1003), "") | Q1003: =IF(A1003="", "", IF(G1003="",1,IF(G1003="O",1,IF(G1003="C",8.4,IF(G1003="B",8.4,IF(G1003="A",76.8,IF(G1003="K",76.8,"ERR"))))))) | R1003: =IF(L1003<>"",Q1003,"") | S1003: =IF(IF(L1003<>"",G1003,"")=0, "O", IF(L1003<>"",G1003,"")) | T1003: =IF(M1003<>"",Q1003,"") | U1003: =IF(IF(M1003<>"",G1003,"")=0, "O", IF(M1003<>"",G1003,"")) | AR1003: =IF(O1003>0, O1003, "") | AS1003: =IF(OR(L1003="Y",M1003="Y"),"Y","")

Sheet After
A1: Manually Edit These Columns (A -> M) | O1: Don't Edit These Columns (N -> ). Calculations are Automatic.
A2: ="After Period ("&TEXT('Evaluation Set-up'!D11, "mm/dd/yy")&" - "&TEXT('Evaluation Set-up'!E11, "mm/dd/yy")&")" -> After Period (07/01/21 - 06/30/26) | O2: Crash # | P2: Crash Year | Q2: Severity Index | R2: Target-1 Severity Index | S2: Target-1 KABCO | T2: Target-2 Severity Index | U2: Target-2 KABCO
A3: Crash ID | B3: Date | C3: T | D3: C | E3: F | F3: L | G3: S | H3: Analyst's Notes Column 1 | I3: Analyst's Notes Column 2 | J3: Analyst's Notes Column 3 | K3: Analyst's Notes Column 4 | L3: Target-1? | M3: Target-2? | Y3: Total | Z3: Target-1 | AA3: Target-2 | AB3: All Targets | AR3: Crash # | AS3: Target Crash?
A4: 106743409 | B4: 44494 | C4: 30 | D4: 1 | E4: 7 | F4: 5 | G4: O | L4: Y | O4: =IF(Q4 = "", "", COUNT(Q$4:$Q4)) -> 1 | P4: =IF(C4 > 0, YEAR(B4), "") -> 2021 | Q4: =IF(A4="", "", IF(G4="",1,IF(G4="O",1,IF(G4="C",8.4,IF(G4="B",8.4,IF(G4="A",76.8,IF(G4="K",76.8,"ERR"))))))) -> 1 | R4: =IF(L4<>"",Q4,"") -> 1 | S4: =IF(IF(L4<>"",G4,"")=0, "O", IF(L4<>"",G4,"")) -> O | T4: =IF(M4<>"",Q4,"") | U4: =IF(IF(M4<>"",G4,"")=0, "O", IF(M4<>"",G4,"")) | X4: K | Y4: =COUNTIF($G$4:$G$1048576,$X4) -> 0 | Z4: =COUNTIF($S$4:$S$1048576,$X4) -> 0 | AA4: =COUNTIF($U$4:$U$1048576,$X4) -> 0 | AB4: =COUNTIF($S:$S, X4)+COUNTIF($U:$U, X4)-COUNTIFS($S:$S, X4, $U:$U, X4) -> 0 | AR4: =IF(O4>0, O4, "") -> 1 | AS4: =IF(OR(L4="Y",M4="Y"),"Y","") -> Y
A5: 106772984 | B5: 44519 | C5: 30 | D5: 1 | E5: 7 | F5: 1 | G5: O | L5: Y | O5: =IF(Q5 = "", "", COUNT(Q$4:$Q5)) -> 2 | P5: =IF(C5 > 0, YEAR(B5), "") -> 2021 | Q5: =IF(A5="", "", IF(G5="",1,IF(G5="O",1,IF(G5="C",8.4,IF(G5="B",8.4,IF(G5="A",76.8,IF(G5="K",76.8,"ERR"))))))) -> 1 | R5: =IF(L5<>"",Q5,"") -> 1 | S5: =IF(IF(L5<>"",G5,"")=0, "O", IF(L5<>"",G5,"")) -> O | T5: =IF(M5<>"",Q5,"") | U5: =IF(IF(M5<>"",G5,"")=0, "O", IF(M5<>"",G5,"")) | X5: A | Y5: =COUNTIF($G$4:$G$1048576,$X5) -> 0 | Z5: =COUNTIF($S$4:$S$1048576,$X5) -> 0 | AA5: =COUNTIF($U$4:$U$1048576,$X5) -> 0 | AB5: =COUNTIF($S:$S, X5)+COUNTIF($U:$U, X5)-COUNTIFS($S:$S, X5, $U:$U, X5) -> 0 | AR5: =IF(O5>0, O5, "") -> 2 | AS5: =IF(OR(L5="Y",M5="Y"),"Y","") -> Y
A6: 107601791 | B6: 45314 | C6: 30 | D6: 2 | E6: 7 | F6: 1 | G6: O | L6: Y | O6: =IF(Q6 = "", "", COUNT(Q$4:$Q6)) -> 3 | P6: =IF(C6 > 0, YEAR(B6), "") -> 2024 | Q6: =IF(A6="", "", IF(G6="",1,IF(G6="O",1,IF(G6="C",8.4,IF(G6="B",8.4,IF(G6="A",76.8,IF(G6="K",76.8,"ERR"))))))) -> 1 | R6: =IF(L6<>"",Q6,"") -> 1 | S6: =IF(IF(L6<>"",G6,"")=0, "O", IF(L6<>"",G6,"")) -> O | T6: =IF(M6<>"",Q6,"") | U6: =IF(IF(M6<>"",G6,"")=0, "O", IF(M6<>"",G6,"")) | X6: B | Y6: =COUNTIF($G$4:$G$1048576,$X6) -> 0 | Z6: =COUNTIF($S$4:$S$1048576,$X6) -> 0 | AA6: =COUNTIF($U$4:$U$1048576,$X6) -> 0 | AB6: =COUNTIF($S:$S, X6)+COUNTIF($U:$U, X6)-COUNTIFS($S:$S, X6, $U:$U, X6) -> 0 | AR6: =IF(O6>0, O6, "") -> 3 | AS6: =IF(OR(L6="Y",M6="Y"),"Y","") -> Y
A7: 107870118 | B7: 45568 | C7: 30 | D7: 1 | E7: 7 | F7: 1 | G7: O | L7: Y | O7: =IF(Q7 = "", "", COUNT(Q$4:$Q7)) -> 4 | P7: =IF(C7 > 0, YEAR(B7), "") -> 2024 | Q7: =IF(A7="", "", IF(G7="",1,IF(G7="O",1,IF(G7="C",8.4,IF(G7="B",8.4,IF(G7="A",76.8,IF(G7="K",76.8,"ERR"))))))) -> 1 | R7: =IF(L7<>"",Q7,"") -> 1 | S7: =IF(IF(L7<>"",G7,"")=0, "O", IF(L7<>"",G7,"")) -> O | T7: =IF(M7<>"",Q7,"") | U7: =IF(IF(M7<>"",G7,"")=0, "O", IF(M7<>"",G7,"")) | X7: C | Y7: =COUNTIF($G$4:$G$1048576,$X7) -> 2 | Z7: =COUNTIF($S$4:$S$1048576,$X7) -> 1 | AA7: =COUNTIF($U$4:$U$1048576,$X7) -> 0 | AB7: =COUNTIF($S:$S, X7)+COUNTIF($U:$U, X7)-COUNTIFS($S:$S, X7, $U:$U, X7) -> 1 | AR7: =IF(O7>0, O7, "") -> 4 | AS7: =IF(OR(L7="Y",M7="Y"),"Y","") -> Y
A8: 107902086 | B8: 45593 | C8: 30 | D8: 1 | E8: 7 | F8: 1 | G8: O | L8: Y | O8: =IF(Q8 = "", "", COUNT(Q$4:$Q8)) -> 5 | P8: =IF(C8 > 0, YEAR(B8), "") -> 2024 | Q8: =IF(A8="", "", IF(G8="",1,IF(G8="O",1,IF(G8="C",8.4,IF(G8="B",8.4,IF(G8="A",76.8,IF(G8="K",76.8,"ERR"))))))) -> 1 | R8: =IF(L8<>"",Q8,"") -> 1 | S8: =IF(IF(L8<>"",G8,"")=0, "O", IF(L8<>"",G8,"")) -> O | T8: =IF(M8<>"",Q8,"") | U8: =IF(IF(M8<>"",G8,"")=0, "O", IF(M8<>"",G8,"")) | X8: O | Y8: =COUNTIF($G$4:$G$1048576,$X8)+COUNTIFS($G$4:$G$1048576, "", $O$4:$O$1048576, ">0") -> 6 | Z8: =COUNTIF($S$4:$S$1048576,$X8) -> 6 | AA8: =COUNTIF($U$4:$U$1048576,$X8) -> 0 | AB8: =COUNTIF($S:$S, X8)+COUNTIF($U:$U, X8)-COUNTIFS($S:$S, X8, $U:$U, X8) -> 6 | AR8: =IF(O8>0, O8, "") -> 5 | AS8: =IF(OR(L8="Y",M8="Y"),"Y","") -> Y
A9: 107945637 | B9: 45630 | C9: 21 | D9: 1 | E9: 7 | F9: 1 | G9: C | O9: =IF(Q9 = "", "", COUNT(Q$4:$Q9)) -> 6 | P9: =IF(C9 > 0, YEAR(B9), "") -> 2024 | Q9: =IF(A9="", "", IF(G9="",1,IF(G9="O",1,IF(G9="C",8.4,IF(G9="B",8.4,IF(G9="A",76.8,IF(G9="K",76.8,"ERR"))))))) -> 8.4 | R9: =IF(L9<>"",Q9,"") | S9: =IF(IF(L9<>"",G9,"")=0, "O", IF(L9<>"",G9,"")) | T9: =IF(M9<>"",Q9,"") | U9: =IF(IF(M9<>"",G9,"")=0, "O", IF(M9<>"",G9,"")) | X9: Total | Y9: =COUNTIF(O4:O1048576, ">0") -> 8 | Z9: =COUNT(R4:R1048576) -> 7 | AA9: =COUNT(T4:T1048576) -> 0 | AB9: =SUM(AB4:AB8) -> 7 | AR9: =IF(O9>0, O9, "") -> 6 | AS9: =IF(OR(L9="Y",M9="Y"),"Y","")
A10: 108250468 | B10: 45931 | C10: 30 | D10: 1 | E10: 7 | F10: 5 | G10: O | L10: Y | O10: =IF(Q10 = "", "", COUNT(Q$4:$Q10)) -> 7 | P10: =IF(C10 > 0, YEAR(B10), "") -> 2025 | Q10: =IF(A10="", "", IF(G10="",1,IF(G10="O",1,IF(G10="C",8.4,IF(G10="B",8.4,IF(G10="A",76.8,IF(G10="K",76.8,"ERR"))))))) -> 1 | R10: =IF(L10<>"",Q10,"") -> 1 | S10: =IF(IF(L10<>"",G10,"")=0, "O", IF(L10<>"",G10,"")) -> O | T10: =IF(M10<>"",Q10,"") | U10: =IF(IF(M10<>"",G10,"")=0, "O", IF(M10<>"",G10,"")) | X10: SI | Y10: =IFERROR(AVERAGE(Q4:Q1048576), 0) -> 2.85 | Z10: =IFERROR(AVERAGE(R4:R1048576),0) -> 2.0571429 | AA10: =IFERROR(AVERAGE(T4:T1048576),0) -> 0 | AB10: =IFERROR(AVERAGEIF($AS$4:$AS$1048576,"Y", Q4:Q1048576 ),0) -> 2.0571429 | AR10: =IF(O10>0, O10, "") -> 7 | AS10: =IF(OR(L10="Y",M10="Y"),"Y","") -> Y
A11: 108279485 | B11: 45953 | C11: 30 | D11: 1 | E11: 7 | F11: 1 | G11: C | L11: Y | O11: =IF(Q11 = "", "", COUNT(Q$4:$Q11)) -> 8 | P11: =IF(C11 > 0, YEAR(B11), "") -> 2025 | Q11: =IF(A11="", "", IF(G11="",1,IF(G11="O",1,IF(G11="C",8.4,IF(G11="B",8.4,IF(G11="A",76.8,IF(G11="K",76.8,"ERR"))))))) -> 8.4 | R11: =IF(L11<>"",Q11,"") -> 8.4 | S11: =IF(IF(L11<>"",G11,"")=0, "O", IF(L11<>"",G11,"")) -> C | T11: =IF(M11<>"",Q11,"") | U11: =IF(IF(M11<>"",G11,"")=0, "O", IF(M11<>"",G11,"")) | AR11: =IF(O11>0, O11, "") -> 8 | AS11: =IF(OR(L11="Y",M11="Y"),"Y","") -> Y
O12: =IF(Q12 = "", "", COUNT(Q$4:$Q12)) | P12: =IF(C12 > 0, YEAR(B12), "") | Q12: =IF(A12="", "", IF(G12="",1,IF(G12="O",1,IF(G12="C",8.4,IF(G12="B",8.4,IF(G12="A",76.8,IF(G12="K",76.8,"ERR"))))))) | R12: =IF(L12<>"",Q12,"") | S12: =IF(IF(L12<>"",G12,"")=0, "O", IF(L12<>"",G12,"")) | T12: =IF(M12<>"",Q12,"") | U12: =IF(IF(M12<>"",G12,"")=0, "O", IF(M12<>"",G12,"")) | AR12: =IF(O12>0, O12, "") | AS12: =IF(OR(L12="Y",M12="Y"),"Y","")
O13: =IF(Q13 = "", "", COUNT(Q$4:$Q13)) | P13: =IF(C13 > 0, YEAR(B13), "") | Q13: =IF(A13="", "", IF(G13="",1,IF(G13="O",1,IF(G13="C",8.4,IF(G13="B",8.4,IF(G13="A",76.8,IF(G13="K",76.8,"ERR"))))))) | R13: =IF(L13<>"",Q13,"") | S13: =IF(IF(L13<>"",G13,"")=0, "O", IF(L13<>"",G13,"")) | T13: =IF(M13<>"",Q13,"") | U13: =IF(IF(M13<>"",G13,"")=0, "O", IF(M13<>"",G13,"")) | AR13: =IF(O13>0, O13, "") | AS13: =IF(OR(L13="Y",M13="Y"),"Y","")
O14: =IF(Q14 = "", "", COUNT(Q$4:$Q14)) | P14: =IF(C14 > 0, YEAR(B14), "") | Q14: =IF(A14="", "", IF(G14="",1,IF(G14="O",1,IF(G14="C",8.4,IF(G14="B",8.4,IF(G14="A",76.8,IF(G14="K",76.8,"ERR"))))))) | R14: =IF(L14<>"",Q14,"") | S14: =IF(IF(L14<>"",G14,"")=0, "O", IF(L14<>"",G14,"")) | T14: =IF(M14<>"",Q14,"") | U14: =IF(IF(M14<>"",G14,"")=0, "O", IF(M14<>"",G14,"")) | W14: Steps | AR14: =IF(O14>0, O14, "") | AS14: =IF(OR(L14="Y",M14="Y"),"Y","")
O15: =IF(Q15 = "", "", COUNT(Q$4:$Q15)) | P15: =IF(C15 > 0, YEAR(B15), "") | Q15: =IF(A15="", "", IF(G15="",1,IF(G15="O",1,IF(G15="C",8.4,IF(G15="B",8.4,IF(G15="A",76.8,IF(G15="K",76.8,"ERR"))))))) | R15: =IF(L15<>"",Q15,"") | S15: =IF(IF(L15<>"",G15,"")=0, "O", IF(L15<>"",G15,"")) | T15: =IF(M15<>"",Q15,"") | U15: =IF(IF(M15<>"",G15,"")=0, "O", IF(M15<>"",G15,"")) | W15: 1 | X15: For the crashes you have determined to be within your study area and in the BEFORE period, copy and paste the Crash ID, Date, T, C, F, L, and S columns from your filtered fiche into this tab's Columns A -> G. | AR15: =IF(O15>0, O15, "") | AS15: =IF(OR(L15="Y",M15="Y"),"Y","")
O16: =IF(Q16 = "", "", COUNT(Q$4:$Q16)) | P16: =IF(C16 > 0, YEAR(B16), "") | Q16: =IF(A16="", "", IF(G16="",1,IF(G16="O",1,IF(G16="C",8.4,IF(G16="B",8.4,IF(G16="A",76.8,IF(G16="K",76.8,"ERR"))))))) | R16: =IF(L16<>"",Q16,"") | S16: =IF(IF(L16<>"",G16,"")=0, "O", IF(L16<>"",G16,"")) | T16: =IF(M16<>"",Q16,"") | U16: =IF(IF(M16<>"",G16,"")=0, "O", IF(M16<>"",G16,"")) | AR16: =IF(O16>0, O16, "") | AS16: =IF(OR(L16="Y",M16="Y"),"Y","")
O17: =IF(Q17 = "", "", COUNT(Q$4:$Q17)) | P17: =IF(C17 > 0, YEAR(B17), "") | Q17: =IF(A17="", "", IF(G17="",1,IF(G17="O",1,IF(G17="C",8.4,IF(G17="B",8.4,IF(G17="A",76.8,IF(G17="K",76.8,"ERR"))))))) | R17: =IF(L17<>"",Q17,"") | S17: =IF(IF(L17<>"",G17,"")=0, "O", IF(L17<>"",G17,"")) | T17: =IF(M17<>"",Q17,"") | U17: =IF(IF(M17<>"",G17,"")=0, "O", IF(M17<>"",G17,"")) | AR17: =IF(O17>0, O17, "") | AS17: =IF(OR(L17="Y",M17="Y"),"Y","")
O18: =IF(Q18 = "", "", COUNT(Q$4:$Q18)) | P18: =IF(C18 > 0, YEAR(B18), "") | Q18: =IF(A18="", "", IF(G18="",1,IF(G18="O",1,IF(G18="C",8.4,IF(G18="B",8.4,IF(G18="A",76.8,IF(G18="K",76.8,"ERR"))))))) | R18: =IF(L18<>"",Q18,"") | S18: =IF(IF(L18<>"",G18,"")=0, "O", IF(L18<>"",G18,"")) | T18: =IF(M18<>"",Q18,"") | U18: =IF(IF(M18<>"",G18,"")=0, "O", IF(M18<>"",G18,"")) | X18: ● | Y18: It is ESSENTIAL that the data you are pasting into these columns corresponds to their above headers. | AR18: =IF(O18>0, O18, "") | AS18: =IF(OR(L18="Y",M18="Y"),"Y","")
O19: =IF(Q19 = "", "", COUNT(Q$4:$Q19)) | P19: =IF(C19 > 0, YEAR(B19), "") | Q19: =IF(A19="", "", IF(G19="",1,IF(G19="O",1,IF(G19="C",8.4,IF(G19="B",8.4,IF(G19="A",76.8,IF(G19="K",76.8,"ERR"))))))) | R19: =IF(L19<>"",Q19,"") | S19: =IF(IF(L19<>"",G19,"")=0, "O", IF(L19<>"",G19,"")) | T19: =IF(M19<>"",Q19,"") | U19: =IF(IF(M19<>"",G19,"")=0, "O", IF(M19<>"",G19,"")) | AR19: =IF(O19>0, O19, "") | AS19: =IF(OR(L19="Y",M19="Y"),"Y","")
O20: =IF(Q20 = "", "", COUNT(Q$4:$Q20)) | P20: =IF(C20 > 0, YEAR(B20), "") | Q20: =IF(A20="", "", IF(G20="",1,IF(G20="O",1,IF(G20="C",8.4,IF(G20="B",8.4,IF(G20="A",76.8,IF(G20="K",76.8,"ERR"))))))) | R20: =IF(L20<>"",Q20,"") | S20: =IF(IF(L20<>"",G20,"")=0, "O", IF(L20<>"",G20,"")) | T20: =IF(M20<>"",Q20,"") | U20: =IF(IF(M20<>"",G20,"")=0, "O", IF(M20<>"",G20,"")) | X20: ● | Y20: It is recommended that the user of this workbook enters in the crash data in the same order of the TEAAS study’s crash #s. This allows for consistency between this workbook’s crash #s with the TEAAS study’s crash #s and the collision diagram’s crash #s. Reviewers would find this consistency helpful. | AR20: =IF(O20>0, O20, "") | AS20: =IF(OR(L20="Y",M20="Y"),"Y","")
O21: =IF(Q21 = "", "", COUNT(Q$4:$Q21)) | P21: =IF(C21 > 0, YEAR(B21), "") | Q21: =IF(A21="", "", IF(G21="",1,IF(G21="O",1,IF(G21="C",8.4,IF(G21="B",8.4,IF(G21="A",76.8,IF(G21="K",76.8,"ERR"))))))) | R21: =IF(L21<>"",Q21,"") | S21: =IF(IF(L21<>"",G21,"")=0, "O", IF(L21<>"",G21,"")) | T21: =IF(M21<>"",Q21,"") | U21: =IF(IF(M21<>"",G21,"")=0, "O", IF(M21<>"",G21,"")) | AR21: =IF(O21>0, O21, "") | AS21: =IF(OR(L21="Y",M21="Y"),"Y","")
O22: =IF(Q22 = "", "", COUNT(Q$4:$Q22)) | P22: =IF(C22 > 0, YEAR(B22), "") | Q22: =IF(A22="", "", IF(G22="",1,IF(G22="O",1,IF(G22="C",8.4,IF(G22="B",8.4,IF(G22="A",76.8,IF(G22="K",76.8,"ERR"))))))) | R22: =IF(L22<>"",Q22,"") | S22: =IF(IF(L22<>"",G22,"")=0, "O", IF(L22<>"",G22,"")) | T22: =IF(M22<>"",Q22,"") | U22: =IF(IF(M22<>"",G22,"")=0, "O", IF(M22<>"",G22,"")) | AR22: =IF(O22>0, O22, "") | AS22: =IF(OR(L22="Y",M22="Y"),"Y","")
O23: =IF(Q23 = "", "", COUNT(Q$4:$Q23)) | P23: =IF(C23 > 0, YEAR(B23), "") | Q23: =IF(A23="", "", IF(G23="",1,IF(G23="O",1,IF(G23="C",8.4,IF(G23="B",8.4,IF(G23="A",76.8,IF(G23="K",76.8,"ERR"))))))) | R23: =IF(L23<>"",Q23,"") | S23: =IF(IF(L23<>"",G23,"")=0, "O", IF(L23<>"",G23,"")) | T23: =IF(M23<>"",Q23,"") | U23: =IF(IF(M23<>"",G23,"")=0, "O", IF(M23<>"",G23,"")) | AR23: =IF(O23>0, O23, "") | AS23: =IF(OR(L23="Y",M23="Y"),"Y","")
O24: =IF(Q24 = "", "", COUNT(Q$4:$Q24)) | P24: =IF(C24 > 0, YEAR(B24), "") | Q24: =IF(A24="", "", IF(G24="",1,IF(G24="O",1,IF(G24="C",8.4,IF(G24="B",8.4,IF(G24="A",76.8,IF(G24="K",76.8,"ERR"))))))) | R24: =IF(L24<>"",Q24,"") | S24: =IF(IF(L24<>"",G24,"")=0, "O", IF(L24<>"",G24,"")) | T24: =IF(M24<>"",Q24,"") | U24: =IF(IF(M24<>"",G24,"")=0, "O", IF(M24<>"",G24,"")) | AR24: =IF(O24>0, O24, "") | AS24: =IF(OR(L24="Y",M24="Y"),"Y","")
O25: =IF(Q25 = "", "", COUNT(Q$4:$Q25)) | P25: =IF(C25 > 0, YEAR(B25), "") | Q25: =IF(A25="", "", IF(G25="",1,IF(G25="O",1,IF(G25="C",8.4,IF(G25="B",8.4,IF(G25="A",76.8,IF(G25="K",76.8,"ERR"))))))) | R25: =IF(L25<>"",Q25,"") | S25: =IF(IF(L25<>"",G25,"")=0, "O", IF(L25<>"",G25,"")) | T25: =IF(M25<>"",Q25,"") | U25: =IF(IF(M25<>"",G25,"")=0, "O", IF(M25<>"",G25,"")) | X25: ● | Y25: Make sure that rows are not skipped when pasting the fiche's in-study crash data. Skipping rows will break some of the background formulas | AR25: =IF(O25>0, O25, "") | AS25: =IF(OR(L25="Y",M25="Y"),"Y","")
O26: =IF(Q26 = "", "", COUNT(Q$4:$Q26)) | P26: =IF(C26 > 0, YEAR(B26), "") | Q26: =IF(A26="", "", IF(G26="",1,IF(G26="O",1,IF(G26="C",8.4,IF(G26="B",8.4,IF(G26="A",76.8,IF(G26="K",76.8,"ERR"))))))) | R26: =IF(L26<>"",Q26,"") | S26: =IF(IF(L26<>"",G26,"")=0, "O", IF(L26<>"",G26,"")) | T26: =IF(M26<>"",Q26,"") | U26: =IF(IF(M26<>"",G26,"")=0, "O", IF(M26<>"",G26,"")) | AR26: =IF(O26>0, O26, "") | AS26: =IF(OR(L26="Y",M26="Y"),"Y","")
O27: =IF(Q27 = "", "", COUNT(Q$4:$Q27)) | P27: =IF(C27 > 0, YEAR(B27), "") | Q27: =IF(A27="", "", IF(G27="",1,IF(G27="O",1,IF(G27="C",8.4,IF(G27="B",8.4,IF(G27="A",76.8,IF(G27="K",76.8,"ERR"))))))) | R27: =IF(L27<>"",Q27,"") | S27: =IF(IF(L27<>"",G27,"")=0, "O", IF(L27<>"",G27,"")) | T27: =IF(M27<>"",Q27,"") | U27: =IF(IF(M27<>"",G27,"")=0, "O", IF(M27<>"",G27,"")) | X27: ● | Y27: The determination of the crashes in the study should be finalized/set-in-stone before pasting into this tab. Deleting and adjusting cells in the tab may break the formulas used in the calculations. | AR27: =IF(O27>0, O27, "") | AS27: =IF(OR(L27="Y",M27="Y"),"Y","")
O28: =IF(Q28 = "", "", COUNT(Q$4:$Q28)) | P28: =IF(C28 > 0, YEAR(B28), "") | Q28: =IF(A28="", "", IF(G28="",1,IF(G28="O",1,IF(G28="C",8.4,IF(G28="B",8.4,IF(G28="A",76.8,IF(G28="K",76.8,"ERR"))))))) | R28: =IF(L28<>"",Q28,"") | S28: =IF(IF(L28<>"",G28,"")=0, "O", IF(L28<>"",G28,"")) | T28: =IF(M28<>"",Q28,"") | U28: =IF(IF(M28<>"",G28,"")=0, "O", IF(M28<>"",G28,"")) | AR28: =IF(O28>0, O28, "") | AS28: =IF(OR(L28="Y",M28="Y"),"Y","")
O29: =IF(Q29 = "", "", COUNT(Q$4:$Q29)) | P29: =IF(C29 > 0, YEAR(B29), "") | Q29: =IF(A29="", "", IF(G29="",1,IF(G29="O",1,IF(G29="C",8.4,IF(G29="B",8.4,IF(G29="A",76.8,IF(G29="K",76.8,"ERR"))))))) | R29: =IF(L29<>"",Q29,"") | S29: =IF(IF(L29<>"",G29,"")=0, "O", IF(L29<>"",G29,"")) | T29: =IF(M29<>"",Q29,"") | U29: =IF(IF(M29<>"",G29,"")=0, "O", IF(M29<>"",G29,"")) | AR29: =IF(O29>0, O29, "") | AS29: =IF(OR(L29="Y",M29="Y"),"Y","")
O30: =IF(Q30 = "", "", COUNT(Q$4:$Q30)) | P30: =IF(C30 > 0, YEAR(B30), "") | Q30: =IF(A30="", "", IF(G30="",1,IF(G30="O",1,IF(G30="C",8.4,IF(G30="B",8.4,IF(G30="A",76.8,IF(G30="K",76.8,"ERR"))))))) | R30: =IF(L30<>"",Q30,"") | S30: =IF(IF(L30<>"",G30,"")=0, "O", IF(L30<>"",G30,"")) | T30: =IF(M30<>"",Q30,"") | U30: =IF(IF(M30<>"",G30,"")=0, "O", IF(M30<>"",G30,"")) | W30: 2 | X30: Different analysts like using different columns for their notes when filtering the Fiche and labeling crashes. Columns H -> K are your prerogative, feel free to copy in whatever notes you used in the analysis. | AR30: =IF(O30>0, O30, "") | AS30: =IF(OR(L30="Y",M30="Y"),"Y","")
O31: =IF(Q31 = "", "", COUNT(Q$4:$Q31)) | P31: =IF(C31 > 0, YEAR(B31), "") | Q31: =IF(A31="", "", IF(G31="",1,IF(G31="O",1,IF(G31="C",8.4,IF(G31="B",8.4,IF(G31="A",76.8,IF(G31="K",76.8,"ERR"))))))) | R31: =IF(L31<>"",Q31,"") | S31: =IF(IF(L31<>"",G31,"")=0, "O", IF(L31<>"",G31,"")) | T31: =IF(M31<>"",Q31,"") | U31: =IF(IF(M31<>"",G31,"")=0, "O", IF(M31<>"",G31,"")) | AR31: =IF(O31>0, O31, "") | AS31: =IF(OR(L31="Y",M31="Y"),"Y","")
O32: =IF(Q32 = "", "", COUNT(Q$4:$Q32)) | P32: =IF(C32 > 0, YEAR(B32), "") | Q32: =IF(A32="", "", IF(G32="",1,IF(G32="O",1,IF(G32="C",8.4,IF(G32="B",8.4,IF(G32="A",76.8,IF(G32="K",76.8,"ERR"))))))) | R32: =IF(L32<>"",Q32,"") | S32: =IF(IF(L32<>"",G32,"")=0, "O", IF(L32<>"",G32,"")) | T32: =IF(M32<>"",Q32,"") | U32: =IF(IF(M32<>"",G32,"")=0, "O", IF(M32<>"",G32,"")) | AR32: =IF(O32>0, O32, "") | AS32: =IF(OR(L32="Y",M32="Y"),"Y","")
O33: =IF(Q33 = "", "", COUNT(Q$4:$Q33)) | P33: =IF(C33 > 0, YEAR(B33), "") | Q33: =IF(A33="", "", IF(G33="",1,IF(G33="O",1,IF(G33="C",8.4,IF(G33="B",8.4,IF(G33="A",76.8,IF(G33="K",76.8,"ERR"))))))) | R33: =IF(L33<>"",Q33,"") | S33: =IF(IF(L33<>"",G33,"")=0, "O", IF(L33<>"",G33,"")) | T33: =IF(M33<>"",Q33,"") | U33: =IF(IF(M33<>"",G33,"")=0, "O", IF(M33<>"",G33,"")) | W33: 3 | X33: Columns L and M require manual input to identify Target Crashes | AR33: =IF(O33>0, O33, "") | AS33: =IF(OR(L33="Y",M33="Y"),"Y","")
O34: =IF(Q34 = "", "", COUNT(Q$4:$Q34)) | P34: =IF(C34 > 0, YEAR(B34), "") | Q34: =IF(A34="", "", IF(G34="",1,IF(G34="O",1,IF(G34="C",8.4,IF(G34="B",8.4,IF(G34="A",76.8,IF(G34="K",76.8,"ERR"))))))) | R34: =IF(L34<>"",Q34,"") | S34: =IF(IF(L34<>"",G34,"")=0, "O", IF(L34<>"",G34,"")) | T34: =IF(M34<>"",Q34,"") | U34: =IF(IF(M34<>"",G34,"")=0, "O", IF(M34<>"",G34,"")) | X34: ● | Y34: Type Y in Column L if Target-1 Crash. | AR34: =IF(O34>0, O34, "") | AS34: =IF(OR(L34="Y",M34="Y"),"Y","")
O35: =IF(Q35 = "", "", COUNT(Q$4:$Q35)) | P35: =IF(C35 > 0, YEAR(B35), "") | Q35: =IF(A35="", "", IF(G35="",1,IF(G35="O",1,IF(G35="C",8.4,IF(G35="B",8.4,IF(G35="A",76.8,IF(G35="K",76.8,"ERR"))))))) | R35: =IF(L35<>"",Q35,"") | S35: =IF(IF(L35<>"",G35,"")=0, "O", IF(L35<>"",G35,"")) | T35: =IF(M35<>"",Q35,"") | U35: =IF(IF(M35<>"",G35,"")=0, "O", IF(M35<>"",G35,"")) | X35: ● | Y35: Type Y in Column M if Target-2 Crash. | AR35: =IF(O35>0, O35, "") | AS35: =IF(OR(L35="Y",M35="Y"),"Y","")
O36: =IF(Q36 = "", "", COUNT(Q$4:$Q36)) | P36: =IF(C36 > 0, YEAR(B36), "") | Q36: =IF(A36="", "", IF(G36="",1,IF(G36="O",1,IF(G36="C",8.4,IF(G36="B",8.4,IF(G36="A",76.8,IF(G36="K",76.8,"ERR"))))))) | R36: =IF(L36<>"",Q36,"") | S36: =IF(IF(L36<>"",G36,"")=0, "O", IF(L36<>"",G36,"")) | T36: =IF(M36<>"",Q36,"") | U36: =IF(IF(M36<>"",G36,"")=0, "O", IF(M36<>"",G36,"")) | X36: ● | Y36: Leave these columns blank if not a Target Crash. | AR36: =IF(O36>0, O36, "") | AS36: =IF(OR(L36="Y",M36="Y"),"Y","")
O37: =IF(Q37 = "", "", COUNT(Q$4:$Q37)) | P37: =IF(C37 > 0, YEAR(B37), "") | Q37: =IF(A37="", "", IF(G37="",1,IF(G37="O",1,IF(G37="C",8.4,IF(G37="B",8.4,IF(G37="A",76.8,IF(G37="K",76.8,"ERR"))))))) | R37: =IF(L37<>"",Q37,"") | S37: =IF(IF(L37<>"",G37,"")=0, "O", IF(L37<>"",G37,"")) | T37: =IF(M37<>"",Q37,"") | U37: =IF(IF(M37<>"",G37,"")=0, "O", IF(M37<>"",G37,"")) | X37: ● | Y37: NOTE: If a crash could potentially fall in more than one target group, discuss with SEG Staff on how to prioritize the target placement. Each target crash should only fall in one target group. There should not be overlap. | AR37: =IF(O37>0, O37, "") | AS37: =IF(OR(L37="Y",M37="Y"),"Y","")
O38: =IF(Q38 = "", "", COUNT(Q$4:$Q38)) | P38: =IF(C38 > 0, YEAR(B38), "") | Q38: =IF(A38="", "", IF(G38="",1,IF(G38="O",1,IF(G38="C",8.4,IF(G38="B",8.4,IF(G38="A",76.8,IF(G38="K",76.8,"ERR"))))))) | R38: =IF(L38<>"",Q38,"") | S38: =IF(IF(L38<>"",G38,"")=0, "O", IF(L38<>"",G38,"")) | T38: =IF(M38<>"",Q38,"") | U38: =IF(IF(M38<>"",G38,"")=0, "O", IF(M38<>"",G38,"")) | AR38: =IF(O38>0, O38, "") | AS38: =IF(OR(L38="Y",M38="Y"),"Y","")
O39: =IF(Q39 = "", "", COUNT(Q$4:$Q39)) | P39: =IF(C39 > 0, YEAR(B39), "") | Q39: =IF(A39="", "", IF(G39="",1,IF(G39="O",1,IF(G39="C",8.4,IF(G39="B",8.4,IF(G39="A",76.8,IF(G39="K",76.8,"ERR"))))))) | R39: =IF(L39<>"",Q39,"") | S39: =IF(IF(L39<>"",G39,"")=0, "O", IF(L39<>"",G39,"")) | T39: =IF(M39<>"",Q39,"") | U39: =IF(IF(M39<>"",G39,"")=0, "O", IF(M39<>"",G39,"")) | AR39: =IF(O39>0, O39, "") | AS39: =IF(OR(L39="Y",M39="Y"),"Y","")
O40: =IF(Q40 = "", "", COUNT(Q$4:$Q40)) | P40: =IF(C40 > 0, YEAR(B40), "") | Q40: =IF(A40="", "", IF(G40="",1,IF(G40="O",1,IF(G40="C",8.4,IF(G40="B",8.4,IF(G40="A",76.8,IF(G40="K",76.8,"ERR"))))))) | R40: =IF(L40<>"",Q40,"") | S40: =IF(IF(L40<>"",G40,"")=0, "O", IF(L40<>"",G40,"")) | T40: =IF(M40<>"",Q40,"") | U40: =IF(IF(M40<>"",G40,"")=0, "O", IF(M40<>"",G40,"")) | AR40: =IF(O40>0, O40, "") | AS40: =IF(OR(L40="Y",M40="Y"),"Y","")
O41: =IF(Q41 = "", "", COUNT(Q$4:$Q41)) | P41: =IF(C41 > 0, YEAR(B41), "") | Q41: =IF(A41="", "", IF(G41="",1,IF(G41="O",1,IF(G41="C",8.4,IF(G41="B",8.4,IF(G41="A",76.8,IF(G41="K",76.8,"ERR"))))))) | R41: =IF(L41<>"",Q41,"") | S41: =IF(IF(L41<>"",G41,"")=0, "O", IF(L41<>"",G41,"")) | T41: =IF(M41<>"",Q41,"") | U41: =IF(IF(M41<>"",G41,"")=0, "O", IF(M41<>"",G41,"")) | W41: 4 | X41: The work should now be done for this Tab. Move on to the Results Tab. | AR41: =IF(O41>0, O41, "") | AS41: =IF(OR(L41="Y",M41="Y"),"Y","")
O42: =IF(Q42 = "", "", COUNT(Q$4:$Q42)) | P42: =IF(C42 > 0, YEAR(B42), "") | Q42: =IF(A42="", "", IF(G42="",1,IF(G42="O",1,IF(G42="C",8.4,IF(G42="B",8.4,IF(G42="A",76.8,IF(G42="K",76.8,"ERR"))))))) | R42: =IF(L42<>"",Q42,"") | S42: =IF(IF(L42<>"",G42,"")=0, "O", IF(L42<>"",G42,"")) | T42: =IF(M42<>"",Q42,"") | U42: =IF(IF(M42<>"",G42,"")=0, "O", IF(M42<>"",G42,"")) | AR42: =IF(O42>0, O42, "") | AS42: =IF(OR(L42="Y",M42="Y"),"Y","")
O43: =IF(Q43 = "", "", COUNT(Q$4:$Q43)) | P43: =IF(C43 > 0, YEAR(B43), "") | Q43: =IF(A43="", "", IF(G43="",1,IF(G43="O",1,IF(G43="C",8.4,IF(G43="B",8.4,IF(G43="A",76.8,IF(G43="K",76.8,"ERR"))))))) | R43: =IF(L43<>"",Q43,"") | S43: =IF(IF(L43<>"",G43,"")=0, "O", IF(L43<>"",G43,"")) | T43: =IF(M43<>"",Q43,"") | U43: =IF(IF(M43<>"",G43,"")=0, "O", IF(M43<>"",G43,"")) | AR43: =IF(O43>0, O43, "") | AS43: =IF(OR(L43="Y",M43="Y"),"Y","")
O44: =IF(Q44 = "", "", COUNT(Q$4:$Q44)) | P44: =IF(C44 > 0, YEAR(B44), "") | Q44: =IF(A44="", "", IF(G44="",1,IF(G44="O",1,IF(G44="C",8.4,IF(G44="B",8.4,IF(G44="A",76.8,IF(G44="K",76.8,"ERR"))))))) | R44: =IF(L44<>"",Q44,"") | S44: =IF(IF(L44<>"",G44,"")=0, "O", IF(L44<>"",G44,"")) | T44: =IF(M44<>"",Q44,"") | U44: =IF(IF(M44<>"",G44,"")=0, "O", IF(M44<>"",G44,"")) | AR44: =IF(O44>0, O44, "") | AS44: =IF(OR(L44="Y",M44="Y"),"Y","")
O45: =IF(Q45 = "", "", COUNT(Q$4:$Q45)) | P45: =IF(C45 > 0, YEAR(B45), "") | Q45: =IF(A45="", "", IF(G45="",1,IF(G45="O",1,IF(G45="C",8.4,IF(G45="B",8.4,IF(G45="A",76.8,IF(G45="K",76.8,"ERR"))))))) | R45: =IF(L45<>"",Q45,"") | S45: =IF(IF(L45<>"",G45,"")=0, "O", IF(L45<>"",G45,"")) | T45: =IF(M45<>"",Q45,"") | U45: =IF(IF(M45<>"",G45,"")=0, "O", IF(M45<>"",G45,"")) | AR45: =IF(O45>0, O45, "") | AS45: =IF(OR(L45="Y",M45="Y"),"Y","")
O46: =IF(Q46 = "", "", COUNT(Q$4:$Q46)) | P46: =IF(C46 > 0, YEAR(B46), "") | Q46: =IF(A46="", "", IF(G46="",1,IF(G46="O",1,IF(G46="C",8.4,IF(G46="B",8.4,IF(G46="A",76.8,IF(G46="K",76.8,"ERR"))))))) | R46: =IF(L46<>"",Q46,"") | S46: =IF(IF(L46<>"",G46,"")=0, "O", IF(L46<>"",G46,"")) | T46: =IF(M46<>"",Q46,"") | U46: =IF(IF(M46<>"",G46,"")=0, "O", IF(M46<>"",G46,"")) | AR46: =IF(O46>0, O46, "") | AS46: =IF(OR(L46="Y",M46="Y"),"Y","")
O47: =IF(Q47 = "", "", COUNT(Q$4:$Q47)) | P47: =IF(C47 > 0, YEAR(B47), "") | Q47: =IF(A47="", "", IF(G47="",1,IF(G47="O",1,IF(G47="C",8.4,IF(G47="B",8.4,IF(G47="A",76.8,IF(G47="K",76.8,"ERR"))))))) | R47: =IF(L47<>"",Q47,"") | S47: =IF(IF(L47<>"",G47,"")=0, "O", IF(L47<>"",G47,"")) | T47: =IF(M47<>"",Q47,"") | U47: =IF(IF(M47<>"",G47,"")=0, "O", IF(M47<>"",G47,"")) | AR47: =IF(O47>0, O47, "") | AS47: =IF(OR(L47="Y",M47="Y"),"Y","")
O48: =IF(Q48 = "", "", COUNT(Q$4:$Q48)) | P48: =IF(C48 > 0, YEAR(B48), "") | Q48: =IF(A48="", "", IF(G48="",1,IF(G48="O",1,IF(G48="C",8.4,IF(G48="B",8.4,IF(G48="A",76.8,IF(G48="K",76.8,"ERR"))))))) | R48: =IF(L48<>"",Q48,"") | S48: =IF(IF(L48<>"",G48,"")=0, "O", IF(L48<>"",G48,"")) | T48: =IF(M48<>"",Q48,"") | U48: =IF(IF(M48<>"",G48,"")=0, "O", IF(M48<>"",G48,"")) | AR48: =IF(O48>0, O48, "") | AS48: =IF(OR(L48="Y",M48="Y"),"Y","")
O49: =IF(Q49 = "", "", COUNT(Q$4:$Q49)) | P49: =IF(C49 > 0, YEAR(B49), "") | Q49: =IF(A49="", "", IF(G49="",1,IF(G49="O",1,IF(G49="C",8.4,IF(G49="B",8.4,IF(G49="A",76.8,IF(G49="K",76.8,"ERR"))))))) | R49: =IF(L49<>"",Q49,"") | S49: =IF(IF(L49<>"",G49,"")=0, "O", IF(L49<>"",G49,"")) | T49: =IF(M49<>"",Q49,"") | U49: =IF(IF(M49<>"",G49,"")=0, "O", IF(M49<>"",G49,"")) | AR49: =IF(O49>0, O49, "") | AS49: =IF(OR(L49="Y",M49="Y"),"Y","")
O50: =IF(Q50 = "", "", COUNT(Q$4:$Q50)) | P50: =IF(C50 > 0, YEAR(B50), "") | Q50: =IF(A50="", "", IF(G50="",1,IF(G50="O",1,IF(G50="C",8.4,IF(G50="B",8.4,IF(G50="A",76.8,IF(G50="K",76.8,"ERR"))))))) | R50: =IF(L50<>"",Q50,"") | S50: =IF(IF(L50<>"",G50,"")=0, "O", IF(L50<>"",G50,"")) | T50: =IF(M50<>"",Q50,"") | U50: =IF(IF(M50<>"",G50,"")=0, "O", IF(M50<>"",G50,"")) | AR50: =IF(O50>0, O50, "") | AS50: =IF(OR(L50="Y",M50="Y"),"Y","")
O51: =IF(Q51 = "", "", COUNT(Q$4:$Q51)) | P51: =IF(C51 > 0, YEAR(B51), "") | Q51: =IF(A51="", "", IF(G51="",1,IF(G51="O",1,IF(G51="C",8.4,IF(G51="B",8.4,IF(G51="A",76.8,IF(G51="K",76.8,"ERR"))))))) | R51: =IF(L51<>"",Q51,"") | S51: =IF(IF(L51<>"",G51,"")=0, "O", IF(L51<>"",G51,"")) | T51: =IF(M51<>"",Q51,"") | U51: =IF(IF(M51<>"",G51,"")=0, "O", IF(M51<>"",G51,"")) | AR51: =IF(O51>0, O51, "") | AS51: =IF(OR(L51="Y",M51="Y"),"Y","")
O52: =IF(Q52 = "", "", COUNT(Q$4:$Q52)) | P52: =IF(C52 > 0, YEAR(B52), "") | Q52: =IF(A52="", "", IF(G52="",1,IF(G52="O",1,IF(G52="C",8.4,IF(G52="B",8.4,IF(G52="A",76.8,IF(G52="K",76.8,"ERR"))))))) | R52: =IF(L52<>"",Q52,"") | S52: =IF(IF(L52<>"",G52,"")=0, "O", IF(L52<>"",G52,"")) | T52: =IF(M52<>"",Q52,"") | U52: =IF(IF(M52<>"",G52,"")=0, "O", IF(M52<>"",G52,"")) | AR52: =IF(O52>0, O52, "") | AS52: =IF(OR(L52="Y",M52="Y"),"Y","")
O53: =IF(Q53 = "", "", COUNT(Q$4:$Q53)) | P53: =IF(C53 > 0, YEAR(B53), "") | Q53: =IF(A53="", "", IF(G53="",1,IF(G53="O",1,IF(G53="C",8.4,IF(G53="B",8.4,IF(G53="A",76.8,IF(G53="K",76.8,"ERR"))))))) | R53: =IF(L53<>"",Q53,"") | S53: =IF(IF(L53<>"",G53,"")=0, "O", IF(L53<>"",G53,"")) | T53: =IF(M53<>"",Q53,"") | U53: =IF(IF(M53<>"",G53,"")=0, "O", IF(M53<>"",G53,"")) | AR53: =IF(O53>0, O53, "") | AS53: =IF(OR(L53="Y",M53="Y"),"Y","")
... O1003: =IF(Q1003 = "", "", COUNT(Q$4:$Q1003)) | P1003: =IF(C1003 > 0, YEAR(B1003), "") | Q1003: =IF(A1003="", "", IF(G1003="",1,IF(G1003="O",1,IF(G1003="C",8.4,IF(G1003="B",8.4,IF(G1003="A",76.8,IF(G1003="K",76.8,"ERR"))))))) | R1003: =IF(L1003<>"",Q1003,"") | S1003: =IF(IF(L1003<>"",G1003,"")=0, "O", IF(L1003<>"",G1003,"")) | T1003: =IF(M1003<>"",Q1003,"") | U1003: =IF(IF(M1003<>"",G1003,"")=0, "O", IF(M1003<>"",G1003,"")) | AR1003: =IF(O1003>0, O1003, "") | AS1003: =IF(OR(L1003="Y",M1003="Y"),"Y","")

Sheet 1 page results - 1 Target
Z1: Before | AB1: After
P2: Cell Shading Key | Y2: Severity | Z2: Total | AA2: Target-1 | AB2: Total | AC2: Target-1
C3: Safety Project Evaluation | P3: User Input Required | Y3: K | Z3: =Before!Y4 -> 0 | AA3: =Before!Z4 -> 0 | AB3: =After!Y4 -> 0 | AC3: =After!Z4 -> 0
P4: Automatically Calculated | Y4: A | Z4: =Before!Y5 -> 1 | AA4: =Before!Z5 -> 1 | AB4: =After!Y5 -> 0 | AC4: =After!Z5 -> 0
Y5: B | Z5: =Before!Y6 -> 3 | AA5: =Before!Z6 -> 3 | AB5: =After!Y6 -> 0 | AC5: =After!Z6 -> 0
C6: Order ID: | D6: 41000076160 | H6: Treatment Information | I6: Before | J6: After | K6: Percent Reduction (-) Percent Increase (+) | Y6: C | Z6: =Before!Y7 -> 4 | AA6: =Before!Z7 -> 4 | AB6: =After!Y7 -> 2 | AC6: =After!Z7 -> 1
C7: Project ID: | D7: 10-18-223 (TIP #W-5710AM) | O7: Comments for the user: | Y7: O | Z7: =Before!Y8 -> 7 | AA7: =Before!Z8 -> 3 | AB7: =After!Y8 -> 6 | AC7: =After!Z8 -> 6
C8: Signal ID: | D8: n/a | H8: Total Crashes | I8: =$Z$8 -> 15 | J8: =$AB$8 -> 8 | K8: =IFERROR((J8-I8)/I8, "n/a") -> -0.46666667 | O8: ● | P8: Cells that are shaded TAN are not automatic and need to be filled in prior to printing | Y8: Total | Z8: =Before!Y9 -> 15 | AA8: =Before!Z9 -> 11 | AB8: =After!Y9 -> 8 | AC8: =After!Z9 -> 7
C9: Location: | D9: SR 1001 (Sikes Mill Road) at SR 1617 (Tom Boyd Road) | H9: Total Severity Index | I9: =$Z$9 -> 9.5066667 | J9: =$AB$9 -> 2.85 | K9: =IFERROR((J9-I9)/I9, "n/a") -> -0.70021038 | O9: ● | P9: The before, construction, and after period dates table is automated and based off of the Date Range Calculator within the "Evaluation Set-up" tab. Make sure this tab is finalized before printing. | Y9: SI | Z9: =Before!Y10 -> 9.5066667 | AA9: =Before!Z10 -> 12.6 | AB9: =After!Y10 -> 2.85 | AC9: =After!Z10 -> 2.0571429
H11: Target Crashes | I11: =$AA$8 -> 11 | J11: =$AC$8 -> 7 | K11: =IFERROR((J11-I11)/I11, "n/a") -> -0.36363636
H12: Target Crash Severity Index | I12: =$AA$9 -> 12.6 | J12: =$AC$9 -> 2.0571429 | K12: =IFERROR((J12-I12)/I12, "n/a") -> -0.83673469 | O12: ● | P12: If a calculated percent increase is significantly above 100% and you feel this change would be best represented by reporting "100% +" then you should manually change these values.
C13: GPS Coordinates: | D13: 35.081578, -80.500362
C14: County: | D14: Union | H14: ="Volume ("&'Evaluation Set-up'!$N$5&", "&'Evaluation Set-up'!$N$6&")" -> Volume (2019, 2022) | I14: ='Evaluation Set-up'!$R$5 -> 5100 | J14: ='Evaluation Set-up'!$R$6 -> 4200 | K14: =IFERROR((J14-I14)/I14, "n/a") -> -0.17647059
C15: City: | D15: n/a | O15: ● | P15: There are 4 rows under the Additional information table that the user should feel free to use (or not use) as they see fit. If rows are left unused, leave "n/a" in the left most column
C16: Division: | D16: 10 | H16: Injury Crash Summary | I16: Before | J16: After | K16: Percent Reduction (-) Percent Increase (+)
C18: Countermeasure(s): | D18: Convert intersection to All-Way STOP Control (AWSC), including: • On SR 1001 approaches, - Installation of 36" STOP signs (R1-1) - Replacement of Cross Road (W2-1) Warning signs with STOP Ahead (W3-1) Warning signs with flashing beacons • On SR 1617 approaches, - Replacement of the existing 30" STOP signs with 36" STOP signs (R1-1) • On all approaches, installation of STOP AHEAD and STOP pavement markings and stop bars | H18: Fatal Injury Crashes | I18: =Z3 -> 0 | J18: =AB3 -> 0 | K18: =IFERROR((J18-I18)/I18, "n/a") -> n/a | O18: ● | P18: Write any necessary discussion on the evaluation results in the large merged cell at the bottom of the page. If no discussion is necessary, simply write "n/a" in discussion field TIP: to drop lines within a single cell, press ALT+ENTER
H19: Class A Injury Crashes | I19: =Z4 -> 1 | J19: =AB4 -> 0 | K19: =IFERROR((J19-I19)/I19, "n/a") -> -1
H20: Class B Injury Crashes | I20: =Z5 -> 3 | J20: =AB5 -> 0 | K20: =IFERROR((J20-I20)/I20, "n/a") -> -1
H21: Class C Injury Crashes | I21: =Z6 -> 4 | J21: =AB6 -> 2 | K21: =IFERROR((J21-I21)/I21, "n/a") -> -0.5
H22: Property Damage Only | I22: =Z7 -> 7 | J22: =AB7 -> 6 | K22: =IFERROR((J22-I22)/I22, "n/a") -> -0.14285714 | O22: Instructions for printing 1-Pager Results Tab
C23: Estimated Project Cost: | D23: $30,000 | O23: 1 | P23: Highlight the cells within but not including the GREEN border
C24: Completion Date: | D24: May 24, 2021 | H24: Target Injury Crash Summary | I24: Before | J24: After | K24: Percent Reduction (-) Percent Increase (+) | O24: 2 | P24: Select Print or hit Control + P
O25: 3 | P25: Select the printer you wish to use (Microsoft Print to PDF is recommended with 8.5”x11” paper size)
D26: Start Date | E26: End Date | F26: Length | H26: Fatal Injury Crashes | I26: =AA3 -> 0 | J26: =AC3 -> 0 | K26: =IFERROR((J26-I26)/I26, "n/a") -> n/a
C27: Before Period | D27: ='Evaluation Set-up'!D9 -> 42461 | E27: ='Evaluation Set-up'!E9 -> 44286 | F27: ='Evaluation Set-up'!F9&"y, "&'Evaluation Set-up'!G9&"m" -> 5y, 0m | H27: Class A Injury Crashes | I27: =AA4 -> 1 | J27: =AC4 -> 0 | K27: =IFERROR((J27-I27)/I27, "n/a") -> -1 | O27: 4 | P27: In the first box under Settings select “Print Selection”. This will ensure only the cells you have highlighted are printed out, rather than the whole sheet.
C28: Construction Period | D28: ='Evaluation Set-up'!D10 -> 44287 | E28: ='Evaluation Set-up'!E10 -> 44377 | F28: ='Evaluation Set-up'!F10&"y, "&'Evaluation Set-up'!G10&"m" -> 0y, 3m | H28: Class B Injury Crashes | I28: =AA5 -> 3 | J28: =AC5 -> 0 | K28: =IFERROR((J28-I28)/I28, "n/a") -> -1
C29: After Period | D29: ='Evaluation Set-up'!D11 -> 44378 | E29: ='Evaluation Set-up'!E11 -> 46203 | F29: ='Evaluation Set-up'!F11&"y, "&'Evaluation Set-up'!G11&"m" -> 5y, 0m | H29: Class C Injury Crashes | I29: =AA6 -> 4 | J29: =AC6 -> 1 | K29: =IFERROR((J29-I29)/I29, "n/a") -> -0.75 | O29: 5 | P29: Select “Custom Margins” in the second to last dropdown box. Match the margin settings in the pop up box to that of the below image. The Left/Right margins should be 0.25" and the Top/Bottom margins should be 0.5". Also make sure that the “Horizontally” and “Vertically” boxes are checked under the "Center on page" section. This will ensure the print area is centered within the page layout.
H30: Property Damage Only | I30: =AA7 -> 3 | J30: =AC7 -> 6 | K30: =IFERROR((J30-I30)/I30, "n/a") -> 1
C31: Analysis Criteria: | D31: Treatment data consists of all crashes at the intersection of SR 1001 and SR 1617 with a Y-line of 150'
H32: Additional Information | I32: Before | J32: After | K32: Percent Reduction (-) Percent Increase (+)
H34: Target Crashes: SR 1617/SR 1619 At-Fault | I34: 11 | J34: 1 | K34: =IFERROR((J34-I34)/I34, "n/a") -> -0.90909091 | P34: ●
H35: Target Crashes: SR 1001 At-Fault | I35: 0 | J35: 4 | K35: =IFERROR((J35-I35)/I35, "n/a") -> n/a
C36: Target Crashes: | D36: Frontal impact crashes including the following types: • Left-turn, same roadway (LTSR) • Left-turn, different roadway (LTDR) • Right-turn, same roadway (RTSR) • Right-turn, different roadway (RTDR) • Head-on • Angle | H36: Target Crashes: No Fault Determined | I36: 0 | J36: 2 | K36: =IFERROR((J36-I36)/I36, "n/a") -> n/a
H37: Target Crashes: Failed to Yield | I37: 8 | J37: 3 | K37: =IFERROR((J37-I37)/I37, "n/a") -> -0.625
H38: Target Crashes: Ran Stop Sign | I38: 3 | J38: 2
H39: Map/Satellite Views
C43: Project Development Comparison
C44: Crashes Per Year by Project Time Period | D44: Project Development | E44: Before Period | F44: After Period
C46: Years | D46: 5.00 years | E46: =TEXT(ROUND('Evaluation Set-up'!$F$9+'Evaluation Set-up'!$G$9/12, 2), "0.00")&" years" -> 5.00 years | F46: =TEXT(ROUND('Evaluation Set-up'!$F$11+'Evaluation Set-up'!$G$11/12, 2), "0.00")&" years" -> 5.00 years
C47: Start Date | D47: 6/1/2013 | E47: ='Evaluation Set-up'!D9 -> 42461 | F47: ='Evaluation Set-up'!D11 -> 44378
C48: End Date | D48: 5/31/2018 | E48: ='Evaluation Set-up'!E9 -> 44286 | F48: ='Evaluation Set-up'!E11 -> 46203
C50: Total | D50: 3.8 | E50: =I8/('Evaluation Set-up'!$F$9+'Evaluation Set-up'!$G$9/12) -> 3 | F50: =J8/('Evaluation Set-up'!$F$11+'Evaluation Set-up'!$G$11/12) -> 1.6
C51: Fatal Injury | D51: 0 | E51: =I18/('Evaluation Set-up'!$F$9+'Evaluation Set-up'!$G$9/12) -> 0 | F51: =J18/('Evaluation Set-up'!$F$11+'Evaluation Set-up'!$G$11/12) -> 0 | O51: 6 | P51: In the final dropdown box, select “Fit Sheet on One Page”
C52: Class A Injury | D52: 0.2 | E52: =I19/('Evaluation Set-up'!$F$9+'Evaluation Set-up'!$G$9/12) -> 0.2 | F52: =J19/('Evaluation Set-up'!$F$11+'Evaluation Set-up'!$G$11/12) -> 0 | O52: 7 | P52: Hit Print!
C53: Class B Injury | D53: 1.4 | E53: =I20/('Evaluation Set-up'!$F$9+'Evaluation Set-up'!$G$9/12) -> 0.6 | F53: =J20/('Evaluation Set-up'!$F$11+'Evaluation Set-up'!$G$11/12) -> 0 | O53: NOTE: | P53: If you feel that any of the above print settings should be changed to allow for a better print out of this report, contact TSU staff first. For the vast majority of evaluations, these settings should be best.
C54: Class C Injury | D54: 1.2 | E54: =I21/('Evaluation Set-up'!$F$9+'Evaluation Set-up'!$G$9/12) -> 0.8 | F54: =J21/('Evaluation Set-up'!$F$11+'Evaluation Set-up'!$G$11/12) -> 0.4
C55: Property Damage Only | D55: 1 | E55: =I22/('Evaluation Set-up'!$F$9+'Evaluation Set-up'!$G$9/12) -> 1.4 | F55: =J22/('Evaluation Set-up'!$F$11+'Evaluation Set-up'!$G$11/12) -> 1.2
C57: Items for Discussion
C58: • Construction period set with the project completion date of May 24, 2021 near the middle to account for any temporary warning signs or other modifications implemented before or after the conversion to AWSC. No crashes occurred at the intersection during the construction period. • All Target Crashes in both periods were angle crashes. • The Class A injury Target Crash was a 12/16/2017 angle crash at 11:43 AM in which an EB vehicle on SR 1617 ran the stop sign at 55 mph and struck the saddle fuel tank of a SB tractor/semi-trailer on SR 1001; the truck ran off the road and came to rest in the front yard of a residence. • The most severe after-period Target Crash was a 10/23/2025 angle crash at 12:53 PM in which a WB vehicle on SR 1001 ran the stop sign and struck a NB vehicle towing a trailer on SR 1617, resulting in one Class C injury. • A breakdown by the at-fault direction of the Target Crashes is as follows: - Before: EB SR 1617: 6 (4 failure-to-yield, 2 ran-stop-sign); WB SR 1619: 5 (4 failure-to-yield, 1 ran-stop-sign) - After: NB SR 1001: 3 (2 failure-to-yield, 1 ran-stop-sign); WB SR 1001: 1 (ran-stop-sign); EB SR 1617: 1 (failure-to-yield); no fault could be determined: 2 • In the two after-period Target Crashes where fault could not be determined (November 2021 and October 2025), a WB and an EB vehicle on SR 1617, respectively, collided with a SB vehicle on SR 1001. • The one non-Target Crash in the after period involved a SB vehicle on SR 1001 that failed to reduce speed and struck a vehicle stopped at the all-way stop (December 2024, Class C). Rear-end frequency did not change with the conversion: one in each period, both queue crashes.
C67: Data Prepared For:
C68: The Traffic Safety Unit of the | H68: Data Prepared By:
C69: Transportation Mobility and Safety Division of the | H69: Principal Investigator:
C70: Division of Highways of the | H70: Work Group/Consultant:
C71: North Carolina Department of Transportation | H71: Date:

Sheet 1 page results - 2 Targets
Z1: Before | AD1: After
P2: Cell Shading Key | Y2: Severity | Z2: Total | AA2: Target-1 | AB2: Target -2 | AC2: All - Targets | AD2: Total | AE2: Target-1 | AF2: Target -2 | AG2: All - Targets
C3: Safety Project Evaluation | P3: User Input Required | Y3: K | Z3: =Before!Y4 -> 0 | AA3: =Before!Z4 -> 0 | AB3: =Before!AA4 -> 0 | AC3: =Before!AB4 -> 0 | AD3: =After!Y4 -> 0 | AE3: =After!Z4 -> 0 | AF3: =After!AA4 -> 0 | AG3: =After!AB4 -> 0
P4: Automatically Calculated | Y4: A | Z4: =Before!Y5 -> 1 | AA4: =Before!Z5 -> 1 | AB4: =Before!AA5 -> 0 | AC4: =Before!AB5 -> 1 | AD4: =After!Y5 -> 0 | AE4: =After!Z5 -> 0 | AF4: =After!AA5 -> 0 | AG4: =After!AB5 -> 0
Y5: B | Z5: =Before!Y6 -> 3 | AA5: =Before!Z6 -> 3 | AB5: =Before!AA6 -> 0 | AC5: =Before!AB6 -> 3 | AD5: =After!Y6 -> 0 | AE5: =After!Z6 -> 0 | AF5: =After!AA6 -> 0 | AG5: =After!AB6 -> 0
C6: Order ID: | H6: Treatment Information | I6: Before | J6: After | K6: Percent Reduction (-) Percent Increase (+) | Y6: C | Z6: =Before!Y7 -> 4 | AA6: =Before!Z7 -> 4 | AB6: =Before!AA7 -> 0 | AC6: =Before!AB7 -> 4 | AD6: =After!Y7 -> 2 | AE6: =After!Z7 -> 1 | AF6: =After!AA7 -> 0 | AG6: =After!AB7 -> 1
C7: Project ID: | O7: Comments for the user: | Y7: O | Z7: =Before!Y8 -> 7 | AA7: =Before!Z8 -> 3 | AB7: =Before!AA8 -> 0 | AC7: =Before!AB8 -> 3 | AD7: =After!Y8 -> 6 | AE7: =After!Z8 -> 6 | AF7: =After!AA8 -> 0 | AG7: =After!AB8 -> 6
C8: Signal ID: | H8: Total Crashes | I8: =Z8 -> 15 | J8: =AD8 -> 8 | K8: =IFERROR((J8-I8)/I8, "n/a") -> -0.46666667 | O8: ● | P8: Cells that are shaded TAN are not automatic and need to be filled in prior to printing | Y8: Total | Z8: =Before!Y9 -> 15 | AA8: =Before!Z9 -> 11 | AB8: =Before!AA9 -> 0 | AC8: =Before!AB9 -> 11 | AD8: =After!Y9 -> 8 | AE8: =After!Z9 -> 7 | AF8: =After!AA9 -> 0 | AG8: =After!AB9 -> 7
C9: Location: | H9: Total Severity Index | I9: =Z9 -> 9.5066667 | J9: =AD9 -> 2.85 | K9: =IFERROR((J9-I9)/I9, "n/a") -> -0.70021038 | O9: ● | P9: The before, construction, and after period dates table is automated and based off of the Date Range Calculator within the "Evaluation Set-up" tab. Make sure this tab is finalized before printing. | Y9: SI | Z9: =Before!Y10 -> 9.5066667 | AA9: =Before!Z10 -> 12.6 | AB9: =Before!AA10 -> 0 | AC9: =Before!AB10 -> 12.6 | AD9: =After!Y10 -> 2.85 | AE9: =After!Z10 -> 2.0571429 | AF9: =After!AA10 -> 0 | AG9: =After!AB10 -> 2.0571429
H11: All Target Crashes | I11: =AC8 -> 11 | J11: =AG8 -> 7 | K11: =IFERROR((J11-I11)/I11, "n/a") -> -0.36363636
H12: All Target Crash Severity Index | I12: =AC9 -> 12.6 | J12: =AG9 -> 2.0571429 | K12: =IFERROR((J12-I12)/I12, "n/a") -> -0.83673469 | O12: ● | P12: If a calculated percent increase is significantly above 100% and you feel this change would be best represented by reporting "100% +" then you should manually change these values.
C13: GPS Coordinates:
C14: County: | H14: Target-1 Crashes | I14: =AA8 -> 11 | J14: =AE8 -> 7 | K14: =IFERROR((J14-I14)/I14, "n/a") -> -0.36363636
C15: City: | H15: Target-1 Crash Severity Index | I15: =AA9 -> 12.6 | J15: =AE9 -> 2.0571429 | K15: =IFERROR((J15-I15)/I15, "n/a") -> -0.83673469 | O15: ● | P15: There are 4 rows under the Additional information table that the user should feel free to use (or not use) as they see fit. If rows are left unused, leave "n/a" in the left most column
C16: Division:
H17: Target-2 Crashes | I17: =AB8 -> 0 | J17: =AF8 -> 0 | K17: =IFERROR((J17-I17)/I17, "n/a") -> n/a
C18: Countermeasure(s): | H18: Target-2 Crash Severity Index | I18: =AB9 -> 0 | J18: =AF9 -> 0 | K18: =IFERROR((J18-I18)/I18, "n/a") -> n/a | O18: ● | P18: Write any necessary discussion on the evaluation results in the large merged cell at the bottom of the page. If no discussion is necessary, simply write "n/a" in discussion field TIP: to drop lines within a single cell, press ALT+ENTER
H20: ="Volume ("&'Evaluation Set-up'!$N$5&", "&'Evaluation Set-up'!$N$6&")" -> Volume (2019, 2022) | I20: ='Evaluation Set-up'!$R$5 -> 5100 | J20: ='Evaluation Set-up'!$R$6 -> 4200 | K20: =IFERROR((J20-I20)/I20, "n/a") -> -0.17647059
H22: Injury Crash Summary | I22: Before | J22: After | K22: Percent Reduction (-) Percent Increase (+) | O22: Instructions for printing 1-Pager Results Tab
C23: Estimated Project Cost: | O23: 1 | P23: Highlight the cells within but not including the GREEN border
C24: Completion Date: | H24: Fatal Injury Crashes | I24: =Z3 -> 0 | J24: =AD3 -> 0 | K24: =IFERROR((J24-I24)/I24, "n/a") -> n/a | O24: 2 | P24: Select Print or hit Control + P
H25: Class A Injury Crashes | I25: =Z4 -> 1 | J25: =AD4 -> 0 | K25: =IFERROR((J25-I25)/I25, "n/a") -> -1 | O25: 3 | P25: Select the printer you wish to use (Microsoft Print to PDF is recommended with 8.5”x11” paper size)
D26: Start Date | E26: End Date | F26: Length | H26: Class B Injury Crashes | I26: =Z5 -> 3 | J26: =AD5 -> 0 | K26: =IFERROR((J26-I26)/I26, "n/a") -> -1
C27: Before Period | D27: ='Evaluation Set-up'!D9 -> 42461 | E27: ='Evaluation Set-up'!E9 -> 44286 | F27: ='Evaluation Set-up'!F9&"y, "&'Evaluation Set-up'!G9&"m" -> 5y, 0m | H27: Class C Injury Crashes | I27: =Z6 -> 4 | J27: =AD6 -> 2 | K27: =IFERROR((J27-I27)/I27, "n/a") -> -0.5 | O27: 4 | P27: In the first box under Settings select “Print Selection”. This will ensure only the cells you have highlighted are printed out, rather than the whole sheet.
C28: Construction Period | D28: ='Evaluation Set-up'!D10 -> 44287 | E28: ='Evaluation Set-up'!E10 -> 44377 | F28: ='Evaluation Set-up'!F10&"y, "&'Evaluation Set-up'!G10&"m" -> 0y, 3m | H28: Property Damage Only | I28: =Z7 -> 7 | J28: =AD7 -> 6 | K28: =IFERROR((J28-I28)/I28, "n/a") -> -0.14285714
C29: After Period | D29: ='Evaluation Set-up'!D11 -> 44378 | E29: ='Evaluation Set-up'!E11 -> 46203 | F29: ='Evaluation Set-up'!F11&"y, "&'Evaluation Set-up'!G11&"m" -> 5y, 0m | O29: 5 | P29: Select “Custom Margins” in the second to last dropdown box. Match the margin settings in the pop up box to that of the below image. The Left/Right margins should be 0.1" and the Top/Bottom margins should be 0.3". Also make sure that the “Horizontally” and “Vertically” boxes are checked under the "Center on page" section. This will ensure the print area is centered within the page layout.
H30: All Target Injury Crash Summary | I30: Before | J30: After | K30: Percent Reduction (-) Percent Increase (+)
C31: Analysis Criteria:
H32: Fatal Injury Crashes | I32: =AC3 -> 0 | J32: =AG3 -> 0 | K32: =IFERROR((J32-I32)/I32, "n/a") -> n/a
H33: Class A Injury Crashes | I33: =AC4 -> 1 | J33: =AG4 -> 0 | K33: =IFERROR((J33-I33)/I33, "n/a") -> -1
H34: Class B Injury Crashes | I34: =AC5 -> 3 | J34: =AG5 -> 0 | K34: =IFERROR((J34-I34)/I34, "n/a") -> -1 | P34: ●
H35: Class C Injury Crashes | I35: =AC6 -> 4 | J35: =AG6 -> 1 | K35: =IFERROR((J35-I35)/I35, "n/a") -> -0.75
H36: Property Damage Only | I36: =AC7 -> 3 | J36: =AG7 -> 6 | K36: =IFERROR((J36-I36)/I36, "n/a") -> 1
C37: Target-1 Crashes:
H38: Additional Information | I38: Before | J38: After | K38: Percent Reduction (-) Percent Increase (+)
H40: n/a | K40: =IFERROR((J40-I40)/I40, "n/a") -> n/a
H41: n/a | K41: =IFERROR((J41-I41)/I41, "n/a") -> n/a
H42: n/a | K42: =IFERROR((J42-I42)/I42, "n/a") -> n/a
C43: Target-2 Crashes: | H43: n/a | K43: =IFERROR((J43-I43)/I43, "n/a") -> n/a
H45: Map and Satellite Views
C49: Project Development Comparison
C50: Crashes Per Year by Project Time Period | D50: Project Development | E50: Before Period | F50: After Period
O51: 6 | P51: In the final dropdown box, select “Fit Sheet on One Page”
C52: Years | E52: =TEXT(ROUND('Evaluation Set-up'!$F$9+'Evaluation Set-up'!$G$9/12, 2), "0.00")&" years" -> 5.00 years | F52: =TEXT(ROUND('Evaluation Set-up'!$F$11+'Evaluation Set-up'!$G$11/12, 2), "0.00")&" years" -> 5.00 years | O52: 7 | P52: Hit Print!
C53: Start Date | E53: ='Evaluation Set-up'!D9 -> 42461 | F53: ='Evaluation Set-up'!D11 -> 44378 | O53: NOTE: | P53: If you feel that any of the above print settings should be changed to allow for a better print out of this report, contact TSU staff first. For the vast majority of evaluations, these settings should be best.
C54: End Date | E54: ='Evaluation Set-up'!E9 -> 44286 | F54: ='Evaluation Set-up'!E11 -> 46203
C56: Total | E56: =I8/('Evaluation Set-up'!$F$9+'Evaluation Set-up'!$G$9/12) -> 3 | F56: =J8/('Evaluation Set-up'!$F$11+'Evaluation Set-up'!$G$11/12) -> 1.6
C57: Fatal Injury | E57: =I24/('Evaluation Set-up'!$F$9+'Evaluation Set-up'!$G$9/12) -> 0 | F57: =J24/('Evaluation Set-up'!$F$11+'Evaluation Set-up'!$G$11/12) -> 0
C58: Class A Injury | E58: =I25/('Evaluation Set-up'!$F$9+'Evaluation Set-up'!$G$9/12) -> 0.2 | F58: =J25/('Evaluation Set-up'!$F$11+'Evaluation Set-up'!$G$11/12) -> 0
C59: Class B Injury | E59: =I26/('Evaluation Set-up'!$F$9+'Evaluation Set-up'!$G$9/12) -> 0.6 | F59: =J26/('Evaluation Set-up'!$F$11+'Evaluation Set-up'!$G$11/12) -> 0
C60: Class C Injury | E60: =I27/('Evaluation Set-up'!$F$9+'Evaluation Set-up'!$G$9/12) -> 0.8 | F60: =J27/('Evaluation Set-up'!$F$11+'Evaluation Set-up'!$G$11/12) -> 0.4
C61: Property Damage Only | E61: =I28/('Evaluation Set-up'!$F$9+'Evaluation Set-up'!$G$9/12) -> 1.4 | F61: =J28/('Evaluation Set-up'!$F$11+'Evaluation Set-up'!$G$11/12) -> 1.2
C63: Items for Discussion
C73: Data Prepared For:
C74: The Traffic Safety Unit of the | H74: Data Prepared By:
C75: Transportation Mobility and Safety Division of the | H75: Principal Investigator:
C76: Division of Highways of the | H76: Work Group/Consultant:
C77: North Carolina Department of Transportation | H77: Date:

Sheet For NCDOT staff - for Tracking
B1: Tables used for Multi-treatment EB analysis and CMF tracking - Please DO NOT edit or change any cells in this section
S3: B - Yr 1 | Y3: B - Yr 2 | AE3: B - Yr 3 | AK3: A - Yr 1 | AQ3: A - Yr 2 | AW3: A - Yr 3
B4: Project ID | C4: Intersection | D4: County | E4: GPS | F4: Project Cost | G4: Countermeasure Description | H4: Countermeasure Grouping | I4: Major Speed Limit | J4: Minor Speed Limit | K4: Install Year | L4: Before, Yr 1 | M4: Before, Yr 2 | N4: Before, Yr 3 | O4: After, Yr 1 | P4: After, Yr 2 | Q4: After, Yr 3 | R4: Intersection Type | S4: Total Crashes | T4: Frontal Impacts | U4: Rear Ends | V4: KABC | W4: Major AADT | X4: Minor AADT | Y4: Total Crashes | Z4: Frontal Impacts | AA4: Rear Ends | AB4: KABC | AC4: Major AADT | AD4: Minor AADT | AE4: Total Crashes | AF4: Frontal Impacts | AG4: Rear Ends | AH4: KABC | AI4: Major AADT | AJ4: Minor AADT | AK4: Total Crashes | AL4: Frontal Impacts | AM4: Rear Ends | AN4: KABC | AO4: Major AADT | AP4: Minor AADT | AQ4: Total Crashes | AR4: Frontal Impacts | AS4: Rear Ends | AT4: KABC | AU4: Major AADT | AV4: Minor AADT | AW4: Total Crashes | AX4: Frontal Impacts | AY4: Rear Ends | AZ4: KABC | BA4: Major AADT | BB4: Minor AADT
A5: * --> | B5: =IF('1 page results - 1 Target'!D7<>"",'1 page results - 1 Target'!D7,IF('1 page results - 2 Targets'!D7<>"",'1 page results - 2 Targets'!D7,"blank")) -> 10-18-223 (TIP #W-5710AM) | C5: =IF('1 page results - 1 Target'!D9<>"",'1 page results - 1 Target'!D9,IF('1 page results - 2 Targets'!D9<>"",'1 page results - 2 Targets'!D9,"blank")) -> SR 1001 (Sikes Mill Road) at SR 1617 (Tom Boyd Road) | D5: =IF('1 page results - 1 Target'!D14<>"",'1 page results - 1 Target'!D14,IF('1 page results - 2 Targets'!D14<>"",'1 page results - 2 Targets'!D14,"blank")) -> Union | E5: =IF('1 page results - 1 Target'!D13<>"",'1 page results - 1 Target'!D13,IF('1 page results - 2 Targets'!D13<>"",'1 page results - 2 Targets'!D13,"blank")) -> 35.081578, -80.500362 | F5: =IF('1 page results - 1 Target'!D23<>"",'1 page results - 1 Target'!D23,IF('1 page results - 2 Targets'!D23<>"",'1 page results - 2 Targets'!D23,"blank")) -> $30,000 | G5: =IF('1 page results - 1 Target'!D18<>"",'1 page results - 1 Target'!D18,IF('1 page results - 2 Targets'!D18<>"",'1 page results - 2 Targets'!D18,"blank")) -> Convert intersection to All-Way STOP Control (AWSC), including: • On SR 1001 approaches, - Installation of 36" STOP signs (R1-1) - Replacement of Cross Road (W2-1) Warning signs with STOP Ahead (W3-1) Warning signs with flashing beacons • On SR 1617 approaches, - Replacement of the existing 30" STOP signs with 36" STOP signs (R1-1) • On all approaches, installation of STOP AHEAD and STOP pavement markings and stop bars | K5: =IF(YEAR('Evaluation Set-up'!$D$10) = YEAR('Evaluation Set-up'!$E$10), YEAR('Evaluation Set-up'!$D$10), YEAR('Evaluation Set-up'!$D$10)&" - "&YEAR('Evaluation Set-up'!$E$10)) -> 2021 | L5: =IF(VLOOKUP(YEAR('Evaluation Set-up'!$D$10)-3,$J$13:$K$37,2,0)<>12,"",YEAR('Evaluation Set-up'!$D$10)-3) -> 2018 | M5: =IF(VLOOKUP(YEAR('Evaluation Set-up'!$D$10)-2,$J$13:$K$37,2,0)<>12,"",YEAR('Evaluation Set-up'!$D$10)-2) -> 2019 | N5: =IF(VLOOKUP(YEAR('Evaluation Set-up'!$D$10)-1,$J$13:$K$37,2,0)<>12,"",YEAR('Evaluation Set-up'!$D$10)-1) -> 2020 | O5: =IF(VLOOKUP(YEAR('Evaluation Set-up'!$E$10)+1,$Y$13:$Z$37,2,0)<>12,"",YEAR('Evaluation Set-up'!$E$10)+1) -> 2022 | P5: =IF(VLOOKUP(YEAR('Evaluation Set-up'!$E$10)+2,$Y$13:$Z$37,2,0)<>12,"",YEAR('Evaluation Set-up'!$E$10)+2) -> 2023 | Q5: =IF(VLOOKUP(YEAR('Evaluation Set-up'!$E$10)+3,$Y$13:$Z$37,2,0)<>12,"",YEAR('Evaluation Set-up'!$E$10)+3) -> 2024 | S5: =VLOOKUP($L5, $B$12:$H$37, 2, 0) -> 4 | T5: =VLOOKUP($L5, $B$12:$H$37, 3, 0) -> 2 | U5: =VLOOKUP($L5, $B$12:$H$37, 4, 0) -> 0 | V5: =VLOOKUP($L5, $B$12:$H$37, 5, 0) -> 2 | W5: =VLOOKUP($L5, $B$12:$H$37, 6, 0) -> 3700 | X5: =VLOOKUP($L5, $B$12:$H$37, 7, 0) -> 1400 | Y5: =VLOOKUP($M5, $B$12:$H$37, 2, 0) -> 1 | Z5: =VLOOKUP($M5, $B$12:$H$37, 3, 0) -> 0 | AA5: =VLOOKUP($M5, $B$12:$H$37, 4, 0) -> 0 | AB5: =VLOOKUP($M5, $B$12:$H$37, 5, 0) -> 0 | AC5: =VLOOKUP($M5, $B$12:$H$37, 6, 0) -> 3675 | AD5: =VLOOKUP($M5, $B$12:$H$37, 7, 0) -> 1400 | AE5: =VLOOKUP($N5, $B$12:$H$37, 2, 0) -> 3 | AF5: =VLOOKUP($N5, $B$12:$H$37, 3, 0) -> 2 | AG5: =VLOOKUP($N5, $B$12:$H$37, 4, 0) -> 1 | AH5: =VLOOKUP($N5, $B$12:$H$37, 5, 0) -> 1 | AI5: =VLOOKUP($N5, $B$12:$H$37, 6, 0) -> 3300 | AJ5: =VLOOKUP($N5, $B$12:$H$37, 7, 0) -> 1400 | AK5: =VLOOKUP($O5, $B$12:$H$37, 2, 0) -> 0 | AL5: =VLOOKUP($O5, $B$12:$H$37, 3, 0) -> 0 | AM5: =VLOOKUP($O5, $B$12:$H$37, 4, 0) -> 0 | AN5: =VLOOKUP($O5, $B$12:$H$37, 5, 0) -> 0 | AO5: =VLOOKUP($O5, $B$12:$H$37, 6, 0) -> 2800 | AP5: =VLOOKUP($O5, $B$12:$H$37, 7, 0) -> 1400 | AQ5: =VLOOKUP($P5, $B$12:$H$37, 2, 0) -> 0 | AR5: =VLOOKUP($P5, $B$12:$H$37, 3, 0) -> 0 | AS5: =VLOOKUP($P5, $B$12:$H$37, 4, 0) -> 0 | AT5: =VLOOKUP($P5, $B$12:$H$37, 5, 0) -> 0 | AU5: =VLOOKUP($P5, $B$12:$H$37, 6, 0) -> 2800 | AV5: =VLOOKUP($P5, $B$12:$H$37, 7, 0) -> 1400 | AW5: =VLOOKUP($Q5, $B$12:$H$37, 2, 0) -> 4 | AX5: =VLOOKUP($Q5, $B$12:$H$37, 3, 0) -> 3 | AY5: =VLOOKUP($Q5, $B$12:$H$37, 4, 0) -> 1 | AZ5: =VLOOKUP($Q5, $B$12:$H$37, 5, 0) -> 1 | BA5: =VLOOKUP($Q5, $B$12:$H$37, 6, 0) -> 2800 | BB5: =VLOOKUP($Q5, $B$12:$H$37, 7, 0) -> 1400
A7: *Note for NCDOT Staff: Should only need to copy this row into internal SS/HE project tracking workbook. Recommended that "values only" paste is used when copying and pasting into tracking workbook.
J11: Before Period Table | L11: Month | Y11: After Period Table | AA11: Month
B12: Year | C12: Total Crashes | D12: Frontal Impacts | E12: Rear Ends | F12: KABC | G12: Major AADT | H12: Minor AADT | J12: year | K12: Months in Before | L12: 1 | M12: 2 | N12: 3 | O12: 4 | P12: 5 | Q12: 6 | R12: 7 | S12: 8 | T12: 9 | U12: 10 | V12: 11 | W12: 12 | Y12: year | Z12: Months in After | AA12: 1 | AB12: 2 | AC12: 3 | AD12: 4 | AE12: 5 | AF12: 6 | AG12: 7 | AH12: 8 | AI12: 9 | AJ12: 10 | AK12: 11 | AL12: 12
B13: 2006 | C13: =COUNTIF(Before!$P:$P,B13) + COUNTIF(After!$P:$P,B13) -> 0 | D13: =COUNTIFS(Before!$C:$C,">=23",Before!$C:$C,"<=27", Before!$P:$P,B13)+COUNTIFS(Before!$C:$C,"30", Before!$P:$P,B13) + COUNTIFS(After!$C:$C,">=23",After!$C:$C,"<=27", After!$P:$P,B13)+COUNTIFS(After!$C:$C,"30", After!$P:$P,B13) -> 0 | E13: =COUNTIFS(Before!$C:$C,">=21",Before!$C:$C,"<=22", Before!$P:$P,B13) + COUNTIFS(After!$C:$C,">=21",After!$C:$C,"<=22", After!$P:$P,B13) -> 0 | F13: =COUNTIFS(Before!$P:$P,$B13, Before!$G:$G, "K") + COUNTIFS(Before!$P:$P,$B13, Before!$G:$G, "A") + COUNTIFS(Before!$P:$P,$B13, Before!$G:$G, "B") + COUNTIFS(Before!$P:$P,$B13, Before!$G:$G, "C") + COUNTIFS(After!$P:$P,$B13, After!$G:$G, "K") + COUNTIFS(After!$P:$P,$B13, After!$G:$G, "A") + COUNTIFS(After!$P:$P,$B13, After!$G:$G, "B") + COUNTIFS(After!$P:$P,$B13, After!$G:$G, "C") -> 0 | G13: =VLOOKUP($B13, 'Evaluation Set-up'!$K$11:$R$35, 4, FALSE) | H13: =VLOOKUP($B13, 'Evaluation Set-up'!$K$11:$R$35, 7, FALSE) | J13: 2006 | K13: =COUNTIFS(L13:W13, "Before") -> 0 | L13: =IF(OR(DATE($J13, L$12, 1) < 'Evaluation Set-up'!$D$9, DATE($J13, L$12, 1) >= 'Evaluation Set-up'!$E$9), "", "Before") | M13: =IF(OR(DATE($J13, M$12, 1) < 'Evaluation Set-up'!$D$9, DATE($J13, M$12, 1) >= 'Evaluation Set-up'!$E$9), "", "Before") | N13: =IF(OR(DATE($J13, N$12, 1) < 'Evaluation Set-up'!$D$9, DATE($J13, N$12, 1) >= 'Evaluation Set-up'!$E$9), "", "Before") | O13: =IF(OR(DATE($J13, O$12, 1) < 'Evaluation Set-up'!$D$9, DATE($J13, O$12, 1) >= 'Evaluation Set-up'!$E$9), "", "Before") | P13: =IF(OR(DATE($J13, P$12, 1) < 'Evaluation Set-up'!$D$9, DATE($J13, P$12, 1) >= 'Evaluation Set-up'!$E$9), "", "Before") | Q13: =IF(OR(DATE($J13, Q$12, 1) < 'Evaluation Set-up'!$D$9, DATE($J13, Q$12, 1) >= 'Evaluation Set-up'!$E$9), "", "Before") | R13: =IF(OR(DATE($J13, R$12, 1) < 'Evaluation Set-up'!$D$9, DATE($J13, R$12, 1) >= 'Evaluation Set-up'!$E$9), "", "Before") | S13: =IF(OR(DATE($J13, S$12, 1) < 'Evaluation Set-up'!$D$9, DATE($J13, S$12, 1) >= 'Evaluation Set-up'!$E$9), "", "Before") | ... W13: =IF(OR(DATE($J13, W$12, 1) < 'Evaluation Set-up'!$D$9, DATE($J13, W$12, 1) >= 'Evaluation Set-up'!$E$9), "", "Before") | Y13: 2006 | Z13: =COUNTIFS(AA13:AL13, "After") -> 0 | AA13: =IF(OR(DATE($Y13, L$12, 1) < 'Evaluation Set-up'!$D$11, DATE($Y13, L$12, 1) >= 'Evaluation Set-up'!$E$11), "", "After") | AB13: =IF(OR(DATE($Y13, M$12, 1) < 'Evaluation Set-up'!$D$11, DATE($Y13, M$12, 1) >= 'Evaluation Set-up'!$E$11), "", "After") | AC13: =IF(OR(DATE($Y13, N$12, 1) < 'Evaluation Set-up'!$D$11, DATE($Y13, N$12, 1) >= 'Evaluation Set-up'!$E$11), "", "After") | AD13: =IF(OR(DATE($Y13, O$12, 1) < 'Evaluation Set-up'!$D$11, DATE($Y13, O$12, 1) >= 'Evaluation Set-up'!$E$11), "", "After") | AE13: =IF(OR(DATE($Y13, P$12, 1) < 'Evaluation Set-up'!$D$11, DATE($Y13, P$12, 1) >= 'Evaluation Set-up'!$E$11), "", "After") | AF13: =IF(OR(DATE($Y13, Q$12, 1) < 'Evaluation Set-up'!$D$11, DATE($Y13, Q$12, 1) >= 'Evaluation Set-up'!$E$11), "", "After") | AG13: =IF(OR(DATE($Y13, R$12, 1) < 'Evaluation Set-up'!$D$11, DATE($Y13, R$12, 1) >= 'Evaluation Set-up'!$E$11), "", "After") | AH13: =IF(OR(DATE($Y13, S$12, 1) < 'Evaluation Set-up'!$D$11, DATE($Y13, S$12, 1) >= 'Evaluation Set-up'!$E$11), "", "After") | ... AL13: =IF(OR(DATE($Y13, W$12, 1) < 'Evaluation Set-up'!$D$11, DATE($Y13, W$12, 1) >= 'Evaluation Set-up'!$E$11), "", "After")
B14: 2007 | C14: =COUNTIF(Before!$P:$P,B14) + COUNTIF(After!$P:$P,B14) -> 0 | D14: =COUNTIFS(Before!$C:$C,">=23",Before!$C:$C,"<=27", Before!$P:$P,B14)+COUNTIFS(Before!$C:$C,"30", Before!$P:$P,B14) + COUNTIFS(After!$C:$C,">=23",After!$C:$C,"<=27", After!$P:$P,B14)+COUNTIFS(After!$C:$C,"30", After!$P:$P,B14) -> 0 | E14: =COUNTIFS(Before!$C:$C,">=21",Before!$C:$C,"<=22", Before!$P:$P,B14) + COUNTIFS(After!$C:$C,">=21",After!$C:$C,"<=22", After!$P:$P,B14) -> 0 | F14: =COUNTIFS(Before!$P:$P,$B14, Before!$G:$G, "K") + COUNTIFS(Before!$P:$P,$B14, Before!$G:$G, "A") + COUNTIFS(Before!$P:$P,$B14, Before!$G:$G, "B") + COUNTIFS(Before!$P:$P,$B14, Before!$G:$G, "C") + COUNTIFS(After!$P:$P,$B14, After!$G:$G, "K") + COUNTIFS(After!$P:$P,$B14, After!$G:$G, "A") + COUNTIFS(After!$P:$P,$B14, After!$G:$G, "B") + COUNTIFS(After!$P:$P,$B14, After!$G:$G, "C") -> 0 | G14: =VLOOKUP($B14, 'Evaluation Set-up'!$K$11:$R$35, 4, FALSE) | H14: =VLOOKUP($B14, 'Evaluation Set-up'!$K$11:$R$35, 7, FALSE) | J14: 2007 | K14: =COUNTIFS(L14:W14, "Before") -> 0 | L14: =IF(OR(DATE($J14, L$12, 1) < 'Evaluation Set-up'!$D$9, DATE($J14, L$12, 1) >= 'Evaluation Set-up'!$E$9), "", "Before") | M14: =IF(OR(DATE($J14, M$12, 1) < 'Evaluation Set-up'!$D$9, DATE($J14, M$12, 1) >= 'Evaluation Set-up'!$E$9), "", "Before") | N14: =IF(OR(DATE($J14, N$12, 1) < 'Evaluation Set-up'!$D$9, DATE($J14, N$12, 1) >= 'Evaluation Set-up'!$E$9), "", "Before") | O14: =IF(OR(DATE($J14, O$12, 1) < 'Evaluation Set-up'!$D$9, DATE($J14, O$12, 1) >= 'Evaluation Set-up'!$E$9), "", "Before") | P14: =IF(OR(DATE($J14, P$12, 1) < 'Evaluation Set-up'!$D$9, DATE($J14, P$12, 1) >= 'Evaluation Set-up'!$E$9), "", "Before") | Q14: =IF(OR(DATE($J14, Q$12, 1) < 'Evaluation Set-up'!$D$9, DATE($J14, Q$12, 1) >= 'Evaluation Set-up'!$E$9), "", "Before") | R14: =IF(OR(DATE($J14, R$12, 1) < 'Evaluation Set-up'!$D$9, DATE($J14, R$12, 1) >= 'Evaluation Set-up'!$E$9), "", "Before") | S14: =IF(OR(DATE($J14, S$12, 1) < 'Evaluation Set-up'!$D$9, DATE($J14, S$12, 1) >= 'Evaluation Set-up'!$E$9), "", "Before") | ... W14: =IF(OR(DATE($J14, W$12, 1) < 'Evaluation Set-up'!$D$9, DATE($J14, W$12, 1) >= 'Evaluation Set-up'!$E$9), "", "Before") | Y14: 2007 | Z14: =COUNTIFS(AA14:AL14, "After") -> 0 | AA14: =IF(OR(DATE($Y14, L$12, 1) < 'Evaluation Set-up'!$D$11, DATE($Y14, L$12, 1) >= 'Evaluation Set-up'!$E$11), "", "After") | AB14: =IF(OR(DATE($Y14, M$12, 1) < 'Evaluation Set-up'!$D$11, DATE($Y14, M$12, 1) >= 'Evaluation Set-up'!$E$11), "", "After") | AC14: =IF(OR(DATE($Y14, N$12, 1) < 'Evaluation Set-up'!$D$11, DATE($Y14, N$12, 1) >= 'Evaluation Set-up'!$E$11), "", "After") | AD14: =IF(OR(DATE($Y14, O$12, 1) < 'Evaluation Set-up'!$D$11, DATE($Y14, O$12, 1) >= 'Evaluation Set-up'!$E$11), "", "After") | AE14: =IF(OR(DATE($Y14, P$12, 1) < 'Evaluation Set-up'!$D$11, DATE($Y14, P$12, 1) >= 'Evaluation Set-up'!$E$11), "", "After") | AF14: =IF(OR(DATE($Y14, Q$12, 1) < 'Evaluation Set-up'!$D$11, DATE($Y14, Q$12, 1) >= 'Evaluation Set-up'!$E$11), "", "After") | AG14: =IF(OR(DATE($Y14, R$12, 1) < 'Evaluation Set-up'!$D$11, DATE($Y14, R$12, 1) >= 'Evaluation Set-up'!$E$11), "", "After") | AH14: =IF(OR(DATE($Y14, S$12, 1) < 'Evaluation Set-up'!$D$11, DATE($Y14, S$12, 1) >= 'Evaluation Set-up'!$E$11), "", "After") | ... AL14: =IF(OR(DATE($Y14, W$12, 1) < 'Evaluation Set-up'!$D$11, DATE($Y14, W$12, 1) >= 'Evaluation Set-up'!$E$11), "", "After")
B15: 2008 | C15: =COUNTIF(Before!$P:$P,B15) + COUNTIF(After!$P:$P,B15) -> 0 | D15: =COUNTIFS(Before!$C:$C,">=23",Before!$C:$C,"<=27", Before!$P:$P,B15)+COUNTIFS(Before!$C:$C,"30", Before!$P:$P,B15) + COUNTIFS(After!$C:$C,">=23",After!$C:$C,"<=27", After!$P:$P,B15)+COUNTIFS(After!$C:$C,"30", After!$P:$P,B15) -> 0 | E15: =COUNTIFS(Before!$C:$C,">=21",Before!$C:$C,"<=22", Before!$P:$P,B15) + COUNTIFS(After!$C:$C,">=21",After!$C:$C,"<=22", After!$P:$P,B15) -> 0 | F15: =COUNTIFS(Before!$P:$P,$B15, Before!$G:$G, "K") + COUNTIFS(Before!$P:$P,$B15, Before!$G:$G, "A") + COUNTIFS(Before!$P:$P,$B15, Before!$G:$G, "B") + COUNTIFS(Before!$P:$P,$B15, Before!$G:$G, "C") + COUNTIFS(After!$P:$P,$B15, After!$G:$G, "K") + COUNTIFS(After!$P:$P,$B15, After!$G:$G, "A") + COUNTIFS(After!$P:$P,$B15, After!$G:$G, "B") + COUNTIFS(After!$P:$P,$B15, After!$G:$G, "C") -> 0 | G15: =VLOOKUP($B15, 'Evaluation Set-up'!$K$11:$R$35, 4, FALSE) | H15: =VLOOKUP($B15, 'Evaluation Set-up'!$K$11:$R$35, 7, FALSE) | J15: 2008 | K15: =COUNTIFS(L15:W15, "Before") -> 0 | L15: =IF(OR(DATE($J15, L$12, 1) < 'Evaluation Set-up'!$D$9, DATE($J15, L$12, 1) >= 'Evaluation Set-up'!$E$9), "", "Before") | M15: =IF(OR(DATE($J15, M$12, 1) < 'Evaluation Set-up'!$D$9, DATE($J15, M$12, 1) >= 'Evaluation Set-up'!$E$9), "", "Before") | N15: =IF(OR(DATE($J15, N$12, 1) < 'Evaluation Set-up'!$D$9, DATE($J15, N$12, 1) >= 'Evaluation Set-up'!$E$9), "", "Before") | O15: =IF(OR(DATE($J15, O$12, 1) < 'Evaluation Set-up'!$D$9, DATE($J15, O$12, 1) >= 'Evaluation Set-up'!$E$9), "", "Before") | P15: =IF(OR(DATE($J15, P$12, 1) < 'Evaluation Set-up'!$D$9, DATE($J15, P$12, 1) >= 'Evaluation Set-up'!$E$9), "", "Before") | Q15: =IF(OR(DATE($J15, Q$12, 1) < 'Evaluation Set-up'!$D$9, DATE($J15, Q$12, 1) >= 'Evaluation Set-up'!$E$9), "", "Before") | R15: =IF(OR(DATE($J15, R$12, 1) < 'Evaluation Set-up'!$D$9, DATE($J15, R$12, 1) >= 'Evaluation Set-up'!$E$9), "", "Before") | S15: =IF(OR(DATE($J15, S$12, 1) < 'Evaluation Set-up'!$D$9, DATE($J15, S$12, 1) >= 'Evaluation Set-up'!$E$9), "", "Before") | ... W15: =IF(OR(DATE($J15, W$12, 1) < 'Evaluation Set-up'!$D$9, DATE($J15, W$12, 1) >= 'Evaluation Set-up'!$E$9), "", "Before") | Y15: 2008 | Z15: =COUNTIFS(AA15:AL15, "After") -> 0 | AA15: =IF(OR(DATE($Y15, L$12, 1) < 'Evaluation Set-up'!$D$11, DATE($Y15, L$12, 1) >= 'Evaluation Set-up'!$E$11), "", "After") | AB15: =IF(OR(DATE($Y15, M$12, 1) < 'Evaluation Set-up'!$D$11, DATE($Y15, M$12, 1) >= 'Evaluation Set-up'!$E$11), "", "After") | AC15: =IF(OR(DATE($Y15, N$12, 1) < 'Evaluation Set-up'!$D$11, DATE($Y15, N$12, 1) >= 'Evaluation Set-up'!$E$11), "", "After") | AD15: =IF(OR(DATE($Y15, O$12, 1) < 'Evaluation Set-up'!$D$11, DATE($Y15, O$12, 1) >= 'Evaluation Set-up'!$E$11), "", "After") | AE15: =IF(OR(DATE($Y15, P$12, 1) < 'Evaluation Set-up'!$D$11, DATE($Y15, P$12, 1) >= 'Evaluation Set-up'!$E$11), "", "After") | AF15: =IF(OR(DATE($Y15, Q$12, 1) < 'Evaluation Set-up'!$D$11, DATE($Y15, Q$12, 1) >= 'Evaluation Set-up'!$E$11), "", "After") | AG15: =IF(OR(DATE($Y15, R$12, 1) < 'Evaluation Set-up'!$D$11, DATE($Y15, R$12, 1) >= 'Evaluation Set-up'!$E$11), "", "After") | AH15: =IF(OR(DATE($Y15, S$12, 1) < 'Evaluation Set-up'!$D$11, DATE($Y15, S$12, 1) >= 'Evaluation Set-up'!$E$11), "", "After") | ... AL15: =IF(OR(DATE($Y15, W$12, 1) < 'Evaluation Set-up'!$D$11, DATE($Y15, W$12, 1) >= 'Evaluation Set-up'!$E$11), "", "After")
B16: 2009 | C16: =COUNTIF(Before!$P:$P,B16) + COUNTIF(After!$P:$P,B16) -> 0 | D16: =COUNTIFS(Before!$C:$C,">=23",Before!$C:$C,"<=27", Before!$P:$P,B16)+COUNTIFS(Before!$C:$C,"30", Before!$P:$P,B16) + COUNTIFS(After!$C:$C,">=23",After!$C:$C,"<=27", After!$P:$P,B16)+COUNTIFS(After!$C:$C,"30", After!$P:$P,B16) -> 0 | E16: =COUNTIFS(Before!$C:$C,">=21",Before!$C:$C,"<=22", Before!$P:$P,B16) + COUNTIFS(After!$C:$C,">=21",After!$C:$C,"<=22", After!$P:$P,B16) -> 0 | F16: =COUNTIFS(Before!$P:$P,$B16, Before!$G:$G, "K") + COUNTIFS(Before!$P:$P,$B16, Before!$G:$G, "A") + COUNTIFS(Before!$P:$P,$B16, Before!$G:$G, "B") + COUNTIFS(Before!$P:$P,$B16, Before!$G:$G, "C") + COUNTIFS(After!$P:$P,$B16, After!$G:$G, "K") + COUNTIFS(After!$P:$P,$B16, After!$G:$G, "A") + COUNTIFS(After!$P:$P,$B16, After!$G:$G, "B") + COUNTIFS(After!$P:$P,$B16, After!$G:$G, "C") -> 0 | G16: =VLOOKUP($B16, 'Evaluation Set-up'!$K$11:$R$35, 4, FALSE) | H16: =VLOOKUP($B16, 'Evaluation Set-up'!$K$11:$R$35, 7, FALSE) | J16: 2009 | K16: =COUNTIFS(L16:W16, "Before") -> 0 | L16: =IF(OR(DATE($J16, L$12, 1) < 'Evaluation Set-up'!$D$9, DATE($J16, L$12, 1) >= 'Evaluation Set-up'!$E$9), "", "Before") | M16: =IF(OR(DATE($J16, M$12, 1) < 'Evaluation Set-up'!$D$9, DATE($J16, M$12, 1) >= 'Evaluation Set-up'!$E$9), "", "Before") | N16: =IF(OR(DATE($J16, N$12, 1) < 'Evaluation Set-up'!$D$9, DATE($J16, N$12, 1) >= 'Evaluation Set-up'!$E$9), "", "Before") | O16: =IF(OR(DATE($J16, O$12, 1) < 'Evaluation Set-up'!$D$9, DATE($J16, O$12, 1) >= 'Evaluation Set-up'!$E$9), "", "Before") | P16: =IF(OR(DATE($J16, P$12, 1) < 'Evaluation Set-up'!$D$9, DATE($J16, P$12, 1) >= 'Evaluation Set-up'!$E$9), "", "Before") | Q16: =IF(OR(DATE($J16, Q$12, 1) < 'Evaluation Set-up'!$D$9, DATE($J16, Q$12, 1) >= 'Evaluation Set-up'!$E$9), "", "Before") | R16: =IF(OR(DATE($J16, R$12, 1) < 'Evaluation Set-up'!$D$9, DATE($J16, R$12, 1) >= 'Evaluation Set-up'!$E$9), "", "Before") | S16: =IF(OR(DATE($J16, S$12, 1) < 'Evaluation Set-up'!$D$9, DATE($J16, S$12, 1) >= 'Evaluation Set-up'!$E$9), "", "Before") | ... W16: =IF(OR(DATE($J16, W$12, 1) < 'Evaluation Set-up'!$D$9, DATE($J16, W$12, 1) >= 'Evaluation Set-up'!$E$9), "", "Before") | Y16: 2009 | Z16: =COUNTIFS(AA16:AL16, "After") -> 0 | AA16: =IF(OR(DATE($Y16, L$12, 1) < 'Evaluation Set-up'!$D$11, DATE($Y16, L$12, 1) >= 'Evaluation Set-up'!$E$11), "", "After") | AB16: =IF(OR(DATE($Y16, M$12, 1) < 'Evaluation Set-up'!$D$11, DATE($Y16, M$12, 1) >= 'Evaluation Set-up'!$E$11), "", "After") | AC16: =IF(OR(DATE($Y16, N$12, 1) < 'Evaluation Set-up'!$D$11, DATE($Y16, N$12, 1) >= 'Evaluation Set-up'!$E$11), "", "After") | AD16: =IF(OR(DATE($Y16, O$12, 1) < 'Evaluation Set-up'!$D$11, DATE($Y16, O$12, 1) >= 'Evaluation Set-up'!$E$11), "", "After") | AE16: =IF(OR(DATE($Y16, P$12, 1) < 'Evaluation Set-up'!$D$11, DATE($Y16, P$12, 1) >= 'Evaluation Set-up'!$E$11), "", "After") | AF16: =IF(OR(DATE($Y16, Q$12, 1) < 'Evaluation Set-up'!$D$11, DATE($Y16, Q$12, 1) >= 'Evaluation Set-up'!$E$11), "", "After") | AG16: =IF(OR(DATE($Y16, R$12, 1) < 'Evaluation Set-up'!$D$11, DATE($Y16, R$12, 1) >= 'Evaluation Set-up'!$E$11), "", "After") | AH16: =IF(OR(DATE($Y16, S$12, 1) < 'Evaluation Set-up'!$D$11, DATE($Y16, S$12, 1) >= 'Evaluation Set-up'!$E$11), "", "After") | ... AL16: =IF(OR(DATE($Y16, W$12, 1) < 'Evaluation Set-up'!$D$11, DATE($Y16, W$12, 1) >= 'Evaluation Set-up'!$E$11), "", "After")
B17: 2010 | C17: =COUNTIF(Before!$P:$P,B17) + COUNTIF(After!$P:$P,B17) -> 0 | D17: =COUNTIFS(Before!$C:$C,">=23",Before!$C:$C,"<=27", Before!$P:$P,B17)+COUNTIFS(Before!$C:$C,"30", Before!$P:$P,B17) + COUNTIFS(After!$C:$C,">=23",After!$C:$C,"<=27", After!$P:$P,B17)+COUNTIFS(After!$C:$C,"30", After!$P:$P,B17) -> 0 | E17: =COUNTIFS(Before!$C:$C,">=21",Before!$C:$C,"<=22", Before!$P:$P,B17) + COUNTIFS(After!$C:$C,">=21",After!$C:$C,"<=22", After!$P:$P,B17) -> 0 | F17: =COUNTIFS(Before!$P:$P,$B17, Before!$G:$G, "K") + COUNTIFS(Before!$P:$P,$B17, Before!$G:$G, "A") + COUNTIFS(Before!$P:$P,$B17, Before!$G:$G, "B") + COUNTIFS(Before!$P:$P,$B17, Before!$G:$G, "C") + COUNTIFS(After!$P:$P,$B17, After!$G:$G, "K") + COUNTIFS(After!$P:$P,$B17, After!$G:$G, "A") + COUNTIFS(After!$P:$P,$B17, After!$G:$G, "B") + COUNTIFS(After!$P:$P,$B17, After!$G:$G, "C") -> 0 | G17: =VLOOKUP($B17, 'Evaluation Set-up'!$K$11:$R$35, 4, FALSE) | H17: =VLOOKUP($B17, 'Evaluation Set-up'!$K$11:$R$35, 7, FALSE) | J17: 2010 | K17: =COUNTIFS(L17:W17, "Before") -> 0 | L17: =IF(OR(DATE($J17, L$12, 1) < 'Evaluation Set-up'!$D$9, DATE($J17, L$12, 1) >= 'Evaluation Set-up'!$E$9), "", "Before") | M17: =IF(OR(DATE($J17, M$12, 1) < 'Evaluation Set-up'!$D$9, DATE($J17, M$12, 1) >= 'Evaluation Set-up'!$E$9), "", "Before") | N17: =IF(OR(DATE($J17, N$12, 1) < 'Evaluation Set-up'!$D$9, DATE($J17, N$12, 1) >= 'Evaluation Set-up'!$E$9), "", "Before") | O17: =IF(OR(DATE($J17, O$12, 1) < 'Evaluation Set-up'!$D$9, DATE($J17, O$12, 1) >= 'Evaluation Set-up'!$E$9), "", "Before") | P17: =IF(OR(DATE($J17, P$12, 1) < 'Evaluation Set-up'!$D$9, DATE($J17, P$12, 1) >= 'Evaluation Set-up'!$E$9), "", "Before") | Q17: =IF(OR(DATE($J17, Q$12, 1) < 'Evaluation Set-up'!$D$9, DATE($J17, Q$12, 1) >= 'Evaluation Set-up'!$E$9), "", "Before") | R17: =IF(OR(DATE($J17, R$12, 1) < 'Evaluation Set-up'!$D$9, DATE($J17, R$12, 1) >= 'Evaluation Set-up'!$E$9), "", "Before") | S17: =IF(OR(DATE($J17, S$12, 1) < 'Evaluation Set-up'!$D$9, DATE($J17, S$12, 1) >= 'Evaluation Set-up'!$E$9), "", "Before") | ... W17: =IF(OR(DATE($J17, W$12, 1) < 'Evaluation Set-up'!$D$9, DATE($J17, W$12, 1) >= 'Evaluation Set-up'!$E$9), "", "Before") | Y17: 2010 | Z17: =COUNTIFS(AA17:AL17, "After") -> 0 | AA17: =IF(OR(DATE($Y17, L$12, 1) < 'Evaluation Set-up'!$D$11, DATE($Y17, L$12, 1) >= 'Evaluation Set-up'!$E$11), "", "After") | AB17: =IF(OR(DATE($Y17, M$12, 1) < 'Evaluation Set-up'!$D$11, DATE($Y17, M$12, 1) >= 'Evaluation Set-up'!$E$11), "", "After") | AC17: =IF(OR(DATE($Y17, N$12, 1) < 'Evaluation Set-up'!$D$11, DATE($Y17, N$12, 1) >= 'Evaluation Set-up'!$E$11), "", "After") | AD17: =IF(OR(DATE($Y17, O$12, 1) < 'Evaluation Set-up'!$D$11, DATE($Y17, O$12, 1) >= 'Evaluation Set-up'!$E$11), "", "After") | AE17: =IF(OR(DATE($Y17, P$12, 1) < 'Evaluation Set-up'!$D$11, DATE($Y17, P$12, 1) >= 'Evaluation Set-up'!$E$11), "", "After") | AF17: =IF(OR(DATE($Y17, Q$12, 1) < 'Evaluation Set-up'!$D$11, DATE($Y17, Q$12, 1) >= 'Evaluation Set-up'!$E$11), "", "After") | AG17: =IF(OR(DATE($Y17, R$12, 1) < 'Evaluation Set-up'!$D$11, DATE($Y17, R$12, 1) >= 'Evaluation Set-up'!$E$11), "", "After") | AH17: =IF(OR(DATE($Y17, S$12, 1) < 'Evaluation Set-up'!$D$11, DATE($Y17, S$12, 1) >= 'Evaluation Set-up'!$E$11), "", "After") | ... AL17: =IF(OR(DATE($Y17, W$12, 1) < 'Evaluation Set-up'!$D$11, DATE($Y17, W$12, 1) >= 'Evaluation Set-up'!$E$11), "", "After")
B18: 2011 | C18: =COUNTIF(Before!$P:$P,B18) + COUNTIF(After!$P:$P,B18) -> 0 | D18: =COUNTIFS(Before!$C:$C,">=23",Before!$C:$C,"<=27", Before!$P:$P,B18)+COUNTIFS(Before!$C:$C,"30", Before!$P:$P,B18) + COUNTIFS(After!$C:$C,">=23",After!$C:$C,"<=27", After!$P:$P,B18)+COUNTIFS(After!$C:$C,"30", After!$P:$P,B18) -> 0 | E18: =COUNTIFS(Before!$C:$C,">=21",Before!$C:$C,"<=22", Before!$P:$P,B18) + COUNTIFS(After!$C:$C,">=21",After!$C:$C,"<=22", After!$P:$P,B18) -> 0 | F18: =COUNTIFS(Before!$P:$P,$B18, Before!$G:$G, "K") + COUNTIFS(Before!$P:$P,$B18, Before!$G:$G, "A") + COUNTIFS(Before!$P:$P,$B18, Before!$G:$G, "B") + COUNTIFS(Before!$P:$P,$B18, Before!$G:$G, "C") + COUNTIFS(After!$P:$P,$B18, After!$G:$G, "K") + COUNTIFS(After!$P:$P,$B18, After!$G:$G, "A") + COUNTIFS(After!$P:$P,$B18, After!$G:$G, "B") + COUNTIFS(After!$P:$P,$B18, After!$G:$G, "C") -> 0 | G18: =VLOOKUP($B18, 'Evaluation Set-up'!$K$11:$R$35, 4, FALSE) | H18: =VLOOKUP($B18, 'Evaluation Set-up'!$K$11:$R$35, 7, FALSE) | J18: 2011 | K18: =COUNTIFS(L18:W18, "Before") -> 0 | L18: =IF(OR(DATE($J18, L$12, 1) < 'Evaluation Set-up'!$D$9, DATE($J18, L$12, 1) >= 'Evaluation Set-up'!$E$9), "", "Before") | M18: =IF(OR(DATE($J18, M$12, 1) < 'Evaluation Set-up'!$D$9, DATE($J18, M$12, 1) >= 'Evaluation Set-up'!$E$9), "", "Before") | N18: =IF(OR(DATE($J18, N$12, 1) < 'Evaluation Set-up'!$D$9, DATE($J18, N$12, 1) >= 'Evaluation Set-up'!$E$9), "", "Before") | O18: =IF(OR(DATE($J18, O$12, 1) < 'Evaluation Set-up'!$D$9, DATE($J18, O$12, 1) >= 'Evaluation Set-up'!$E$9), "", "Before") | P18: =IF(OR(DATE($J18, P$12, 1) < 'Evaluation Set-up'!$D$9, DATE($J18, P$12, 1) >= 'Evaluation Set-up'!$E$9), "", "Before") | Q18: =IF(OR(DATE($J18, Q$12, 1) < 'Evaluation Set-up'!$D$9, DATE($J18, Q$12, 1) >= 'Evaluation Set-up'!$E$9), "", "Before") | R18: =IF(OR(DATE($J18, R$12, 1) < 'Evaluation Set-up'!$D$9, DATE($J18, R$12, 1) >= 'Evaluation Set-up'!$E$9), "", "Before") | S18: =IF(OR(DATE($J18, S$12, 1) < 'Evaluation Set-up'!$D$9, DATE($J18, S$12, 1) >= 'Evaluation Set-up'!$E$9), "", "Before") | ... W18: =IF(OR(DATE($J18, W$12, 1) < 'Evaluation Set-up'!$D$9, DATE($J18, W$12, 1) >= 'Evaluation Set-up'!$E$9), "", "Before") | Y18: 2011 | Z18: =COUNTIFS(AA18:AL18, "After") -> 0 | AA18: =IF(OR(DATE($Y18, L$12, 1) < 'Evaluation Set-up'!$D$11, DATE($Y18, L$12, 1) >= 'Evaluation Set-up'!$E$11), "", "After") | AB18: =IF(OR(DATE($Y18, M$12, 1) < 'Evaluation Set-up'!$D$11, DATE($Y18, M$12, 1) >= 'Evaluation Set-up'!$E$11), "", "After") | AC18: =IF(OR(DATE($Y18, N$12, 1) < 'Evaluation Set-up'!$D$11, DATE($Y18, N$12, 1) >= 'Evaluation Set-up'!$E$11), "", "After") | AD18: =IF(OR(DATE($Y18, O$12, 1) < 'Evaluation Set-up'!$D$11, DATE($Y18, O$12, 1) >= 'Evaluation Set-up'!$E$11), "", "After") | AE18: =IF(OR(DATE($Y18, P$12, 1) < 'Evaluation Set-up'!$D$11, DATE($Y18, P$12, 1) >= 'Evaluation Set-up'!$E$11), "", "After") | AF18: =IF(OR(DATE($Y18, Q$12, 1) < 'Evaluation Set-up'!$D$11, DATE($Y18, Q$12, 1) >= 'Evaluation Set-up'!$E$11), "", "After") | AG18: =IF(OR(DATE($Y18, R$12, 1) < 'Evaluation Set-up'!$D$11, DATE($Y18, R$12, 1) >= 'Evaluation Set-up'!$E$11), "", "After") | AH18: =IF(OR(DATE($Y18, S$12, 1) < 'Evaluation Set-up'!$D$11, DATE($Y18, S$12, 1) >= 'Evaluation Set-up'!$E$11), "", "After") | ... AL18: =IF(OR(DATE($Y18, W$12, 1) < 'Evaluation Set-up'!$D$11, DATE($Y18, W$12, 1) >= 'Evaluation Set-up'!$E$11), "", "After")
B19: 2012 | C19: =COUNTIF(Before!$P:$P,B19) + COUNTIF(After!$P:$P,B19) -> 0 | D19: =COUNTIFS(Before!$C:$C,">=23",Before!$C:$C,"<=27", Before!$P:$P,B19)+COUNTIFS(Before!$C:$C,"30", Before!$P:$P,B19) + COUNTIFS(After!$C:$C,">=23",After!$C:$C,"<=27", After!$P:$P,B19)+COUNTIFS(After!$C:$C,"30", After!$P:$P,B19) -> 0 | E19: =COUNTIFS(Before!$C:$C,">=21",Before!$C:$C,"<=22", Before!$P:$P,B19) + COUNTIFS(After!$C:$C,">=21",After!$C:$C,"<=22", After!$P:$P,B19) -> 0 | F19: =COUNTIFS(Before!$P:$P,$B19, Before!$G:$G, "K") + COUNTIFS(Before!$P:$P,$B19, Before!$G:$G, "A") + COUNTIFS(Before!$P:$P,$B19, Before!$G:$G, "B") + COUNTIFS(Before!$P:$P,$B19, Before!$G:$G, "C") + COUNTIFS(After!$P:$P,$B19, After!$G:$G, "K") + COUNTIFS(After!$P:$P,$B19, After!$G:$G, "A") + COUNTIFS(After!$P:$P,$B19, After!$G:$G, "B") + COUNTIFS(After!$P:$P,$B19, After!$G:$G, "C") -> 0 | G19: =VLOOKUP($B19, 'Evaluation Set-up'!$K$11:$R$35, 4, FALSE) | H19: =VLOOKUP($B19, 'Evaluation Set-up'!$K$11:$R$35, 7, FALSE) | J19: 2012 | K19: =COUNTIFS(L19:W19, "Before") -> 0 | L19: =IF(OR(DATE($J19, L$12, 1) < 'Evaluation Set-up'!$D$9, DATE($J19, L$12, 1) >= 'Evaluation Set-up'!$E$9), "", "Before") | M19: =IF(OR(DATE($J19, M$12, 1) < 'Evaluation Set-up'!$D$9, DATE($J19, M$12, 1) >= 'Evaluation Set-up'!$E$9), "", "Before") | N19: =IF(OR(DATE($J19, N$12, 1) < 'Evaluation Set-up'!$D$9, DATE($J19, N$12, 1) >= 'Evaluation Set-up'!$E$9), "", "Before") | O19: =IF(OR(DATE($J19, O$12, 1) < 'Evaluation Set-up'!$D$9, DATE($J19, O$12, 1) >= 'Evaluation Set-up'!$E$9), "", "Before") | P19: =IF(OR(DATE($J19, P$12, 1) < 'Evaluation Set-up'!$D$9, DATE($J19, P$12, 1) >= 'Evaluation Set-up'!$E$9), "", "Before") | Q19: =IF(OR(DATE($J19, Q$12, 1) < 'Evaluation Set-up'!$D$9, DATE($J19, Q$12, 1) >= 'Evaluation Set-up'!$E$9), "", "Before") | R19: =IF(OR(DATE($J19, R$12, 1) < 'Evaluation Set-up'!$D$9, DATE($J19, R$12, 1) >= 'Evaluation Set-up'!$E$9), "", "Before") | S19: =IF(OR(DATE($J19, S$12, 1) < 'Evaluation Set-up'!$D$9, DATE($J19, S$12, 1) >= 'Evaluation Set-up'!$E$9), "", "Before") | ... W19: =IF(OR(DATE($J19, W$12, 1) < 'Evaluation Set-up'!$D$9, DATE($J19, W$12, 1) >= 'Evaluation Set-up'!$E$9), "", "Before") | Y19: 2012 | Z19: =COUNTIFS(AA19:AL19, "After") -> 0 | AA19: =IF(OR(DATE($Y19, L$12, 1) < 'Evaluation Set-up'!$D$11, DATE($Y19, L$12, 1) >= 'Evaluation Set-up'!$E$11), "", "After") | AB19: =IF(OR(DATE($Y19, M$12, 1) < 'Evaluation Set-up'!$D$11, DATE($Y19, M$12, 1) >= 'Evaluation Set-up'!$E$11), "", "After") | AC19: =IF(OR(DATE($Y19, N$12, 1) < 'Evaluation Set-up'!$D$11, DATE($Y19, N$12, 1) >= 'Evaluation Set-up'!$E$11), "", "After") | AD19: =IF(OR(DATE($Y19, O$12, 1) < 'Evaluation Set-up'!$D$11, DATE($Y19, O$12, 1) >= 'Evaluation Set-up'!$E$11), "", "After") | AE19: =IF(OR(DATE($Y19, P$12, 1) < 'Evaluation Set-up'!$D$11, DATE($Y19, P$12, 1) >= 'Evaluation Set-up'!$E$11), "", "After") | AF19: =IF(OR(DATE($Y19, Q$12, 1) < 'Evaluation Set-up'!$D$11, DATE($Y19, Q$12, 1) >= 'Evaluation Set-up'!$E$11), "", "After") | AG19: =IF(OR(DATE($Y19, R$12, 1) < 'Evaluation Set-up'!$D$11, DATE($Y19, R$12, 1) >= 'Evaluation Set-up'!$E$11), "", "After") | AH19: =IF(OR(DATE($Y19, S$12, 1) < 'Evaluation Set-up'!$D$11, DATE($Y19, S$12, 1) >= 'Evaluation Set-up'!$E$11), "", "After") | ... AL19: =IF(OR(DATE($Y19, W$12, 1) < 'Evaluation Set-up'!$D$11, DATE($Y19, W$12, 1) >= 'Evaluation Set-up'!$E$11), "", "After")
B20: 2013 | C20: =COUNTIF(Before!$P:$P,B20) + COUNTIF(After!$P:$P,B20) -> 0 | D20: =COUNTIFS(Before!$C:$C,">=23",Before!$C:$C,"<=27", Before!$P:$P,B20)+COUNTIFS(Before!$C:$C,"30", Before!$P:$P,B20) + COUNTIFS(After!$C:$C,">=23",After!$C:$C,"<=27", After!$P:$P,B20)+COUNTIFS(After!$C:$C,"30", After!$P:$P,B20) -> 0 | E20: =COUNTIFS(Before!$C:$C,">=21",Before!$C:$C,"<=22", Before!$P:$P,B20) + COUNTIFS(After!$C:$C,">=21",After!$C:$C,"<=22", After!$P:$P,B20) -> 0 | F20: =COUNTIFS(Before!$P:$P,$B20, Before!$G:$G, "K") + COUNTIFS(Before!$P:$P,$B20, Before!$G:$G, "A") + COUNTIFS(Before!$P:$P,$B20, Before!$G:$G, "B") + COUNTIFS(Before!$P:$P,$B20, Before!$G:$G, "C") + COUNTIFS(After!$P:$P,$B20, After!$G:$G, "K") + COUNTIFS(After!$P:$P,$B20, After!$G:$G, "A") + COUNTIFS(After!$P:$P,$B20, After!$G:$G, "B") + COUNTIFS(After!$P:$P,$B20, After!$G:$G, "C") -> 0 | G20: =VLOOKUP($B20, 'Evaluation Set-up'!$K$11:$R$35, 4, FALSE) | H20: =VLOOKUP($B20, 'Evaluation Set-up'!$K$11:$R$35, 7, FALSE) | J20: 2013 | K20: =COUNTIFS(L20:W20, "Before") -> 0 | L20: =IF(OR(DATE($J20, L$12, 1) < 'Evaluation Set-up'!$D$9, DATE($J20, L$12, 1) >= 'Evaluation Set-up'!$E$9), "", "Before") | M20: =IF(OR(DATE($J20, M$12, 1) < 'Evaluation Set-up'!$D$9, DATE($J20, M$12, 1) >= 'Evaluation Set-up'!$E$9), "", "Before") | N20: =IF(OR(DATE($J20, N$12, 1) < 'Evaluation Set-up'!$D$9, DATE($J20, N$12, 1) >= 'Evaluation Set-up'!$E$9), "", "Before") | O20: =IF(OR(DATE($J20, O$12, 1) < 'Evaluation Set-up'!$D$9, DATE($J20, O$12, 1) >= 'Evaluation Set-up'!$E$9), "", "Before") | P20: =IF(OR(DATE($J20, P$12, 1) < 'Evaluation Set-up'!$D$9, DATE($J20, P$12, 1) >= 'Evaluation Set-up'!$E$9), "", "Before") | Q20: =IF(OR(DATE($J20, Q$12, 1) < 'Evaluation Set-up'!$D$9, DATE($J20, Q$12, 1) >= 'Evaluation Set-up'!$E$9), "", "Before") | R20: =IF(OR(DATE($J20, R$12, 1) < 'Evaluation Set-up'!$D$9, DATE($J20, R$12, 1) >= 'Evaluation Set-up'!$E$9), "", "Before") | S20: =IF(OR(DATE($J20, S$12, 1) < 'Evaluation Set-up'!$D$9, DATE($J20, S$12, 1) >= 'Evaluation Set-up'!$E$9), "", "Before") | ... W20: =IF(OR(DATE($J20, W$12, 1) < 'Evaluation Set-up'!$D$9, DATE($J20, W$12, 1) >= 'Evaluation Set-up'!$E$9), "", "Before") | Y20: 2013 | Z20: =COUNTIFS(AA20:AL20, "After") -> 0 | AA20: =IF(OR(DATE($Y20, L$12, 1) < 'Evaluation Set-up'!$D$11, DATE($Y20, L$12, 1) >= 'Evaluation Set-up'!$E$11), "", "After") | AB20: =IF(OR(DATE($Y20, M$12, 1) < 'Evaluation Set-up'!$D$11, DATE($Y20, M$12, 1) >= 'Evaluation Set-up'!$E$11), "", "After") | AC20: =IF(OR(DATE($Y20, N$12, 1) < 'Evaluation Set-up'!$D$11, DATE($Y20, N$12, 1) >= 'Evaluation Set-up'!$E$11), "", "After") | AD20: =IF(OR(DATE($Y20, O$12, 1) < 'Evaluation Set-up'!$D$11, DATE($Y20, O$12, 1) >= 'Evaluation Set-up'!$E$11), "", "After") | AE20: =IF(OR(DATE($Y20, P$12, 1) < 'Evaluation Set-up'!$D$11, DATE($Y20, P$12, 1) >= 'Evaluation Set-up'!$E$11), "", "After") | AF20: =IF(OR(DATE($Y20, Q$12, 1) < 'Evaluation Set-up'!$D$11, DATE($Y20, Q$12, 1) >= 'Evaluation Set-up'!$E$11), "", "After") | AG20: =IF(OR(DATE($Y20, R$12, 1) < 'Evaluation Set-up'!$D$11, DATE($Y20, R$12, 1) >= 'Evaluation Set-up'!$E$11), "", "After") | AH20: =IF(OR(DATE($Y20, S$12, 1) < 'Evaluation Set-up'!$D$11, DATE($Y20, S$12, 1) >= 'Evaluation Set-up'!$E$11), "", "After") | ... AL20: =IF(OR(DATE($Y20, W$12, 1) < 'Evaluation Set-up'!$D$11, DATE($Y20, W$12, 1) >= 'Evaluation Set-up'!$E$11), "", "After")
B21: 2014 | C21: =COUNTIF(Before!$P:$P,B21) + COUNTIF(After!$P:$P,B21) -> 0 | D21: =COUNTIFS(Before!$C:$C,">=23",Before!$C:$C,"<=27", Before!$P:$P,B21)+COUNTIFS(Before!$C:$C,"30", Before!$P:$P,B21) + COUNTIFS(After!$C:$C,">=23",After!$C:$C,"<=27", After!$P:$P,B21)+COUNTIFS(After!$C:$C,"30", After!$P:$P,B21) -> 0 | E21: =COUNTIFS(Before!$C:$C,">=21",Before!$C:$C,"<=22", Before!$P:$P,B21) + COUNTIFS(After!$C:$C,">=21",After!$C:$C,"<=22", After!$P:$P,B21) -> 0 | F21: =COUNTIFS(Before!$P:$P,$B21, Before!$G:$G, "K") + COUNTIFS(Before!$P:$P,$B21, Before!$G:$G, "A") + COUNTIFS(Before!$P:$P,$B21, Before!$G:$G, "B") + COUNTIFS(Before!$P:$P,$B21, Before!$G:$G, "C") + COUNTIFS(After!$P:$P,$B21, After!$G:$G, "K") + COUNTIFS(After!$P:$P,$B21, After!$G:$G, "A") + COUNTIFS(After!$P:$P,$B21, After!$G:$G, "B") + COUNTIFS(After!$P:$P,$B21, After!$G:$G, "C") -> 0 | G21: =VLOOKUP($B21, 'Evaluation Set-up'!$K$11:$R$35, 4, FALSE) | H21: =VLOOKUP($B21, 'Evaluation Set-up'!$K$11:$R$35, 7, FALSE) | J21: 2014 | K21: =COUNTIFS(L21:W21, "Before") -> 0 | L21: =IF(OR(DATE($J21, L$12, 1) < 'Evaluation Set-up'!$D$9, DATE($J21, L$12, 1) >= 'Evaluation Set-up'!$E$9), "", "Before") | M21: =IF(OR(DATE($J21, M$12, 1) < 'Evaluation Set-up'!$D$9, DATE($J21, M$12, 1) >= 'Evaluation Set-up'!$E$9), "", "Before") | N21: =IF(OR(DATE($J21, N$12, 1) < 'Evaluation Set-up'!$D$9, DATE($J21, N$12, 1) >= 'Evaluation Set-up'!$E$9), "", "Before") | O21: =IF(OR(DATE($J21, O$12, 1) < 'Evaluation Set-up'!$D$9, DATE($J21, O$12, 1) >= 'Evaluation Set-up'!$E$9), "", "Before") | P21: =IF(OR(DATE($J21, P$12, 1) < 'Evaluation Set-up'!$D$9, DATE($J21, P$12, 1) >= 'Evaluation Set-up'!$E$9), "", "Before") | Q21: =IF(OR(DATE($J21, Q$12, 1) < 'Evaluation Set-up'!$D$9, DATE($J21, Q$12, 1) >= 'Evaluation Set-up'!$E$9), "", "Before") | R21: =IF(OR(DATE($J21, R$12, 1) < 'Evaluation Set-up'!$D$9, DATE($J21, R$12, 1) >= 'Evaluation Set-up'!$E$9), "", "Before") | S21: =IF(OR(DATE($J21, S$12, 1) < 'Evaluation Set-up'!$D$9, DATE($J21, S$12, 1) >= 'Evaluation Set-up'!$E$9), "", "Before") | ... W21: =IF(OR(DATE($J21, W$12, 1) < 'Evaluation Set-up'!$D$9, DATE($J21, W$12, 1) >= 'Evaluation Set-up'!$E$9), "", "Before") | Y21: 2014 | Z21: =COUNTIFS(AA21:AL21, "After") -> 0 | AA21: =IF(OR(DATE($Y21, L$12, 1) < 'Evaluation Set-up'!$D$11, DATE($Y21, L$12, 1) >= 'Evaluation Set-up'!$E$11), "", "After") | AB21: =IF(OR(DATE($Y21, M$12, 1) < 'Evaluation Set-up'!$D$11, DATE($Y21, M$12, 1) >= 'Evaluation Set-up'!$E$11), "", "After") | AC21: =IF(OR(DATE($Y21, N$12, 1) < 'Evaluation Set-up'!$D$11, DATE($Y21, N$12, 1) >= 'Evaluation Set-up'!$E$11), "", "After") | AD21: =IF(OR(DATE($Y21, O$12, 1) < 'Evaluation Set-up'!$D$11, DATE($Y21, O$12, 1) >= 'Evaluation Set-up'!$E$11), "", "After") | AE21: =IF(OR(DATE($Y21, P$12, 1) < 'Evaluation Set-up'!$D$11, DATE($Y21, P$12, 1) >= 'Evaluation Set-up'!$E$11), "", "After") | AF21: =IF(OR(DATE($Y21, Q$12, 1) < 'Evaluation Set-up'!$D$11, DATE($Y21, Q$12, 1) >= 'Evaluation Set-up'!$E$11), "", "After") | AG21: =IF(OR(DATE($Y21, R$12, 1) < 'Evaluation Set-up'!$D$11, DATE($Y21, R$12, 1) >= 'Evaluation Set-up'!$E$11), "", "After") | AH21: =IF(OR(DATE($Y21, S$12, 1) < 'Evaluation Set-up'!$D$11, DATE($Y21, S$12, 1) >= 'Evaluation Set-up'!$E$11), "", "After") | ... AL21: =IF(OR(DATE($Y21, W$12, 1) < 'Evaluation Set-up'!$D$11, DATE($Y21, W$12, 1) >= 'Evaluation Set-up'!$E$11), "", "After")
B22: 2015 | C22: =COUNTIF(Before!$P:$P,B22) + COUNTIF(After!$P:$P,B22) -> 0 | D22: =COUNTIFS(Before!$C:$C,">=23",Before!$C:$C,"<=27", Before!$P:$P,B22)+COUNTIFS(Before!$C:$C,"30", Before!$P:$P,B22) + COUNTIFS(After!$C:$C,">=23",After!$C:$C,"<=27", After!$P:$P,B22)+COUNTIFS(After!$C:$C,"30", After!$P:$P,B22) -> 0 | E22: =COUNTIFS(Before!$C:$C,">=21",Before!$C:$C,"<=22", Before!$P:$P,B22) + COUNTIFS(After!$C:$C,">=21",After!$C:$C,"<=22", After!$P:$P,B22) -> 0 | F22: =COUNTIFS(Before!$P:$P,$B22, Before!$G:$G, "K") + COUNTIFS(Before!$P:$P,$B22, Before!$G:$G, "A") + COUNTIFS(Before!$P:$P,$B22, Before!$G:$G, "B") + COUNTIFS(Before!$P:$P,$B22, Before!$G:$G, "C") + COUNTIFS(After!$P:$P,$B22, After!$G:$G, "K") + COUNTIFS(After!$P:$P,$B22, After!$G:$G, "A") + COUNTIFS(After!$P:$P,$B22, After!$G:$G, "B") + COUNTIFS(After!$P:$P,$B22, After!$G:$G, "C") -> 0 | G22: =VLOOKUP($B22, 'Evaluation Set-up'!$K$11:$R$35, 4, FALSE) | H22: =VLOOKUP($B22, 'Evaluation Set-up'!$K$11:$R$35, 7, FALSE) | J22: 2015 | K22: =COUNTIFS(L22:W22, "Before") -> 0 | L22: =IF(OR(DATE($J22, L$12, 1) < 'Evaluation Set-up'!$D$9, DATE($J22, L$12, 1) >= 'Evaluation Set-up'!$E$9), "", "Before") | M22: =IF(OR(DATE($J22, M$12, 1) < 'Evaluation Set-up'!$D$9, DATE($J22, M$12, 1) >= 'Evaluation Set-up'!$E$9), "", "Before") | N22: =IF(OR(DATE($J22, N$12, 1) < 'Evaluation Set-up'!$D$9, DATE($J22, N$12, 1) >= 'Evaluation Set-up'!$E$9), "", "Before") | O22: =IF(OR(DATE($J22, O$12, 1) < 'Evaluation Set-up'!$D$9, DATE($J22, O$12, 1) >= 'Evaluation Set-up'!$E$9), "", "Before") | P22: =IF(OR(DATE($J22, P$12, 1) < 'Evaluation Set-up'!$D$9, DATE($J22, P$12, 1) >= 'Evaluation Set-up'!$E$9), "", "Before") | Q22: =IF(OR(DATE($J22, Q$12, 1) < 'Evaluation Set-up'!$D$9, DATE($J22, Q$12, 1) >= 'Evaluation Set-up'!$E$9), "", "Before") | R22: =IF(OR(DATE($J22, R$12, 1) < 'Evaluation Set-up'!$D$9, DATE($J22, R$12, 1) >= 'Evaluation Set-up'!$E$9), "", "Before") | S22: =IF(OR(DATE($J22, S$12, 1) < 'Evaluation Set-up'!$D$9, DATE($J22, S$12, 1) >= 'Evaluation Set-up'!$E$9), "", "Before") | ... W22: =IF(OR(DATE($J22, W$12, 1) < 'Evaluation Set-up'!$D$9, DATE($J22, W$12, 1) >= 'Evaluation Set-up'!$E$9), "", "Before") | Y22: 2015 | Z22: =COUNTIFS(AA22:AL22, "After") -> 0 | AA22: =IF(OR(DATE($Y22, L$12, 1) < 'Evaluation Set-up'!$D$11, DATE($Y22, L$12, 1) >= 'Evaluation Set-up'!$E$11), "", "After") | AB22: =IF(OR(DATE($Y22, M$12, 1) < 'Evaluation Set-up'!$D$11, DATE($Y22, M$12, 1) >= 'Evaluation Set-up'!$E$11), "", "After") | AC22: =IF(OR(DATE($Y22, N$12, 1) < 'Evaluation Set-up'!$D$11, DATE($Y22, N$12, 1) >= 'Evaluation Set-up'!$E$11), "", "After") | AD22: =IF(OR(DATE($Y22, O$12, 1) < 'Evaluation Set-up'!$D$11, DATE($Y22, O$12, 1) >= 'Evaluation Set-up'!$E$11), "", "After") | AE22: =IF(OR(DATE($Y22, P$12, 1) < 'Evaluation Set-up'!$D$11, DATE($Y22, P$12, 1) >= 'Evaluation Set-up'!$E$11), "", "After") | AF22: =IF(OR(DATE($Y22, Q$12, 1) < 'Evaluation Set-up'!$D$11, DATE($Y22, Q$12, 1) >= 'Evaluation Set-up'!$E$11), "", "After") | AG22: =IF(OR(DATE($Y22, R$12, 1) < 'Evaluation Set-up'!$D$11, DATE($Y22, R$12, 1) >= 'Evaluation Set-up'!$E$11), "", "After") | AH22: =IF(OR(DATE($Y22, S$12, 1) < 'Evaluation Set-up'!$D$11, DATE($Y22, S$12, 1) >= 'Evaluation Set-up'!$E$11), "", "After") | ... AL22: =IF(OR(DATE($Y22, W$12, 1) < 'Evaluation Set-up'!$D$11, DATE($Y22, W$12, 1) >= 'Evaluation Set-up'!$E$11), "", "After")
B23: 2016 | C23: =COUNTIF(Before!$P:$P,B23) + COUNTIF(After!$P:$P,B23) -> 4 | D23: =COUNTIFS(Before!$C:$C,">=23",Before!$C:$C,"<=27", Before!$P:$P,B23)+COUNTIFS(Before!$C:$C,"30", Before!$P:$P,B23) + COUNTIFS(After!$C:$C,">=23",After!$C:$C,"<=27", After!$P:$P,B23)+COUNTIFS(After!$C:$C,"30", After!$P:$P,B23) -> 4 | E23: =COUNTIFS(Before!$C:$C,">=21",Before!$C:$C,"<=22", Before!$P:$P,B23) + COUNTIFS(After!$C:$C,">=21",After!$C:$C,"<=22", After!$P:$P,B23) -> 0 | F23: =COUNTIFS(Before!$P:$P,$B23, Before!$G:$G, "K") + COUNTIFS(Before!$P:$P,$B23, Before!$G:$G, "A") + COUNTIFS(Before!$P:$P,$B23, Before!$G:$G, "B") + COUNTIFS(Before!$P:$P,$B23, Before!$G:$G, "C") + COUNTIFS(After!$P:$P,$B23, After!$G:$G, "K") + COUNTIFS(After!$P:$P,$B23, After!$G:$G, "A") + COUNTIFS(After!$P:$P,$B23, After!$G:$G, "B") + COUNTIFS(After!$P:$P,$B23, After!$G:$G, "C") -> 2 | G23: =VLOOKUP($B23, 'Evaluation Set-up'!$K$11:$R$35, 4, FALSE) -> 3150 | H23: =VLOOKUP($B23, 'Evaluation Set-up'!$K$11:$R$35, 7, FALSE) -> 1400 | J23: 2016 | K23: =COUNTIFS(L23:W23, "Before") -> 9 | L23: =IF(OR(DATE($J23, L$12, 1) < 'Evaluation Set-up'!$D$9, DATE($J23, L$12, 1) >= 'Evaluation Set-up'!$E$9), "", "Before") | M23: =IF(OR(DATE($J23, M$12, 1) < 'Evaluation Set-up'!$D$9, DATE($J23, M$12, 1) >= 'Evaluation Set-up'!$E$9), "", "Before") | N23: =IF(OR(DATE($J23, N$12, 1) < 'Evaluation Set-up'!$D$9, DATE($J23, N$12, 1) >= 'Evaluation Set-up'!$E$9), "", "Before") | O23: =IF(OR(DATE($J23, O$12, 1) < 'Evaluation Set-up'!$D$9, DATE($J23, O$12, 1) >= 'Evaluation Set-up'!$E$9), "", "Before") -> Before | P23: =IF(OR(DATE($J23, P$12, 1) < 'Evaluation Set-up'!$D$9, DATE($J23, P$12, 1) >= 'Evaluation Set-up'!$E$9), "", "Before") -> Before | Q23: =IF(OR(DATE($J23, Q$12, 1) < 'Evaluation Set-up'!$D$9, DATE($J23, Q$12, 1) >= 'Evaluation Set-up'!$E$9), "", "Before") -> Before | R23: =IF(OR(DATE($J23, R$12, 1) < 'Evaluation Set-up'!$D$9, DATE($J23, R$12, 1) >= 'Evaluation Set-up'!$E$9), "", "Before") -> Before | S23: =IF(OR(DATE($J23, S$12, 1) < 'Evaluation Set-up'!$D$9, DATE($J23, S$12, 1) >= 'Evaluation Set-up'!$E$9), "", "Before") -> Before | ... W23: =IF(OR(DATE($J23, W$12, 1) < 'Evaluation Set-up'!$D$9, DATE($J23, W$12, 1) >= 'Evaluation Set-up'!$E$9), "", "Before") -> Before | Y23: 2016 | Z23: =COUNTIFS(AA23:AL23, "After") -> 0 | AA23: =IF(OR(DATE($Y23, L$12, 1) < 'Evaluation Set-up'!$D$11, DATE($Y23, L$12, 1) >= 'Evaluation Set-up'!$E$11), "", "After") | AB23: =IF(OR(DATE($Y23, M$12, 1) < 'Evaluation Set-up'!$D$11, DATE($Y23, M$12, 1) >= 'Evaluation Set-up'!$E$11), "", "After") | AC23: =IF(OR(DATE($Y23, N$12, 1) < 'Evaluation Set-up'!$D$11, DATE($Y23, N$12, 1) >= 'Evaluation Set-up'!$E$11), "", "After") | AD23: =IF(OR(DATE($Y23, O$12, 1) < 'Evaluation Set-up'!$D$11, DATE($Y23, O$12, 1) >= 'Evaluation Set-up'!$E$11), "", "After") | AE23: =IF(OR(DATE($Y23, P$12, 1) < 'Evaluation Set-up'!$D$11, DATE($Y23, P$12, 1) >= 'Evaluation Set-up'!$E$11), "", "After") | AF23: =IF(OR(DATE($Y23, Q$12, 1) < 'Evaluation Set-up'!$D$11, DATE($Y23, Q$12, 1) >= 'Evaluation Set-up'!$E$11), "", "After") | AG23: =IF(OR(DATE($Y23, R$12, 1) < 'Evaluation Set-up'!$D$11, DATE($Y23, R$12, 1) >= 'Evaluation Set-up'!$E$11), "", "After") | AH23: =IF(OR(DATE($Y23, S$12, 1) < 'Evaluation Set-up'!$D$11, DATE($Y23, S$12, 1) >= 'Evaluation Set-up'!$E$11), "", "After") | ... AL23: =IF(OR(DATE($Y23, W$12, 1) < 'Evaluation Set-up'!$D$11, DATE($Y23, W$12, 1) >= 'Evaluation Set-up'!$E$11), "", "After")
B24: 2017 | C24: =COUNTIF(Before!$P:$P,B24) + COUNTIF(After!$P:$P,B24) -> 3 | D24: =COUNTIFS(Before!$C:$C,">=23",Before!$C:$C,"<=27", Before!$P:$P,B24)+COUNTIFS(Before!$C:$C,"30", Before!$P:$P,B24) + COUNTIFS(After!$C:$C,">=23",After!$C:$C,"<=27", After!$P:$P,B24)+COUNTIFS(After!$C:$C,"30", After!$P:$P,B24) -> 3 | E24: =COUNTIFS(Before!$C:$C,">=21",Before!$C:$C,"<=22", Before!$P:$P,B24) + COUNTIFS(After!$C:$C,">=21",After!$C:$C,"<=22", After!$P:$P,B24) -> 0 | F24: =COUNTIFS(Before!$P:$P,$B24, Before!$G:$G, "K") + COUNTIFS(Before!$P:$P,$B24, Before!$G:$G, "A") + COUNTIFS(Before!$P:$P,$B24, Before!$G:$G, "B") + COUNTIFS(Before!$P:$P,$B24, Before!$G:$G, "C") + COUNTIFS(After!$P:$P,$B24, After!$G:$G, "K") + COUNTIFS(After!$P:$P,$B24, After!$G:$G, "A") + COUNTIFS(After!$P:$P,$B24, After!$G:$G, "B") + COUNTIFS(After!$P:$P,$B24, After!$G:$G, "C") -> 3 | G24: =VLOOKUP($B24, 'Evaluation Set-up'!$K$11:$R$35, 4, FALSE) -> 3375 | H24: =VLOOKUP($B24, 'Evaluation Set-up'!$K$11:$R$35, 7, FALSE) -> 1400 | J24: 2017 | K24: =COUNTIFS(L24:W24, "Before") -> 12 | L24: =IF(OR(DATE($J24, L$12, 1) < 'Evaluation Set-up'!$D$9, DATE($J24, L$12, 1) >= 'Evaluation Set-up'!$E$9), "", "Before") -> Before | M24: =IF(OR(DATE($J24, M$12, 1) < 'Evaluation Set-up'!$D$9, DATE($J24, M$12, 1) >= 'Evaluation Set-up'!$E$9), "", "Before") -> Before | N24: =IF(OR(DATE($J24, N$12, 1) < 'Evaluation Set-up'!$D$9, DATE($J24, N$12, 1) >= 'Evaluation Set-up'!$E$9), "", "Before") -> Before | O24: =IF(OR(DATE($J24, O$12, 1) < 'Evaluation Set-up'!$D$9, DATE($J24, O$12, 1) >= 'Evaluation Set-up'!$E$9), "", "Before") -> Before | P24: =IF(OR(DATE($J24, P$12, 1) < 'Evaluation Set-up'!$D$9, DATE($J24, P$12, 1) >= 'Evaluation Set-up'!$E$9), "", "Before") -> Before | Q24: =IF(OR(DATE($J24, Q$12, 1) < 'Evaluation Set-up'!$D$9, DATE($J24, Q$12, 1) >= 'Evaluation Set-up'!$E$9), "", "Before") -> Before | R24: =IF(OR(DATE($J24, R$12, 1) < 'Evaluation Set-up'!$D$9, DATE($J24, R$12, 1) >= 'Evaluation Set-up'!$E$9), "", "Before") -> Before | S24: =IF(OR(DATE($J24, S$12, 1) < 'Evaluation Set-up'!$D$9, DATE($J24, S$12, 1) >= 'Evaluation Set-up'!$E$9), "", "Before") -> Before | ... W24: =IF(OR(DATE($J24, W$12, 1) < 'Evaluation Set-up'!$D$9, DATE($J24, W$12, 1) >= 'Evaluation Set-up'!$E$9), "", "Before") -> Before | Y24: 2017 | Z24: =COUNTIFS(AA24:AL24, "After") -> 0 | AA24: =IF(OR(DATE($Y24, L$12, 1) < 'Evaluation Set-up'!$D$11, DATE($Y24, L$12, 1) >= 'Evaluation Set-up'!$E$11), "", "After") | AB24: =IF(OR(DATE($Y24, M$12, 1) < 'Evaluation Set-up'!$D$11, DATE($Y24, M$12, 1) >= 'Evaluation Set-up'!$E$11), "", "After") | AC24: =IF(OR(DATE($Y24, N$12, 1) < 'Evaluation Set-up'!$D$11, DATE($Y24, N$12, 1) >= 'Evaluation Set-up'!$E$11), "", "After") | AD24: =IF(OR(DATE($Y24, O$12, 1) < 'Evaluation Set-up'!$D$11, DATE($Y24, O$12, 1) >= 'Evaluation Set-up'!$E$11), "", "After") | AE24: =IF(OR(DATE($Y24, P$12, 1) < 'Evaluation Set-up'!$D$11, DATE($Y24, P$12, 1) >= 'Evaluation Set-up'!$E$11), "", "After") | AF24: =IF(OR(DATE($Y24, Q$12, 1) < 'Evaluation Set-up'!$D$11, DATE($Y24, Q$12, 1) >= 'Evaluation Set-up'!$E$11), "", "After") | AG24: =IF(OR(DATE($Y24, R$12, 1) < 'Evaluation Set-up'!$D$11, DATE($Y24, R$12, 1) >= 'Evaluation Set-up'!$E$11), "", "After") | AH24: =IF(OR(DATE($Y24, S$12, 1) < 'Evaluation Set-up'!$D$11, DATE($Y24, S$12, 1) >= 'Evaluation Set-up'!$E$11), "", "After") | ... AL24: =IF(OR(DATE($Y24, W$12, 1) < 'Evaluation Set-up'!$D$11, DATE($Y24, W$12, 1) >= 'Evaluation Set-up'!$E$11), "", "After")
... B37: 2030 | C37: =COUNTIF(Before!$P:$P,B37) + COUNTIF(After!$P:$P,B37) -> 0 | D37: =COUNTIFS(Before!$C:$C,">=23",Before!$C:$C,"<=27", Before!$P:$P,B37)+COUNTIFS(Before!$C:$C,"30", Before!$P:$P,B37) + COUNTIFS(After!$C:$C,">=23",After!$C:$C,"<=27", After!$P:$P,B37)+COUNTIFS(After!$C:$C,"30", After!$P:$P,B37) -> 0 | E37: =COUNTIFS(Before!$C:$C,">=21",Before!$C:$C,"<=22", Before!$P:$P,B37) + COUNTIFS(After!$C:$C,">=21",After!$C:$C,"<=22", After!$P:$P,B37) -> 0 | F37: =COUNTIFS(Before!$P:$P,$B37, Before!$G:$G, "K") + COUNTIFS(Before!$P:$P,$B37, Before!$G:$G, "A") + COUNTIFS(Before!$P:$P,$B37, Before!$G:$G, "B") + COUNTIFS(Before!$P:$P,$B37, Before!$G:$G, "C") + COUNTIFS(After!$P:$P,$B37, After!$G:$G, "K") + COUNTIFS(After!$P:$P,$B37, After!$G:$G, "A") + COUNTIFS(After!$P:$P,$B37, After!$G:$G, "B") + COUNTIFS(After!$P:$P,$B37, After!$G:$G, "C") -> 0 | G37: =VLOOKUP($B37, 'Evaluation Set-up'!$K$11:$R$35, 4, FALSE) | H37: =VLOOKUP($B37, 'Evaluation Set-up'!$K$11:$R$35, 7, FALSE) | J37: 2030 | K37: =COUNTIFS(L37:W37, "Before") -> 0 | L37: =IF(OR(DATE($J37, L$12, 1) < 'Evaluation Set-up'!$D$9, DATE($J37, L$12, 1) >= 'Evaluation Set-up'!$E$9), "", "Before") | M37: =IF(OR(DATE($J37, M$12, 1) < 'Evaluation Set-up'!$D$9, DATE($J37, M$12, 1) >= 'Evaluation Set-up'!$E$9), "", "Before") | N37: =IF(OR(DATE($J37, N$12, 1) < 'Evaluation Set-up'!$D$9, DATE($J37, N$12, 1) >= 'Evaluation Set-up'!$E$9), "", "Before") | O37: =IF(OR(DATE($J37, O$12, 1) < 'Evaluation Set-up'!$D$9, DATE($J37, O$12, 1) >= 'Evaluation Set-up'!$E$9), "", "Before") | P37: =IF(OR(DATE($J37, P$12, 1) < 'Evaluation Set-up'!$D$9, DATE($J37, P$12, 1) >= 'Evaluation Set-up'!$E$9), "", "Before") | Q37: =IF(OR(DATE($J37, Q$12, 1) < 'Evaluation Set-up'!$D$9, DATE($J37, Q$12, 1) >= 'Evaluation Set-up'!$E$9), "", "Before") | R37: =IF(OR(DATE($J37, R$12, 1) < 'Evaluation Set-up'!$D$9, DATE($J37, R$12, 1) >= 'Evaluation Set-up'!$E$9), "", "Before") | S37: =IF(OR(DATE($J37, S$12, 1) < 'Evaluation Set-up'!$D$9, DATE($J37, S$12, 1) >= 'Evaluation Set-up'!$E$9), "", "Before") | ... W37: =IF(OR(DATE($J37, W$12, 1) < 'Evaluation Set-up'!$D$9, DATE($J37, W$12, 1) >= 'Evaluation Set-up'!$E$9), "", "Before") | Y37: 2030 | Z37: =COUNTIFS(AA37:AL37, "After") -> 0 | AA37: =IF(OR(DATE($Y37, L$12, 1) < 'Evaluation Set-up'!$D$11, DATE($Y37, L$12, 1) >= 'Evaluation Set-up'!$E$11), "", "After") | AB37: =IF(OR(DATE($Y37, M$12, 1) < 'Evaluation Set-up'!$D$11, DATE($Y37, M$12, 1) >= 'Evaluation Set-up'!$E$11), "", "After") | AC37: =IF(OR(DATE($Y37, N$12, 1) < 'Evaluation Set-up'!$D$11, DATE($Y37, N$12, 1) >= 'Evaluation Set-up'!$E$11), "", "After") | AD37: =IF(OR(DATE($Y37, O$12, 1) < 'Evaluation Set-up'!$D$11, DATE($Y37, O$12, 1) >= 'Evaluation Set-up'!$E$11), "", "After") | AE37: =IF(OR(DATE($Y37, P$12, 1) < 'Evaluation Set-up'!$D$11, DATE($Y37, P$12, 1) >= 'Evaluation Set-up'!$E$11), "", "After") | AF37: =IF(OR(DATE($Y37, Q$12, 1) < 'Evaluation Set-up'!$D$11, DATE($Y37, Q$12, 1) >= 'Evaluation Set-up'!$E$11), "", "After") | AG37: =IF(OR(DATE($Y37, R$12, 1) < 'Evaluation Set-up'!$D$11, DATE($Y37, R$12, 1) >= 'Evaluation Set-up'!$E$11), "", "After") | AH37: =IF(OR(DATE($Y37, S$12, 1) < 'Evaluation Set-up'!$D$11, DATE($Y37, S$12, 1) >= 'Evaluation Set-up'!$E$11), "", "After") | ... AL37: =IF(OR(DATE($Y37, W$12, 1) < 'Evaluation Set-up'!$D$11, DATE($Y37, W$12, 1) >= 'Evaluation Set-up'!$E$11), "", "After")
B43: Intx Types | D43: Countermeasure Groupings
B44: R2-3ST | D44: Treatment Grouping
B45: R2-4ST | D45: All Way Stop
B46: R2-4SG | D46: Intersection Realignment
B47: R4-3ST | D47: Intersection Signing/Marking Enhancement
B48: R4-4ST | D48: Left Turn Lane (Unsignalized)
B49: R4-4SG | D49: Median Channelization
B50: U-3ST | D50: Offset Left Turn Lane
B51: U-3SG | D51: Sight Distance Improvements
B52: U-4ST | D52: VEWF
B53: U-4SG | D53: Advance Activated Warning Sign
D54: New Traffic Signal
D55: Traffic Signal Revisions - Left Turn FYA
D56: Traffic Signal Revisions - Non-FYA Related
D57: Traffic Signal Revisions - Turn Lanes
D58: Reduced Conflict Intersection (RCI)
D59: Roundabout
D60: Miscellaneous
