Workbook

Sheet Step-by-Step Instructions

Sheet Typical Target Crash Types
B2: Target Crash Type Guidance - Intersection Treatments
C4: Countermeasure | D4: Target-1 | E4: Target-2 | F4: Target-1 Crash | G4: Target-2 Crash | H4: Notes
C5: Advance Activated Warning Sign (a.k.a. Be Prepared to Stop Signs) | D5: Y | E5: Y | F5: Frontal Impact Crashes where Vehicle on Treated Approach Ran Red Light | G5: Rear End Crashes Approaching Intersection on Treated Approaches | H5: Treated Approaches are likely both Mainline Approaches
C6: All Way Stop | D6: Y | F6: Frontal Impact Crashes in Intersection
C7: Reduced Conflict Intersection (RCI) | D7: Y | F7: Frontal Impact Crashes involving vehicle making a movement that is restricted in the after period | H7: If the treatment included the construction of U-turn bulbouts, the entire constructed section may need to be included in the treatment analysis. If the treatment was ONLY the RCI, analyze downstream U-turn crashes in a separate table.
C8: Flashing Traffic Signal (i.e. Overhead Non-Actuated Flasher) | D8: Y | F8: Frontal Impact Crashes in Intersection
C9: Grade Separation | D9: Y | F9: Frontal Impact Crashes in Intersection
C10: Increase Conspicuity of Stop Condition (i.e. Double Indicated Stop Sign, Transverse Rumble Strips, Double Arrow Sign) | D10: Y | F10: Frontal Impact Crashes where Vehicle on Treated Approach Ran the Stop Sign | H10: Include Ran Off Road - Straight Crashes for T Intersections
C11: Increase Conspicuity of Traffic Signal (i.e. Double Indicated Red, Backplates) | D11: Y | F11: Frontal Impact Crashes where Vehicle on Treated Approach Ran Red Light | H11: Include Rear End crashes from the treated approaches within the Additional Information Table.
C12: Intersection Realignment | D12: Y | E12: Y | F12: Frontal Impact Crashes in Intersection | G12: Varies by Treatment - Other Targets may be necessary depending on the situation (i.e. Rear End Crashes or Lane Departure Crashes) | H12: Y-Lines may need to be extended. Analyze Entire Area impacted by realignment
C13: Left Turn Lane - New Installation | D13: Y | E13: Y | F13: Rear End Crashes Approaching Intersection on Treated Approaches | G13: Left Turn Same Roadway Crashes on Treated Approaches | H13: If a multilane facility, rear ends may need to be specific to the inner lanes
C14: Left Turn Lane - Offset Existing Lane | D14: Y | F14: Left Turn Same Roadway Crashes on Treated Approaches
C15: Median Channelization on an Intersection Approach (i.e. Assess Management for Driveways) | D15: Y | E15: Y | F15: Frontal Impact Crashes involving vehicle making a movement that is restricted in the after period | G15: Varies by Treatment - Other Targets may be necessary depending on the situation (i.e. rear end crashes alleviated due to a movement restriction) | H15: Analyze a Potential Area of Influence / Downstream U-Turn Crashes in the additional information table and/or the discussion
C16: New Traffic Signal | D16: Y | F16: Frontal Impact Crashes in Intersection
C17: Pedestrian/Bicycle Treatments | D17: Y | F17: Pedestrian and Bicycle Crashes | H17: For a Pedestrian signal, rear end crashes may also need to be analyzed
C18: Remove Access/Intersection | D18: Y | E18: Y | F18: Frontal Impact Crashes in Intersection* | G18: Varies by Treatment - Other Targets may be necessary depending on the situation (i.e. Rear End Crashes) | H18: *Target crashes can vary depending on the specifics of what was removed
C19: Right Turn Lane at Intersection | D19: Y | E19: Y | F19: Rear End Crashes Approaching Intersection on Treated Approaches | G19: Sideswipe Crashes Approaching Intersection on Treated Approaches | H19: If a multilane facility, rear ends and sideswipes may need to be specific to the outer lanes
C20: Roundabout | D20: Y | F20: Frontal Impact Crashes in Intersection | H20: Particularly for rural roundabouts, note whether there is lighting present within the discussion and detail any patterns regarding nighttime crashes or nighttime lane departures within the additional information table and/or discussion
C21: Sight Distance Improvements at Intersection | D21: Y | F21: Frontal Impact Crashes in Intersection | H21: May need to only include Frontal Impact Crashes involving vehicles making maneuvers directly affected by sight distance improvements (i.e. if one quadrant was cleared)
C22: Traffic Signal Revisions - Flashing Yellow Arrow | D22: Y | F22: Left Turn Same Roadway Crashes on Treated Approaches
C23: Traffic Signal Revisions - Left Turn Phasing Revisions | D23: Y | F23: Left Turn Same Roadway Crashes on Treated Approaches
C24: Vehicle Entering When Flashing | D24: Y | F24: Frontal Impact Crashes involving Vehicles from Treated Approaches | H24: Look at the sign and loop placement to determine what are the treated approaches. If the signs are only on one approach, then only include crashes involving vehicles from that approach. Crashes involving vehicles from the same roadway (Left Turn Same Roadway, Right Turn Same Roadway and Head On Crashes) are typically excluded because the flashers are not displayed to vehicles traveling on the same roadway.
B26: Comments/Instructions for Typical Target Crashes:
B27: ● | C27: Frontal impacts crash types: left-turn same roadway, left-turn different roadway, right-turn same roadway, right-turn different roadway, head-on, and angle crashes

Sheet Evaluation Set-up
B2: Date Range Calculator | J2: AADT Calculator
C4: Most recent TEAAS date | D4: 46112 | F4: Color Key | L4: Representative Years Selection: | P4: Representative Volumes: | T4: Instructions for AADT Calculator:
C5: Construction Period Length (Give Value in Months) | D5: 5 | F5: Cells that need to be edited | L5: Select Before Period Year: | N5: 2021 | P5: Before Period Volume: | R5: =IFERROR(ROUND(VLOOKUP($N$5, $K$11:$R$35, 8, FALSE()), -2), "Select Year") -> 1500 | T5: ● | U5: In cells N5 and N6, select the last year within each period that has available volume data (i.e. actual collected volume data, not estimated/interpolated data) | AF5: cells needed for calcs:
F6: Auto-calculated cells | L6: Select After Period Year: | N6: 2024 | P6: After Period Volume: | R6: =IFERROR(ROUND(VLOOKUP($N$6, $K$11:$R$35, 8, FALSE()), -2), "Select Year") -> 1800
AH7: Total # of months in between
C8: Time Period | D8: Start Date | E8: End Date | F8: # of Years | G8: # of Months | K8: AADTs for every year within the study period | T8: ● | U8: When inputting volume data into this tool, use Black font color for values taken directly from the available volume data | AF8: =YEAR(E9) -> 2021 | AG8: =MONTH(E9) -> 10 | AH8: =(YEAR(D10)-YEAR(D9))*12+MONTH(D10)-MONTH(D9) -> 48
C9: Before Period | D9: 43040 | E9: 44500 | F9: =ROUNDDOWN(AH8/12,0) -> 4 | G9: =AH8-12*F9 -> 0 | K9: Year | L9: Major Road - Leg #1 | M9: Major Road - Leg #2 | N9: Major Road - Average AADT | O9: Minor Rd - Leg #3 | P9: Minor Rd - Leg #4 | Q9: Minor Road - Average AADT | R9: Intersection AADT | AF9: =YEAR(E10) -> 2022 | AG9: =MONTH(E10) -> 3 | AH9: =(YEAR(D11)-YEAR(D10))*12+MONTH(D11)-MONTH(D10) -> 5
C10: Construction Period | D10: 44501 | E10: 44651 | F10: =ROUNDDOWN(AH9/12,0) -> 0 | G10: =AH9-12*F10 -> 5 | T10: ● | U10: When inputting volume data into this tool, use Red font color for values that need to be calculated, interpolated, or assumed | AG10: =E11+1 -> 46113 | AH10: =(YEAR(AG10)-YEAR(D11))*12+MONTH(AG10)-MONTH(D11) -> 48
C11: After Period | D11: 44652 | E11: 46112 | F11: =ROUNDDOWN(AH10/12,0) -> 4 | G11: =AH10-12*F11 -> 0 | K11: 2006 | N11: =IF(COUNT(L11:M11) = 0, "",L11/2+M11/2) | Q11: =IF(COUNT(O11:P11) = 0, "",O11/2+P11/2) | R11: =IF(COUNT(L11:M11) = 0, "",N11+Q11)
K12: 2007 | N12: =IF(COUNT(L12:M12) = 0, "",L12/2+M12/2) | Q12: =IF(COUNT(O12:P12) = 0, "",O12/2+P12/2) | R12: =IF(COUNT(L12:M12) = 0, "",N12+Q12) | T12: ● | U12: Input AADTs for every year that appears in the study range (Before and After Period). You do not need to input volumes for the years outside of the study time periods
B13: Comments/Instruction on Date Range Calculator: | K13: 2008 | N13: =IF(COUNT(L13:M13) = 0, "",L13/2+M13/2) | Q13: =IF(COUNT(O13:P13) = 0, "",O13/2+P13/2) | R13: =IF(COUNT(L13:M13) = 0, "",N13+Q13)
B14: ● | C14: Use a typical 3-month Construction Period unless you have specific information to the contrary (ex. construction dates were provided, info from satellite views, etc.). | K14: 2009 | N14: =IF(COUNT(L14:M14) = 0, "",L14/2+M14/2) | Q14: =IF(COUNT(O14:P14) = 0, "",O14/2+P14/2) | R14: =IF(COUNT(L14:M14) = 0, "",N14+Q14)
K15: 2010 | N15: =IF(COUNT(L15:M15) = 0, "",L15/2+M15/2) | Q15: =IF(COUNT(O15:P15) = 0, "",O15/2+P15/2) | R15: =IF(COUNT(L15:M15) = 0, "",N15+Q15) | T15: ● | U15: Volumes should be entered in for each leg of the intersection, even if no count data is available. Legs without available volume counts will need to have their volumes estimated.
B16: ● | C16: You CAN input the construction start date directly into cell D10 or simply just enter in the construction period length into cells D5/D6. | K16: 2011 | N16: =IF(COUNT(L16:M16) = 0, "",L16/2+M16/2) | Q16: =IF(COUNT(O16:P16) = 0, "",O16/2+P16/2) | R16: =IF(COUNT(L16:M16) = 0, "",N16+Q16)
K17: 2012 | N17: =IF(COUNT(L17:M17) = 0, "",L17/2+M17/2) | Q17: =IF(COUNT(O17:P17) = 0, "",O17/2+P17/2) | R17: =IF(COUNT(L17:M17) = 0, "",N17+Q17)
B18: ● | C18: This tool only works in WHOLE MONTHS. Construction start dates should be rounded up to the first of the month and construction end dates should be rounded down to the end the month. | K18: 2013 | N18: =IF(COUNT(L18:M18) = 0, "",L18/2+M18/2) | Q18: =IF(COUNT(O18:P18) = 0, "",O18/2+P18/2) | R18: =IF(COUNT(L18:M18) = 0, "",N18+Q18) | T18: ● | U18: In the case of a T-intersection, leave leg #4 blank (Column Q)
K19: 2014 | N19: =IF(COUNT(L19:M19) = 0, "",L19/2+M19/2) | Q19: =IF(COUNT(O19:P19) = 0, "",O19/2+P19/2) | R19: =IF(COUNT(L19:M19) = 0, "",N19+Q19) | T19: ● | U19: Intersections with 5 or more legs should just have the yearly volumes for the WHOLE intersection calcuated manually and entered into column R.
K20: 2015 | N20: =IF(COUNT(L20:M20) = 0, "",L20/2+M20/2) | Q20: =IF(COUNT(O20:P20) = 0, "",O20/2+P20/2) | R20: =IF(COUNT(L20:M20) = 0, "",N20+Q20)
K21: 2016 | N21: =IF(COUNT(L21:M21) = 0, "",L21/2+M21/2) | Q21: =IF(COUNT(O21:P21) = 0, "",O21/2+P21/2) | R21: =IF(COUNT(L21:M21) = 0, "",N21+Q21)
K22: 2017 | L22: =L57 -> 1100 | M22: =M57 -> 1200 | N22: =IF(COUNT(L22:M22) = 0, "",L22/2+M22/2) -> 1150 | O22: =O57 -> 650 | P22: =P57 -> 610 | Q22: =IF(COUNT(O22:P22) = 0, "",O22/2+P22/2) -> 630 | R22: =IF(COUNT(L22:M22) = 0, "",N22+Q22) -> 1780 | T22: ● | U22: Please note that this tool will not correctly calculate the AADT of an intersection that involves a one-way road. Should the major or minor road involve one-way traffic, the total entering volume into the intersection by that road should be directly entered into Column O (if the major road is one-way) or column R (if the minor road is one-way)
K23: 2018 | L23: =L58 -> 1100 | M23: =M58 -> 1300 | N23: =IF(COUNT(L23:M23) = 0, "",L23/2+M23/2) -> 1200 | O23: =ROUND(AVERAGE(O22,O24),-1) -> 650 | P23: =ROUND(AVERAGE(P22,P24),-1) -> 560 | Q23: =IF(COUNT(O23:P23) = 0, "",O23/2+P23/2) -> 605 | R23: =IF(COUNT(L23:M23) = 0, "",N23+Q23) -> 1805
K24: 2019 | L24: =L59 -> 950 | M24: =ROUND(M23/L23*L24,-2) -> 1100 | N24: =IF(COUNT(L24:M24) = 0, "",L24/2+M24/2) -> 1025 | O24: =O59 -> 650 | P24: =P59 -> 500 | Q24: =IF(COUNT(O24:P24) = 0, "",O24/2+P24/2) -> 575 | R24: =IF(COUNT(L24:M24) = 0, "",N24+Q24) -> 1600
K25: 2020 | L25: =L60 -> 900 | M25: =ROUND(M24/L24*L25,-2) -> 1000 | N25: =IF(COUNT(L25:M25) = 0, "",L25/2+M25/2) -> 950 | O25: =O26 -> 450 | P25: =P26 -> 400 | Q25: =IF(COUNT(O25:P25) = 0, "",O25/2+P25/2) -> 425 | R25: =IF(COUNT(L25:M25) = 0, "",N25+Q25) -> 1375
K26: 2021 | L26: =L61 -> 950 | M26: =M61 -> 1100 | N26: =IF(COUNT(L26:M26) = 0, "",L26/2+M26/2) -> 1025 | O26: =O61 -> 450 | P26: =P61 -> 400 | Q26: =IF(COUNT(O26:P26) = 0, "",O26/2+P26/2) -> 425 | R26: =IF(COUNT(L26:M26) = 0, "",N26+Q26) -> 1450
K27: 2022 | L27: =L62 -> 900 | M27: =M62 -> 1000 | N27: =IF(COUNT(L27:M27) = 0, "",L27/2+M27/2) -> 950 | O27: =ROUND(AVERAGE(O26,O28),-1) -> 550 | P27: =ROUND(AVERAGE(P26,P28),-1) -> 500 | Q27: =IF(COUNT(O27:P27) = 0, "",O27/2+P27/2) -> 525 | R27: =IF(COUNT(L27:M27) = 0, "",N27+Q27) -> 1475
K28: 2023 | L28: =L63 -> 1100 | M28: =M63 -> 1300 | N28: =IF(COUNT(L28:M28) = 0, "",L28/2+M28/2) -> 1200 | O28: =O63 -> 650 | P28: =P63 -> 600 | Q28: =IF(COUNT(O28:P28) = 0, "",O28/2+P28/2) -> 625 | R28: =IF(COUNT(L28:M28) = 0, "",N28+Q28) -> 1825 | T28: ● | U28: Do not select 2020 as a representative year for a particular time period, due to the effects of the COVID-19 pandemic, even if it is the last year with available AADT data within said time period.
K29: 2024 | L29: =L64 -> 950 | M29: =M64 -> 1200 | N29: =IF(COUNT(L29:M29) = 0, "",L29/2+M29/2) -> 1075 | O29: =O64 -> 700 | P29: =P64 -> 650 | Q29: =IF(COUNT(O29:P29) = 0, "",O29/2+P29/2) -> 675 | R29: =IF(COUNT(L29:M29) = 0, "",N29+Q29) -> 1750
K30: 2025 | L30: =L29 -> 950 | M30: =M29 -> 1200 | N30: =IF(COUNT(L30:M30) = 0, "",L30/2+M30/2) -> 1075 | O30: =O29 -> 700 | P30: =P29 -> 650 | Q30: =IF(COUNT(O30:P30) = 0, "",O30/2+P30/2) -> 675 | R30: =IF(COUNT(L30:M30) = 0, "",N30+Q30) -> 1750
K31: 2026 | L31: =L30 -> 950 | M31: =M30 -> 1200 | N31: =IF(COUNT(L31:M31) = 0, "",L31/2+M31/2) -> 1075 | O31: =O30 -> 700 | P31: =P30 -> 650 | Q31: =IF(COUNT(O31:P31) = 0, "",O31/2+P31/2) -> 675 | R31: =IF(COUNT(L31:M31) = 0, "",N31+Q31) -> 1750
K32: 2027 | N32: =IF(COUNT(L32:M32) = 0, "",L32/2+M32/2) | Q32: =IF(COUNT(O32:P32) = 0, "",O32/2+P32/2) | R32: =IF(COUNT(L32:M32) = 0, "",N32+Q32)
K33: 2028 | N33: =IF(COUNT(L33:M33) = 0, "",L33/2+M33/2) | Q33: =IF(COUNT(O33:P33) = 0, "",O33/2+P33/2) | R33: =IF(COUNT(L33:M33) = 0, "",N33+Q33)
K34: 2029 | N34: =IF(COUNT(L34:M34) = 0, "",L34/2+M34/2) | Q34: =IF(COUNT(O34:P34) = 0, "",O34/2+P34/2) | R34: =IF(COUNT(L34:M34) = 0, "",N34+Q34)
K35: 2030 | N35: =IF(COUNT(L35:M35) = 0, "",L35/2+M35/2) | Q35: =IF(COUNT(O35:P35) = 0, "",O35/2+P35/2) | R35: =IF(COUNT(L35:M35) = 0, "",N35+Q35)
G37: LocationID | H37: 400000005 | L37: 400000087 | M37: 400000004 | O37: 400000021 | P37: 400000005
G38: COUNTY | H38: GREENE | L38: GREENE | M38: GREENE | O38: GREENE | P38: GREENE
G39: RTE_CLS | H39: Secondary Routes | L39: NC Hwys | M39: NC Hwys | O39: Secondary Routes | P39: Secondary Routes
G40: ROUTE | H40: SR 1303 (Fieldsboro Rd) | L40: NC 91 | M40: NC 91 | O40: SR 1225 (Speights Bridge Rd) | P40: SR 1303 (Fieldsboro Rd)
G41: LOCATION | H41: EAST OF NC 91 | L41: SOUTH OF SR 1313 Gay Rd | M41: SOUTH OF SR 1304 E Railroad St | O41: EAST OF SR 1249 Howell Swamp Church Rd | P41: EAST OF NC 91
G42: AADT_2002 | M42: 1200
G43: AADT_2003 | H43: 530 | L43: 1000 | M43: 1200 | O43: 580 | P43: 530
G44: AADT_2004 | L44: 1000
G45: AADT_2005 | H45: 520 | L45: 950 | M45: 1100 | O45: 520 | P45: 520
G46: AADT_2006 | L46: 1100 | M46: 1300
G47: AADT_2007 | H47: 520 | L47: 890 | O47: 580 | P47: 520
G48: AADT_2008 | L48: 1000 | M48: 1300
G49: AADT_2009 | H49: 510 | L49: 920 | M49: 1200 | O49: 540 | P49: 510
G50: AADT_2010 | L50: 920 | M50: 1200
G51: AADT_2011 | H51: 520 | L51: 1000 | M51: 1300 | O51: 560 | P51: 520
G52: AADT_2012 | L52: 1000 | M52: 1300
G53: AADT_2013 | H53: 540 | L53: 1100 | O53: 510 | P53: 540
G54: AADT_2014 | L54: 1100
G55: AADT_2015 | H55: 440 | L55: 980 | M55: 1200 | O55: 450 | P55: 440
G56: AADT_2016 | L56: 1100 | M56: 1300
G57: AADT_2017 | H57: 610 | L57: 1100 | M57: 1200 | O57: 650 | P57: 610
G58: AADT_2018 | L58: 1100 | M58: 1300
G59: AADT_2019 | H59: 500 | L59: 950 | O59: 650 | P59: 500
G60: AADT_2020 | L60: 900
G61: AADT_2021 | H61: 400 | L61: 950 | M61: 1100 | O61: 450 | P61: 400
G62: AADT_2022 | L62: 900 | M62: 1000
G63: AADT_2023 | H63: 600 | L63: 1100 | M63: 1300 | O63: 650 | P63: 600
G64: AADT_2024 | L64: 950 | M64: 1200 | O64: 700 | P64: 650

Sheet Original Fiche
A1: North Carolina Department of Transportation Traffic Engineering Accident Analysis System Fiche Report
A2: County | B2: County Code | C2: Division | D2: Municipality | E2: Municipality Code | F2: Begin Date | G2: End Date | H2: Years | I2: Y-Line Feet
B3: GREENE | C3: 40 | D3: 2 | E3: All and Rural | G3: 43040 | H3: 46112 | I3: 8.41 | J3: 150
A4: Road Name | B4: Road Code
A5: SR 1303 | B5: 40001303
A6: NC 91 | B6: 30000091
A7: SPEIGHTS BRIDGE | B7: 50028745
A8: WILSON | B8: 50033187
A9: SR 1225 | B9: 40001225
A10: FIFTH | B10: 50010479
A11: FIELDSBORO | B11: 50049016
A12: 46171 | B12: Page 1 of 12
A13: Muni. Code | B13: On Road | C13: Miles / Dir From | D13: From Road | E13: Toward Road | F13: Milepost Road | G13: MP | H13: MA | I13: Crash ID | J13: Date | K13: T | L13: C | M13: F | N13: L | O13: S
A14: 0 | B14: NC 91 | C14: 0.004 | D14: N | E14: *LCL AUTUMN FLAME RD | F14: SR 1228 | H14: 999.999 | J14: 108153048 | K14: 45821 | L14: 19 | M14: 2 | N14: 5 | O14: 1 | P14: B
A15: 576 | B15: NC 91 | C15: 1.6 | D15: S | E15: *LCL US264A | F15: SR 1303 | H15: 999.999 | J15: 107765099 | K15: 45469 | L15: 17 | M15: 1 | N15: 0 | O15: 2 | P15: O
A16: 0 | B16: I 587 | C16: 0.019 | D16: W | E16: NC 91 | F16: *MILE 41 | G16: I 587 | H16: 3.046 | J16: 108280159 | K16: 45954 | L16: 17 | M16: 1 | N16: 16 | O16: 5 | P16: O
A17: 0 | B17: US 264 | C17: 0 | E17: NC 91 | F17: *MILE 59 | G17: I 587 | H17: 3.066 | I17: Y | J17: 106760348 | K17: 44505 | L17: 28 | M17: 1 | N17: 0 | O17: 5 | P17: O
A18: 0 | B18: NC 58 | C18: 0 | E18: SR 1225 | F18: SR 1253 | G18: NC 58 | H18: 17.354 | J18: 107899906 | K18: 45591 | L18: 30 | M18: 1 | N18: 7 | O18: 1 | P18: B
A19: 0 | B19: NC 58 | C19: 0 | E19: SR 1225 | F19: SR 1253 | G19: NC 58 | H19: 17.354 | J19: 108430264 | K19: 46092 | L19: 30 | M19: 1 | N19: 7 | O19: 1 | P19: C
A20: 0 | B20: NC 58 | C20: 0 | E20: SR 1225 | F20: SR 1253 | G20: NC 58 | H20: 17.354 | J20: 108202953 | K20: 45884 | L20: 30 | M20: 1 | N20: 7 | O20: 1 | P20: B
A21: 0 | B21: NC 58 | C21: 0 | E21: SR 1225 | F21: SR 1217 | G21: NC 58 | H21: 17.354 | J21: 108160977 | K21: 45840 | L21: 30 | M21: 1 | N21: 7 | O21: 1 | P21: O
A22: 0 | B22: NC 91 | C22: 0 | E22: US 258 | F22: SR 1247 | G22: NC 91 | H22: 0 | J22: 107467120 | K22: 45192 | L22: 30 | M22: 2 | N22: 7 | O22: 1 | P22: O
A23: 0 | B23: NC 91 | C23: 0 | E23: US 258 | F23: SR 1400 | G23: NC 91 | H23: 0 | J23: 106589495 | K23: 44344 | L23: 30 | M23: 1 | N23: 7 | O23: 1 | P23: O
A24: 0 | B24: NC 91 | C24: 0.095 | D24: S | E24: US 258 | F24: SECOND | G24: NC 91 | H24: 0 | J24: 107214302 | K24: 44939 | L24: 19 | M24: 2 | N24: 0 | O24: 4 | P24: O
A25: 0 | B25: NC 91 | C25: 0.009 | D25: N | E25: US 258 | F25: SR 1247 | G25: NC 91 | H25: 0.009 | J25: 106362782 | K25: 44113 | L25: 19 | M25: 1 | N25: 7 | O25: 5 | P25: O
A26: 0 | B26: NC 91 | C26: 0.1 | D26: S | E26: SR 1247 | F26: US 13 | G26: NC 91 | H26: 0.025 | J26: 107835963 | K26: 45521 | L26: 21 | M26: 1 | N26: 12 | O26: 1 | P26: O
A27: 0 | B27: NC 91 | C27: 0.1 | D27: N | E27: US 258 | F27: SR 1247 | G27: NC 91 | H27: 0.1 | J27: 105523576 | K27: 43267 | L27: 13 | M27: 1 | N27: 0 | O27: 5 | P27: O
A28: 0 | B28: NC 91 | C28: 0 | E28: SR 1364 | F28: SR 1330 | G28: NC 91 | H28: 0.125 | J28: 105588011 | K28: 43340 | L28: 25 | M28: 1 | N28: 7 | O28: 1 | P28: O
A29: 0 | B29: NC 91 | C29: 0 | E29: SR 1364 | F29: SR 1330 | G29: NC 91 | H29: 0.125 | J29: 105802310 | K29: 43536 | L29: 25 | M29: 1 | N29: 7 | O29: 1 | P29: O
A30: 0 | B30: NC 91 | C30: 0.2 | D30: N | E30: US 258 | F30: US 13 | G30: NC 91 | H30: 0.2 | J30: 106387930 | K30: 44132 | L30: 17 | M30: 1 | N30: 0 | O30: 1 | P30: O
A31: 0 | B31: NC 91 | C31: 0.3 | D31: N | E31: SR 1247 | F31: SR 1330 | G31: NC 91 | H31: 0.425 | J31: 107704191 | K31: 45413 | L31: 19 | M31: 1 | N31: 0 | O31: 5 | P31: O
A32: 0 | B32: NC 91 | C32: 0.3 | D32: N | E32: SR 1247 | F32: SR 1358 | G32: NC 91 | H32: 0.425 | J32: 107806612 | K32: 45506 | L32: 17 | M32: 1 | N32: 0 | O32: 5 | P32: O
A33: 0 | B33: NC 91 | C33: 0.5 | D33: N | E33: US 13 | F33: SR 1357 | G33: NC 91 | H33: 0.5 | J33: 106423037 | K33: 44166 | L33: 21 | M33: 1 | N33: 0 | O33: 1 | P33: O
A34: 0 | B34: NC 91 | C34: 0.5 | D34: N | E34: US 258 | F34: SR 1226 | G34: NC 91 | H34: 0.5 | J34: 106831693 | K34: 44572 | L34: 19 | M34: 1 | N34: 8 | O34: 1 | P34: O
A35: 0 | B35: NC 91 | C35: 0.5 | D35: N | E35: US 258 | F35: SR 1330 | G35: NC 91 | H35: 0.5 | J35: 106536246 | K35: 44292 | L35: 17 | M35: 1 | N35: 0 | O35: 1 | P35: O
A36: 0 | B36: NC 91 | C36: 0.4 | D36: N | E36: SR 1247 | F36: SR 1330 | G36: NC 91 | H36: 0.525 | J36: 106136954 | K36: 43855 | L36: 21 | M36: 2 | N36: 5 | O36: 1 | P36: C
A37: 0 | B37: NC 91 | C37: 0.6 | D37: N | E37: US 258 | F37: SR 1330 | G37: NC 91 | H37: 0.6 | J37: 106360965 | K37: 44111 | L37: 17 | M37: 1 | N37: 0 | O37: 5 | P37: O
A38: 0 | B38: NC 91 | C38: 0.5 | D38: N | E38: SR 1247 | F38: SR 1358 | G38: NC 91 | H38: 0.625 | J38: 107133428 | K38: 44867 | L38: 21 | M38: 1 | N38: 5 | O38: 1 | P38: C
A39: 0 | B39: NC 91 | C39: 0.5 | D39: S | E39: SR 1358 | F39: US 258 | G39: NC 91 | H39: 0.673 | J39: 106732615 | K39: 44483 | L39: 28 | M39: 1 | N39: 0 | O39: 1 | P39: O
A40: 0 | B40: NC 91 | C40: 0.7 | D40: N | E40: SR 1247 | F40: SR 1358 | G40: NC 91 | H40: 0.825 | J40: 106764606 | K40: 44511 | L40: 17 | M40: 1 | N40: 0 | O40: 5 | P40: O
A41: 0 | B41: NC 91 | C41: 0.3 | D41: S | E41: SR 1358 | F41: SR 1247 | G41: NC 91 | H41: 0.873 | J41: 107897585 | K41: 45589 | L41: 21 | M41: 1 | N41: 0 | O41: 1 | P41: O
... A45: 0 | B45: NC 91 | C45: 1 | D45: N | E45: US 258 | F45: SR 1330 | G45: NC 91 | H45: 1 | J45: 106285135 | K45: 44034 | L45: 17 | M45: 1 | N45: 0 | O45: 5 | P45: O
A46: 46171 | B46: Page 2 of 12
A47: Muni. Code | B47: On Road | C47: Miles / Dir From | D47: From Road | E47: Toward Road | F47: Milepost Road | G47: MP | H47: MA | I47: Crash ID | J47: Date | K47: T | L47: C | M47: F | N47: L | O47: S
A48: 0 | B48: NC 91 | C48: 1 | D48: N | E48: US 258 | F48: SR 1330 | G48: NC 91 | H48: 1 | J48: 105569861 | K48: 43324 | L48: 19 | M48: 1 | N48: 0 | O48: 5 | P48: O
A49: 0 | B49: NC 91 | C49: 0.5 | D49: S | E49: SR 1330 | F49: SR 1222 | G49: NC 91 | H49: 1.063 | J49: 107158128 | K49: 44883 | L49: 19 | M49: 1 | N49: 0 | O49: 1 | P49: O
A50: 0 | B50: NC 91 | C50: 0.1 | D50: S | E50: SR 1358 | F50: US 13 | G50: NC 91 | H50: 1.073 | J50: 106563836 | K50: 44313 | L50: 28 | M50: 1 | N50: 0 | O50: 1 | P50: O
A51: 0 | B51: NC 91 | C51: 0.1 | D51: S | E51: SR 1358 | F51: SR 1222 | G51: NC 91 | H51: 1.073 | J51: 107410699 | K51: 45131 | L51: 30 | M51: 1 | N51: 0 | O51: 1 | P51: B
A52: 0 | B52: NC 91 | C52: 1.1 | D52: N | E52: US 13 | F52: SR 1358 | G52: NC 91 | H52: 1.1 | J52: 108377854 | K52: 46042 | L52: 19 | M52: 1 | N52: 10 | O52: 1 | P52: O
A53: 0 | B53: NC 91 | C53: 0 | E53: GREENE CENTRAL HIGH SCH | F53: SR 1358 | G53: NC 91 | H53: 1.119 | J53: 106858497 | K53: 44602 | L53: 24 | M53: 1 | N53: 8 | O53: 1 | P53: O
A54: 0 | B54: NC 91 | C54: 0 | E54: PVA GREENE CENTRAL | F54: SR 1358 | G54: NC 91 | H54: 1.119 | J54: 105790063 | K54: 43524 | L54: 24 | M54: 1 | N54: 4 | O54: 1 | P54: C
A55: 0 | B55: NC 91 | C55: 0 | E55: PVA GREENE CENTRAL HIGH SC | F55: SR 1358 | G55: NC 91 | H55: 1.119 | J55: 107410000 | K55: 45133 | L55: 30 | M55: 1 | N55: 8 | O55: 1 | P55: O
A56: 0 | B56: NC 91 | C56: 0 | E56: PVA GREENE CENTRAL HS | F56: SR 1330 | G56: NC 91 | H56: 1.119 | J56: 107112361 | K56: 44841 | L56: 23 | M56: 1 | N56: 4 | O56: 1 | P56: O
A57: 0 | B57: NC 91 | C57: 0 | E57: SR 1358 | F57: SR 1330 | G57: NC 91 | H57: 1.173 | J57: 106932993 | K57: 44676 | L57: 24 | M57: 1 | N57: 8 | O57: 1 | P57: B
A58: 0 | B58: NC 91 | C58: 0 | E58: SR 1358 | F58: SR 1330 | G58: NC 91 | H58: 1.173 | J58: 105493877 | K58: 43243 | L58: 24 | M58: 1 | N58: 8 | O58: 1 | P58: B
A59: 0 | B59: NC 91 | C59: 0 | E59: SR 1358 | F59: SR 1222 | G59: NC 91 | H59: 1.173 | J59: 108342608 | K59: 45999 | L59: 24 | M59: 1 | N59: 8 | O59: 1 | P59: O
A60: 0 | B60: NC 91 | C60: 0 | E60: SR 1358 | F60: SR 1330 | G60: NC 91 | H60: 1.173 | J60: 108272255 | K60: 45947 | L60: 24 | M60: 1 | N60: 8 | O60: 1 | P60: O
A61: 0 | B61: NC 91 | C61: 0 | E61: SR 1358 | F61: NC 903 | G61: NC 91 | H61: 1.173 | J61: 107835992 | K61: 45530 | L61: 24 | M61: 1 | N61: 8 | O61: 1 | P61: O
A62: 0 | B62: NC 91 | C62: 0 | E62: SR 1358 | F62: SR 1330 | G62: NC 91 | H62: 1.173 | J62: 107786892 | K62: 45463 | L62: 21 | M62: 1 | N62: 8 | O62: 1 | P62: O
A63: 0 | B63: NC 91 | C63: 0 | E63: SR 1358 | F63: SR 1330 | G63: NC 91 | H63: 1.173 | J63: 107435254 | K63: 45161 | L63: 19 | M63: 1 | N63: 8 | O63: 1 | P63: O
A64: 0 | B64: NC 91 | C64: 0 | E64: SR 1358 | F64: SR 1330 | G64: NC 91 | H64: 1.173 | J64: 107954649 | K64: 45636 | L64: 24 | M64: 2 | N64: 8 | O64: 1 | P64: O
A65: 0 | B65: NC 91 | C65: 1.25 | D65: N | E65: US 258 | F65: SR 1330 | G65: NC 91 | H65: 1.25 | J65: 105986207 | K65: 43707 | L65: 28 | M65: 1 | N65: 0 | O65: 1 | P65: O
A66: 0 | B66: NC 91 | C66: 0.2 | D66: S | E66: SR 1330 | F66: SR 1358 | G66: NC 91 | H66: 1.363 | J66: 106103515 | K66: 43820 | L66: 17 | M66: 1 | N66: 0 | O66: 3 | P66: O
A67: 0 | B67: NC 91 | C67: 0.2 | D67: S | E67: SR 1330 | F67: SR 1358 | G67: NC 91 | H67: 1.363 | J67: 107714875 | K67: 45421 | L67: 21 | M67: 2 | N67: 0 | O67: 1 | P67: B
A68: 0 | B68: NC 91 | C68: 0.2 | D68: N | E68: SR 1358 | F68: SR 1330 | G68: NC 91 | H68: 1.373 | J68: 107583604 | K68: 45293 | L68: 17 | M68: 1 | N68: 0 | O68: 5 | P68: O
A69: 0 | B69: NC 91 | C69: 0.1 | D69: S | E69: SR 1330 | F69: SR 1226 | G69: NC 91 | H69: 1.463 | J69: 107353570 | K69: 45071 | L69: 19 | M69: 1 | N69: 0 | O69: 1 | P69: O
A70: 0 | B70: NC 91 | C70: 0.1 | D70: S | E70: SR 1330 | F70: SR 1226 | G70: NC 91 | H70: 1.463 | J70: 106839283 | K70: 44580 | L70: 17 | M70: 1 | N70: 0 | O70: 3 | P70: O
A71: 0 | B71: NC 91 | C71: 0.1 | D71: S | E71: SR 1330 | F71: SR 1247 | G71: NC 91 | H71: 1.463 | J71: 106770386 | K71: 44516 | L71: 17 | M71: 1 | N71: 0 | O71: 5 | P71: O
A72: 0 | B72: NC 91 | C72: 0.1 | D72: S | E72: SR 1330 | F72: SR 1247 | G72: NC 91 | H72: 1.463 | J72: 106255812 | K72: 44000 | L72: 17 | M72: 1 | N72: 0 | O72: 1 | P72: O
A73: 0 | B73: NC 91 | C73: 0.1 | D73: S | E73: SR 1330 | F73: US 258 | G73: NC 91 | H73: 1.463 | J73: 106136525 | K73: 43847 | L73: 19 | M73: 1 | N73: 0 | O73: 1 | P73: B
A74: 0 | B74: NC 91 | C74: 0.1 | D74: S | E74: SR 1330 | F74: SR 1247 | G74: NC 91 | H74: 1.463 | J74: 105281360 | K74: 43046 | L74: 17 | M74: 2 | N74: 0 | O74: 5 | P74: O
A75: 0 | B75: NC 91 | C75: 0.1 | D75: S | E75: SR 1330 | F75: SR 1358 | G75: NC 91 | H75: 1.463 | J75: 107205020 | K75: 44931 | L75: 17 | M75: 1 | N75: 0 | O75: 2 | P75: O
A76: 0 | B76: NC 91 | C76: 0.066 | D76: S | E76: SR 1330 | F76: SR 1222 | G76: NC 91 | H76: 1.497 | J76: 108267429 | K76: 45942 | L76: 19 | M76: 2 | N76: 10 | O76: 5 | P76: O
A77: 0 | B77: NC 91 | C77: 1.5 | D77: N | E77: US 258 | F77: SR 1330 | G77: NC 91 | H77: 1.5 | J77: 107742537 | K77: 44431 | L77: 24 | M77: 1 | N77: 8 | O77: 1 | P77: B
A78: 46171 | B78: Page 3 of 12
A79: Muni. Code | B79: On Road | C79: Miles / Dir From | D79: From Road | E79: Toward Road | F79: Milepost Road | G79: MP | H79: MA | I79: Crash ID | J79: Date | K79: T | L79: C | M79: F | N79: L | O79: S
A80: 0 | B80: NC 91 | C80: 1.5 | D80: N | E80: US 258 | F80: SR 1330 | G80: NC 91 | H80: 1.5 | J80: 106619552 | K80: 44369 | L80: 19 | M80: 2 | N80: 0 | O80: 1 | P80: O
A81: 0 | B81: NC 91 | C81: 0.005 | D81: S | E81: SR 1330 | F81: SR 1222 | G81: NC 91 | H81: 1.558 | J81: 106424659 | K81: 44167 | L81: 19 | M81: 1 | N81: 0 | O81: 1 | P81: O
A82: 0 | B82: NC 91 | C82: 0 | E82: SR 1330 | F82: SR 1357 | G82: NC 91 | H82: 1.563 | J82: 106898594 | K82: 44599 | L82: 23 | M82: 2 | N82: 8 | O82: 1 | P82: O
A83: 0 | B83: NC 91 | C83: 0 | E83: SR 1330 | F83: SR 1245 | G83: NC 91 | H83: 1.563 | J83: 106829559 | K83: 44571 | L83: 30 | M83: 1 | N83: 8 | O83: 1 | P83: O
A84: 0 | B84: NC 91 | C84: 0 | E84: SR 1330 | F84: US 258 | G84: NC 91 | H84: 1.563 | J84: 106742304 | K84: 44487 | L84: 23 | M84: 1 | N84: 8 | O84: 1 | P84: C
A85: 0 | B85: NC 91 | C85: 0 | E85: SR 1330 | F85: SR 1331 | G85: NC 91 | H85: 1.563 | J85: 105747839 | K85: 43483 | L85: 23 | M85: 1 | N85: 8 | O85: 1 | P85: C
A86: 0 | B86: NC 91 | C86: 0 | E86: SR 1330 | F86: US 258 | G86: NC 91 | H86: 1.563 | J86: 105605039 | K86: 43348 | L86: 24 | M86: 1 | N86: 8 | O86: 1 | P86: C
A87: 0 | B87: NC 91 | C87: 0 | E87: SR 1330 | F87: SR 1357 | G87: NC 91 | H87: 1.563 | J87: 105510348 | K87: 43251 | L87: 23 | M87: 1 | N87: 8 | O87: 1 | P87: O
A88: 0 | B88: NC 91 | C88: 0 | E88: SR 1330 | F88: SR 1248 | G88: NC 91 | H88: 1.563 | J88: 105339042 | K88: 43102 | L88: 23 | M88: 1 | N88: 8 | O88: 1 | P88: O
A89: 0 | B89: NC 91 | C89: 0 | E89: SR 1330 | F89: SR 1358 | G89: NC 91 | H89: 1.563 | J89: 107015587 | K89: 44748 | L89: 24 | M89: 1 | N89: 9 | O89: 1 | P89: O
A90: 0 | B90: NC 91 | C90: 0 | E90: SR 1330 | F90: US 13 | G90: NC 91 | H90: 1.563 | J90: 108103793 | K90: 45782 | L90: 24 | M90: 1 | N90: 8 | O90: 1 | P90: O
A91: 0 | B91: NC 91 | C91: 0.047 | D91: N | E91: SR 1330 | F91: US 258 | G91: NC 91 | H91: 1.61 | J91: 106348862 | K91: 44092 | L91: 19 | M91: 2 | N91: 4 | O91: 5
A92: 0 | B92: NC 91 | C92: 1.5 | D92: N | E92: SR 1247 | F92: SR 1330 | G92: NC 91 | H92: 1.625 | J92: 107230094 | K92: 44956 | L92: 21 | M92: 2 | N92: 0 | O92: 1 | P92: C
A93: 0 | B93: NC 91 | C93: 0.1 | D93: N | E93: SR 1330 | F93: SR 1357 | G93: NC 91 | H93: 1.663 | J93: 106387840 | K93: 44129 | L93: 17 | M93: 2 | N93: 0 | O93: 1 | P93: O
A94: 0 | B94: NC 91 | C94: 0.1 | D94: N | E94: SR 1330 | F94: SR 1357 | G94: NC 91 | H94: 1.663 | J94: 105868857 | K94: 43603 | L94: 17 | M94: 1 | N94: 0 | O94: 5 | P94: O
A95: 0 | B95: NC 91 | C95: 0.5 | D95: N | E95: SR 1358 | F95: SR 1330 | G95: NC 91 | H95: 1.673 | J95: 107260003 | K95: 44986 | L95: 21 | M95: 1 | N95: 5 | O95: 1 | P95: O
A96: 0 | B96: NC 91 | C96: 0.2 | D96: N | E96: SR 1330 | F96: SR 1248 | G96: NC 91 | H96: 1.763 | J96: 106576313 | K96: 44312 | L96: 17 | M96: 1 | N96: 0 | O96: 3 | P96: O
A97: 0 | B97: NC 91 | C97: 0.2 | D97: N | E97: SR 1330 | F97: SR 1248 | G97: NC 91 | H97: 1.763 | J97: 106224442 | K97: 43962 | L97: 17 | M97: 1 | N97: 0 | O97: 1 | P97: O
A98: 0 | B98: NC 91 | C98: 0.2 | D98: N | E98: SR 1330 | F98: SR 1248 | G98: NC 91 | H98: 1.763 | J98: 107540108 | K98: 45253 | L98: 17 | M98: 1 | N98: 0 | O98: 5 | P98: O
A99: 0 | B99: NC 91 | C99: 0.2 | D99: N | E99: SR 1330 | F99: SR 1248 | G99: NC 91 | H99: 1.763 | J99: 107246683 | K99: 44972 | L99: 18 | M99: 1 | N99: 0 | O99: 1 | P99: O
A100: 0 | B100: NC 91 | C100: 0.4 | D100: N | E100: SR 1330 | F100: SR 1248 | G100: NC 91 | H100: 1.963 | J100: 106103368 | K100: 43819 | L100: 17 | M100: 1 | N100: 0 | O100: 5 | P100: O
A101: 0 | B101: NC 91 | C101: 0.5 | D101: N | E101: SR 1330 | F101: SR 1248 | G101: NC 91 | H101: 2.063 | J101: 106760457 | K101: 44507 | L101: 19 | M101: 1 | N101: 5 | O101: 5 | P101: O
A102: 0 | B102: NC 91 | C102: 0.5 | D102: N | E102: SR 1330 | F102: SR 1248 | G102: NC 91 | H102: 2.063 | J102: 106102017 | K102: 43817 | L102: 17 | M102: 1 | N102: 0 | O102: 5 | P102: O
A103: 0 | B103: NC 91 | C103: 0.1 | D103: S | E103: SR 1248 | F103: SR 1330 | G103: NC 91 | H103: 2.223 | J103: 106238929 | K103: 43964 | L103: 21 | M103: 1 | N103: 9 | O103: 1 | P103: O
...

Sheet Filtered Fiche
A1: Muni. Code | B1: On Road | C1: Miles | D1: Dir From | E1: From Road | F1: Toward Road | G1: Milepost Road | H1: MP | I1: IS? | J1: MA | K1: Crash ID | L1: Date | M1: T | N1: C | O1: F | P1: L | Q1: S | R1: Type | S1: Dir | T1: Comment
A2: IN STUDY
A3: 0 | B3: NC 91 | C3: 0 | E3: SR 1225 | F3: SR 1249 | G3: NC 91 | H3: 9.032 | I3: IS | K3: 106812116 | L3: 44547 | M3: 24 | N3: 1 | O3: 7 | P3: 1 | Q3: O | R3: =VLOOKUP(M3,Index!$A$1:$B$26, 2, FALSE) -> LTDR | S3: =X3 -> EBL/NBT | T3: failed to yield | V3: {=IF(AND(INDEX('Initial Study'!K:K, MATCH(K3, 'Initial Study'!B:B, 0) + 1) <> 0, INDEX('Initial Study'!K:K, MATCH(K3, 'Initial Study'!B:B, 0) + 1) <> ""), INDEX('Initial Study'!K:K, MATCH(K3, 'Initial Study'!B:B, 0) + 1), "")} -> E | W3: {=IF(AND(INDEX('Initial Study'!K:K, MATCH(K3, 'Initial Study'!B:B, 0) + 2) <> 0, INDEX('Initial Study'!K:K, MATCH(K3, 'Initial Study'!B:B, 0) + 2) <> "", NOT(ISNUMBER(INDEX('Initial Study'!K:K, MATCH(K3, 'Initial Study'!B:B, 0) + 2)))), INDEX('Initial Study'!K:K, MATCH(K3, 'Initial Study'!B:B, 0) + 2), "-")} -> N | X3: =IF(R3="RE", V3 & "BT/" & IF(W3 <> "-", W3 & "BT", ""), IF(OR(R3="LTDR", R3="LTSR"), V3 & "BL" & IF(W3 <> "-", "/" & W3 & "BT", ""), IF(OR(R3="RTDR", R3="RTSR"), V3 & "BR" & IF(W3 <> "-", "/" & W3 & "BT", ""), IF(W3 <> "-", V3 & "BT/" & W3 & "BT", V3 & "BT")))) -> EBL/NBT
A4: 0 | B4: NC 91 | C4: 0 | E4: SR 1225 | F4: SR 1249 | G4: NC 91 | H4: 9.032 | I4: IS | K4: 106226479 | L4: 43966 | M4: 30 | N4: 1 | O4: 7 | P4: 1 | Q4: O | R4: =VLOOKUP(M4,Index!$A$1:$B$26, 2, FALSE) -> angle | S4: WBT/SBT | T4: failed to yield | V4: {=IF(AND(INDEX('Initial Study'!K:K, MATCH(K4, 'Initial Study'!B:B, 0) + 1) <> 0, INDEX('Initial Study'!K:K, MATCH(K4, 'Initial Study'!B:B, 0) + 1) <> ""), INDEX('Initial Study'!K:K, MATCH(K4, 'Initial Study'!B:B, 0) + 1), "")} -> W | W4: {=IF(AND(INDEX('Initial Study'!K:K, MATCH(K4, 'Initial Study'!B:B, 0) + 2) <> 0, INDEX('Initial Study'!K:K, MATCH(K4, 'Initial Study'!B:B, 0) + 2) <> "", NOT(ISNUMBER(INDEX('Initial Study'!K:K, MATCH(K4, 'Initial Study'!B:B, 0) + 2)))), INDEX('Initial Study'!K:K, MATCH(K4, 'Initial Study'!B:B, 0) + 2), "-")} -> - | X4: =IF(R4="RE", V4 & "BT/" & IF(W4 <> "-", W4 & "BT", ""), IF(OR(R4="LTDR", R4="LTSR"), V4 & "BL" & IF(W4 <> "-", "/" & W4 & "BT", ""), IF(OR(R4="RTDR", R4="RTSR"), V4 & "BR" & IF(W4 <> "-", "/" & W4 & "BT", ""), IF(W4 <> "-", V4 & "BT/" & W4 & "BT", V4 & "BT")))) -> WBT
A5: 0 | B5: NC 91 | C5: 0 | E5: SR 1225 | F5: SR 1249 | G5: NC 91 | H5: 9.032 | I5: IS | K5: 106014182 | L5: 43742 | M5: 30 | N5: 1 | O5: 7 | P5: 1 | Q5: C | R5: =VLOOKUP(M5,Index!$A$1:$B$26, 2, FALSE) -> angle | S5: =X5 -> EBT/NBT | T5: failed to yield | V5: {=IF(AND(INDEX('Initial Study'!K:K, MATCH(K5, 'Initial Study'!B:B, 0) + 1) <> 0, INDEX('Initial Study'!K:K, MATCH(K5, 'Initial Study'!B:B, 0) + 1) <> ""), INDEX('Initial Study'!K:K, MATCH(K5, 'Initial Study'!B:B, 0) + 1), "")} -> E | W5: {=IF(AND(INDEX('Initial Study'!K:K, MATCH(K5, 'Initial Study'!B:B, 0) + 2) <> 0, INDEX('Initial Study'!K:K, MATCH(K5, 'Initial Study'!B:B, 0) + 2) <> "", NOT(ISNUMBER(INDEX('Initial Study'!K:K, MATCH(K5, 'Initial Study'!B:B, 0) + 2)))), INDEX('Initial Study'!K:K, MATCH(K5, 'Initial Study'!B:B, 0) + 2), "-")} -> N | X5: =IF(R5="RE", V5 & "BT/" & IF(W5 <> "-", W5 & "BT", ""), IF(OR(R5="LTDR", R5="LTSR"), V5 & "BL" & IF(W5 <> "-", "/" & W5 & "BT", ""), IF(OR(R5="RTDR", R5="RTSR"), V5 & "BR" & IF(W5 <> "-", "/" & W5 & "BT", ""), IF(W5 <> "-", V5 & "BT/" & W5 & "BT", V5 & "BT")))) -> EBT/NBT
A6: 0 | B6: NC 91 | C6: 0 | E6: SR 1225 | F6: SR 1249 | G6: NC 91 | H6: 9.032 | I6: IS | K6: 105843862 | L6: 43571 | M6: 30 | N6: 1 | O6: 7 | P6: 1 | Q6: C | R6: =VLOOKUP(M6,Index!$A$1:$B$26, 2, FALSE) -> angle | S6: =X6 -> EBT/NBT | T6: failed to yield | V6: {=IF(AND(INDEX('Initial Study'!K:K, MATCH(K6, 'Initial Study'!B:B, 0) + 1) <> 0, INDEX('Initial Study'!K:K, MATCH(K6, 'Initial Study'!B:B, 0) + 1) <> ""), INDEX('Initial Study'!K:K, MATCH(K6, 'Initial Study'!B:B, 0) + 1), "")} -> E | W6: {=IF(AND(INDEX('Initial Study'!K:K, MATCH(K6, 'Initial Study'!B:B, 0) + 2) <> 0, INDEX('Initial Study'!K:K, MATCH(K6, 'Initial Study'!B:B, 0) + 2) <> "", NOT(ISNUMBER(INDEX('Initial Study'!K:K, MATCH(K6, 'Initial Study'!B:B, 0) + 2)))), INDEX('Initial Study'!K:K, MATCH(K6, 'Initial Study'!B:B, 0) + 2), "-")} -> N | X6: =IF(R6="RE", V6 & "BT/" & IF(W6 <> "-", W6 & "BT", ""), IF(OR(R6="LTDR", R6="LTSR"), V6 & "BL" & IF(W6 <> "-", "/" & W6 & "BT", ""), IF(OR(R6="RTDR", R6="RTSR"), V6 & "BR" & IF(W6 <> "-", "/" & W6 & "BT", ""), IF(W6 <> "-", V6 & "BT/" & W6 & "BT", V6 & "BT")))) -> EBT/NBT
A7: 0 | B7: NC 91 | C7: 0 | E7: SR 1225 | F7: SR 1249 | G7: NC 91 | H7: 9.032 | I7: IS | K7: 105685815 | L7: 43422 | M7: 30 | N7: 1 | O7: 7 | P7: 1 | Q7: O | R7: =VLOOKUP(M7,Index!$A$1:$B$26, 2, FALSE) -> angle | S7: EBT/NBT | T7: failed to yield | V7: {=IF(AND(INDEX('Initial Study'!K:K, MATCH(K7, 'Initial Study'!B:B, 0) + 1) <> 0, INDEX('Initial Study'!K:K, MATCH(K7, 'Initial Study'!B:B, 0) + 1) <> ""), INDEX('Initial Study'!K:K, MATCH(K7, 'Initial Study'!B:B, 0) + 1), "")} -> NE | W7: {=IF(AND(INDEX('Initial Study'!K:K, MATCH(K7, 'Initial Study'!B:B, 0) + 2) <> 0, INDEX('Initial Study'!K:K, MATCH(K7, 'Initial Study'!B:B, 0) + 2) <> "", NOT(ISNUMBER(INDEX('Initial Study'!K:K, MATCH(K7, 'Initial Study'!B:B, 0) + 2)))), INDEX('Initial Study'!K:K, MATCH(K7, 'Initial Study'!B:B, 0) + 2), "-")} -> N | X7: =IF(R7="RE", V7 & "BT/" & IF(W7 <> "-", W7 & "BT", ""), IF(OR(R7="LTDR", R7="LTSR"), V7 & "BL" & IF(W7 <> "-", "/" & W7 & "BT", ""), IF(OR(R7="RTDR", R7="RTSR"), V7 & "BR" & IF(W7 <> "-", "/" & W7 & "BT", ""), IF(W7 <> "-", V7 & "BT/" & W7 & "BT", V7 & "BT")))) -> NEBT/NBT
A8: 0 | B8: NC 91 | C8: 0 | E8: SR 1225 | F8: SR 1226 | G8: NC 91 | H8: 9.032 | I8: IS | K8: 105366208 | L8: 43122 | M8: 30 | N8: 1 | O8: 7 | P8: 1 | Q8: O | R8: =VLOOKUP(M8,Index!$A$1:$B$26, 2, FALSE) -> angle | S8: EBT/NBT | T8: failed to yield | V8: {=IF(AND(INDEX('Initial Study'!K:K, MATCH(K8, 'Initial Study'!B:B, 0) + 1) <> 0, INDEX('Initial Study'!K:K, MATCH(K8, 'Initial Study'!B:B, 0) + 1) <> ""), INDEX('Initial Study'!K:K, MATCH(K8, 'Initial Study'!B:B, 0) + 1), "")} -> NE | W8: {=IF(AND(INDEX('Initial Study'!K:K, MATCH(K8, 'Initial Study'!B:B, 0) + 2) <> 0, INDEX('Initial Study'!K:K, MATCH(K8, 'Initial Study'!B:B, 0) + 2) <> "", NOT(ISNUMBER(INDEX('Initial Study'!K:K, MATCH(K8, 'Initial Study'!B:B, 0) + 2)))), INDEX('Initial Study'!K:K, MATCH(K8, 'Initial Study'!B:B, 0) + 2), "-")} -> N | X8: =IF(R8="RE", V8 & "BT/" & IF(W8 <> "-", W8 & "BT", ""), IF(OR(R8="LTDR", R8="LTSR"), V8 & "BL" & IF(W8 <> "-", "/" & W8 & "BT", ""), IF(OR(R8="RTDR", R8="RTSR"), V8 & "BR" & IF(W8 <> "-", "/" & W8 & "BT", ""), IF(W8 <> "-", V8 & "BT/" & W8 & "BT", V8 & "BT")))) -> NEBT/NBT
A9: 0 | B9: NC 91 | C9: 0 | E9: SR 1225 | F9: SR 1226 | G9: NC 91 | H9: 9.032 | I9: IS | K9: 106038472 | L9: 43745 | M9: 24 | N9: 1 | O9: 7 | P9: 1 | Q9: C | R9: =VLOOKUP(M9,Index!$A$1:$B$26, 2, FALSE) -> LTDR | S9: =X9 -> EBL/NBT | T9: failed to yield | V9: {=IF(AND(INDEX('Initial Study'!K:K, MATCH(K9, 'Initial Study'!B:B, 0) + 1) <> 0, INDEX('Initial Study'!K:K, MATCH(K9, 'Initial Study'!B:B, 0) + 1) <> ""), INDEX('Initial Study'!K:K, MATCH(K9, 'Initial Study'!B:B, 0) + 1), "")} -> E | W9: {=IF(AND(INDEX('Initial Study'!K:K, MATCH(K9, 'Initial Study'!B:B, 0) + 2) <> 0, INDEX('Initial Study'!K:K, MATCH(K9, 'Initial Study'!B:B, 0) + 2) <> "", NOT(ISNUMBER(INDEX('Initial Study'!K:K, MATCH(K9, 'Initial Study'!B:B, 0) + 2)))), INDEX('Initial Study'!K:K, MATCH(K9, 'Initial Study'!B:B, 0) + 2), "-")} -> N | X9: =IF(R9="RE", V9 & "BT/" & IF(W9 <> "-", W9 & "BT", ""), IF(OR(R9="LTDR", R9="LTSR"), V9 & "BL" & IF(W9 <> "-", "/" & W9 & "BT", ""), IF(OR(R9="RTDR", R9="RTSR"), V9 & "BR" & IF(W9 <> "-", "/" & W9 & "BT", ""), IF(W9 <> "-", V9 & "BT/" & W9 & "BT", V9 & "BT")))) -> EBL/NBT
A10: 0 | B10: NC 91 | C10: 0 | E10: SR 1225 | F10: SR 1249 | G10: NC 91 | H10: 9.032 | I10: IS | K10: 107856191 | L10: 45554 | M10: 30 | N10: 1 | O10: 7 | P10: 1 | Q10: O | R10: =VLOOKUP(M10,Index!$A$1:$B$26, 2, FALSE) -> angle | S10: NBT/EBT | T10: ran stop sign | V10: {=IF(AND(INDEX('Initial Study'!K:K, MATCH(K10, 'Initial Study'!B:B, 0) + 1) <> 0, INDEX('Initial Study'!K:K, MATCH(K10, 'Initial Study'!B:B, 0) + 1) <> ""), INDEX('Initial Study'!K:K, MATCH(K10, 'Initial Study'!B:B, 0) + 1), "")} -> N | W10: {=IF(AND(INDEX('Initial Study'!K:K, MATCH(K10, 'Initial Study'!B:B, 0) + 2) <> 0, INDEX('Initial Study'!K:K, MATCH(K10, 'Initial Study'!B:B, 0) + 2) <> "", NOT(ISNUMBER(INDEX('Initial Study'!K:K, MATCH(K10, 'Initial Study'!B:B, 0) + 2)))), INDEX('Initial Study'!K:K, MATCH(K10, 'Initial Study'!B:B, 0) + 2), "-")} -> SE | X10: =IF(R10="RE", V10 & "BT/" & IF(W10 <> "-", W10 & "BT", ""), IF(OR(R10="LTDR", R10="LTSR"), V10 & "BL" & IF(W10 <> "-", "/" & W10 & "BT", ""), IF(OR(R10="RTDR", R10="RTSR"), V10 & "BR" & IF(W10 <> "-", "/" & W10 & "BT", ""), IF(W10 <> "-", V10 & "BT/" & W10 & "BT", V10 & "BT")))) -> NBT/SEBT
A11: 0 | B11: NC 91 | C11: 0 | E11: SR 1303 | F11: SR 1249 | G11: NC 91 | H11: 9.032 | I11: IS | K11: 105880887 | L11: 43614 | M11: 30 | N11: 1 | O11: 7 | P11: 1 | Q11: C | R11: =VLOOKUP(M11,Index!$A$1:$B$26, 2, FALSE) -> angle | S11: =X11 -> WBT/SBT | T11: failed to yield | V11: {=IF(AND(INDEX('Initial Study'!K:K, MATCH(K11, 'Initial Study'!B:B, 0) + 1) <> 0, INDEX('Initial Study'!K:K, MATCH(K11, 'Initial Study'!B:B, 0) + 1) <> ""), INDEX('Initial Study'!K:K, MATCH(K11, 'Initial Study'!B:B, 0) + 1), "")} -> W | W11: {=IF(AND(INDEX('Initial Study'!K:K, MATCH(K11, 'Initial Study'!B:B, 0) + 2) <> 0, INDEX('Initial Study'!K:K, MATCH(K11, 'Initial Study'!B:B, 0) + 2) <> "", NOT(ISNUMBER(INDEX('Initial Study'!K:K, MATCH(K11, 'Initial Study'!B:B, 0) + 2)))), INDEX('Initial Study'!K:K, MATCH(K11, 'Initial Study'!B:B, 0) + 2), "-")} -> S | X11: =IF(R11="RE", V11 & "BT/" & IF(W11 <> "-", W11 & "BT", ""), IF(OR(R11="LTDR", R11="LTSR"), V11 & "BL" & IF(W11 <> "-", "/" & W11 & "BT", ""), IF(OR(R11="RTDR", R11="RTSR"), V11 & "BR" & IF(W11 <> "-", "/" & W11 & "BT", ""), IF(W11 <> "-", V11 & "BT/" & W11 & "BT", V11 & "BT")))) -> WBT/SBT
A12: 0 | B12: NC 91 | C12: 0 | E12: SR 1303 | F12: SR 1313 | G12: NC 91 | H12: 9.032 | I12: IS | K12: 105543910 | L12: 43297 | M12: 24 | N12: 1 | O12: 7 | P12: 1 | Q12: O | R12: =VLOOKUP(M12,Index!$A$1:$B$26, 2, FALSE) -> LTDR | S12: WBL/SBT | T12: failed to yield | V12: {=IF(AND(INDEX('Initial Study'!K:K, MATCH(K12, 'Initial Study'!B:B, 0) + 1) <> 0, INDEX('Initial Study'!K:K, MATCH(K12, 'Initial Study'!B:B, 0) + 1) <> ""), INDEX('Initial Study'!K:K, MATCH(K12, 'Initial Study'!B:B, 0) + 1), "")} -> S | W12: {=IF(AND(INDEX('Initial Study'!K:K, MATCH(K12, 'Initial Study'!B:B, 0) + 2) <> 0, INDEX('Initial Study'!K:K, MATCH(K12, 'Initial Study'!B:B, 0) + 2) <> "", NOT(ISNUMBER(INDEX('Initial Study'!K:K, MATCH(K12, 'Initial Study'!B:B, 0) + 2)))), INDEX('Initial Study'!K:K, MATCH(K12, 'Initial Study'!B:B, 0) + 2), "-")} -> S | X12: =IF(R12="RE", V12 & "BT/" & IF(W12 <> "-", W12 & "BT", ""), IF(OR(R12="LTDR", R12="LTSR"), V12 & "BL" & IF(W12 <> "-", "/" & W12 & "BT", ""), IF(OR(R12="RTDR", R12="RTSR"), V12 & "BR" & IF(W12 <> "-", "/" & W12 & "BT", ""), IF(W12 <> "-", V12 & "BT/" & W12 & "BT", V12 & "BT")))) -> SBL/SBT
A14: NOT IN STUDY - REPORT REVIEWED
A15: 0 | B15: NC 91 | C15: 0.1 | D15: N | E15: SR 1300 | F15: SR 1225 | G15: NC 91 | H15: 3.46 | I15: NIS | K15: 106445553 | L15: 44188 | M15: 17 | N15: 1 | O15: 0 | P15: 5 | Q15: O | R15: =VLOOKUP(M15,Index!$A$1:$B$26, 2, FALSE) -> animal
A16: 0 | B16: NC 91 | C16: 0.5 | D16: N | E16: SR 1239 | F16: SR 1225 | G16: NC 91 | H16: 7.33 | I16: NIS | K16: 106945246 | L16: 44685 | M16: 17 | N16: 1 | O16: 0 | P16: 5 | Q16: O | R16: =VLOOKUP(M16,Index!$A$1:$B$26, 2, FALSE) -> animal
A17: 0 | B17: NC 91 | C17: 0.2 | D17: E | E17: SR 1313 | F17: SR 1225 | G17: NC 91 | H17: 8 | I17: NIS | K17: 105746262 | L17: 43480 | M17: 17 | N17: 1 | O17: 0 | P17: 5 | Q17: O | R17: =VLOOKUP(M17,Index!$A$1:$B$26, 2, FALSE) -> animal
A18: 0 | B18: NC 91 | C18: 0.1 | D18: N | E18: SR 1249 | F18: SR 1225 | G18: NC 91 | H18: 8.51 | I18: NIS | K18: 105276544 | L18: 43040 | M18: 22 | N18: 1 | O18: 0 | P18: 5 | Q18: O | R18: =VLOOKUP(M18,Index!$A$1:$B$26, 2, FALSE) -> RE-T | T18: not at an intersection
A19: 0 | B19: NC 91 | C19: 0.3 | D19: N | E19: SR 1249 | F19: SR 1303 | G19: NC 91 | H19: 8.71 | I19: NIS | K19: 107364880 | L19: 45085 | M19: 17 | N19: 1 | O19: 0 | P19: 5 | Q19: O | R19: =VLOOKUP(M19,Index!$A$1:$B$26, 2, FALSE) -> animal
A20: 0 | B20: NC 91 | C20: 0.3 | D20: S | E20: SR 1225 | F20: SR 1249 | G20: NC 91 | H20: 8.732 | I20: NIS | K20: 105332237 | L20: 43092 | M20: 17 | N20: 1 | O20: 0 | P20: 1 | Q20: O | R20: =VLOOKUP(M20,Index!$A$1:$B$26, 2, FALSE) -> animal
A21: 0 | B21: NC 91 | C21: 0.1 | D21: S | E21: SR 1225 | F21: SR 1303 | G21: NC 91 | H21: 8.932 | I21: NIS | K21: 105981611 | L21: 43713 | M21: 19 | N21: 2 | O21: 0 | P21: 1 | Q21: O | R21: =VLOOKUP(M21,Index!$A$1:$B$26, 2, FALSE) -> FO | T21: not at an intersection
A22: 0 | B22: NC 91 | C22: 0.076 | D22: N | E22: SR 1303 | F22: MAIN | G22: NC 91 | H22: 9.108 | I22: NIS | K22: 107782765 | L22: 45485 | M22: 21 | N22: 2 | O22: 0 | P22: 1 | Q22: O | R22: =VLOOKUP(M22,Index!$A$1:$B$26, 2, FALSE) -> RE | T22: not at an intersection
A23: 0 | B23: NC 91 | C23: 0.1 | D23: N | E23: SR 1225 | F23: WHITLEY | G23: NC 91 | H23: 9.132 | I23: NIS | K23: 106905526 | L23: 44646 | M23: 17 | N23: 1 | O23: 0 | P23: 1 | Q23: O | R23: =VLOOKUP(M23,Index!$A$1:$B$26, 2, FALSE) -> animal
A24: 0 | B24: NC 91 | C24: 0.1 | D24: N | E24: SR 1303 | F24: MAIN | G24: NC 91 | H24: 9.132 | I24: NIS | K24: 108117743 | L24: 45797 | M24: 17 | N24: 1 | O24: 0 | P24: 1 | Q24: O | R24: =VLOOKUP(M24,Index!$A$1:$B$26, 2, FALSE) -> animal
A25: 0 | B25: NC 91 | C25: 0.2 | D25: N | E25: SR 1225 | F25: MAIN | G25: NC 91 | H25: 9.232 | I25: NIS | K25: 106249150 | L25: 43992 | M25: 17 | N25: 1 | O25: 0 | P25: 5 | Q25: O | R25: =VLOOKUP(M25,Index!$A$1:$B$26, 2, FALSE) -> animal
A26: 0 | B26: NC 91 | C26: 0.2 | D26: N | E26: SR 1303 | F26: SR 1226 | G26: NC 91 | H26: 9.232 | I26: NIS | K26: 106492243 | L26: 44243 | M26: 19 | N26: 1 | O26: 5 | P26: 5 | Q26: C | R26: =VLOOKUP(M26,Index!$A$1:$B$26, 2, FALSE) -> FO | T26: not at an intersection
A27: 0 | B27: NC 91 | C27: 0.3 | D27: N | E27: SR 1225 | F27: SR 1226 | G27: NC 91 | H27: 9.332 | I27: NIS | K27: 105414696 | L27: 43174 | M27: 17 | N27: 1 | O27: 5 | P27: 1 | Q27: O | R27: =VLOOKUP(M27,Index!$A$1:$B$26, 2, FALSE) -> animal
A28: 576 | B28: NC 91 | C28: 0.7 | D28: N | E28: SR 1303 | F28: SR 1226 | G28: NC 91 | H28: 9.732 | I28: NIS | K28: 107245537 | L28: 44972 | M28: 17 | N28: 1 | O28: 0 | P28: 5 | Q28: O | R28: =VLOOKUP(M28,Index!$A$1:$B$26, 2, FALSE) -> animal
A29: 576 | B29: NC 91 | C29: 0.076 | D29: S | E29: SR 1226 | F29: SR 1303 | G29: NC 91 | H29: 9.903 | I29: NIS | K29: 108422243 | L29: 46079 | M29: 19 | N29: 2 | O29: 0 | P29: 1 | Q29: O | R29: =VLOOKUP(M29,Index!$A$1:$B$26, 2, FALSE) -> FO | T29: not at an intersection
A30: 576 | B30: NC 91 | C30: 0.1 | D30: S | E30: NC 91 | F30: SR 1226 | G30: NC 91 | H30: 999.999 | I30: NIS | K30: 106335461 | L30: 44082 | M30: 19 | N30: 2 | O30: 0 | P30: 1 | Q30: C | R30: =VLOOKUP(M30,Index!$A$1:$B$26, 2, FALSE) -> FO | T30: not at an intersection
A31: 0 | B31: NC 91 | C31: 0.6 | D31: S | E31: SR 1302 | F31: NC 91 | G31: NC 91 | H31: 999.999 | I31: NIS | K31: 107808878 | L31: 45491 | M31: 19 | N31: 1 | O31: 0 | P31: 1 | Q31: O | R31: =VLOOKUP(M31,Index!$A$1:$B$26, 2, FALSE) -> FO | T31: not at an intersection
A32: 0 | B32: SR 1225 | C32: 0.2 | D32: E | E32: SR 1249 | F32: NC 91 | G32: SR 1225 | H32: 7.57 | K32: 106957216 | L32: 44695 | M32: 19 | N32: 1 | O32: 0 | P32: 1 | Q32: A | R32: =VLOOKUP(M32,Index!$A$1:$B$26, 2, FALSE) -> FO | T32: not at an intersection
A33: 0 | B33: SR 1225 | C33: 0.5 | D33: N | E33: SR 1249 | F33: NC 91 | G33: SR 1225 | H33: 7.87 | K33: 106871677 | L33: 44613 | M33: 17 | N33: 1 | O33: 0 | P33: 5 | Q33: O | R33: =VLOOKUP(M33,Index!$A$1:$B$26, 2, FALSE) -> animal
A34: 0 | B34: SR 1225 | C34: 1.75 | D34: N | E34: NC 91 | F34: SR 1227 | G34: SR 1225 | H34: 8.091 | K34: 106637614 | L34: 44394 | M34: 17 | N34: 1 | O34: 0 | P34: 5 | Q34: O | R34: =VLOOKUP(M34,Index!$A$1:$B$26, 2, FALSE) -> animal
A35: 576 | B35: SR 1228 | C35: 0 | E35: NC 91 | F35: SR 1226 | G35: SR 1228 | H35: 0 | K35: 107064237 | L35: 44802 | M35: 19 | N35: 1 | O35: 8 | P35: 1 | Q35: O | R35: =VLOOKUP(M35,Index!$A$1:$B$26, 2, FALSE) -> FO | T35: not at an intersection
A36: 0 | B36: SR 1230 | C36: 0.015 | D36: S | E36: NC 91 | F36: SR 1237 | G36: SR 1230 | H36: 999.999 | K36: 105386275 | L36: 43148 | M36: 31 | N36: 1 | O36: 0 | P36: 1 | Q36: O | R36: =VLOOKUP(M36,Index!$A$1:$B$26, 2, FALSE) -> backing | T36: not at an intersection
A37: 0 | B37: SR 1237 | C37: 0 | E37: NC 91 | F37: PRIVATE PROPERTY | G37: SR 1237 | H37: 2.049 | K37: 106206609 | L37: 43938 | M37: 19 | N37: 1 | O37: 8 | P37: 5 | R37: =VLOOKUP(M37,Index!$A$1:$B$26, 2, FALSE) -> FO | T37: not at an intersection
A38: 0 | B38: SR 1303 | C38: 0.1 | D38: S | E38: SR 1302 | F38: NC 91 | G38: SR 1303 | H38: 0.681 | K38: 107204732 | L38: 44931 | M38: 19 | N38: 1 | O38: 0 | P38: 1 | Q38: O | R38: =VLOOKUP(M38,Index!$A$1:$B$26, 2, FALSE) -> FO | T38: not at an intersection
A39: 0 | B39: SR 1303 | C39: 0.3 | D39: E | E39: NC 91 | F39: SR 1302 | G39: SR 1303 | H39: 0.3 | K39: 108348926 | L39: 46006 | M39: 17 | N39: 1 | O39: 0 | P39: 5 | Q39: O | R39: =VLOOKUP(M39,Index!$A$1:$B$26, 2, FALSE) -> animal
A41: NOT IN STUDY - REPORT NOT REVIEWED
A42: 0 | B42: I 587 | C42: 0.019 | D42: W | E42: NC 91 | F42: *MILE 41 | G42: I 587 | H42: 3.046 | I42: NIS | K42: 108280159 | L42: 45954 | M42: 17 | N42: 1 | O42: 16 | P42: 5 | Q42: O
A43: 0 | B43: US 264 | C43: 0 | E43: NC 91 | F43: *MILE 59 | G43: I 587 | H43: 3.066 | I43: NIS | J43: Y | K43: 106760348 | L43: 44505 | M43: 28 | N43: 1 | O43: 0 | P43: 5 | Q43: O
A44: 0 | B44: NC 58 | C44: 0 | E44: SR 1225 | F44: SR 1253 | G44: NC 58 | H44: 17.354 | I44: NIS | K44: 107899906 | L44: 45591 | M44: 30 | N44: 1 | O44: 7 | P44: 1 | Q44: B
A45: 0 | B45: NC 58 | C45: 0 | E45: SR 1225 | F45: SR 1253 | G45: NC 58 | H45: 17.354 | I45: NIS | K45: 108430264 | L45: 46092 | M45: 30 | N45: 1 | O45: 7 | P45: 1 | Q45: C
A46: 0 | B46: NC 58 | C46: 0 | E46: SR 1225 | F46: SR 1253 | G46: NC 58 | H46: 17.354 | I46: NIS | K46: 108202953 | L46: 45884 | M46: 30 | N46: 1 | O46: 7 | P46: 1 | Q46: B
A47: 0 | B47: NC 58 | C47: 0 | E47: SR 1225 | F47: SR 1217 | G47: NC 58 | H47: 17.354 | I47: NIS | K47: 108160977 | L47: 45840 | M47: 30 | N47: 1 | O47: 7 | P47: 1 | Q47: O
A48: 0 | B48: NC 91 | C48: 0 | E48: US 258 | F48: SR 1247 | G48: NC 91 | H48: 0 | I48: NIS | K48: 107467120 | L48: 45192 | M48: 30 | N48: 2 | O48: 7 | P48: 1 | Q48: O
A49: 0 | B49: NC 91 | C49: 0 | E49: US 258 | F49: SR 1400 | G49: NC 91 | H49: 0 | I49: NIS | K49: 106589495 | L49: 44344 | M49: 30 | N49: 1 | O49: 7 | P49: 1 | Q49: O
A50: 0 | B50: NC 91 | C50: 0.095 | D50: S | E50: US 258 | F50: SECOND | G50: NC 91 | H50: 0 | I50: NIS | K50: 107214302 | L50: 44939 | M50: 19 | N50: 2 | O50: 0 | P50: 4 | Q50: O
A51: 0 | B51: NC 91 | C51: 0.009 | D51: N | E51: US 258 | F51: SR 1247 | G51: NC 91 | H51: 0.009 | I51: NIS | K51: 106362782 | L51: 44113 | M51: 19 | N51: 1 | O51: 7 | P51: 5 | Q51: O
A52: 0 | B52: NC 91 | C52: 0.1 | D52: S | E52: SR 1247 | F52: US 13 | G52: NC 91 | H52: 0.025 | I52: NIS | K52: 107835963 | L52: 45521 | M52: 21 | N52: 1 | O52: 12 | P52: 1 | Q52: O
A53: 0 | B53: NC 91 | C53: 0.1 | D53: N | E53: US 258 | F53: SR 1247 | G53: NC 91 | H53: 0.1 | I53: NIS | K53: 105523576 | L53: 43267 | M53: 13 | N53: 1 | O53: 0 | P53: 5 | Q53: O
A54: 0 | B54: NC 91 | C54: 0 | E54: SR 1364 | F54: SR 1330 | G54: NC 91 | H54: 0.125 | I54: NIS | K54: 105588011 | L54: 43340 | M54: 25 | N54: 1 | O54: 7 | P54: 1 | Q54: O
A55: 0 | B55: NC 91 | C55: 0 | E55: SR 1364 | F55: SR 1330 | G55: NC 91 | H55: 0.125 | I55: NIS | K55: 105802310 | L55: 43536 | M55: 25 | N55: 1 | O55: 7 | P55: 1 | Q55: O
A56: 0 | B56: NC 91 | C56: 0.2 | D56: N | E56: US 258 | F56: US 13 | G56: NC 91 | H56: 0.2 | I56: NIS | K56: 106387930 | L56: 44132 | M56: 17 | N56: 1 | O56: 0 | P56: 1 | Q56: O
A57: 0 | B57: NC 91 | C57: 0.3 | D57: N | E57: SR 1247 | F57: SR 1330 | G57: NC 91 | H57: 0.425 | I57: NIS | K57: 107704191 | L57: 45413 | M57: 19 | N57: 1 | O57: 0 | P57: 5 | Q57: O
A58: 0 | B58: NC 91 | C58: 0.3 | D58: N | E58: SR 1247 | F58: SR 1358 | G58: NC 91 | H58: 0.425 | I58: NIS | K58: 107806612 | L58: 45506 | M58: 17 | N58: 1 | O58: 0 | P58: 5 | Q58: O
A59: 0 | B59: NC 91 | C59: 0.5 | D59: N | E59: US 13 | F59: SR 1357 | G59: NC 91 | H59: 0.5 | I59: NIS | K59: 106423037 | L59: 44166 | M59: 21 | N59: 1 | O59: 0 | P59: 1 | Q59: O
A60: 0 | B60: NC 91 | C60: 0.5 | D60: N | E60: US 258 | F60: SR 1226 | G60: NC 91 | H60: 0.5 | I60: NIS | K60: 106831693 | L60: 44572 | M60: 19 | N60: 1 | O60: 8 | P60: 1 | Q60: O
A61: 0 | B61: NC 91 | C61: 0.5 | D61: N | E61: US 258 | F61: SR 1330 | G61: NC 91 | H61: 0.5 | I61: NIS | K61: 106536246 | L61: 44292 | M61: 17 | N61: 1 | O61: 0 | P61: 1 | Q61: O
A62: 0 | B62: NC 91 | C62: 0.4 | D62: N | E62: SR 1247 | F62: SR 1330 | G62: NC 91 | H62: 0.525 | I62: NIS | K62: 106136954 | L62: 43855 | M62: 21 | N62: 2 | O62: 5 | P62: 1 | Q62: C
A63: 0 | B63: NC 91 | C63: 0.6 | D63: N | E63: US 258 | F63: SR 1330 | G63: NC 91 | H63: 0.6 | I63: NIS | K63: 106360965 | L63: 44111 | M63: 17 | N63: 1 | O63: 0 | P63: 5 | Q63: O
A64: 0 | B64: NC 91 | C64: 0.5 | D64: N | E64: SR 1247 | F64: SR 1358 | G64: NC 91 | H64: 0.625 | I64: NIS | K64: 107133428 | L64: 44867 | M64: 21 | N64: 1 | O64: 5 | P64: 1 | Q64: C
A65: 0 | B65: NC 91 | C65: 0.5 | D65: S | E65: SR 1358 | F65: US 258 | G65: NC 91 | H65: 0.673 | I65: NIS | K65: 106732615 | L65: 44483 | M65: 28 | N65: 1 | O65: 0 | P65: 1 | Q65: O
A66: 0 | B66: NC 91 | C66: 0.7 | D66: N | E66: SR 1247 | F66: SR 1358 | G66: NC 91 | H66: 0.825 | I66: NIS | K66: 106764606 | L66: 44511 | M66: 17 | N66: 1 | O66: 0 | P66: 5 | Q66: O
A67: 0 | B67: NC 91 | C67: 0.3 | D67: S | E67: SR 1358 | F67: SR 1247 | G67: NC 91 | H67: 0.873 | I67: NIS | K67: 107897585 | L67: 45589 | M67: 21 | N67: 1 | O67: 0 | P67: 1 | Q67: O
... A76: 0 | B76: NC 91 | C76: 1.1 | D76: N | E76: US 13 | F76: SR 1358 | G76: NC 91 | H76: 1.1 | I76: NIS | K76: 108377854 | L76: 46042 | M76: 19 | N76: 1 | O76: 10 | P76: 1 | Q76: O
A77: 0 | B77: NC 91 | C77: 0 | E77: GREENE CENTRAL HIGH SCH | F77: SR 1358 | G77: NC 91 | H77: 1.119 | I77: NIS | K77: 106858497 | L77: 44602 | M77: 24 | N77: 1 | O77: 8 | P77: 1 | Q77: O
A78: 0 | B78: NC 91 | C78: 0 | E78: PVA GREENE CENTRAL | F78: SR 1358 | G78: NC 91 | H78: 1.119 | I78: NIS | K78: 105790063 | L78: 43524 | M78: 24 | N78: 1 | O78: 4 | P78: 1 | Q78: C
A79: 0 | B79: NC 91 | C79: 0 | E79: PVA GREENE CENTRAL HIGH SC | F79: SR 1358 | G79: NC 91 | H79: 1.119 | I79: NIS | K79: 107410000 | L79: 45133 | M79: 30 | N79: 1 | O79: 8 | P79: 1 | Q79: O
A80: 0 | B80: NC 91 | C80: 0 | E80: PVA GREENE CENTRAL HS | F80: SR 1330 | G80: NC 91 | H80: 1.119 | I80: NIS | K80: 107112361 | L80: 44841 | M80: 23 | N80: 1 | O80: 4 | P80: 1 | Q80: O
A81: 0 | B81: NC 91 | C81: 0 | E81: SR 1358 | F81: SR 1330 | G81: NC 91 | H81: 1.173 | I81: NIS | K81: 106932993 | L81: 44676 | M81: 24 | N81: 1 | O81: 8 | P81: 1 | Q81: B
A82: 0 | B82: NC 91 | C82: 0 | E82: SR 1358 | F82: SR 1330 | G82: NC 91 | H82: 1.173 | I82: NIS | K82: 105493877 | L82: 43243 | M82: 24 | N82: 1 | O82: 8 | P82: 1 | Q82: B
A83: 0 | B83: NC 91 | C83: 0 | E83: SR 1358 | F83: SR 1222 | G83: NC 91 | H83: 1.173 | I83: NIS | K83: 108342608 | L83: 45999 | M83: 24 | N83: 1 | O83: 8 | P83: 1 | Q83: O
A84: 0 | B84: NC 91 | C84: 0 | E84: SR 1358 | F84: SR 1330 | G84: NC 91 | H84: 1.173 | I84: NIS | K84: 108272255 | L84: 45947 | M84: 24 | N84: 1 | O84: 8 | P84: 1 | Q84: O
A85: 0 | B85: NC 91 | C85: 0 | E85: SR 1358 | F85: NC 903 | G85: NC 91 | H85: 1.173 | I85: NIS | K85: 107835992 | L85: 45530 | M85: 24 | N85: 1 | O85: 8 | P85: 1 | Q85: O
A86: 0 | B86: NC 91 | C86: 0 | E86: SR 1358 | F86: SR 1330 | G86: NC 91 | H86: 1.173 | I86: NIS | K86: 107786892 | L86: 45463 | M86: 21 | N86: 1 | O86: 8 | P86: 1 | Q86: O
A87: 0 | B87: NC 91 | C87: 0 | E87: SR 1358 | F87: SR 1330 | G87: NC 91 | H87: 1.173 | I87: NIS | K87: 107435254 | L87: 45161 | M87: 19 | N87: 1 | O87: 8 | P87: 1 | Q87: O
A88: 0 | B88: NC 91 | C88: 0 | E88: SR 1358 | F88: SR 1330 | G88: NC 91 | H88: 1.173 | I88: NIS | K88: 107954649 | L88: 45636 | M88: 24 | N88: 2 | O88: 8 | P88: 1 | Q88: O
A89: 0 | B89: NC 91 | C89: 1.25 | D89: N | E89: US 258 | F89: SR 1330 | G89: NC 91 | H89: 1.25 | I89: NIS | K89: 105986207 | L89: 43707 | M89: 28 | N89: 1 | O89: 0 | P89: 1 | Q89: O
A90: 0 | B90: NC 91 | C90: 0.2 | D90: S | E90: SR 1330 | F90: SR 1358 | G90: NC 91 | H90: 1.363 | I90: NIS | K90: 106103515 | L90: 43820 | M90: 17 | N90: 1 | O90: 0 | P90: 3 | Q90: O
A91: 0 | B91: NC 91 | C91: 0.2 | D91: S | E91: SR 1330 | F91: SR 1358 | G91: NC 91 | H91: 1.363 | I91: NIS | K91: 107714875 | L91: 45421 | M91: 21 | N91: 2 | O91: 0 | P91: 1 | Q91: B
A92: 0 | B92: NC 91 | C92: 0.2 | D92: N | E92: SR 1358 | F92: SR 1330 | G92: NC 91 | H92: 1.373 | I92: NIS | K92: 107583604 | L92: 45293 | M92: 17 | N92: 1 | O92: 0 | P92: 5 | Q92: O
A93: 0 | B93: NC 91 | C93: 0.1 | D93: S | E93: SR 1330 | F93: SR 1226 | G93: NC 91 | H93: 1.463 | I93: NIS | K93: 107353570 | L93: 45071 | M93: 19 | N93: 1 | O93: 0 | P93: 1 | Q93: O
A94: 0 | B94: NC 91 | C94: 0.1 | D94: S | E94: SR 1330 | F94: SR 1226 | G94: NC 91 | H94: 1.463 | I94: NIS | K94: 106839283 | L94: 44580 | M94: 17 | N94: 1 | O94: 0 | P94: 3 | Q94: O
A95: 0 | B95: NC 91 | C95: 0.1 | D95: S | E95: SR 1330 | F95: SR 1247 | G95: NC 91 | H95: 1.463 | I95: NIS | K95: 106770386 | L95: 44516 | M95: 17 | N95: 1 | O95: 0 | P95: 5 | Q95: O
A96: 0 | B96: NC 91 | C96: 0.1 | D96: S | E96: SR 1330 | F96: SR 1247 | G96: NC 91 | H96: 1.463 | I96: NIS | K96: 106255812 | L96: 44000 | M96: 17 | N96: 1 | O96: 0 | P96: 1 | Q96: O
A97: 0 | B97: NC 91 | C97: 0.1 | D97: S | E97: SR 1330 | F97: US 258 | G97: NC 91 | H97: 1.463 | I97: NIS | K97: 106136525 | L97: 43847 | M97: 19 | N97: 1 | O97: 0 | P97: 1 | Q97: B
A98: 0 | B98: NC 91 | C98: 0.1 | D98: S | E98: SR 1330 | F98: SR 1247 | G98: NC 91 | H98: 1.463 | I98: NIS | K98: 105281360 | L98: 43046 | M98: 17 | N98: 2 | O98: 0 | P98: 5 | Q98: O
A99: 0 | B99: NC 91 | C99: 0.1 | D99: S | E99: SR 1330 | F99: SR 1358 | G99: NC 91 | H99: 1.463 | I99: NIS | K99: 107205020 | L99: 44931 | M99: 17 | N99: 1 | O99: 0 | P99: 2 | Q99: O
A100: 0 | B100: NC 91 | C100: 0.066 | D100: S | E100: SR 1330 | F100: SR 1222 | G100: NC 91 | H100: 1.497 | I100: NIS | K100: 108267429 | L100: 45942 | M100: 19 | N100: 2 | O100: 10 | P100: 5 | Q100: O
... A103: 0 | B103: NC 91 | C103: 0.005 | D103: S | E103: SR 1330 | F103: SR 1222 | G103: NC 91 | H103: 1.558 | I103: NIS | K103: 106424659 | L103: 44167 | M103: 19 | N103: 1 | O103: 0 | P103: 1 | Q103: O
A104: 0 | B104: NC 91 | C104: 0 | E104: SR 1330 | F104: SR 1357 | G104: NC 91 | H104: 1.563 | I104: NIS | K104: 106898594 | L104: 44599 | M104: 23 | N104: 2 | O104: 8 | P104: 1 | Q104: O
A105: 0 | B105: NC 91 | C105: 0 | E105: SR 1330 | F105: SR 1245 | G105: NC 91 | H105: 1.563 | I105: NIS | K105: 106829559 | L105: 44571 | M105: 30 | N105: 1 | O105: 8 | P105: 1 | Q105: O
A106: 0 | B106: NC 91 | C106: 0 | E106: SR 1330 | F106: US 258 | G106: NC 91 | H106: 1.563 | I106: NIS | K106: 106742304 | L106: 44487 | M106: 23 | N106: 1 | O106: 8 | P106: 1 | Q106: C
A107: 0 | B107: NC 91 | C107: 0 | E107: SR 1330 | F107: SR 1331 | G107: NC 91 | H107: 1.563 | I107: NIS | K107: 105747839 | L107: 43483 | M107: 23 | N107: 1 | O107: 8 | P107: 1 | Q107: C
A108: 0 | B108: NC 91 | C108: 0 | E108: SR 1330 | F108: US 258 | G108: NC 91 | H108: 1.563 | I108: NIS | K108: 105605039 | L108: 43348 | M108: 24 | N108: 1 | O108: 8 | P108: 1 | Q108: C
A109: 0 | B109: NC 91 | C109: 0 | E109: SR 1330 | F109: SR 1357 | G109: NC 91 | H109: 1.563 | I109: NIS | K109: 105510348 | L109: 43251 | M109: 23 | N109: 1 | O109: 8 | P109: 1 | Q109: O
A110: 0 | B110: NC 91 | C110: 0 | E110: SR 1330 | F110: SR 1248 | G110: NC 91 | H110: 1.563 | I110: NIS | K110: 105339042 | L110: 43102 | M110: 23 | N110: 1 | O110: 8 | P110: 1 | Q110: O
A111: 0 | B111: NC 91 | C111: 0 | E111: SR 1330 | F111: SR 1358 | G111: NC 91 | H111: 1.563 | I111: NIS | K111: 107015587 | L111: 44748 | M111: 24 | N111: 1 | O111: 9 | P111: 1 | Q111: O
A112: 0 | B112: NC 91 | C112: 0 | E112: SR 1330 | F112: US 13 | G112: NC 91 | H112: 1.563 | I112: NIS | K112: 108103793 | L112: 45782 | M112: 24 | N112: 1 | O112: 8 | P112: 1 | Q112: O
...

Sheet ID
A1: Crash ID | B1: CRASH | C1: IS? | D1: Fiche? | H1: CRASH | I1: ID | J1: ON | K1: RD | L1: CD | M1: SVRTY | N1: DATE | O1: TYPE
A2: 108280159 | B2: 105366208 | C2: =IF(ISNUMBER(MATCH(A2,B:B,0)),"IS","") | D2: =IF(COUNTIF(A:A,B2),"YES","NO") -> YES | H2: 105366208 | I2: 30000091 | J2: 5 | K2: 43122 | L2: 0.36805556 | M2: 30
A3: 106760348 | B3: 105543910 | C3: =IF(ISNUMBER(MATCH(A3,B:B,0)),"IS","") | D3: =IF(COUNTIF(A:A,B3),"YES","NO") -> YES | H3: 105543910 | I3: 30000091 | J3: 5 | K3: 43297 | L3: 0.75486111 | M3: 24
A4: 107899906 | B4: 105685815 | C4: =IF(ISNUMBER(MATCH(A4,B:B,0)),"IS","") | D4: =IF(COUNTIF(A:A,B4),"YES","NO") -> YES | H4: 105685815 | I4: 30000091 | J4: 5 | K4: 43422 | L4: 0.6 | M4: 30
A5: 108430264 | B5: 105843862 | C5: =IF(ISNUMBER(MATCH(A5,B:B,0)),"IS","") | D5: =IF(COUNTIF(A:A,B5),"YES","NO") -> YES | H5: 105843862 | I5: 30000091 | J5: 4 | K5: 43571 | L5: 0.45555556 | M5: 30
A6: 108202953 | B6: 105880887 | C6: =IF(ISNUMBER(MATCH(A6,B:B,0)),"IS","") | D6: =IF(COUNTIF(A:A,B6),"YES","NO") -> YES | H6: 105880887 | I6: 30000091 | J6: 4 | K6: 43614 | L6: 0.71319444 | M6: 30
A7: 108160977 | B7: 106014182 | C7: =IF(ISNUMBER(MATCH(A7,B:B,0)),"IS","") | D7: =IF(COUNTIF(A:A,B7),"YES","NO") -> YES | H7: 106014182 | I7: 30000091 | J7: 4 | K7: 43742 | L7: 0.77430556 | M7: 30
A8: 107467120 | B8: 106038472 | C8: =IF(ISNUMBER(MATCH(A8,B:B,0)),"IS","") | D8: =IF(COUNTIF(A:A,B8),"YES","NO") -> YES | H8: 106038472 | I8: 30000091 | J8: 4 | K8: 43745 | L8: 0.63402778 | M8: 24
A9: 106589495 | B9: 106226479 | C9: =IF(ISNUMBER(MATCH(A9,B:B,0)),"IS","") | D9: =IF(COUNTIF(A:A,B9),"YES","NO") -> YES | H9: 106226479 | I9: 30000091 | J9: 5 | K9: 43966 | L9: 0.64722222 | M9: 30
A10: 107214302 | B10: 106812116 | C10: =IF(ISNUMBER(MATCH(A10,B:B,0)),"IS","") | D10: =IF(COUNTIF(A:A,B10),"YES","NO") -> YES | H10: 106812116 | I10: 30000091 | J10: 5 | K10: 44547 | L10: 0.54027778 | M10: 24
A11: 106362782 | B11: 107856191 | C11: =IF(ISNUMBER(MATCH(A11,B:B,0)),"IS","") | D11: =IF(COUNTIF(A:A,B11),"YES","NO") -> YES | H11: 107856191 | I11: 30000091 | J11: 5 | K11: 45554 | L11: 0.31597222 | M11: 30
A12: 107835963 | C12: =IF(ISNUMBER(MATCH(A12,B:B,0)),"IS","")
A13: 105523576 | C13: =IF(ISNUMBER(MATCH(A13,B:B,0)),"IS","")
A14: 105588011 | C14: =IF(ISNUMBER(MATCH(A14,B:B,0)),"IS","")
A15: 105802310 | C15: =IF(ISNUMBER(MATCH(A15,B:B,0)),"IS","")
A16: 106387930 | C16: =IF(ISNUMBER(MATCH(A16,B:B,0)),"IS","")
A17: 107704191 | C17: =IF(ISNUMBER(MATCH(A17,B:B,0)),"IS","")
A18: 107806612 | C18: =IF(ISNUMBER(MATCH(A18,B:B,0)),"IS","")
A19: 106423037 | C19: =IF(ISNUMBER(MATCH(A19,B:B,0)),"IS","")
A20: 106831693 | C20: =IF(ISNUMBER(MATCH(A20,B:B,0)),"IS","")
A21: 106536246 | C21: =IF(ISNUMBER(MATCH(A21,B:B,0)),"IS","")
A22: 106136954 | C22: =IF(ISNUMBER(MATCH(A22,B:B,0)),"IS","")
A23: 106360965 | C23: =IF(ISNUMBER(MATCH(A23,B:B,0)),"IS","")
... A321: 107765099 | C321: =IF(ISNUMBER(MATCH(A321,B:B,0)),"IS","")
C322: =IF(ISNUMBER(MATCH(A322,B:B,0)),"IS","")
C323: =IF(ISNUMBER(MATCH(A323,B:B,0)),"IS","")
C324: =IF(ISNUMBER(MATCH(A324,B:B,0)),"IS","")
C325: =IF(ISNUMBER(MATCH(A325,B:B,0)),"IS","")
C326: =IF(ISNUMBER(MATCH(A326,B:B,0)),"IS","")
C327: =IF(ISNUMBER(MATCH(A327,B:B,0)),"IS","")
C328: =IF(ISNUMBER(MATCH(A328,B:B,0)),"IS","")
C329: =IF(ISNUMBER(MATCH(A329,B:B,0)),"IS","")
C330: =IF(ISNUMBER(MATCH(A330,B:B,0)),"IS","")
C331: =IF(ISNUMBER(MATCH(A331,B:B,0)),"IS","")
C332: =IF(ISNUMBER(MATCH(A332,B:B,0)),"IS","")
C333: =IF(ISNUMBER(MATCH(A333,B:B,0)),"IS","")
... C2806: =IF(ISNUMBER(MATCH(A2806,B:B,0)),"IS","")

Sheet Index
A1: 0 | B1: unknown
A2: 1 | B2: ROR-R
A3: 2 | B3: ROR-L
A4: 3 | B4: ROR-T
A5: 4 | B5: jackknife
A6: 5 | B6: overturn
A7: 13 | B7: other
A8: 14 | B8: pedestrian
A9: 15 | B9: cyclist
A10: 16 | B10: RR
A11: 17 | B11: animal
A12: 18 | B12: MO
... A26: 32 | B26: other

Sheet Initial Study
B1: North Carolina Department of Transportation Traffic Engineering Accident Analysis System Intersection Analysis Report
A2: Study Criteria Summary
A3: County: | B3: GREENE | C3: City: | D3: All and Rural
A4: Date: | B4: 43040 | C4: to | D4: 46112 | E4: Study: | F4: 410000780441
A5: Location: | B5: NC 91 at SR 1225 (Speights Bridge Road)/SR 1303 (Fieldsboro Road)
A6: Report Details
A7: Acc No | B7: Crash ID | C7: Date | D7: Accident Type | E7: Total Damage | F7: Injuries | G7: F | H7: A | I7: B | J7: C | K7: R | L7: Condition | M7: L | N7: W | O7: Road | P7: Ch | Q7: Ci | R7: Dv | S7: Trfc Ctl | T7: Op
A8: 1 | B8: 105366208 | C8: 43122.368 | D8: ANGLE | E8: $ | F8: 1100 | G8: 0 | H8: 0 | I8: 0 | J8: 0 | K8: 1 | L8: 1 | M8: 2 | N8: 1 | O8: 0 | P8: 1 | Q8: 1
A9: Unit | B9: 1 | C9: : | D9: 1 | E9: Alchl/Drgs: | F9: 0 | G9: Speed: | H9: 15 | I9: MPH | J9: Dir: | K9: NE | L9: Veh Mnvr / Ped Actn: | M9: 4 | N9: Obj Strk:
A10: Unit | B10: 2 | C10: : | D10: 1 | E10: Alchl/Drgs: | F10: 0 | G10: Speed: | H10: 55 | I10: MPH | J10: Dir: | K10: N | L10: Veh Mnvr / Ped Actn: | M10: 4 | N10: Obj Strk: | O10: 58
A11: 2 | B11: 105543910 | C11: 43297.755 | D11: LEFT TURN, DIFFERENT ROADWAYS | E11: $ | F11: 5000 | G11: 0 | H11: 0 | I11: 0 | J11: 0 | K11: 1 | L11: 1 | M11: 2 | N11: 1 | O11: 0 | P11: 1 | Q11: 1
A12: Unit | B12: 1 | C12: : | D12: 2 | E12: Alchl/Drgs: | F12: 0 | G12: Speed: | H12: 15 | I12: MPH | J12: Dir: | K12: S | L12: Veh Mnvr / Ped Actn: | M12: 8 | N12: Obj Strk:
A13: Unit | B13: 2 | C13: : | D13: 10 | E13: Alchl/Drgs: | F13: 0 | G13: Speed: | H13: 55 | I13: MPH | J13: Dir: | K13: S | L13: Veh Mnvr / Ped Actn: | M13: 4 | N13: Obj Strk:
A14: 3 | B14: 105685815 | C14: 43422.6 | D14: ANGLE | E14: $ | F14: 9500 | G14: 0 | H14: 0 | I14: 0 | J14: 0 | K14: 1 | L14: 1 | M14: 1 | N14: 1 | O14: 0 | P14: 1 | Q14: 1
A15: Unit | B15: 1 | C15: : | D15: 4 | E15: Alchl/Drgs: | F15: 0 | G15: Speed: | H15: 0 | I15: MPH | J15: Dir: | K15: NE | L15: Veh Mnvr / Ped Actn: | M15: 4 | N15: Obj Strk:
A16: Unit | B16: 2 | C16: : | D16: 2 | E16: Alchl/Drgs: | F16: 0 | G16: Speed: | H16: 55 | I16: MPH | J16: Dir: | K16: N | L16: Veh Mnvr / Ped Actn: | M16: 4 | N16: Obj Strk:
A17: 4 | B17: 105843862 | C17: 43571.456 | D17: ANGLE | E17: $ | F17: 18500 | G17: 0 | H17: 0 | I17: 0 | J17: 3 | K17: 1 | L17: 1 | M17: 1 | N17: 1 | O17: 0 | P17: 1 | Q17: 1
A18: Unit | B18: 1 | C18: : | D18: 4 | E18: Alchl/Drgs: | F18: 0 | G18: Speed: | H18: 55 | I18: MPH | J18: Dir: | K18: E | L18: Veh Mnvr / Ped Actn: | M18: 4 | N18: Obj Strk:
A19: Unit | B19: 2 | C19: : | D19: 2 | E19: Alchl/Drgs: | F19: 0 | G19: Speed: | H19: 55 | I19: MPH | J19: Dir: | K19: N | L19: Veh Mnvr / Ped Actn: | M19: 4 | N19: Obj Strk: | O19: 58
A20: 5 | B20: 105880887 | C20: 43614.713 | D20: ANGLE | E20: $ | F20: 11000 | G20: 0 | H20: 0 | I20: 0 | J20: 1 | K20: 1 | L20: 1 | M20: 1 | N20: 1 | O20: 0 | P20: 1 | Q20: 1
A21: Unit | B21: 1 | C21: : | D21: 1 | E21: Alchl/Drgs: | F21: 0 | G21: Speed: | H21: 20 | I21: MPH | J21: Dir: | K21: W | L21: Veh Mnvr / Ped Actn: | M21: 4 | N21: Obj Strk:
A22: Unit | B22: 2 | C22: : | D22: 1 | E22: Alchl/Drgs: | F22: 0 | G22: Speed: | H22: 55 | I22: MPH | J22: Dir: | K22: S | L22: Veh Mnvr / Ped Actn: | M22: 4 | N22: Obj Strk: | O22: 58
A23: 6 | B23: 106014182 | C23: 43742.774 | D23: ANGLE | E23: $ | F23: 7500 | G23: 0 | H23: 0 | I23: 0 | J23: 3 | K23: 1 | L23: 1 | M23: 1 | N23: 1 | O23: 0 | P23: 1 | Q23: 1
A24: Unit | B24: 1 | C24: : | D24: 1 | E24: Alchl/Drgs: | F24: 0 | G24: Speed: | H24: 55 | I24: MPH | J24: Dir: | K24: E | L24: Veh Mnvr / Ped Actn: | M24: 4 | N24: Obj Strk:
A25: Unit | B25: 2 | C25: : | D25: 1 | E25: Alchl/Drgs: | F25: 0 | G25: Speed: | H25: 45 | I25: MPH | J25: Dir: | K25: N | L25: Veh Mnvr / Ped Actn: | M25: 4 | N25: Obj Strk:
A26: 7 | B26: 106038472 | C26: 43745.634 | D26: LEFT TURN, DIFFERENT ROADWAYS | E26: $ | F26: 13000 | G26: 0 | H26: 0 | I26: 0 | J26: 1 | K26: 1 | L26: 1 | M26: 1 | N26: 1 | O26: 0 | P26: 1 | Q26: 1
A27: Unit | B27: 1 | C27: : | D27: 2 | E27: Alchl/Drgs: | F27: 0 | G27: Speed: | H27: 25 | I27: MPH | J27: Dir: | K27: E | L27: Veh Mnvr / Ped Actn: | M27: 8 | N27: Obj Strk:
A28: Unit | B28: 2 | C28: : | D28: 2 | E28: Alchl/Drgs: | F28: 0 | G28: Speed: | H28: 55 | I28: MPH | J28: Dir: | K28: N | L28: Veh Mnvr / Ped Actn: | M28: 4 | N28: Obj Strk:
A29: 8 | B29: 106226479 | C29: 43966.647 | D29: ANGLE | E29: $ | F29: 6300 | G29: 0 | H29: 0 | I29: 0 | J29: 0 | K29: 1 | L29: 1 | M29: 1 | N29: 1 | O29: 0 | P29: 13 | Q29: 1
A30: Unit | B30: 1 | C30: : | D30: 4 | E30: Alchl/Drgs: | F30: 0 | G30: Speed: | H30: 55 | I30: MPH | J30: Dir: | K30: W | L30: Veh Mnvr / Ped Actn: | M30: 4 | N30: Obj Strk:
B31: 46171 | C31: All data presented in this report comes explicitly from the Traffic Engineering Accident Analysis System based upon various input criteria provided by the report's creator. The onus is strictly upon the user of this report to exercise due diligence in interpreting and further representing this data. | D31: -1-
B32: North Carolina Department of Transportation Traffic Engineering Accident Analysis System Intersection Analysis Report
A33: Acc No | B33: Crash ID | C33: Date | D33: Accident Type | E33: Total Damage | F33: Injuries | G33: F | H33: A | I33: B | J33: C | K33: R | L33: Condition | M33: L | N33: W | O33: Road | P33: Ch | Q33: Ci | R33: Dv | S33: Trfc Ctl | T33: Op
A34: Unit | B34: 2 | C34: : | D34: 2 | E34: Alchl/Drgs: | F34: 0 | G34: Speed: | H34: 55 | I34: MPH | J34: Dir: | K34: S | L34: Veh Mnvr / Ped Actn: | M34: 4 | N34: Obj Strk:
A35: 9 | B35: 106812116 | C35: 44547.54 | D35: LEFT TURN, DIFFERENT ROADWAYS | E35: $ | F35: 11000 | G35: 0 | H35: 0 | I35: 0 | J35: 0 | K35: 1 | L35: 1 | M35: 1 | N35: 1 | O35: 0 | P35: 1 | Q35: 1
A36: Unit | B36: 1 | C36: : | D36: 1 | E36: Alchl/Drgs: | F36: 0 | G36: Speed: | H36: 10 | I36: MPH | J36: Dir: | K36: E | L36: Veh Mnvr / Ped Actn: | M36: 8 | N36: Obj Strk:
A37: Unit | B37: 2 | C37: : | D37: 10 | E37: Alchl/Drgs: | F37: 0 | G37: Speed: | H37: 50 | I37: MPH | J37: Dir: | K37: N | L37: Veh Mnvr / Ped Actn: | M37: 4 | N37: Obj Strk:
A38: 10 | B38: 107856191 | C38: 45554.316 | D38: ANGLE | E38: $ | F38: 18250 | G38: 0 | H38: 0 | I38: 0 | J38: 0 | K38: 1 | L38: 1 | M38: 2 | N38: 1 | O38: 0 | P38: 1 | Q38: 1
A39: Unit | B39: 1 | C39: : | D39: 2 | E39: Alchl/Drgs: | F39: 0 | G39: Speed: | H39: 55 | I39: MPH | J39: Dir: | K39: N | L39: Veh Mnvr / Ped Actn: | M39: 4 | N39: Obj Strk: | O39: 37
A40: Unit | B40: 2 | C40: : | D40: 1 | E40: Alchl/Drgs: | F40: 0 | G40: Speed: | H40: 5 | I40: MPH | J40: Dir: | K40: SE | L40: Veh Mnvr / Ped Actn: | M40: 12 | N40: Obj Strk:
A41: Legend for Report Details: | B41: Acc No - Accident Number Injuries: F - Fatal, A - Class A, B - Class B, C - Class C Condition: R - Road Surface, L - Ambient Light, W - Weather Rd Ch - Road Character Rd Ci - Roadway Contributing Circumstances Trfc Ctl - Traffic Control: Dv - Device, Op - Operating Alchl/Drgs - Alcohol Drugs Suspected Veh Mnvr/Ped Actn - Vehicle Maneuver/Pedestrian Action Obj Strk - Object Struck
B42: 46171 | C42: All data presented in this report comes explicitly from the Traffic Engineering Accident Analysis System based upon various input criteria provided by the report's creator. The onus is strictly upon the user of this report to exercise due diligence in interpreting and further representing this data. | D42: -2-
B43: North Carolina Department of Transportation Traffic Engineering Accident Analysis System Intersection Analysis Report
A44: Summary Statistics
A45: High Level Crash Summary
A46: Crash Type | B46: Number of Crashes | C46: Percent of Total
A47: Total Crashes | B47: 10 | C47: 100
A48: Fatal Crashes | B48: 0 | C48: 0
A49: Non-Fatal Injury Crashes | B49: 4 | C49: 40
A50: Total Injury Crashes | B50: 4 | C50: 40
A51: Property Damage Only Crashes | B51: 6 | C51: 60
A52: Night Crashes | B52: 0 | C52: 0
A53: Wet Crashes | B53: 0 | C53: 0
A54: Alcohol/Drugs Involvement Crashes | B54: 0 | C54: 0
A55: Crash Severity Summary
A56: Crash Type | B56: Number of Crashes | C56: Percent of Total
A57: Total Crashes | B57: 10 | C57: 100
A58: Fatal Crashes | B58: 0 | C58: 0
A59: Class A Crashes | B59: 0 | C59: 0
A60: Class B Crashes | B60: 0 | C60: 0
A61: Class C Crashes | B61: 4 | C61: 40
A62: Property Damage Only Crashes | B62: 6 | C62: 60
A63: Vehicle Exposure Statistics
A64: Annual ADT = | B64: 1500
A65: Total Vehicle Exposure = | B65: 4.61 (MEV)
A66: Crash Rate | B66: Crashes Per 100 Million Vehicles Entered
A67: Total Crash Rate | B67: 216.94
A68: Fatal Crash Rate | B68: 0
A69: Non Fatal Crash Rate | B69: 86.78
A70: Night Crash Rate | B70: 0
A71: Wet Crash Rate | B71: 0
A72: EPDO Rate | B72: 859.1
B73: 46171 | C73: All data presented in this report comes explicitly from the Traffic Engineering Accident Analysis System based upon various input criteria provided by the report's creator. The onus is strictly upon the user of this report to exercise due diligence in interpreting and further representing this data. | D73: -3-
B74: North Carolina Department of Transportation Traffic Engineering Accident Analysis System Intersection Analysis Report
A75: Miscellaneous Statistics
A76: Severity Index = | B76: 3.96
A77: EPDO Crash Index = | B77: 39.6
A78: Estimated Property Damage Total = $ | B78: 101150
A79: Accident Type Summary
A80: Accident Type | B80: Number of Crashes | C80: Percent of Total
A81: ANGLE | B81: 7 | C81: 70
A82: LEFT TURN, DIFFERENT ROADWAYS | B82: 3 | C82: 30
A83: Injury Summary
A84: Injury Type | B84: Number of Injuries | C84: Percent of Total
A85: Fatal Injuries | B85: 0 | C85: 0
A86: Class A Injuries | B86: 0 | C86: 0
A87: Class B Injuries | B87: 0 | C87: 0
A88: Class C Injuries | B88: 8 | C88: 100
A89: Total Non-Fatal Injuries | B89: 8 | C89: 100
A90: Total Injuries | B90: 8 | C90: 100
B91: 46171 | C91: All data presented in this report comes explicitly from the Traffic Engineering Accident Analysis System based upon various input criteria provided by the report's creator. The onus is strictly upon the user of this report to exercise due diligence in interpreting and further representing this data. | D91: -4-
B92: North Carolina Department of Transportation Traffic Engineering Accident Analysis System Intersection Analysis Report
A93: Monthly Summary
A94: Month | B94: Number of Crashes | C94: Percent of Total
A95: Jan | B95: 1 | C95: 10
A96: Feb | B96: 0 | C96: 0
A97: Mar | B97: 0 | C97: 0
A98: Apr | B98: 1 | C98: 10
A99: May | B99: 2 | C99: 20
A100: Jun | B100: 0 | C100: 0
...

Sheet Binned Crashes
A1: Muni. Code | B1: On Road | C1: Miles | D1: Dir From | E1: From Road | F1: Toward Road | G1: Milepost Road | H1: MP | I1: IS? | J1: MA | K1: Crash ID | L1: Date | M1: T | N1: C | O1: F | P1: L | Q1: S | R1: Type | S1: Dir | T1: Comment
A2: =Before!A2 -> Before Period (11/01/17 - 10/31/21)
A3: 0 | B3: NC 91 | C3: 0 | E3: SR 1225 | F3: SR 1226 | G3: NC 91 | H3: 9.032 | I3: IS | K3: 105366208 | L3: 43122 | M3: 30 | N3: 1 | O3: 7 | P3: 1 | Q3: O | R3: =VLOOKUP(M3,Index!$A$1:$B$26, 2, FALSE) -> angle | S3: EBT/NBT | T3: failed to yield | V3: {=IF(AND(INDEX('Initial Study'!K:K, MATCH(K3, 'Initial Study'!B:B, 0) + 1) <> 0, INDEX('Initial Study'!K:K, MATCH(K3, 'Initial Study'!B:B, 0) + 1) <> ""), INDEX('Initial Study'!K:K, MATCH(K3, 'Initial Study'!B:B, 0) + 1), "")} -> NE | W3: {=IF(AND(INDEX('Initial Study'!K:K, MATCH(K3, 'Initial Study'!B:B, 0) + 2) <> 0, INDEX('Initial Study'!K:K, MATCH(K3, 'Initial Study'!B:B, 0) + 2) <> "", NOT(ISNUMBER(INDEX('Initial Study'!K:K, MATCH(K3, 'Initial Study'!B:B, 0) + 2)))), INDEX('Initial Study'!K:K, MATCH(K3, 'Initial Study'!B:B, 0) + 2), "-")} -> N | X3: =IF(R3="RE", V3 & "BT/" & IF(W3 <> "-", W3 & "BT", ""), IF(OR(R3="LTDR", R3="LTSR"), V3 & "BL" & IF(W3 <> "-", "/" & W3 & "BT", ""), IF(OR(R3="RTDR", R3="RTSR"), V3 & "BR" & IF(W3 <> "-", "/" & W3 & "BT", ""), IF(W3 <> "-", V3 & "BT/" & W3 & "BT", V3 & "BT")))) -> NEBT/NBT
A4: 0 | B4: NC 91 | C4: 0 | E4: SR 1303 | F4: SR 1313 | G4: NC 91 | H4: 9.032 | I4: IS | K4: 105543910 | L4: 43297 | M4: 24 | N4: 1 | O4: 7 | P4: 1 | Q4: O | R4: =VLOOKUP(M4,Index!$A$1:$B$26, 2, FALSE) -> LTDR | S4: WBL/SBT | T4: failed to yield | V4: {=IF(AND(INDEX('Initial Study'!K:K, MATCH(K4, 'Initial Study'!B:B, 0) + 1) <> 0, INDEX('Initial Study'!K:K, MATCH(K4, 'Initial Study'!B:B, 0) + 1) <> ""), INDEX('Initial Study'!K:K, MATCH(K4, 'Initial Study'!B:B, 0) + 1), "")} -> S | W4: {=IF(AND(INDEX('Initial Study'!K:K, MATCH(K4, 'Initial Study'!B:B, 0) + 2) <> 0, INDEX('Initial Study'!K:K, MATCH(K4, 'Initial Study'!B:B, 0) + 2) <> "", NOT(ISNUMBER(INDEX('Initial Study'!K:K, MATCH(K4, 'Initial Study'!B:B, 0) + 2)))), INDEX('Initial Study'!K:K, MATCH(K4, 'Initial Study'!B:B, 0) + 2), "-")} -> S | X4: =IF(R4="RE", V4 & "BT/" & IF(W4 <> "-", W4 & "BT", ""), IF(OR(R4="LTDR", R4="LTSR"), V4 & "BL" & IF(W4 <> "-", "/" & W4 & "BT", ""), IF(OR(R4="RTDR", R4="RTSR"), V4 & "BR" & IF(W4 <> "-", "/" & W4 & "BT", ""), IF(W4 <> "-", V4 & "BT/" & W4 & "BT", V4 & "BT")))) -> SBL/SBT
A5: 0 | B5: NC 91 | C5: 0 | E5: SR 1225 | F5: SR 1249 | G5: NC 91 | H5: 9.032 | I5: IS | K5: 105685815 | L5: 43422 | M5: 30 | N5: 1 | O5: 7 | P5: 1 | Q5: O | R5: =VLOOKUP(M5,Index!$A$1:$B$26, 2, FALSE) -> angle | S5: EBT/NBT | T5: failed to yield | V5: {=IF(AND(INDEX('Initial Study'!K:K, MATCH(K5, 'Initial Study'!B:B, 0) + 1) <> 0, INDEX('Initial Study'!K:K, MATCH(K5, 'Initial Study'!B:B, 0) + 1) <> ""), INDEX('Initial Study'!K:K, MATCH(K5, 'Initial Study'!B:B, 0) + 1), "")} -> NE | W5: {=IF(AND(INDEX('Initial Study'!K:K, MATCH(K5, 'Initial Study'!B:B, 0) + 2) <> 0, INDEX('Initial Study'!K:K, MATCH(K5, 'Initial Study'!B:B, 0) + 2) <> "", NOT(ISNUMBER(INDEX('Initial Study'!K:K, MATCH(K5, 'Initial Study'!B:B, 0) + 2)))), INDEX('Initial Study'!K:K, MATCH(K5, 'Initial Study'!B:B, 0) + 2), "-")} -> N | X5: =IF(R5="RE", V5 & "BT/" & IF(W5 <> "-", W5 & "BT", ""), IF(OR(R5="LTDR", R5="LTSR"), V5 & "BL" & IF(W5 <> "-", "/" & W5 & "BT", ""), IF(OR(R5="RTDR", R5="RTSR"), V5 & "BR" & IF(W5 <> "-", "/" & W5 & "BT", ""), IF(W5 <> "-", V5 & "BT/" & W5 & "BT", V5 & "BT")))) -> NEBT/NBT
A6: 0 | B6: NC 91 | C6: 0 | E6: SR 1225 | F6: SR 1249 | G6: NC 91 | H6: 9.032 | I6: IS | K6: 105843862 | L6: 43571 | M6: 30 | N6: 1 | O6: 7 | P6: 1 | Q6: C | R6: =VLOOKUP(M6,Index!$A$1:$B$26, 2, FALSE) -> angle | S6: =X6 -> EBT/NBT | T6: failed to yield | V6: {=IF(AND(INDEX('Initial Study'!K:K, MATCH(K6, 'Initial Study'!B:B, 0) + 1) <> 0, INDEX('Initial Study'!K:K, MATCH(K6, 'Initial Study'!B:B, 0) + 1) <> ""), INDEX('Initial Study'!K:K, MATCH(K6, 'Initial Study'!B:B, 0) + 1), "")} -> E | W6: {=IF(AND(INDEX('Initial Study'!K:K, MATCH(K6, 'Initial Study'!B:B, 0) + 2) <> 0, INDEX('Initial Study'!K:K, MATCH(K6, 'Initial Study'!B:B, 0) + 2) <> "", NOT(ISNUMBER(INDEX('Initial Study'!K:K, MATCH(K6, 'Initial Study'!B:B, 0) + 2)))), INDEX('Initial Study'!K:K, MATCH(K6, 'Initial Study'!B:B, 0) + 2), "-")} -> N | X6: =IF(R6="RE", V6 & "BT/" & IF(W6 <> "-", W6 & "BT", ""), IF(OR(R6="LTDR", R6="LTSR"), V6 & "BL" & IF(W6 <> "-", "/" & W6 & "BT", ""), IF(OR(R6="RTDR", R6="RTSR"), V6 & "BR" & IF(W6 <> "-", "/" & W6 & "BT", ""), IF(W6 <> "-", V6 & "BT/" & W6 & "BT", V6 & "BT")))) -> EBT/NBT
A7: 0 | B7: NC 91 | C7: 0 | E7: SR 1303 | F7: SR 1249 | G7: NC 91 | H7: 9.032 | I7: IS | K7: 105880887 | L7: 43614 | M7: 30 | N7: 1 | O7: 7 | P7: 1 | Q7: C | R7: =VLOOKUP(M7,Index!$A$1:$B$26, 2, FALSE) -> angle | S7: =X7 -> WBT/SBT | T7: failed to yield | V7: {=IF(AND(INDEX('Initial Study'!K:K, MATCH(K7, 'Initial Study'!B:B, 0) + 1) <> 0, INDEX('Initial Study'!K:K, MATCH(K7, 'Initial Study'!B:B, 0) + 1) <> ""), INDEX('Initial Study'!K:K, MATCH(K7, 'Initial Study'!B:B, 0) + 1), "")} -> W | W7: {=IF(AND(INDEX('Initial Study'!K:K, MATCH(K7, 'Initial Study'!B:B, 0) + 2) <> 0, INDEX('Initial Study'!K:K, MATCH(K7, 'Initial Study'!B:B, 0) + 2) <> "", NOT(ISNUMBER(INDEX('Initial Study'!K:K, MATCH(K7, 'Initial Study'!B:B, 0) + 2)))), INDEX('Initial Study'!K:K, MATCH(K7, 'Initial Study'!B:B, 0) + 2), "-")} -> S | X7: =IF(R7="RE", V7 & "BT/" & IF(W7 <> "-", W7 & "BT", ""), IF(OR(R7="LTDR", R7="LTSR"), V7 & "BL" & IF(W7 <> "-", "/" & W7 & "BT", ""), IF(OR(R7="RTDR", R7="RTSR"), V7 & "BR" & IF(W7 <> "-", "/" & W7 & "BT", ""), IF(W7 <> "-", V7 & "BT/" & W7 & "BT", V7 & "BT")))) -> WBT/SBT
A8: 0 | B8: NC 91 | C8: 0 | E8: SR 1225 | F8: SR 1249 | G8: NC 91 | H8: 9.032 | I8: IS | K8: 106014182 | L8: 43742 | M8: 30 | N8: 1 | O8: 7 | P8: 1 | Q8: C | R8: =VLOOKUP(M8,Index!$A$1:$B$26, 2, FALSE) -> angle | S8: =X8 -> EBT/NBT | T8: failed to yield | V8: {=IF(AND(INDEX('Initial Study'!K:K, MATCH(K8, 'Initial Study'!B:B, 0) + 1) <> 0, INDEX('Initial Study'!K:K, MATCH(K8, 'Initial Study'!B:B, 0) + 1) <> ""), INDEX('Initial Study'!K:K, MATCH(K8, 'Initial Study'!B:B, 0) + 1), "")} -> E | W8: {=IF(AND(INDEX('Initial Study'!K:K, MATCH(K8, 'Initial Study'!B:B, 0) + 2) <> 0, INDEX('Initial Study'!K:K, MATCH(K8, 'Initial Study'!B:B, 0) + 2) <> "", NOT(ISNUMBER(INDEX('Initial Study'!K:K, MATCH(K8, 'Initial Study'!B:B, 0) + 2)))), INDEX('Initial Study'!K:K, MATCH(K8, 'Initial Study'!B:B, 0) + 2), "-")} -> N | X8: =IF(R8="RE", V8 & "BT/" & IF(W8 <> "-", W8 & "BT", ""), IF(OR(R8="LTDR", R8="LTSR"), V8 & "BL" & IF(W8 <> "-", "/" & W8 & "BT", ""), IF(OR(R8="RTDR", R8="RTSR"), V8 & "BR" & IF(W8 <> "-", "/" & W8 & "BT", ""), IF(W8 <> "-", V8 & "BT/" & W8 & "BT", V8 & "BT")))) -> EBT/NBT
A9: 0 | B9: NC 91 | C9: 0 | E9: SR 1225 | F9: SR 1226 | G9: NC 91 | H9: 9.032 | I9: IS | K9: 106038472 | L9: 43745 | M9: 24 | N9: 1 | O9: 7 | P9: 1 | Q9: C | R9: =VLOOKUP(M9,Index!$A$1:$B$26, 2, FALSE) -> LTDR | S9: =X9 -> EBL/NBT | T9: failed to yield | V9: {=IF(AND(INDEX('Initial Study'!K:K, MATCH(K9, 'Initial Study'!B:B, 0) + 1) <> 0, INDEX('Initial Study'!K:K, MATCH(K9, 'Initial Study'!B:B, 0) + 1) <> ""), INDEX('Initial Study'!K:K, MATCH(K9, 'Initial Study'!B:B, 0) + 1), "")} -> E | W9: {=IF(AND(INDEX('Initial Study'!K:K, MATCH(K9, 'Initial Study'!B:B, 0) + 2) <> 0, INDEX('Initial Study'!K:K, MATCH(K9, 'Initial Study'!B:B, 0) + 2) <> "", NOT(ISNUMBER(INDEX('Initial Study'!K:K, MATCH(K9, 'Initial Study'!B:B, 0) + 2)))), INDEX('Initial Study'!K:K, MATCH(K9, 'Initial Study'!B:B, 0) + 2), "-")} -> N | X9: =IF(R9="RE", V9 & "BT/" & IF(W9 <> "-", W9 & "BT", ""), IF(OR(R9="LTDR", R9="LTSR"), V9 & "BL" & IF(W9 <> "-", "/" & W9 & "BT", ""), IF(OR(R9="RTDR", R9="RTSR"), V9 & "BR" & IF(W9 <> "-", "/" & W9 & "BT", ""), IF(W9 <> "-", V9 & "BT/" & W9 & "BT", V9 & "BT")))) -> EBL/NBT
A10: 0 | B10: NC 91 | C10: 0 | E10: SR 1225 | F10: SR 1249 | G10: NC 91 | H10: 9.032 | I10: IS | K10: 106226479 | L10: 43966 | M10: 30 | N10: 1 | O10: 7 | P10: 1 | Q10: O | R10: =VLOOKUP(M10,Index!$A$1:$B$26, 2, FALSE) -> angle | S10: WBT/SBT | T10: failed to yield | V10: {=IF(AND(INDEX('Initial Study'!K:K, MATCH(K10, 'Initial Study'!B:B, 0) + 1) <> 0, INDEX('Initial Study'!K:K, MATCH(K10, 'Initial Study'!B:B, 0) + 1) <> ""), INDEX('Initial Study'!K:K, MATCH(K10, 'Initial Study'!B:B, 0) + 1), "")} -> W | W10: {=IF(AND(INDEX('Initial Study'!K:K, MATCH(K10, 'Initial Study'!B:B, 0) + 2) <> 0, INDEX('Initial Study'!K:K, MATCH(K10, 'Initial Study'!B:B, 0) + 2) <> "", NOT(ISNUMBER(INDEX('Initial Study'!K:K, MATCH(K10, 'Initial Study'!B:B, 0) + 2)))), INDEX('Initial Study'!K:K, MATCH(K10, 'Initial Study'!B:B, 0) + 2), "-")} -> - | X10: =IF(R10="RE", V10 & "BT/" & IF(W10 <> "-", W10 & "BT", ""), IF(OR(R10="LTDR", R10="LTSR"), V10 & "BL" & IF(W10 <> "-", "/" & W10 & "BT", ""), IF(OR(R10="RTDR", R10="RTSR"), V10 & "BR" & IF(W10 <> "-", "/" & W10 & "BT", ""), IF(W10 <> "-", V10 & "BT/" & W10 & "BT", V10 & "BT")))) -> WBT
A11: ="Construction Period (" & TEXT('Evaluation Set-up'!D10,"mm/dd/yy") & " - " & TEXT('Evaluation Set-up'!E10,"mm/dd/yy") & ")" -> Construction Period (11/01/21 - 03/31/22)
A12: 0 | B12: NC 91 | C12: 0 | E12: SR 1225 | F12: SR 1249 | G12: NC 91 | H12: 9.032 | I12: IS | K12: 106812116 | L12: 44547 | M12: 24 | N12: 1 | O12: 7 | P12: 1 | Q12: O | R12: =VLOOKUP(M12,Index!$A$1:$B$26, 2, FALSE) -> LTDR | S12: =X12 -> EBL/NBT | T12: failed to yield | V12: {=IF(AND(INDEX('Initial Study'!K:K, MATCH(K12, 'Initial Study'!B:B, 0) + 1) <> 0, INDEX('Initial Study'!K:K, MATCH(K12, 'Initial Study'!B:B, 0) + 1) <> ""), INDEX('Initial Study'!K:K, MATCH(K12, 'Initial Study'!B:B, 0) + 1), "")} -> E | W12: {=IF(AND(INDEX('Initial Study'!K:K, MATCH(K12, 'Initial Study'!B:B, 0) + 2) <> 0, INDEX('Initial Study'!K:K, MATCH(K12, 'Initial Study'!B:B, 0) + 2) <> "", NOT(ISNUMBER(INDEX('Initial Study'!K:K, MATCH(K12, 'Initial Study'!B:B, 0) + 2)))), INDEX('Initial Study'!K:K, MATCH(K12, 'Initial Study'!B:B, 0) + 2), "-")} -> N | X12: =IF(R12="RE", V12 & "BT/" & IF(W12 <> "-", W12 & "BT", ""), IF(OR(R12="LTDR", R12="LTSR"), V12 & "BL" & IF(W12 <> "-", "/" & W12 & "BT", ""), IF(OR(R12="RTDR", R12="RTSR"), V12 & "BR" & IF(W12 <> "-", "/" & W12 & "BT", ""), IF(W12 <> "-", V12 & "BT/" & W12 & "BT", V12 & "BT")))) -> EBL/NBT
A14: =After!A2 -> After Period (04/01/22 - 03/31/26)
A15: 0 | B15: NC 91 | C15: 0 | E15: SR 1225 | F15: SR 1249 | G15: NC 91 | H15: 9.032 | I15: IS | K15: 107856191 | L15: 45554 | M15: 30 | N15: 1 | O15: 7 | P15: 1 | Q15: O | R15: =VLOOKUP(M15,Index!$A$1:$B$26, 2, FALSE) -> angle | S15: NBT/EBT | T15: ran stop sign | V15: {=IF(AND(INDEX('Initial Study'!K:K, MATCH(K15, 'Initial Study'!B:B, 0) + 1) <> 0, INDEX('Initial Study'!K:K, MATCH(K15, 'Initial Study'!B:B, 0) + 1) <> ""), INDEX('Initial Study'!K:K, MATCH(K15, 'Initial Study'!B:B, 0) + 1), "")} -> N | W15: {=IF(AND(INDEX('Initial Study'!K:K, MATCH(K15, 'Initial Study'!B:B, 0) + 2) <> 0, INDEX('Initial Study'!K:K, MATCH(K15, 'Initial Study'!B:B, 0) + 2) <> "", NOT(ISNUMBER(INDEX('Initial Study'!K:K, MATCH(K15, 'Initial Study'!B:B, 0) + 2)))), INDEX('Initial Study'!K:K, MATCH(K15, 'Initial Study'!B:B, 0) + 2), "-")} -> SE | X15: =IF(R15="RE", V15 & "BT/" & IF(W15 <> "-", W15 & "BT", ""), IF(OR(R15="LTDR", R15="LTSR"), V15 & "BL" & IF(W15 <> "-", "/" & W15 & "BT", ""), IF(OR(R15="RTDR", R15="RTSR"), V15 & "BR" & IF(W15 <> "-", "/" & W15 & "BT", ""), IF(W15 <> "-", V15 & "BT/" & W15 & "BT", V15 & "BT")))) -> NBT/SEBT
A17: NOT IN STUDY - REPORT REVIEWED
A18: 0 | B18: NC 91 | C18: 0.1 | D18: N | E18: SR 1300 | F18: SR 1225 | G18: NC 91 | H18: 3.46 | I18: NIS | K18: 106445553 | L18: 44188 | M18: 17 | N18: 1 | O18: 0 | P18: 5 | Q18: O | R18: =VLOOKUP(M18,Index!$A$1:$B$26, 2, FALSE) -> animal
A19: 0 | B19: NC 91 | C19: 0.5 | D19: N | E19: SR 1239 | F19: SR 1225 | G19: NC 91 | H19: 7.33 | I19: NIS | K19: 106945246 | L19: 44685 | M19: 17 | N19: 1 | O19: 0 | P19: 5 | Q19: O | R19: =VLOOKUP(M19,Index!$A$1:$B$26, 2, FALSE) -> animal
A20: 0 | B20: NC 91 | C20: 0.2 | D20: E | E20: SR 1313 | F20: SR 1225 | G20: NC 91 | H20: 8 | I20: NIS | K20: 105746262 | L20: 43480 | M20: 17 | N20: 1 | O20: 0 | P20: 5 | Q20: O | R20: =VLOOKUP(M20,Index!$A$1:$B$26, 2, FALSE) -> animal
A21: 0 | B21: NC 91 | C21: 0.1 | D21: N | E21: SR 1249 | F21: SR 1225 | G21: NC 91 | H21: 8.51 | I21: NIS | K21: 105276544 | L21: 43040 | M21: 22 | N21: 1 | O21: 0 | P21: 5 | Q21: O | R21: =VLOOKUP(M21,Index!$A$1:$B$26, 2, FALSE) -> RE-T | T21: not at an intersection
A22: 0 | B22: NC 91 | C22: 0.3 | D22: N | E22: SR 1249 | F22: SR 1303 | G22: NC 91 | H22: 8.71 | I22: NIS | K22: 107364880 | L22: 45085 | M22: 17 | N22: 1 | O22: 0 | P22: 5 | Q22: O | R22: =VLOOKUP(M22,Index!$A$1:$B$26, 2, FALSE) -> animal
A23: 0 | B23: NC 91 | C23: 0.3 | D23: S | E23: SR 1225 | F23: SR 1249 | G23: NC 91 | H23: 8.732 | I23: NIS | K23: 105332237 | L23: 43092 | M23: 17 | N23: 1 | O23: 0 | P23: 1 | Q23: O | R23: =VLOOKUP(M23,Index!$A$1:$B$26, 2, FALSE) -> animal
A24: 0 | B24: NC 91 | C24: 0.1 | D24: S | E24: SR 1225 | F24: SR 1303 | G24: NC 91 | H24: 8.932 | I24: NIS | K24: 105981611 | L24: 43713 | M24: 19 | N24: 2 | O24: 0 | P24: 1 | Q24: O | R24: =VLOOKUP(M24,Index!$A$1:$B$26, 2, FALSE) -> FO | T24: not at an intersection
A25: 0 | B25: NC 91 | C25: 0.076 | D25: N | E25: SR 1303 | F25: MAIN | G25: NC 91 | H25: 9.108 | I25: NIS | K25: 107782765 | L25: 45485 | M25: 21 | N25: 2 | O25: 0 | P25: 1 | Q25: O | R25: =VLOOKUP(M25,Index!$A$1:$B$26, 2, FALSE) -> RE | T25: not at an intersection
A26: 0 | B26: NC 91 | C26: 0.1 | D26: N | E26: SR 1225 | F26: WHITLEY | G26: NC 91 | H26: 9.132 | I26: NIS | K26: 106905526 | L26: 44646 | M26: 17 | N26: 1 | O26: 0 | P26: 1 | Q26: O | R26: =VLOOKUP(M26,Index!$A$1:$B$26, 2, FALSE) -> animal
A27: 0 | B27: NC 91 | C27: 0.1 | D27: N | E27: SR 1303 | F27: MAIN | G27: NC 91 | H27: 9.132 | I27: NIS | K27: 108117743 | L27: 45797 | M27: 17 | N27: 1 | O27: 0 | P27: 1 | Q27: O | R27: =VLOOKUP(M27,Index!$A$1:$B$26, 2, FALSE) -> animal
A28: 0 | B28: NC 91 | C28: 0.2 | D28: N | E28: SR 1225 | F28: MAIN | G28: NC 91 | H28: 9.232 | I28: NIS | K28: 106249150 | L28: 43992 | M28: 17 | N28: 1 | O28: 0 | P28: 5 | Q28: O | R28: =VLOOKUP(M28,Index!$A$1:$B$26, 2, FALSE) -> animal
A29: 0 | B29: NC 91 | C29: 0.2 | D29: N | E29: SR 1303 | F29: SR 1226 | G29: NC 91 | H29: 9.232 | I29: NIS | K29: 106492243 | L29: 44243 | M29: 19 | N29: 1 | O29: 5 | P29: 5 | Q29: C | R29: =VLOOKUP(M29,Index!$A$1:$B$26, 2, FALSE) -> FO | T29: not at an intersection
A30: 0 | B30: NC 91 | C30: 0.3 | D30: N | E30: SR 1225 | F30: SR 1226 | G30: NC 91 | H30: 9.332 | I30: NIS | K30: 105414696 | L30: 43174 | M30: 17 | N30: 1 | O30: 5 | P30: 1 | Q30: O | R30: =VLOOKUP(M30,Index!$A$1:$B$26, 2, FALSE) -> animal
A31: 576 | B31: NC 91 | C31: 0.7 | D31: N | E31: SR 1303 | F31: SR 1226 | G31: NC 91 | H31: 9.732 | I31: NIS | K31: 107245537 | L31: 44972 | M31: 17 | N31: 1 | O31: 0 | P31: 5 | Q31: O | R31: =VLOOKUP(M31,Index!$A$1:$B$26, 2, FALSE) -> animal
A32: 576 | B32: NC 91 | C32: 0.076 | D32: S | E32: SR 1226 | F32: SR 1303 | G32: NC 91 | H32: 9.903 | I32: NIS | K32: 108422243 | L32: 46079 | M32: 19 | N32: 2 | O32: 0 | P32: 1 | Q32: O | R32: =VLOOKUP(M32,Index!$A$1:$B$26, 2, FALSE) -> FO | T32: not at an intersection
A33: 576 | B33: NC 91 | C33: 0.1 | D33: S | E33: NC 91 | F33: SR 1226 | G33: NC 91 | H33: 999.999 | I33: NIS | K33: 106335461 | L33: 44082 | M33: 19 | N33: 2 | O33: 0 | P33: 1 | Q33: C | R33: =VLOOKUP(M33,Index!$A$1:$B$26, 2, FALSE) -> FO | T33: not at an intersection
A34: 0 | B34: NC 91 | C34: 0.6 | D34: S | E34: SR 1302 | F34: NC 91 | G34: NC 91 | H34: 999.999 | I34: NIS | K34: 107808878 | L34: 45491 | M34: 19 | N34: 1 | O34: 0 | P34: 1 | Q34: O | R34: =VLOOKUP(M34,Index!$A$1:$B$26, 2, FALSE) -> FO | T34: not at an intersection
A35: 0 | B35: SR 1225 | C35: 0.2 | D35: E | E35: SR 1249 | F35: NC 91 | G35: SR 1225 | H35: 7.57 | K35: 106957216 | L35: 44695 | M35: 19 | N35: 1 | O35: 0 | P35: 1 | Q35: A | R35: =VLOOKUP(M35,Index!$A$1:$B$26, 2, FALSE) -> FO | T35: not at an intersection
A36: 0 | B36: SR 1225 | C36: 0.5 | D36: N | E36: SR 1249 | F36: NC 91 | G36: SR 1225 | H36: 7.87 | K36: 106871677 | L36: 44613 | M36: 17 | N36: 1 | O36: 0 | P36: 5 | Q36: O | R36: =VLOOKUP(M36,Index!$A$1:$B$26, 2, FALSE) -> animal
A37: 0 | B37: SR 1225 | C37: 1.75 | D37: N | E37: NC 91 | F37: SR 1227 | G37: SR 1225 | H37: 8.091 | K37: 106637614 | L37: 44394 | M37: 17 | N37: 1 | O37: 0 | P37: 5 | Q37: O | R37: =VLOOKUP(M37,Index!$A$1:$B$26, 2, FALSE) -> animal
A38: 576 | B38: SR 1228 | C38: 0 | E38: NC 91 | F38: SR 1226 | G38: SR 1228 | H38: 0 | K38: 107064237 | L38: 44802 | M38: 19 | N38: 1 | O38: 8 | P38: 1 | Q38: O | R38: =VLOOKUP(M38,Index!$A$1:$B$26, 2, FALSE) -> FO | T38: not at an intersection
A39: 0 | B39: SR 1230 | C39: 0.015 | D39: S | E39: NC 91 | F39: SR 1237 | G39: SR 1230 | H39: 999.999 | K39: 105386275 | L39: 43148 | M39: 31 | N39: 1 | O39: 0 | P39: 1 | Q39: O | R39: =VLOOKUP(M39,Index!$A$1:$B$26, 2, FALSE) -> backing | T39: not at an intersection
A40: 0 | B40: SR 1237 | C40: 0 | E40: NC 91 | F40: PRIVATE PROPERTY | G40: SR 1237 | H40: 2.049 | K40: 106206609 | L40: 43938 | M40: 19 | N40: 1 | O40: 8 | P40: 5 | R40: =VLOOKUP(M40,Index!$A$1:$B$26, 2, FALSE) -> FO | T40: not at an intersection
A41: 0 | B41: SR 1303 | C41: 0.1 | D41: S | E41: SR 1302 | F41: NC 91 | G41: SR 1303 | H41: 0.681 | K41: 107204732 | L41: 44931 | M41: 19 | N41: 1 | O41: 0 | P41: 1 | Q41: O | R41: =VLOOKUP(M41,Index!$A$1:$B$26, 2, FALSE) -> FO | T41: not at an intersection
A42: 0 | B42: SR 1303 | C42: 0.3 | D42: E | E42: NC 91 | F42: SR 1302 | G42: SR 1303 | H42: 0.3 | K42: 108348926 | L42: 46006 | M42: 17 | N42: 1 | O42: 0 | P42: 5 | Q42: O | R42: =VLOOKUP(M42,Index!$A$1:$B$26, 2, FALSE) -> animal
A44: NOT IN STUDY - REPORT NOT REVIEWED
A45: 0 | B45: I 587 | C45: 0.019 | D45: W | E45: NC 91 | F45: *MILE 41 | G45: I 587 | H45: 3.046 | I45: NIS | K45: 108280159 | L45: 45954 | M45: 17 | N45: 1 | O45: 16 | P45: 5 | Q45: O
A46: 0 | B46: US 264 | C46: 0 | E46: NC 91 | F46: *MILE 59 | G46: I 587 | H46: 3.066 | I46: NIS | J46: Y | K46: 106760348 | L46: 44505 | M46: 28 | N46: 1 | O46: 0 | P46: 5 | Q46: O
A47: 0 | B47: NC 58 | C47: 0 | E47: SR 1225 | F47: SR 1253 | G47: NC 58 | H47: 17.354 | I47: NIS | K47: 107899906 | L47: 45591 | M47: 30 | N47: 1 | O47: 7 | P47: 1 | Q47: B
A48: 0 | B48: NC 58 | C48: 0 | E48: SR 1225 | F48: SR 1253 | G48: NC 58 | H48: 17.354 | I48: NIS | K48: 108430264 | L48: 46092 | M48: 30 | N48: 1 | O48: 7 | P48: 1 | Q48: C
A49: 0 | B49: NC 58 | C49: 0 | E49: SR 1225 | F49: SR 1253 | G49: NC 58 | H49: 17.354 | I49: NIS | K49: 108202953 | L49: 45884 | M49: 30 | N49: 1 | O49: 7 | P49: 1 | Q49: B
A50: 0 | B50: NC 58 | C50: 0 | E50: SR 1225 | F50: SR 1217 | G50: NC 58 | H50: 17.354 | I50: NIS | K50: 108160977 | L50: 45840 | M50: 30 | N50: 1 | O50: 7 | P50: 1 | Q50: O
A51: 0 | B51: NC 91 | C51: 0 | E51: US 258 | F51: SR 1247 | G51: NC 91 | H51: 0 | I51: NIS | K51: 107467120 | L51: 45192 | M51: 30 | N51: 2 | O51: 7 | P51: 1 | Q51: O
A52: 0 | B52: NC 91 | C52: 0 | E52: US 258 | F52: SR 1400 | G52: NC 91 | H52: 0 | I52: NIS | K52: 106589495 | L52: 44344 | M52: 30 | N52: 1 | O52: 7 | P52: 1 | Q52: O
A53: 0 | B53: NC 91 | C53: 0.095 | D53: S | E53: US 258 | F53: SECOND | G53: NC 91 | H53: 0 | I53: NIS | K53: 107214302 | L53: 44939 | M53: 19 | N53: 2 | O53: 0 | P53: 4 | Q53: O
A54: 0 | B54: NC 91 | C54: 0.009 | D54: N | E54: US 258 | F54: SR 1247 | G54: NC 91 | H54: 0.009 | I54: NIS | K54: 106362782 | L54: 44113 | M54: 19 | N54: 1 | O54: 7 | P54: 5 | Q54: O
A55: 0 | B55: NC 91 | C55: 0.1 | D55: S | E55: SR 1247 | F55: US 13 | G55: NC 91 | H55: 0.025 | I55: NIS | K55: 107835963 | L55: 45521 | M55: 21 | N55: 1 | O55: 12 | P55: 1 | Q55: O
A56: 0 | B56: NC 91 | C56: 0.1 | D56: N | E56: US 258 | F56: SR 1247 | G56: NC 91 | H56: 0.1 | I56: NIS | K56: 105523576 | L56: 43267 | M56: 13 | N56: 1 | O56: 0 | P56: 5 | Q56: O
A57: 0 | B57: NC 91 | C57: 0 | E57: SR 1364 | F57: SR 1330 | G57: NC 91 | H57: 0.125 | I57: NIS | K57: 105588011 | L57: 43340 | M57: 25 | N57: 1 | O57: 7 | P57: 1 | Q57: O
A58: 0 | B58: NC 91 | C58: 0 | E58: SR 1364 | F58: SR 1330 | G58: NC 91 | H58: 0.125 | I58: NIS | K58: 105802310 | L58: 43536 | M58: 25 | N58: 1 | O58: 7 | P58: 1 | Q58: O
A59: 0 | B59: NC 91 | C59: 0.2 | D59: N | E59: US 258 | F59: US 13 | G59: NC 91 | H59: 0.2 | I59: NIS | K59: 106387930 | L59: 44132 | M59: 17 | N59: 1 | O59: 0 | P59: 1 | Q59: O
A60: 0 | B60: NC 91 | C60: 0.3 | D60: N | E60: SR 1247 | F60: SR 1330 | G60: NC 91 | H60: 0.425 | I60: NIS | K60: 107704191 | L60: 45413 | M60: 19 | N60: 1 | O60: 0 | P60: 5 | Q60: O
A61: 0 | B61: NC 91 | C61: 0.3 | D61: N | E61: SR 1247 | F61: SR 1358 | G61: NC 91 | H61: 0.425 | I61: NIS | K61: 107806612 | L61: 45506 | M61: 17 | N61: 1 | O61: 0 | P61: 5 | Q61: O
A62: 0 | B62: NC 91 | C62: 0.5 | D62: N | E62: US 13 | F62: SR 1357 | G62: NC 91 | H62: 0.5 | I62: NIS | K62: 106423037 | L62: 44166 | M62: 21 | N62: 1 | O62: 0 | P62: 1 | Q62: O
A63: 0 | B63: NC 91 | C63: 0.5 | D63: N | E63: US 258 | F63: SR 1226 | G63: NC 91 | H63: 0.5 | I63: NIS | K63: 106831693 | L63: 44572 | M63: 19 | N63: 1 | O63: 8 | P63: 1 | Q63: O
A64: 0 | B64: NC 91 | C64: 0.5 | D64: N | E64: US 258 | F64: SR 1330 | G64: NC 91 | H64: 0.5 | I64: NIS | K64: 106536246 | L64: 44292 | M64: 17 | N64: 1 | O64: 0 | P64: 1 | Q64: O
A65: 0 | B65: NC 91 | C65: 0.4 | D65: N | E65: SR 1247 | F65: SR 1330 | G65: NC 91 | H65: 0.525 | I65: NIS | K65: 106136954 | L65: 43855 | M65: 21 | N65: 2 | O65: 5 | P65: 1 | Q65: C
A66: 0 | B66: NC 91 | C66: 0.6 | D66: N | E66: US 258 | F66: SR 1330 | G66: NC 91 | H66: 0.6 | I66: NIS | K66: 106360965 | L66: 44111 | M66: 17 | N66: 1 | O66: 0 | P66: 5 | Q66: O
A67: 0 | B67: NC 91 | C67: 0.5 | D67: N | E67: SR 1247 | F67: SR 1358 | G67: NC 91 | H67: 0.625 | I67: NIS | K67: 107133428 | L67: 44867 | M67: 21 | N67: 1 | O67: 5 | P67: 1 | Q67: C
A68: 0 | B68: NC 91 | C68: 0.5 | D68: S | E68: SR 1358 | F68: US 258 | G68: NC 91 | H68: 0.673 | I68: NIS | K68: 106732615 | L68: 44483 | M68: 28 | N68: 1 | O68: 0 | P68: 1 | Q68: O
A69: 0 | B69: NC 91 | C69: 0.7 | D69: N | E69: SR 1247 | F69: SR 1358 | G69: NC 91 | H69: 0.825 | I69: NIS | K69: 106764606 | L69: 44511 | M69: 17 | N69: 1 | O69: 0 | P69: 5 | Q69: O
A70: 0 | B70: NC 91 | C70: 0.3 | D70: S | E70: SR 1358 | F70: SR 1247 | G70: NC 91 | H70: 0.873 | I70: NIS | K70: 107897585 | L70: 45589 | M70: 21 | N70: 1 | O70: 0 | P70: 1 | Q70: O
... A79: 0 | B79: NC 91 | C79: 1.1 | D79: N | E79: US 13 | F79: SR 1358 | G79: NC 91 | H79: 1.1 | I79: NIS | K79: 108377854 | L79: 46042 | M79: 19 | N79: 1 | O79: 10 | P79: 1 | Q79: O
A80: 0 | B80: NC 91 | C80: 0 | E80: GREENE CENTRAL HIGH SCH | F80: SR 1358 | G80: NC 91 | H80: 1.119 | I80: NIS | K80: 106858497 | L80: 44602 | M80: 24 | N80: 1 | O80: 8 | P80: 1 | Q80: O
A81: 0 | B81: NC 91 | C81: 0 | E81: PVA GREENE CENTRAL | F81: SR 1358 | G81: NC 91 | H81: 1.119 | I81: NIS | K81: 105790063 | L81: 43524 | M81: 24 | N81: 1 | O81: 4 | P81: 1 | Q81: C
A82: 0 | B82: NC 91 | C82: 0 | E82: PVA GREENE CENTRAL HIGH SC | F82: SR 1358 | G82: NC 91 | H82: 1.119 | I82: NIS | K82: 107410000 | L82: 45133 | M82: 30 | N82: 1 | O82: 8 | P82: 1 | Q82: O
A83: 0 | B83: NC 91 | C83: 0 | E83: PVA GREENE CENTRAL HS | F83: SR 1330 | G83: NC 91 | H83: 1.119 | I83: NIS | K83: 107112361 | L83: 44841 | M83: 23 | N83: 1 | O83: 4 | P83: 1 | Q83: O
A84: 0 | B84: NC 91 | C84: 0 | E84: SR 1358 | F84: SR 1330 | G84: NC 91 | H84: 1.173 | I84: NIS | K84: 106932993 | L84: 44676 | M84: 24 | N84: 1 | O84: 8 | P84: 1 | Q84: B
A85: 0 | B85: NC 91 | C85: 0 | E85: SR 1358 | F85: SR 1330 | G85: NC 91 | H85: 1.173 | I85: NIS | K85: 105493877 | L85: 43243 | M85: 24 | N85: 1 | O85: 8 | P85: 1 | Q85: B
A86: 0 | B86: NC 91 | C86: 0 | E86: SR 1358 | F86: SR 1222 | G86: NC 91 | H86: 1.173 | I86: NIS | K86: 108342608 | L86: 45999 | M86: 24 | N86: 1 | O86: 8 | P86: 1 | Q86: O
A87: 0 | B87: NC 91 | C87: 0 | E87: SR 1358 | F87: SR 1330 | G87: NC 91 | H87: 1.173 | I87: NIS | K87: 108272255 | L87: 45947 | M87: 24 | N87: 1 | O87: 8 | P87: 1 | Q87: O
A88: 0 | B88: NC 91 | C88: 0 | E88: SR 1358 | F88: NC 903 | G88: NC 91 | H88: 1.173 | I88: NIS | K88: 107835992 | L88: 45530 | M88: 24 | N88: 1 | O88: 8 | P88: 1 | Q88: O
A89: 0 | B89: NC 91 | C89: 0 | E89: SR 1358 | F89: SR 1330 | G89: NC 91 | H89: 1.173 | I89: NIS | K89: 107786892 | L89: 45463 | M89: 21 | N89: 1 | O89: 8 | P89: 1 | Q89: O
A90: 0 | B90: NC 91 | C90: 0 | E90: SR 1358 | F90: SR 1330 | G90: NC 91 | H90: 1.173 | I90: NIS | K90: 107435254 | L90: 45161 | M90: 19 | N90: 1 | O90: 8 | P90: 1 | Q90: O
A91: 0 | B91: NC 91 | C91: 0 | E91: SR 1358 | F91: SR 1330 | G91: NC 91 | H91: 1.173 | I91: NIS | K91: 107954649 | L91: 45636 | M91: 24 | N91: 2 | O91: 8 | P91: 1 | Q91: O
A92: 0 | B92: NC 91 | C92: 1.25 | D92: N | E92: US 258 | F92: SR 1330 | G92: NC 91 | H92: 1.25 | I92: NIS | K92: 105986207 | L92: 43707 | M92: 28 | N92: 1 | O92: 0 | P92: 1 | Q92: O
A93: 0 | B93: NC 91 | C93: 0.2 | D93: S | E93: SR 1330 | F93: SR 1358 | G93: NC 91 | H93: 1.363 | I93: NIS | K93: 106103515 | L93: 43820 | M93: 17 | N93: 1 | O93: 0 | P93: 3 | Q93: O
A94: 0 | B94: NC 91 | C94: 0.2 | D94: S | E94: SR 1330 | F94: SR 1358 | G94: NC 91 | H94: 1.363 | I94: NIS | K94: 107714875 | L94: 45421 | M94: 21 | N94: 2 | O94: 0 | P94: 1 | Q94: B
A95: 0 | B95: NC 91 | C95: 0.2 | D95: N | E95: SR 1358 | F95: SR 1330 | G95: NC 91 | H95: 1.373 | I95: NIS | K95: 107583604 | L95: 45293 | M95: 17 | N95: 1 | O95: 0 | P95: 5 | Q95: O
A96: 0 | B96: NC 91 | C96: 0.1 | D96: S | E96: SR 1330 | F96: SR 1226 | G96: NC 91 | H96: 1.463 | I96: NIS | K96: 107353570 | L96: 45071 | M96: 19 | N96: 1 | O96: 0 | P96: 1 | Q96: O
A97: 0 | B97: NC 91 | C97: 0.1 | D97: S | E97: SR 1330 | F97: SR 1226 | G97: NC 91 | H97: 1.463 | I97: NIS | K97: 106839283 | L97: 44580 | M97: 17 | N97: 1 | O97: 0 | P97: 3 | Q97: O
A98: 0 | B98: NC 91 | C98: 0.1 | D98: S | E98: SR 1330 | F98: SR 1247 | G98: NC 91 | H98: 1.463 | I98: NIS | K98: 106770386 | L98: 44516 | M98: 17 | N98: 1 | O98: 0 | P98: 5 | Q98: O
A99: 0 | B99: NC 91 | C99: 0.1 | D99: S | E99: SR 1330 | F99: SR 1247 | G99: NC 91 | H99: 1.463 | I99: NIS | K99: 106255812 | L99: 44000 | M99: 17 | N99: 1 | O99: 0 | P99: 1 | Q99: O
A100: 0 | B100: NC 91 | C100: 0.1 | D100: S | E100: SR 1330 | F100: US 258 | G100: NC 91 | H100: 1.463 | I100: NIS | K100: 106136525 | L100: 43847 | M100: 19 | N100: 1 | O100: 0 | P100: 1 | Q100: B
A101: 0 | B101: NC 91 | C101: 0.1 | D101: S | E101: SR 1330 | F101: SR 1247 | G101: NC 91 | H101: 1.463 | I101: NIS | K101: 105281360 | L101: 43046 | M101: 17 | N101: 2 | O101: 0 | P101: 5 | Q101: O
A102: 0 | B102: NC 91 | C102: 0.1 | D102: S | E102: SR 1330 | F102: SR 1358 | G102: NC 91 | H102: 1.463 | I102: NIS | K102: 107205020 | L102: 44931 | M102: 17 | N102: 1 | O102: 0 | P102: 2 | Q102: O
A103: 0 | B103: NC 91 | C103: 0.066 | D103: S | E103: SR 1330 | F103: SR 1222 | G103: NC 91 | H103: 1.497 | I103: NIS | K103: 108267429 | L103: 45942 | M103: 19 | N103: 2 | O103: 10 | P103: 5 | Q103: O
... A106: 0 | B106: NC 91 | C106: 0.005 | D106: S | E106: SR 1330 | F106: SR 1222 | G106: NC 91 | H106: 1.558 | I106: NIS | K106: 106424659 | L106: 44167 | M106: 19 | N106: 1 | O106: 0 | P106: 1 | Q106: O
A107: 0 | B107: NC 91 | C107: 0 | E107: SR 1330 | F107: SR 1357 | G107: NC 91 | H107: 1.563 | I107: NIS | K107: 106898594 | L107: 44599 | M107: 23 | N107: 2 | O107: 8 | P107: 1 | Q107: O
A108: 0 | B108: NC 91 | C108: 0 | E108: SR 1330 | F108: SR 1245 | G108: NC 91 | H108: 1.563 | I108: NIS | K108: 106829559 | L108: 44571 | M108: 30 | N108: 1 | O108: 8 | P108: 1 | Q108: O
A109: 0 | B109: NC 91 | C109: 0 | E109: SR 1330 | F109: US 258 | G109: NC 91 | H109: 1.563 | I109: NIS | K109: 106742304 | L109: 44487 | M109: 23 | N109: 1 | O109: 8 | P109: 1 | Q109: C
A110: 0 | B110: NC 91 | C110: 0 | E110: SR 1330 | F110: SR 1331 | G110: NC 91 | H110: 1.563 | I110: NIS | K110: 105747839 | L110: 43483 | M110: 23 | N110: 1 | O110: 8 | P110: 1 | Q110: C
A111: 0 | B111: NC 91 | C111: 0 | E111: SR 1330 | F111: US 258 | G111: NC 91 | H111: 1.563 | I111: NIS | K111: 105605039 | L111: 43348 | M111: 24 | N111: 1 | O111: 8 | P111: 1 | Q111: C
A112: 0 | B112: NC 91 | C112: 0 | E112: SR 1330 | F112: SR 1357 | G112: NC 91 | H112: 1.563 | I112: NIS | K112: 105510348 | L112: 43251 | M112: 23 | N112: 1 | O112: 8 | P112: 1 | Q112: O
A113: 0 | B113: NC 91 | C113: 0 | E113: SR 1330 | F113: SR 1248 | G113: NC 91 | H113: 1.563 | I113: NIS | K113: 105339042 | L113: 43102 | M113: 23 | N113: 1 | O113: 8 | P113: 1 | Q113: O
...

Sheet Before
A1: Manually Edit These Columns (A -> M) | O1: Don't Edit These Columns (N -> ). Calculations are Automatic.
A2: ="Before Period ("&TEXT('Evaluation Set-up'!D9, "mm/dd/yy")&" - "&TEXT('Evaluation Set-up'!E9, "mm/dd/yy")&")" -> Before Period (11/01/17 - 10/31/21) | O2: Crash # | P2: Crash Year | Q2: Severity Index | R2: Target-1 Severity Index | S2: Target-1 KABCO | T2: Target-2 Severity Index | U2: Target-2 KABCO
A3: Crash ID | B3: Date | C3: T | D3: C | E3: F | F3: L | G3: S | H3: Analyst's Notes Column 1 | I3: Analyst's Notes Column 2 | J3: Analyst's Notes Column 3 | K3: Analyst's Notes Column 4 | L3: Target-1? | M3: Target-2? | Y3: Total | Z3: Target-1 | AA3: Target-2 | AB3: All Targets | AR3: Crash # | AS3: Target Crash?
A4: 105366208 | B4: 43122 | C4: 30 | D4: 1 | E4: 7 | F4: 1 | G4: O | H4: angle | I4: EBT/NBT | J4: failed to yield | L4: Y | O4: =IF(Q4 = "", "", COUNT(Q$4:$Q4)) -> 1 | P4: =IF(C4 > 0, YEAR(B4), "") -> 2018 | Q4: =IF(A4="", "", IF(G4="",1,IF(G4="O",1,IF(G4="C",8.4,IF(G4="B",8.4,IF(G4="A",76.8,IF(G4="K",76.8,"ERR"))))))) -> 1 | R4: =IF(L4<>"",Q4,"") -> 1 | S4: =IF(IF(L4<>"",G4,"")=0, "O", IF(L4<>"",G4,"")) -> O | T4: =IF(M4<>"",Q4,"") | U4: =IF(IF(M4<>"",G4,"")=0, "O", IF(M4<>"",G4,"")) | X4: K | Y4: =COUNTIF($G$4:$G$1048576,$X4) -> 0 | Z4: =COUNTIF($S$4:$S$1048576,$X4) -> 0 | AA4: =COUNTIF($U$4:$U$1048576,$X4) -> 0 | AB4: =COUNTIF($S:$S, X4)+COUNTIF($U:$U, X4)-COUNTIFS($S:$S, X4, $U:$U, X4) -> 0 | AR4: =IF(O4>0, O4, "") -> 1 | AS4: =IF(OR(L4="Y",M4="Y"),"Y","") -> Y
A5: 105543910 | B5: 43297 | C5: 24 | D5: 1 | E5: 7 | F5: 1 | G5: O | H5: LTDR | I5: WBL/SBT | J5: failed to yield | L5: Y | O5: =IF(Q5 = "", "", COUNT(Q$4:$Q5)) -> 2 | P5: =IF(C5 > 0, YEAR(B5), "") -> 2018 | Q5: =IF(A5="", "", IF(G5="",1,IF(G5="O",1,IF(G5="C",8.4,IF(G5="B",8.4,IF(G5="A",76.8,IF(G5="K",76.8,"ERR"))))))) -> 1 | R5: =IF(L5<>"",Q5,"") -> 1 | S5: =IF(IF(L5<>"",G5,"")=0, "O", IF(L5<>"",G5,"")) -> O | T5: =IF(M5<>"",Q5,"") | U5: =IF(IF(M5<>"",G5,"")=0, "O", IF(M5<>"",G5,"")) | X5: A | Y5: =COUNTIF($G$4:$G$1048576,$X5) -> 0 | Z5: =COUNTIF($S$4:$S$1048576,$X5) -> 0 | AA5: =COUNTIF($U$4:$U$1048576,$X5) -> 0 | AB5: =COUNTIF($S:$S, X5)+COUNTIF($U:$U, X5)-COUNTIFS($S:$S, X5, $U:$U, X5) -> 0 | AR5: =IF(O5>0, O5, "") -> 2 | AS5: =IF(OR(L5="Y",M5="Y"),"Y","") -> Y
A6: 105685815 | B6: 43422 | C6: 30 | D6: 1 | E6: 7 | F6: 1 | G6: O | H6: angle | I6: EBT/NBT | J6: failed to yield | L6: Y | O6: =IF(Q6 = "", "", COUNT(Q$4:$Q6)) -> 3 | P6: =IF(C6 > 0, YEAR(B6), "") -> 2018 | Q6: =IF(A6="", "", IF(G6="",1,IF(G6="O",1,IF(G6="C",8.4,IF(G6="B",8.4,IF(G6="A",76.8,IF(G6="K",76.8,"ERR"))))))) -> 1 | R6: =IF(L6<>"",Q6,"") -> 1 | S6: =IF(IF(L6<>"",G6,"")=0, "O", IF(L6<>"",G6,"")) -> O | T6: =IF(M6<>"",Q6,"") | U6: =IF(IF(M6<>"",G6,"")=0, "O", IF(M6<>"",G6,"")) | X6: B | Y6: =COUNTIF($G$4:$G$1048576,$X6) -> 0 | Z6: =COUNTIF($S$4:$S$1048576,$X6) -> 0 | AA6: =COUNTIF($U$4:$U$1048576,$X6) -> 0 | AB6: =COUNTIF($S:$S, X6)+COUNTIF($U:$U, X6)-COUNTIFS($S:$S, X6, $U:$U, X6) -> 0 | AR6: =IF(O6>0, O6, "") -> 3 | AS6: =IF(OR(L6="Y",M6="Y"),"Y","") -> Y
A7: 105843862 | B7: 43571 | C7: 30 | D7: 1 | E7: 7 | F7: 1 | G7: C | H7: angle | I7: EBT/NBT | J7: failed to yield | L7: Y | O7: =IF(Q7 = "", "", COUNT(Q$4:$Q7)) -> 4 | P7: =IF(C7 > 0, YEAR(B7), "") -> 2019 | Q7: =IF(A7="", "", IF(G7="",1,IF(G7="O",1,IF(G7="C",8.4,IF(G7="B",8.4,IF(G7="A",76.8,IF(G7="K",76.8,"ERR"))))))) -> 8.4 | R7: =IF(L7<>"",Q7,"") -> 8.4 | S7: =IF(IF(L7<>"",G7,"")=0, "O", IF(L7<>"",G7,"")) -> C | T7: =IF(M7<>"",Q7,"") | U7: =IF(IF(M7<>"",G7,"")=0, "O", IF(M7<>"",G7,"")) | X7: C | Y7: =COUNTIF($G$4:$G$1048576,$X7) -> 4 | Z7: =COUNTIF($S$4:$S$1048576,$X7) -> 4 | AA7: =COUNTIF($U$4:$U$1048576,$X7) -> 0 | AB7: =COUNTIF($S:$S, X7)+COUNTIF($U:$U, X7)-COUNTIFS($S:$S, X7, $U:$U, X7) -> 4 | AR7: =IF(O7>0, O7, "") -> 4 | AS7: =IF(OR(L7="Y",M7="Y"),"Y","") -> Y
A8: 105880887 | B8: 43614 | C8: 30 | D8: 1 | E8: 7 | F8: 1 | G8: C | H8: angle | I8: WBT/SBT | J8: failed to yield | L8: Y | O8: =IF(Q8 = "", "", COUNT(Q$4:$Q8)) -> 5 | P8: =IF(C8 > 0, YEAR(B8), "") -> 2019 | Q8: =IF(A8="", "", IF(G8="",1,IF(G8="O",1,IF(G8="C",8.4,IF(G8="B",8.4,IF(G8="A",76.8,IF(G8="K",76.8,"ERR"))))))) -> 8.4 | R8: =IF(L8<>"",Q8,"") -> 8.4 | S8: =IF(IF(L8<>"",G8,"")=0, "O", IF(L8<>"",G8,"")) -> C | T8: =IF(M8<>"",Q8,"") | U8: =IF(IF(M8<>"",G8,"")=0, "O", IF(M8<>"",G8,"")) | X8: O | Y8: =COUNTIF($G$4:$G$1048576,$X8)+COUNTIFS($G$4:$G$1048576, "", $O$4:$O$1048576, ">0") -> 4 | Z8: =COUNTIF($S$4:$S$1048576,$X8) -> 4 | AA8: =COUNTIF($U$4:$U$1048576,$X8) -> 0 | AB8: =COUNTIF($S:$S, X8)+COUNTIF($U:$U, X8)-COUNTIFS($S:$S, X8, $U:$U, X8) -> 4 | AR8: =IF(O8>0, O8, "") -> 5 | AS8: =IF(OR(L8="Y",M8="Y"),"Y","") -> Y
A9: 106014182 | B9: 43742 | C9: 30 | D9: 1 | E9: 7 | F9: 1 | G9: C | H9: angle | I9: EBT/NBT | J9: failed to yield | L9: Y | O9: =IF(Q9 = "", "", COUNT(Q$4:$Q9)) -> 6 | P9: =IF(C9 > 0, YEAR(B9), "") -> 2019 | Q9: =IF(A9="", "", IF(G9="",1,IF(G9="O",1,IF(G9="C",8.4,IF(G9="B",8.4,IF(G9="A",76.8,IF(G9="K",76.8,"ERR"))))))) -> 8.4 | R9: =IF(L9<>"",Q9,"") -> 8.4 | S9: =IF(IF(L9<>"",G9,"")=0, "O", IF(L9<>"",G9,"")) -> C | T9: =IF(M9<>"",Q9,"") | U9: =IF(IF(M9<>"",G9,"")=0, "O", IF(M9<>"",G9,"")) | X9: Total | Y9: =COUNTIF(O4:O1048576, ">0") -> 8 | Z9: =COUNT(R4:R1048576) -> 8 | AA9: =COUNT(T4:T1048576) -> 0 | AB9: =SUM(AB4:AB8) -> 8 | AR9: =IF(O9>0, O9, "") -> 6 | AS9: =IF(OR(L9="Y",M9="Y"),"Y","") -> Y
A10: 106038472 | B10: 43745 | C10: 24 | D10: 1 | E10: 7 | F10: 1 | G10: C | H10: LTDR | I10: EBL/NBT | J10: failed to yield | L10: Y | O10: =IF(Q10 = "", "", COUNT(Q$4:$Q10)) -> 7 | P10: =IF(C10 > 0, YEAR(B10), "") -> 2019 | Q10: =IF(A10="", "", IF(G10="",1,IF(G10="O",1,IF(G10="C",8.4,IF(G10="B",8.4,IF(G10="A",76.8,IF(G10="K",76.8,"ERR"))))))) -> 8.4 | R10: =IF(L10<>"",Q10,"") -> 8.4 | S10: =IF(IF(L10<>"",G10,"")=0, "O", IF(L10<>"",G10,"")) -> C | T10: =IF(M10<>"",Q10,"") | U10: =IF(IF(M10<>"",G10,"")=0, "O", IF(M10<>"",G10,"")) | X10: SI | Y10: =IFERROR(AVERAGE(Q4:Q1048576), 0) -> 4.7 | Z10: =IFERROR(AVERAGE(R4:R1048576),0) -> 4.7 | AA10: =IFERROR(AVERAGE(T4:T1048576),0) -> 0 | AB10: =IFERROR(AVERAGEIF($AS$4:$AS$1048576,"Y", Q4:Q1048576 ),0) -> 4.7 | AR10: =IF(O10>0, O10, "") -> 7 | AS10: =IF(OR(L10="Y",M10="Y"),"Y","") -> Y
A11: 106226479 | B11: 43966 | C11: 30 | D11: 1 | E11: 7 | F11: 1 | G11: O | H11: angle | I11: WBT/SBT | J11: failed to yield | L11: Y | O11: =IF(Q11 = "", "", COUNT(Q$4:$Q11)) -> 8 | P11: =IF(C11 > 0, YEAR(B11), "") -> 2020 | Q11: =IF(A11="", "", IF(G11="",1,IF(G11="O",1,IF(G11="C",8.4,IF(G11="B",8.4,IF(G11="A",76.8,IF(G11="K",76.8,"ERR"))))))) -> 1 | R11: =IF(L11<>"",Q11,"") -> 1 | S11: =IF(IF(L11<>"",G11,"")=0, "O", IF(L11<>"",G11,"")) -> O | T11: =IF(M11<>"",Q11,"") | U11: =IF(IF(M11<>"",G11,"")=0, "O", IF(M11<>"",G11,"")) | AR11: =IF(O11>0, O11, "") -> 8 | AS11: =IF(OR(L11="Y",M11="Y"),"Y","") -> Y
O12: =IF(Q12 = "", "", COUNT(Q$4:$Q12)) | P12: =IF(C12 > 0, YEAR(B12), "") | Q12: =IF(A12="", "", IF(G12="",1,IF(G12="O",1,IF(G12="C",8.4,IF(G12="B",8.4,IF(G12="A",76.8,IF(G12="K",76.8,"ERR"))))))) | R12: =IF(L12<>"",Q12,"") | S12: =IF(IF(L12<>"",G12,"")=0, "O", IF(L12<>"",G12,"")) | T12: =IF(M12<>"",Q12,"") | U12: =IF(IF(M12<>"",G12,"")=0, "O", IF(M12<>"",G12,"")) | AR12: =IF(O12>0, O12, "") | AS12: =IF(OR(L12="Y",M12="Y"),"Y","")
O13: =IF(Q13 = "", "", COUNT(Q$4:$Q13)) | P13: =IF(C13 > 0, YEAR(B13), "") | Q13: =IF(A13="", "", IF(G13="",1,IF(G13="O",1,IF(G13="C",8.4,IF(G13="B",8.4,IF(G13="A",76.8,IF(G13="K",76.8,"ERR"))))))) | R13: =IF(L13<>"",Q13,"") | S13: =IF(IF(L13<>"",G13,"")=0, "O", IF(L13<>"",G13,"")) | T13: =IF(M13<>"",Q13,"") | U13: =IF(IF(M13<>"",G13,"")=0, "O", IF(M13<>"",G13,"")) | AR13: =IF(O13>0, O13, "") | AS13: =IF(OR(L13="Y",M13="Y"),"Y","")
O14: =IF(Q14 = "", "", COUNT(Q$4:$Q14)) | P14: =IF(C14 > 0, YEAR(B14), "") | Q14: =IF(A14="", "", IF(G14="",1,IF(G14="O",1,IF(G14="C",8.4,IF(G14="B",8.4,IF(G14="A",76.8,IF(G14="K",76.8,"ERR"))))))) | R14: =IF(L14<>"",Q14,"") | S14: =IF(IF(L14<>"",G14,"")=0, "O", IF(L14<>"",G14,"")) | T14: =IF(M14<>"",Q14,"") | U14: =IF(IF(M14<>"",G14,"")=0, "O", IF(M14<>"",G14,"")) | W14: Steps | AR14: =IF(O14>0, O14, "") | AS14: =IF(OR(L14="Y",M14="Y"),"Y","")
O15: =IF(Q15 = "", "", COUNT(Q$4:$Q15)) | P15: =IF(C15 > 0, YEAR(B15), "") | Q15: =IF(A15="", "", IF(G15="",1,IF(G15="O",1,IF(G15="C",8.4,IF(G15="B",8.4,IF(G15="A",76.8,IF(G15="K",76.8,"ERR"))))))) | R15: =IF(L15<>"",Q15,"") | S15: =IF(IF(L15<>"",G15,"")=0, "O", IF(L15<>"",G15,"")) | T15: =IF(M15<>"",Q15,"") | U15: =IF(IF(M15<>"",G15,"")=0, "O", IF(M15<>"",G15,"")) | W15: 1 | X15: For the crashes you have determined to be within your study area and in the BEFORE period, copy and paste the Crash ID, Date, T, C, F, L, and S columns from your filtered fiche into this tab's Columns A -> G. | AR15: =IF(O15>0, O15, "") | AS15: =IF(OR(L15="Y",M15="Y"),"Y","")
O16: =IF(Q16 = "", "", COUNT(Q$4:$Q16)) | P16: =IF(C16 > 0, YEAR(B16), "") | Q16: =IF(A16="", "", IF(G16="",1,IF(G16="O",1,IF(G16="C",8.4,IF(G16="B",8.4,IF(G16="A",76.8,IF(G16="K",76.8,"ERR"))))))) | R16: =IF(L16<>"",Q16,"") | S16: =IF(IF(L16<>"",G16,"")=0, "O", IF(L16<>"",G16,"")) | T16: =IF(M16<>"",Q16,"") | U16: =IF(IF(M16<>"",G16,"")=0, "O", IF(M16<>"",G16,"")) | AR16: =IF(O16>0, O16, "") | AS16: =IF(OR(L16="Y",M16="Y"),"Y","")
O17: =IF(Q17 = "", "", COUNT(Q$4:$Q17)) | P17: =IF(C17 > 0, YEAR(B17), "") | Q17: =IF(A17="", "", IF(G17="",1,IF(G17="O",1,IF(G17="C",8.4,IF(G17="B",8.4,IF(G17="A",76.8,IF(G17="K",76.8,"ERR"))))))) | R17: =IF(L17<>"",Q17,"") | S17: =IF(IF(L17<>"",G17,"")=0, "O", IF(L17<>"",G17,"")) | T17: =IF(M17<>"",Q17,"") | U17: =IF(IF(M17<>"",G17,"")=0, "O", IF(M17<>"",G17,"")) | AR17: =IF(O17>0, O17, "") | AS17: =IF(OR(L17="Y",M17="Y"),"Y","")
O18: =IF(Q18 = "", "", COUNT(Q$4:$Q18)) | P18: =IF(C18 > 0, YEAR(B18), "") | Q18: =IF(A18="", "", IF(G18="",1,IF(G18="O",1,IF(G18="C",8.4,IF(G18="B",8.4,IF(G18="A",76.8,IF(G18="K",76.8,"ERR"))))))) | R18: =IF(L18<>"",Q18,"") | S18: =IF(IF(L18<>"",G18,"")=0, "O", IF(L18<>"",G18,"")) | T18: =IF(M18<>"",Q18,"") | U18: =IF(IF(M18<>"",G18,"")=0, "O", IF(M18<>"",G18,"")) | X18: ● | Y18: It is ESSENTIAL that the data you are pasting into these columns corresponds to their above headers. | AR18: =IF(O18>0, O18, "") | AS18: =IF(OR(L18="Y",M18="Y"),"Y","")
O19: =IF(Q19 = "", "", COUNT(Q$4:$Q19)) | P19: =IF(C19 > 0, YEAR(B19), "") | Q19: =IF(A19="", "", IF(G19="",1,IF(G19="O",1,IF(G19="C",8.4,IF(G19="B",8.4,IF(G19="A",76.8,IF(G19="K",76.8,"ERR"))))))) | R19: =IF(L19<>"",Q19,"") | S19: =IF(IF(L19<>"",G19,"")=0, "O", IF(L19<>"",G19,"")) | T19: =IF(M19<>"",Q19,"") | U19: =IF(IF(M19<>"",G19,"")=0, "O", IF(M19<>"",G19,"")) | AR19: =IF(O19>0, O19, "") | AS19: =IF(OR(L19="Y",M19="Y"),"Y","")
O20: =IF(Q20 = "", "", COUNT(Q$4:$Q20)) | P20: =IF(C20 > 0, YEAR(B20), "") | Q20: =IF(A20="", "", IF(G20="",1,IF(G20="O",1,IF(G20="C",8.4,IF(G20="B",8.4,IF(G20="A",76.8,IF(G20="K",76.8,"ERR"))))))) | R20: =IF(L20<>"",Q20,"") | S20: =IF(IF(L20<>"",G20,"")=0, "O", IF(L20<>"",G20,"")) | T20: =IF(M20<>"",Q20,"") | U20: =IF(IF(M20<>"",G20,"")=0, "O", IF(M20<>"",G20,"")) | X20: ● | Y20: It is recommended that the user of this workbook enters in the crash data in the same order of the TEAAS study’s crash #s. This allows for consistency between this workbook’s crash #s with the TEAAS study’s crash #s and the collision diagram’s crash #s. Reviewers would find this consistency helpful. | AR20: =IF(O20>0, O20, "") | AS20: =IF(OR(L20="Y",M20="Y"),"Y","")
O21: =IF(Q21 = "", "", COUNT(Q$4:$Q21)) | P21: =IF(C21 > 0, YEAR(B21), "") | Q21: =IF(A21="", "", IF(G21="",1,IF(G21="O",1,IF(G21="C",8.4,IF(G21="B",8.4,IF(G21="A",76.8,IF(G21="K",76.8,"ERR"))))))) | R21: =IF(L21<>"",Q21,"") | S21: =IF(IF(L21<>"",G21,"")=0, "O", IF(L21<>"",G21,"")) | T21: =IF(M21<>"",Q21,"") | U21: =IF(IF(M21<>"",G21,"")=0, "O", IF(M21<>"",G21,"")) | AR21: =IF(O21>0, O21, "") | AS21: =IF(OR(L21="Y",M21="Y"),"Y","")
O22: =IF(Q22 = "", "", COUNT(Q$4:$Q22)) | P22: =IF(C22 > 0, YEAR(B22), "") | Q22: =IF(A22="", "", IF(G22="",1,IF(G22="O",1,IF(G22="C",8.4,IF(G22="B",8.4,IF(G22="A",76.8,IF(G22="K",76.8,"ERR"))))))) | R22: =IF(L22<>"",Q22,"") | S22: =IF(IF(L22<>"",G22,"")=0, "O", IF(L22<>"",G22,"")) | T22: =IF(M22<>"",Q22,"") | U22: =IF(IF(M22<>"",G22,"")=0, "O", IF(M22<>"",G22,"")) | AR22: =IF(O22>0, O22, "") | AS22: =IF(OR(L22="Y",M22="Y"),"Y","")
O23: =IF(Q23 = "", "", COUNT(Q$4:$Q23)) | P23: =IF(C23 > 0, YEAR(B23), "") | Q23: =IF(A23="", "", IF(G23="",1,IF(G23="O",1,IF(G23="C",8.4,IF(G23="B",8.4,IF(G23="A",76.8,IF(G23="K",76.8,"ERR"))))))) | R23: =IF(L23<>"",Q23,"") | S23: =IF(IF(L23<>"",G23,"")=0, "O", IF(L23<>"",G23,"")) | T23: =IF(M23<>"",Q23,"") | U23: =IF(IF(M23<>"",G23,"")=0, "O", IF(M23<>"",G23,"")) | AR23: =IF(O23>0, O23, "") | AS23: =IF(OR(L23="Y",M23="Y"),"Y","")
O24: =IF(Q24 = "", "", COUNT(Q$4:$Q24)) | P24: =IF(C24 > 0, YEAR(B24), "") | Q24: =IF(A24="", "", IF(G24="",1,IF(G24="O",1,IF(G24="C",8.4,IF(G24="B",8.4,IF(G24="A",76.8,IF(G24="K",76.8,"ERR"))))))) | R24: =IF(L24<>"",Q24,"") | S24: =IF(IF(L24<>"",G24,"")=0, "O", IF(L24<>"",G24,"")) | T24: =IF(M24<>"",Q24,"") | U24: =IF(IF(M24<>"",G24,"")=0, "O", IF(M24<>"",G24,"")) | AR24: =IF(O24>0, O24, "") | AS24: =IF(OR(L24="Y",M24="Y"),"Y","")
O25: =IF(Q25 = "", "", COUNT(Q$4:$Q25)) | P25: =IF(C25 > 0, YEAR(B25), "") | Q25: =IF(A25="", "", IF(G25="",1,IF(G25="O",1,IF(G25="C",8.4,IF(G25="B",8.4,IF(G25="A",76.8,IF(G25="K",76.8,"ERR"))))))) | R25: =IF(L25<>"",Q25,"") | S25: =IF(IF(L25<>"",G25,"")=0, "O", IF(L25<>"",G25,"")) | T25: =IF(M25<>"",Q25,"") | U25: =IF(IF(M25<>"",G25,"")=0, "O", IF(M25<>"",G25,"")) | X25: ● | Y25: Make sure that rows are not skipped when pasting the fiche's in-study crash data. Skipping rows will break some of the background formulas | AR25: =IF(O25>0, O25, "") | AS25: =IF(OR(L25="Y",M25="Y"),"Y","")
O26: =IF(Q26 = "", "", COUNT(Q$4:$Q26)) | P26: =IF(C26 > 0, YEAR(B26), "") | Q26: =IF(A26="", "", IF(G26="",1,IF(G26="O",1,IF(G26="C",8.4,IF(G26="B",8.4,IF(G26="A",76.8,IF(G26="K",76.8,"ERR"))))))) | R26: =IF(L26<>"",Q26,"") | S26: =IF(IF(L26<>"",G26,"")=0, "O", IF(L26<>"",G26,"")) | T26: =IF(M26<>"",Q26,"") | U26: =IF(IF(M26<>"",G26,"")=0, "O", IF(M26<>"",G26,"")) | AR26: =IF(O26>0, O26, "") | AS26: =IF(OR(L26="Y",M26="Y"),"Y","")
O27: =IF(Q27 = "", "", COUNT(Q$4:$Q27)) | P27: =IF(C27 > 0, YEAR(B27), "") | Q27: =IF(A27="", "", IF(G27="",1,IF(G27="O",1,IF(G27="C",8.4,IF(G27="B",8.4,IF(G27="A",76.8,IF(G27="K",76.8,"ERR"))))))) | R27: =IF(L27<>"",Q27,"") | S27: =IF(IF(L27<>"",G27,"")=0, "O", IF(L27<>"",G27,"")) | T27: =IF(M27<>"",Q27,"") | U27: =IF(IF(M27<>"",G27,"")=0, "O", IF(M27<>"",G27,"")) | X27: ● | Y27: The determination of the crashes in the study should be finalized/set-in-stone before pasting into this tab. Deleting and adjusting cells in the tab may break the formulas used in the calculations. | AR27: =IF(O27>0, O27, "") | AS27: =IF(OR(L27="Y",M27="Y"),"Y","")
O28: =IF(Q28 = "", "", COUNT(Q$4:$Q28)) | P28: =IF(C28 > 0, YEAR(B28), "") | Q28: =IF(A28="", "", IF(G28="",1,IF(G28="O",1,IF(G28="C",8.4,IF(G28="B",8.4,IF(G28="A",76.8,IF(G28="K",76.8,"ERR"))))))) | R28: =IF(L28<>"",Q28,"") | S28: =IF(IF(L28<>"",G28,"")=0, "O", IF(L28<>"",G28,"")) | T28: =IF(M28<>"",Q28,"") | U28: =IF(IF(M28<>"",G28,"")=0, "O", IF(M28<>"",G28,"")) | AR28: =IF(O28>0, O28, "") | AS28: =IF(OR(L28="Y",M28="Y"),"Y","")
O29: =IF(Q29 = "", "", COUNT(Q$4:$Q29)) | P29: =IF(C29 > 0, YEAR(B29), "") | Q29: =IF(A29="", "", IF(G29="",1,IF(G29="O",1,IF(G29="C",8.4,IF(G29="B",8.4,IF(G29="A",76.8,IF(G29="K",76.8,"ERR"))))))) | R29: =IF(L29<>"",Q29,"") | S29: =IF(IF(L29<>"",G29,"")=0, "O", IF(L29<>"",G29,"")) | T29: =IF(M29<>"",Q29,"") | U29: =IF(IF(M29<>"",G29,"")=0, "O", IF(M29<>"",G29,"")) | AR29: =IF(O29>0, O29, "") | AS29: =IF(OR(L29="Y",M29="Y"),"Y","")
O30: =IF(Q30 = "", "", COUNT(Q$4:$Q30)) | P30: =IF(C30 > 0, YEAR(B30), "") | Q30: =IF(A30="", "", IF(G30="",1,IF(G30="O",1,IF(G30="C",8.4,IF(G30="B",8.4,IF(G30="A",76.8,IF(G30="K",76.8,"ERR"))))))) | R30: =IF(L30<>"",Q30,"") | S30: =IF(IF(L30<>"",G30,"")=0, "O", IF(L30<>"",G30,"")) | T30: =IF(M30<>"",Q30,"") | U30: =IF(IF(M30<>"",G30,"")=0, "O", IF(M30<>"",G30,"")) | W30: 2 | X30: Different analysts like using different columns for their notes when filtering the Fiche and labeling crashes. Columns H -> K are your prerogative, feel free to copy in whatever notes you used in the analysis. | AR30: =IF(O30>0, O30, "") | AS30: =IF(OR(L30="Y",M30="Y"),"Y","")
O31: =IF(Q31 = "", "", COUNT(Q$4:$Q31)) | P31: =IF(C31 > 0, YEAR(B31), "") | Q31: =IF(A31="", "", IF(G31="",1,IF(G31="O",1,IF(G31="C",8.4,IF(G31="B",8.4,IF(G31="A",76.8,IF(G31="K",76.8,"ERR"))))))) | R31: =IF(L31<>"",Q31,"") | S31: =IF(IF(L31<>"",G31,"")=0, "O", IF(L31<>"",G31,"")) | T31: =IF(M31<>"",Q31,"") | U31: =IF(IF(M31<>"",G31,"")=0, "O", IF(M31<>"",G31,"")) | AR31: =IF(O31>0, O31, "") | AS31: =IF(OR(L31="Y",M31="Y"),"Y","")
O32: =IF(Q32 = "", "", COUNT(Q$4:$Q32)) | P32: =IF(C32 > 0, YEAR(B32), "") | Q32: =IF(A32="", "", IF(G32="",1,IF(G32="O",1,IF(G32="C",8.4,IF(G32="B",8.4,IF(G32="A",76.8,IF(G32="K",76.8,"ERR"))))))) | R32: =IF(L32<>"",Q32,"") | S32: =IF(IF(L32<>"",G32,"")=0, "O", IF(L32<>"",G32,"")) | T32: =IF(M32<>"",Q32,"") | U32: =IF(IF(M32<>"",G32,"")=0, "O", IF(M32<>"",G32,"")) | AR32: =IF(O32>0, O32, "") | AS32: =IF(OR(L32="Y",M32="Y"),"Y","")
O33: =IF(Q33 = "", "", COUNT(Q$4:$Q33)) | P33: =IF(C33 > 0, YEAR(B33), "") | Q33: =IF(A33="", "", IF(G33="",1,IF(G33="O",1,IF(G33="C",8.4,IF(G33="B",8.4,IF(G33="A",76.8,IF(G33="K",76.8,"ERR"))))))) | R33: =IF(L33<>"",Q33,"") | S33: =IF(IF(L33<>"",G33,"")=0, "O", IF(L33<>"",G33,"")) | T33: =IF(M33<>"",Q33,"") | U33: =IF(IF(M33<>"",G33,"")=0, "O", IF(M33<>"",G33,"")) | W33: 3 | X33: Columns L and M require manual input to identify Target Crashes | AR33: =IF(O33>0, O33, "") | AS33: =IF(OR(L33="Y",M33="Y"),"Y","")
O34: =IF(Q34 = "", "", COUNT(Q$4:$Q34)) | P34: =IF(C34 > 0, YEAR(B34), "") | Q34: =IF(A34="", "", IF(G34="",1,IF(G34="O",1,IF(G34="C",8.4,IF(G34="B",8.4,IF(G34="A",76.8,IF(G34="K",76.8,"ERR"))))))) | R34: =IF(L34<>"",Q34,"") | S34: =IF(IF(L34<>"",G34,"")=0, "O", IF(L34<>"",G34,"")) | T34: =IF(M34<>"",Q34,"") | U34: =IF(IF(M34<>"",G34,"")=0, "O", IF(M34<>"",G34,"")) | X34: ● | Y34: Type Y in Column L if Target-1 Crash. | AR34: =IF(O34>0, O34, "") | AS34: =IF(OR(L34="Y",M34="Y"),"Y","")
O35: =IF(Q35 = "", "", COUNT(Q$4:$Q35)) | P35: =IF(C35 > 0, YEAR(B35), "") | Q35: =IF(A35="", "", IF(G35="",1,IF(G35="O",1,IF(G35="C",8.4,IF(G35="B",8.4,IF(G35="A",76.8,IF(G35="K",76.8,"ERR"))))))) | R35: =IF(L35<>"",Q35,"") | S35: =IF(IF(L35<>"",G35,"")=0, "O", IF(L35<>"",G35,"")) | T35: =IF(M35<>"",Q35,"") | U35: =IF(IF(M35<>"",G35,"")=0, "O", IF(M35<>"",G35,"")) | X35: ● | Y35: Type Y in Column M if Target-2 Crash. | AR35: =IF(O35>0, O35, "") | AS35: =IF(OR(L35="Y",M35="Y"),"Y","")
O36: =IF(Q36 = "", "", COUNT(Q$4:$Q36)) | P36: =IF(C36 > 0, YEAR(B36), "") | Q36: =IF(A36="", "", IF(G36="",1,IF(G36="O",1,IF(G36="C",8.4,IF(G36="B",8.4,IF(G36="A",76.8,IF(G36="K",76.8,"ERR"))))))) | R36: =IF(L36<>"",Q36,"") | S36: =IF(IF(L36<>"",G36,"")=0, "O", IF(L36<>"",G36,"")) | T36: =IF(M36<>"",Q36,"") | U36: =IF(IF(M36<>"",G36,"")=0, "O", IF(M36<>"",G36,"")) | X36: ● | Y36: Leave these columns blank if not a Target Crash. | AR36: =IF(O36>0, O36, "") | AS36: =IF(OR(L36="Y",M36="Y"),"Y","")
O37: =IF(Q37 = "", "", COUNT(Q$4:$Q37)) | P37: =IF(C37 > 0, YEAR(B37), "") | Q37: =IF(A37="", "", IF(G37="",1,IF(G37="O",1,IF(G37="C",8.4,IF(G37="B",8.4,IF(G37="A",76.8,IF(G37="K",76.8,"ERR"))))))) | R37: =IF(L37<>"",Q37,"") | S37: =IF(IF(L37<>"",G37,"")=0, "O", IF(L37<>"",G37,"")) | T37: =IF(M37<>"",Q37,"") | U37: =IF(IF(M37<>"",G37,"")=0, "O", IF(M37<>"",G37,"")) | X37: ● | Y37: NOTE: If a crash could potentially fall in more than one target group, discuss with SEG Staff on how to prioritize the target placement. Each target crash should only fall in one target group. There should not be overlap. | AR37: =IF(O37>0, O37, "") | AS37: =IF(OR(L37="Y",M37="Y"),"Y","")
O38: =IF(Q38 = "", "", COUNT(Q$4:$Q38)) | P38: =IF(C38 > 0, YEAR(B38), "") | Q38: =IF(A38="", "", IF(G38="",1,IF(G38="O",1,IF(G38="C",8.4,IF(G38="B",8.4,IF(G38="A",76.8,IF(G38="K",76.8,"ERR"))))))) | R38: =IF(L38<>"",Q38,"") | S38: =IF(IF(L38<>"",G38,"")=0, "O", IF(L38<>"",G38,"")) | T38: =IF(M38<>"",Q38,"") | U38: =IF(IF(M38<>"",G38,"")=0, "O", IF(M38<>"",G38,"")) | AR38: =IF(O38>0, O38, "") | AS38: =IF(OR(L38="Y",M38="Y"),"Y","")
O39: =IF(Q39 = "", "", COUNT(Q$4:$Q39)) | P39: =IF(C39 > 0, YEAR(B39), "") | Q39: =IF(A39="", "", IF(G39="",1,IF(G39="O",1,IF(G39="C",8.4,IF(G39="B",8.4,IF(G39="A",76.8,IF(G39="K",76.8,"ERR"))))))) | R39: =IF(L39<>"",Q39,"") | S39: =IF(IF(L39<>"",G39,"")=0, "O", IF(L39<>"",G39,"")) | T39: =IF(M39<>"",Q39,"") | U39: =IF(IF(M39<>"",G39,"")=0, "O", IF(M39<>"",G39,"")) | AR39: =IF(O39>0, O39, "") | AS39: =IF(OR(L39="Y",M39="Y"),"Y","")
O40: =IF(Q40 = "", "", COUNT(Q$4:$Q40)) | P40: =IF(C40 > 0, YEAR(B40), "") | Q40: =IF(A40="", "", IF(G40="",1,IF(G40="O",1,IF(G40="C",8.4,IF(G40="B",8.4,IF(G40="A",76.8,IF(G40="K",76.8,"ERR"))))))) | R40: =IF(L40<>"",Q40,"") | S40: =IF(IF(L40<>"",G40,"")=0, "O", IF(L40<>"",G40,"")) | T40: =IF(M40<>"",Q40,"") | U40: =IF(IF(M40<>"",G40,"")=0, "O", IF(M40<>"",G40,"")) | AR40: =IF(O40>0, O40, "") | AS40: =IF(OR(L40="Y",M40="Y"),"Y","")
O41: =IF(Q41 = "", "", COUNT(Q$4:$Q41)) | P41: =IF(C41 > 0, YEAR(B41), "") | Q41: =IF(A41="", "", IF(G41="",1,IF(G41="O",1,IF(G41="C",8.4,IF(G41="B",8.4,IF(G41="A",76.8,IF(G41="K",76.8,"ERR"))))))) | R41: =IF(L41<>"",Q41,"") | S41: =IF(IF(L41<>"",G41,"")=0, "O", IF(L41<>"",G41,"")) | T41: =IF(M41<>"",Q41,"") | U41: =IF(IF(M41<>"",G41,"")=0, "O", IF(M41<>"",G41,"")) | W41: 4 | X41: The work should now be done for this Tab. Move on to the "After" Tab where you will repeat these steps for your After period crash data. | AR41: =IF(O41>0, O41, "") | AS41: =IF(OR(L41="Y",M41="Y"),"Y","")
O42: =IF(Q42 = "", "", COUNT(Q$4:$Q42)) | P42: =IF(C42 > 0, YEAR(B42), "") | Q42: =IF(A42="", "", IF(G42="",1,IF(G42="O",1,IF(G42="C",8.4,IF(G42="B",8.4,IF(G42="A",76.8,IF(G42="K",76.8,"ERR"))))))) | R42: =IF(L42<>"",Q42,"") | S42: =IF(IF(L42<>"",G42,"")=0, "O", IF(L42<>"",G42,"")) | T42: =IF(M42<>"",Q42,"") | U42: =IF(IF(M42<>"",G42,"")=0, "O", IF(M42<>"",G42,"")) | AR42: =IF(O42>0, O42, "") | AS42: =IF(OR(L42="Y",M42="Y"),"Y","")
O43: =IF(Q43 = "", "", COUNT(Q$4:$Q43)) | P43: =IF(C43 > 0, YEAR(B43), "") | Q43: =IF(A43="", "", IF(G43="",1,IF(G43="O",1,IF(G43="C",8.4,IF(G43="B",8.4,IF(G43="A",76.8,IF(G43="K",76.8,"ERR"))))))) | R43: =IF(L43<>"",Q43,"") | S43: =IF(IF(L43<>"",G43,"")=0, "O", IF(L43<>"",G43,"")) | T43: =IF(M43<>"",Q43,"") | U43: =IF(IF(M43<>"",G43,"")=0, "O", IF(M43<>"",G43,"")) | AR43: =IF(O43>0, O43, "") | AS43: =IF(OR(L43="Y",M43="Y"),"Y","")
O44: =IF(Q44 = "", "", COUNT(Q$4:$Q44)) | P44: =IF(C44 > 0, YEAR(B44), "") | Q44: =IF(A44="", "", IF(G44="",1,IF(G44="O",1,IF(G44="C",8.4,IF(G44="B",8.4,IF(G44="A",76.8,IF(G44="K",76.8,"ERR"))))))) | R44: =IF(L44<>"",Q44,"") | S44: =IF(IF(L44<>"",G44,"")=0, "O", IF(L44<>"",G44,"")) | T44: =IF(M44<>"",Q44,"") | U44: =IF(IF(M44<>"",G44,"")=0, "O", IF(M44<>"",G44,"")) | AR44: =IF(O44>0, O44, "") | AS44: =IF(OR(L44="Y",M44="Y"),"Y","")
O45: =IF(Q45 = "", "", COUNT(Q$4:$Q45)) | P45: =IF(C45 > 0, YEAR(B45), "") | Q45: =IF(A45="", "", IF(G45="",1,IF(G45="O",1,IF(G45="C",8.4,IF(G45="B",8.4,IF(G45="A",76.8,IF(G45="K",76.8,"ERR"))))))) | R45: =IF(L45<>"",Q45,"") | S45: =IF(IF(L45<>"",G45,"")=0, "O", IF(L45<>"",G45,"")) | T45: =IF(M45<>"",Q45,"") | U45: =IF(IF(M45<>"",G45,"")=0, "O", IF(M45<>"",G45,"")) | AR45: =IF(O45>0, O45, "") | AS45: =IF(OR(L45="Y",M45="Y"),"Y","")
O46: =IF(Q46 = "", "", COUNT(Q$4:$Q46)) | P46: =IF(C46 > 0, YEAR(B46), "") | Q46: =IF(A46="", "", IF(G46="",1,IF(G46="O",1,IF(G46="C",8.4,IF(G46="B",8.4,IF(G46="A",76.8,IF(G46="K",76.8,"ERR"))))))) | R46: =IF(L46<>"",Q46,"") | S46: =IF(IF(L46<>"",G46,"")=0, "O", IF(L46<>"",G46,"")) | T46: =IF(M46<>"",Q46,"") | U46: =IF(IF(M46<>"",G46,"")=0, "O", IF(M46<>"",G46,"")) | AR46: =IF(O46>0, O46, "") | AS46: =IF(OR(L46="Y",M46="Y"),"Y","")
O47: =IF(Q47 = "", "", COUNT(Q$4:$Q47)) | P47: =IF(C47 > 0, YEAR(B47), "") | Q47: =IF(A47="", "", IF(G47="",1,IF(G47="O",1,IF(G47="C",8.4,IF(G47="B",8.4,IF(G47="A",76.8,IF(G47="K",76.8,"ERR"))))))) | R47: =IF(L47<>"",Q47,"") | S47: =IF(IF(L47<>"",G47,"")=0, "O", IF(L47<>"",G47,"")) | T47: =IF(M47<>"",Q47,"") | U47: =IF(IF(M47<>"",G47,"")=0, "O", IF(M47<>"",G47,"")) | AR47: =IF(O47>0, O47, "") | AS47: =IF(OR(L47="Y",M47="Y"),"Y","")
O48: =IF(Q48 = "", "", COUNT(Q$4:$Q48)) | P48: =IF(C48 > 0, YEAR(B48), "") | Q48: =IF(A48="", "", IF(G48="",1,IF(G48="O",1,IF(G48="C",8.4,IF(G48="B",8.4,IF(G48="A",76.8,IF(G48="K",76.8,"ERR"))))))) | R48: =IF(L48<>"",Q48,"") | S48: =IF(IF(L48<>"",G48,"")=0, "O", IF(L48<>"",G48,"")) | T48: =IF(M48<>"",Q48,"") | U48: =IF(IF(M48<>"",G48,"")=0, "O", IF(M48<>"",G48,"")) | AR48: =IF(O48>0, O48, "") | AS48: =IF(OR(L48="Y",M48="Y"),"Y","")
O49: =IF(Q49 = "", "", COUNT(Q$4:$Q49)) | P49: =IF(C49 > 0, YEAR(B49), "") | Q49: =IF(A49="", "", IF(G49="",1,IF(G49="O",1,IF(G49="C",8.4,IF(G49="B",8.4,IF(G49="A",76.8,IF(G49="K",76.8,"ERR"))))))) | R49: =IF(L49<>"",Q49,"") | S49: =IF(IF(L49<>"",G49,"")=0, "O", IF(L49<>"",G49,"")) | T49: =IF(M49<>"",Q49,"") | U49: =IF(IF(M49<>"",G49,"")=0, "O", IF(M49<>"",G49,"")) | AR49: =IF(O49>0, O49, "") | AS49: =IF(OR(L49="Y",M49="Y"),"Y","")
O50: =IF(Q50 = "", "", COUNT(Q$4:$Q50)) | P50: =IF(C50 > 0, YEAR(B50), "") | Q50: =IF(A50="", "", IF(G50="",1,IF(G50="O",1,IF(G50="C",8.4,IF(G50="B",8.4,IF(G50="A",76.8,IF(G50="K",76.8,"ERR"))))))) | R50: =IF(L50<>"",Q50,"") | S50: =IF(IF(L50<>"",G50,"")=0, "O", IF(L50<>"",G50,"")) | T50: =IF(M50<>"",Q50,"") | U50: =IF(IF(M50<>"",G50,"")=0, "O", IF(M50<>"",G50,"")) | AR50: =IF(O50>0, O50, "") | AS50: =IF(OR(L50="Y",M50="Y"),"Y","")
O51: =IF(Q51 = "", "", COUNT(Q$4:$Q51)) | P51: =IF(C51 > 0, YEAR(B51), "") | Q51: =IF(A51="", "", IF(G51="",1,IF(G51="O",1,IF(G51="C",8.4,IF(G51="B",8.4,IF(G51="A",76.8,IF(G51="K",76.8,"ERR"))))))) | R51: =IF(L51<>"",Q51,"") | S51: =IF(IF(L51<>"",G51,"")=0, "O", IF(L51<>"",G51,"")) | T51: =IF(M51<>"",Q51,"") | U51: =IF(IF(M51<>"",G51,"")=0, "O", IF(M51<>"",G51,"")) | AR51: =IF(O51>0, O51, "") | AS51: =IF(OR(L51="Y",M51="Y"),"Y","")
O52: =IF(Q52 = "", "", COUNT(Q$4:$Q52)) | P52: =IF(C52 > 0, YEAR(B52), "") | Q52: =IF(A52="", "", IF(G52="",1,IF(G52="O",1,IF(G52="C",8.4,IF(G52="B",8.4,IF(G52="A",76.8,IF(G52="K",76.8,"ERR"))))))) | R52: =IF(L52<>"",Q52,"") | S52: =IF(IF(L52<>"",G52,"")=0, "O", IF(L52<>"",G52,"")) | T52: =IF(M52<>"",Q52,"") | U52: =IF(IF(M52<>"",G52,"")=0, "O", IF(M52<>"",G52,"")) | AR52: =IF(O52>0, O52, "") | AS52: =IF(OR(L52="Y",M52="Y"),"Y","")
O53: =IF(Q53 = "", "", COUNT(Q$4:$Q53)) | P53: =IF(C53 > 0, YEAR(B53), "") | Q53: =IF(A53="", "", IF(G53="",1,IF(G53="O",1,IF(G53="C",8.4,IF(G53="B",8.4,IF(G53="A",76.8,IF(G53="K",76.8,"ERR"))))))) | R53: =IF(L53<>"",Q53,"") | S53: =IF(IF(L53<>"",G53,"")=0, "O", IF(L53<>"",G53,"")) | T53: =IF(M53<>"",Q53,"") | U53: =IF(IF(M53<>"",G53,"")=0, "O", IF(M53<>"",G53,"")) | AR53: =IF(O53>0, O53, "") | AS53: =IF(OR(L53="Y",M53="Y"),"Y","")
... O1003: =IF(Q1003 = "", "", COUNT(Q$4:$Q1003)) | P1003: =IF(C1003 > 0, YEAR(B1003), "") | Q1003: =IF(A1003="", "", IF(G1003="",1,IF(G1003="O",1,IF(G1003="C",8.4,IF(G1003="B",8.4,IF(G1003="A",76.8,IF(G1003="K",76.8,"ERR"))))))) | R1003: =IF(L1003<>"",Q1003,"") | S1003: =IF(IF(L1003<>"",G1003,"")=0, "O", IF(L1003<>"",G1003,"")) | T1003: =IF(M1003<>"",Q1003,"") | U1003: =IF(IF(M1003<>"",G1003,"")=0, "O", IF(M1003<>"",G1003,"")) | AR1003: =IF(O1003>0, O1003, "") | AS1003: =IF(OR(L1003="Y",M1003="Y"),"Y","")

Sheet After
A1: Manually Edit These Columns (A -> M) | O1: Don't Edit These Columns (N -> ). Calculations are Automatic.
A2: ="After Period ("&TEXT('Evaluation Set-up'!D11, "mm/dd/yy")&" - "&TEXT('Evaluation Set-up'!E11, "mm/dd/yy")&")" -> After Period (04/01/22 - 03/31/26) | O2: Crash # | P2: Crash Year | Q2: Severity Index | R2: Target-1 Severity Index | S2: Target-1 KABCO | T2: Target-2 Severity Index | U2: Target-2 KABCO
A3: Crash ID | B3: Date | C3: T | D3: C | E3: F | F3: L | G3: S | H3: Analyst's Notes Column 1 | I3: Analyst's Notes Column 2 | J3: Analyst's Notes Column 3 | K3: Analyst's Notes Column 4 | L3: Target-1? | M3: Target-2? | Y3: Total | Z3: Target-1 | AA3: Target-2 | AB3: All Targets | AR3: Crash # | AS3: Target Crash?
A4: 107856191 | B4: 45554 | C4: 30 | D4: 1 | E4: 7 | F4: 1 | G4: O | H4: angle | I4: NBT/EBT | J4: ran stop sign | L4: Y | O4: =IF(Q4 = "", "", COUNT(Q$4:$Q4)) -> 1 | P4: =IF(C4 > 0, YEAR(B4), "") -> 2024 | Q4: =IF(A4="", "", IF(G4="",1,IF(G4="O",1,IF(G4="C",8.4,IF(G4="B",8.4,IF(G4="A",76.8,IF(G4="K",76.8,"ERR"))))))) -> 1 | R4: =IF(L4<>"",Q4,"") -> 1 | S4: =IF(IF(L4<>"",G4,"")=0, "O", IF(L4<>"",G4,"")) -> O | T4: =IF(M4<>"",Q4,"") | U4: =IF(IF(M4<>"",G4,"")=0, "O", IF(M4<>"",G4,"")) | X4: K | Y4: =COUNTIF($G$4:$G$1048576,$X4) -> 0 | Z4: =COUNTIF($S$4:$S$1048576,$X4) -> 0 | AA4: =COUNTIF($U$4:$U$1048576,$X4) -> 0 | AB4: =COUNTIF($S:$S, X4)+COUNTIF($U:$U, X4)-COUNTIFS($S:$S, X4, $U:$U, X4) -> 0 | AR4: =IF(O4>0, O4, "") -> 1 | AS4: =IF(OR(L4="Y",M4="Y"),"Y","") -> Y
O5: =IF(Q5 = "", "", COUNT(Q$4:$Q5)) | P5: =IF(C5 > 0, YEAR(B5), "") | Q5: =IF(A5="", "", IF(G5="",1,IF(G5="O",1,IF(G5="C",8.4,IF(G5="B",8.4,IF(G5="A",76.8,IF(G5="K",76.8,"ERR"))))))) | R5: =IF(L5<>"",Q5,"") | S5: =IF(IF(L5<>"",G5,"")=0, "O", IF(L5<>"",G5,"")) | T5: =IF(M5<>"",Q5,"") | U5: =IF(IF(M5<>"",G5,"")=0, "O", IF(M5<>"",G5,"")) | X5: A | Y5: =COUNTIF($G$4:$G$1048576,$X5) -> 0 | Z5: =COUNTIF($S$4:$S$1048576,$X5) -> 0 | AA5: =COUNTIF($U$4:$U$1048576,$X5) -> 0 | AB5: =COUNTIF($S:$S, X5)+COUNTIF($U:$U, X5)-COUNTIFS($S:$S, X5, $U:$U, X5) -> 0 | AR5: =IF(O5>0, O5, "") | AS5: =IF(OR(L5="Y",M5="Y"),"Y","")
O6: =IF(Q6 = "", "", COUNT(Q$4:$Q6)) | P6: =IF(C6 > 0, YEAR(B6), "") | Q6: =IF(A6="", "", IF(G6="",1,IF(G6="O",1,IF(G6="C",8.4,IF(G6="B",8.4,IF(G6="A",76.8,IF(G6="K",76.8,"ERR"))))))) | R6: =IF(L6<>"",Q6,"") | S6: =IF(IF(L6<>"",G6,"")=0, "O", IF(L6<>"",G6,"")) | T6: =IF(M6<>"",Q6,"") | U6: =IF(IF(M6<>"",G6,"")=0, "O", IF(M6<>"",G6,"")) | X6: B | Y6: =COUNTIF($G$4:$G$1048576,$X6) -> 0 | Z6: =COUNTIF($S$4:$S$1048576,$X6) -> 0 | AA6: =COUNTIF($U$4:$U$1048576,$X6) -> 0 | AB6: =COUNTIF($S:$S, X6)+COUNTIF($U:$U, X6)-COUNTIFS($S:$S, X6, $U:$U, X6) -> 0 | AR6: =IF(O6>0, O6, "") | AS6: =IF(OR(L6="Y",M6="Y"),"Y","")
O7: =IF(Q7 = "", "", COUNT(Q$4:$Q7)) | P7: =IF(C7 > 0, YEAR(B7), "") | Q7: =IF(A7="", "", IF(G7="",1,IF(G7="O",1,IF(G7="C",8.4,IF(G7="B",8.4,IF(G7="A",76.8,IF(G7="K",76.8,"ERR"))))))) | R7: =IF(L7<>"",Q7,"") | S7: =IF(IF(L7<>"",G7,"")=0, "O", IF(L7<>"",G7,"")) | T7: =IF(M7<>"",Q7,"") | U7: =IF(IF(M7<>"",G7,"")=0, "O", IF(M7<>"",G7,"")) | X7: C | Y7: =COUNTIF($G$4:$G$1048576,$X7) -> 0 | Z7: =COUNTIF($S$4:$S$1048576,$X7) -> 0 | AA7: =COUNTIF($U$4:$U$1048576,$X7) -> 0 | AB7: =COUNTIF($S:$S, X7)+COUNTIF($U:$U, X7)-COUNTIFS($S:$S, X7, $U:$U, X7) -> 0 | AR7: =IF(O7>0, O7, "") | AS7: =IF(OR(L7="Y",M7="Y"),"Y","")
O8: =IF(Q8 = "", "", COUNT(Q$4:$Q8)) | P8: =IF(C8 > 0, YEAR(B8), "") | Q8: =IF(A8="", "", IF(G8="",1,IF(G8="O",1,IF(G8="C",8.4,IF(G8="B",8.4,IF(G8="A",76.8,IF(G8="K",76.8,"ERR"))))))) | R8: =IF(L8<>"",Q8,"") | S8: =IF(IF(L8<>"",G8,"")=0, "O", IF(L8<>"",G8,"")) | T8: =IF(M8<>"",Q8,"") | U8: =IF(IF(M8<>"",G8,"")=0, "O", IF(M8<>"",G8,"")) | X8: O | Y8: =COUNTIF($G$4:$G$1048576,$X8)+COUNTIFS($G$4:$G$1048576, "", $O$4:$O$1048576, ">0") -> 1 | Z8: =COUNTIF($S$4:$S$1048576,$X8) -> 1 | AA8: =COUNTIF($U$4:$U$1048576,$X8) -> 0 | AB8: =COUNTIF($S:$S, X8)+COUNTIF($U:$U, X8)-COUNTIFS($S:$S, X8, $U:$U, X8) -> 1 | AR8: =IF(O8>0, O8, "") | AS8: =IF(OR(L8="Y",M8="Y"),"Y","")
O9: =IF(Q9 = "", "", COUNT(Q$4:$Q9)) | P9: =IF(C9 > 0, YEAR(B9), "") | Q9: =IF(A9="", "", IF(G9="",1,IF(G9="O",1,IF(G9="C",8.4,IF(G9="B",8.4,IF(G9="A",76.8,IF(G9="K",76.8,"ERR"))))))) | R9: =IF(L9<>"",Q9,"") | S9: =IF(IF(L9<>"",G9,"")=0, "O", IF(L9<>"",G9,"")) | T9: =IF(M9<>"",Q9,"") | U9: =IF(IF(M9<>"",G9,"")=0, "O", IF(M9<>"",G9,"")) | X9: Total | Y9: =COUNTIF(O4:O1048576, ">0") -> 1 | Z9: =COUNT(R4:R1048576) -> 1 | AA9: =COUNT(T4:T1048576) -> 0 | AB9: =SUM(AB4:AB8) -> 1 | AR9: =IF(O9>0, O9, "") | AS9: =IF(OR(L9="Y",M9="Y"),"Y","")
O10: =IF(Q10 = "", "", COUNT(Q$4:$Q10)) | P10: =IF(C10 > 0, YEAR(B10), "") | Q10: =IF(A10="", "", IF(G10="",1,IF(G10="O",1,IF(G10="C",8.4,IF(G10="B",8.4,IF(G10="A",76.8,IF(G10="K",76.8,"ERR"))))))) | R10: =IF(L10<>"",Q10,"") | S10: =IF(IF(L10<>"",G10,"")=0, "O", IF(L10<>"",G10,"")) | T10: =IF(M10<>"",Q10,"") | U10: =IF(IF(M10<>"",G10,"")=0, "O", IF(M10<>"",G10,"")) | X10: SI | Y10: =IFERROR(AVERAGE(Q4:Q1048576), 0) -> 1 | Z10: =IFERROR(AVERAGE(R4:R1048576),0) -> 1 | AA10: =IFERROR(AVERAGE(T4:T1048576),0) -> 0 | AB10: =IFERROR(AVERAGEIF($AS$4:$AS$1048576,"Y", Q4:Q1048576 ),0) -> 1 | AR10: =IF(O10>0, O10, "") | AS10: =IF(OR(L10="Y",M10="Y"),"Y","")
O11: =IF(Q11 = "", "", COUNT(Q$4:$Q11)) | P11: =IF(C11 > 0, YEAR(B11), "") | Q11: =IF(A11="", "", IF(G11="",1,IF(G11="O",1,IF(G11="C",8.4,IF(G11="B",8.4,IF(G11="A",76.8,IF(G11="K",76.8,"ERR"))))))) | R11: =IF(L11<>"",Q11,"") | S11: =IF(IF(L11<>"",G11,"")=0, "O", IF(L11<>"",G11,"")) | T11: =IF(M11<>"",Q11,"") | U11: =IF(IF(M11<>"",G11,"")=0, "O", IF(M11<>"",G11,"")) | AR11: =IF(O11>0, O11, "") | AS11: =IF(OR(L11="Y",M11="Y"),"Y","")
O12: =IF(Q12 = "", "", COUNT(Q$4:$Q12)) | P12: =IF(C12 > 0, YEAR(B12), "") | Q12: =IF(A12="", "", IF(G12="",1,IF(G12="O",1,IF(G12="C",8.4,IF(G12="B",8.4,IF(G12="A",76.8,IF(G12="K",76.8,"ERR"))))))) | R12: =IF(L12<>"",Q12,"") | S12: =IF(IF(L12<>"",G12,"")=0, "O", IF(L12<>"",G12,"")) | T12: =IF(M12<>"",Q12,"") | U12: =IF(IF(M12<>"",G12,"")=0, "O", IF(M12<>"",G12,"")) | AR12: =IF(O12>0, O12, "") | AS12: =IF(OR(L12="Y",M12="Y"),"Y","")
O13: =IF(Q13 = "", "", COUNT(Q$4:$Q13)) | P13: =IF(C13 > 0, YEAR(B13), "") | Q13: =IF(A13="", "", IF(G13="",1,IF(G13="O",1,IF(G13="C",8.4,IF(G13="B",8.4,IF(G13="A",76.8,IF(G13="K",76.8,"ERR"))))))) | R13: =IF(L13<>"",Q13,"") | S13: =IF(IF(L13<>"",G13,"")=0, "O", IF(L13<>"",G13,"")) | T13: =IF(M13<>"",Q13,"") | U13: =IF(IF(M13<>"",G13,"")=0, "O", IF(M13<>"",G13,"")) | AR13: =IF(O13>0, O13, "") | AS13: =IF(OR(L13="Y",M13="Y"),"Y","")
O14: =IF(Q14 = "", "", COUNT(Q$4:$Q14)) | P14: =IF(C14 > 0, YEAR(B14), "") | Q14: =IF(A14="", "", IF(G14="",1,IF(G14="O",1,IF(G14="C",8.4,IF(G14="B",8.4,IF(G14="A",76.8,IF(G14="K",76.8,"ERR"))))))) | R14: =IF(L14<>"",Q14,"") | S14: =IF(IF(L14<>"",G14,"")=0, "O", IF(L14<>"",G14,"")) | T14: =IF(M14<>"",Q14,"") | U14: =IF(IF(M14<>"",G14,"")=0, "O", IF(M14<>"",G14,"")) | W14: Steps | AR14: =IF(O14>0, O14, "") | AS14: =IF(OR(L14="Y",M14="Y"),"Y","")
O15: =IF(Q15 = "", "", COUNT(Q$4:$Q15)) | P15: =IF(C15 > 0, YEAR(B15), "") | Q15: =IF(A15="", "", IF(G15="",1,IF(G15="O",1,IF(G15="C",8.4,IF(G15="B",8.4,IF(G15="A",76.8,IF(G15="K",76.8,"ERR"))))))) | R15: =IF(L15<>"",Q15,"") | S15: =IF(IF(L15<>"",G15,"")=0, "O", IF(L15<>"",G15,"")) | T15: =IF(M15<>"",Q15,"") | U15: =IF(IF(M15<>"",G15,"")=0, "O", IF(M15<>"",G15,"")) | W15: 1 | X15: For the crashes you have determined to be within your study area and in the BEFORE period, copy and paste the Crash ID, Date, T, C, F, L, and S columns from your filtered fiche into this tab's Columns A -> G. | AR15: =IF(O15>0, O15, "") | AS15: =IF(OR(L15="Y",M15="Y"),"Y","")
O16: =IF(Q16 = "", "", COUNT(Q$4:$Q16)) | P16: =IF(C16 > 0, YEAR(B16), "") | Q16: =IF(A16="", "", IF(G16="",1,IF(G16="O",1,IF(G16="C",8.4,IF(G16="B",8.4,IF(G16="A",76.8,IF(G16="K",76.8,"ERR"))))))) | R16: =IF(L16<>"",Q16,"") | S16: =IF(IF(L16<>"",G16,"")=0, "O", IF(L16<>"",G16,"")) | T16: =IF(M16<>"",Q16,"") | U16: =IF(IF(M16<>"",G16,"")=0, "O", IF(M16<>"",G16,"")) | AR16: =IF(O16>0, O16, "") | AS16: =IF(OR(L16="Y",M16="Y"),"Y","")
O17: =IF(Q17 = "", "", COUNT(Q$4:$Q17)) | P17: =IF(C17 > 0, YEAR(B17), "") | Q17: =IF(A17="", "", IF(G17="",1,IF(G17="O",1,IF(G17="C",8.4,IF(G17="B",8.4,IF(G17="A",76.8,IF(G17="K",76.8,"ERR"))))))) | R17: =IF(L17<>"",Q17,"") | S17: =IF(IF(L17<>"",G17,"")=0, "O", IF(L17<>"",G17,"")) | T17: =IF(M17<>"",Q17,"") | U17: =IF(IF(M17<>"",G17,"")=0, "O", IF(M17<>"",G17,"")) | AR17: =IF(O17>0, O17, "") | AS17: =IF(OR(L17="Y",M17="Y"),"Y","")
O18: =IF(Q18 = "", "", COUNT(Q$4:$Q18)) | P18: =IF(C18 > 0, YEAR(B18), "") | Q18: =IF(A18="", "", IF(G18="",1,IF(G18="O",1,IF(G18="C",8.4,IF(G18="B",8.4,IF(G18="A",76.8,IF(G18="K",76.8,"ERR"))))))) | R18: =IF(L18<>"",Q18,"") | S18: =IF(IF(L18<>"",G18,"")=0, "O", IF(L18<>"",G18,"")) | T18: =IF(M18<>"",Q18,"") | U18: =IF(IF(M18<>"",G18,"")=0, "O", IF(M18<>"",G18,"")) | X18: ● | Y18: It is ESSENTIAL that the data you are pasting into these columns corresponds to their above headers. | AR18: =IF(O18>0, O18, "") | AS18: =IF(OR(L18="Y",M18="Y"),"Y","")
O19: =IF(Q19 = "", "", COUNT(Q$4:$Q19)) | P19: =IF(C19 > 0, YEAR(B19), "") | Q19: =IF(A19="", "", IF(G19="",1,IF(G19="O",1,IF(G19="C",8.4,IF(G19="B",8.4,IF(G19="A",76.8,IF(G19="K",76.8,"ERR"))))))) | R19: =IF(L19<>"",Q19,"") | S19: =IF(IF(L19<>"",G19,"")=0, "O", IF(L19<>"",G19,"")) | T19: =IF(M19<>"",Q19,"") | U19: =IF(IF(M19<>"",G19,"")=0, "O", IF(M19<>"",G19,"")) | AR19: =IF(O19>0, O19, "") | AS19: =IF(OR(L19="Y",M19="Y"),"Y","")
O20: =IF(Q20 = "", "", COUNT(Q$4:$Q20)) | P20: =IF(C20 > 0, YEAR(B20), "") | Q20: =IF(A20="", "", IF(G20="",1,IF(G20="O",1,IF(G20="C",8.4,IF(G20="B",8.4,IF(G20="A",76.8,IF(G20="K",76.8,"ERR"))))))) | R20: =IF(L20<>"",Q20,"") | S20: =IF(IF(L20<>"",G20,"")=0, "O", IF(L20<>"",G20,"")) | T20: =IF(M20<>"",Q20,"") | U20: =IF(IF(M20<>"",G20,"")=0, "O", IF(M20<>"",G20,"")) | X20: ● | Y20: It is recommended that the user of this workbook enters in the crash data in the same order of the TEAAS study’s crash #s. This allows for consistency between this workbook’s crash #s with the TEAAS study’s crash #s and the collision diagram’s crash #s. Reviewers would find this consistency helpful. | AR20: =IF(O20>0, O20, "") | AS20: =IF(OR(L20="Y",M20="Y"),"Y","")
O21: =IF(Q21 = "", "", COUNT(Q$4:$Q21)) | P21: =IF(C21 > 0, YEAR(B21), "") | Q21: =IF(A21="", "", IF(G21="",1,IF(G21="O",1,IF(G21="C",8.4,IF(G21="B",8.4,IF(G21="A",76.8,IF(G21="K",76.8,"ERR"))))))) | R21: =IF(L21<>"",Q21,"") | S21: =IF(IF(L21<>"",G21,"")=0, "O", IF(L21<>"",G21,"")) | T21: =IF(M21<>"",Q21,"") | U21: =IF(IF(M21<>"",G21,"")=0, "O", IF(M21<>"",G21,"")) | AR21: =IF(O21>0, O21, "") | AS21: =IF(OR(L21="Y",M21="Y"),"Y","")
O22: =IF(Q22 = "", "", COUNT(Q$4:$Q22)) | P22: =IF(C22 > 0, YEAR(B22), "") | Q22: =IF(A22="", "", IF(G22="",1,IF(G22="O",1,IF(G22="C",8.4,IF(G22="B",8.4,IF(G22="A",76.8,IF(G22="K",76.8,"ERR"))))))) | R22: =IF(L22<>"",Q22,"") | S22: =IF(IF(L22<>"",G22,"")=0, "O", IF(L22<>"",G22,"")) | T22: =IF(M22<>"",Q22,"") | U22: =IF(IF(M22<>"",G22,"")=0, "O", IF(M22<>"",G22,"")) | AR22: =IF(O22>0, O22, "") | AS22: =IF(OR(L22="Y",M22="Y"),"Y","")
O23: =IF(Q23 = "", "", COUNT(Q$4:$Q23)) | P23: =IF(C23 > 0, YEAR(B23), "") | Q23: =IF(A23="", "", IF(G23="",1,IF(G23="O",1,IF(G23="C",8.4,IF(G23="B",8.4,IF(G23="A",76.8,IF(G23="K",76.8,"ERR"))))))) | R23: =IF(L23<>"",Q23,"") | S23: =IF(IF(L23<>"",G23,"")=0, "O", IF(L23<>"",G23,"")) | T23: =IF(M23<>"",Q23,"") | U23: =IF(IF(M23<>"",G23,"")=0, "O", IF(M23<>"",G23,"")) | AR23: =IF(O23>0, O23, "") | AS23: =IF(OR(L23="Y",M23="Y"),"Y","")
O24: =IF(Q24 = "", "", COUNT(Q$4:$Q24)) | P24: =IF(C24 > 0, YEAR(B24), "") | Q24: =IF(A24="", "", IF(G24="",1,IF(G24="O",1,IF(G24="C",8.4,IF(G24="B",8.4,IF(G24="A",76.8,IF(G24="K",76.8,"ERR"))))))) | R24: =IF(L24<>"",Q24,"") | S24: =IF(IF(L24<>"",G24,"")=0, "O", IF(L24<>"",G24,"")) | T24: =IF(M24<>"",Q24,"") | U24: =IF(IF(M24<>"",G24,"")=0, "O", IF(M24<>"",G24,"")) | AR24: =IF(O24>0, O24, "") | AS24: =IF(OR(L24="Y",M24="Y"),"Y","")
O25: =IF(Q25 = "", "", COUNT(Q$4:$Q25)) | P25: =IF(C25 > 0, YEAR(B25), "") | Q25: =IF(A25="", "", IF(G25="",1,IF(G25="O",1,IF(G25="C",8.4,IF(G25="B",8.4,IF(G25="A",76.8,IF(G25="K",76.8,"ERR"))))))) | R25: =IF(L25<>"",Q25,"") | S25: =IF(IF(L25<>"",G25,"")=0, "O", IF(L25<>"",G25,"")) | T25: =IF(M25<>"",Q25,"") | U25: =IF(IF(M25<>"",G25,"")=0, "O", IF(M25<>"",G25,"")) | X25: ● | Y25: Make sure that rows are not skipped when pasting the fiche's in-study crash data. Skipping rows will break some of the background formulas | AR25: =IF(O25>0, O25, "") | AS25: =IF(OR(L25="Y",M25="Y"),"Y","")
O26: =IF(Q26 = "", "", COUNT(Q$4:$Q26)) | P26: =IF(C26 > 0, YEAR(B26), "") | Q26: =IF(A26="", "", IF(G26="",1,IF(G26="O",1,IF(G26="C",8.4,IF(G26="B",8.4,IF(G26="A",76.8,IF(G26="K",76.8,"ERR"))))))) | R26: =IF(L26<>"",Q26,"") | S26: =IF(IF(L26<>"",G26,"")=0, "O", IF(L26<>"",G26,"")) | T26: =IF(M26<>"",Q26,"") | U26: =IF(IF(M26<>"",G26,"")=0, "O", IF(M26<>"",G26,"")) | AR26: =IF(O26>0, O26, "") | AS26: =IF(OR(L26="Y",M26="Y"),"Y","")
O27: =IF(Q27 = "", "", COUNT(Q$4:$Q27)) | P27: =IF(C27 > 0, YEAR(B27), "") | Q27: =IF(A27="", "", IF(G27="",1,IF(G27="O",1,IF(G27="C",8.4,IF(G27="B",8.4,IF(G27="A",76.8,IF(G27="K",76.8,"ERR"))))))) | R27: =IF(L27<>"",Q27,"") | S27: =IF(IF(L27<>"",G27,"")=0, "O", IF(L27<>"",G27,"")) | T27: =IF(M27<>"",Q27,"") | U27: =IF(IF(M27<>"",G27,"")=0, "O", IF(M27<>"",G27,"")) | X27: ● | Y27: The determination of the crashes in the study should be finalized/set-in-stone before pasting into this tab. Deleting and adjusting cells in the tab may break the formulas used in the calculations. | AR27: =IF(O27>0, O27, "") | AS27: =IF(OR(L27="Y",M27="Y"),"Y","")
O28: =IF(Q28 = "", "", COUNT(Q$4:$Q28)) | P28: =IF(C28 > 0, YEAR(B28), "") | Q28: =IF(A28="", "", IF(G28="",1,IF(G28="O",1,IF(G28="C",8.4,IF(G28="B",8.4,IF(G28="A",76.8,IF(G28="K",76.8,"ERR"))))))) | R28: =IF(L28<>"",Q28,"") | S28: =IF(IF(L28<>"",G28,"")=0, "O", IF(L28<>"",G28,"")) | T28: =IF(M28<>"",Q28,"") | U28: =IF(IF(M28<>"",G28,"")=0, "O", IF(M28<>"",G28,"")) | AR28: =IF(O28>0, O28, "") | AS28: =IF(OR(L28="Y",M28="Y"),"Y","")
O29: =IF(Q29 = "", "", COUNT(Q$4:$Q29)) | P29: =IF(C29 > 0, YEAR(B29), "") | Q29: =IF(A29="", "", IF(G29="",1,IF(G29="O",1,IF(G29="C",8.4,IF(G29="B",8.4,IF(G29="A",76.8,IF(G29="K",76.8,"ERR"))))))) | R29: =IF(L29<>"",Q29,"") | S29: =IF(IF(L29<>"",G29,"")=0, "O", IF(L29<>"",G29,"")) | T29: =IF(M29<>"",Q29,"") | U29: =IF(IF(M29<>"",G29,"")=0, "O", IF(M29<>"",G29,"")) | AR29: =IF(O29>0, O29, "") | AS29: =IF(OR(L29="Y",M29="Y"),"Y","")
O30: =IF(Q30 = "", "", COUNT(Q$4:$Q30)) | P30: =IF(C30 > 0, YEAR(B30), "") | Q30: =IF(A30="", "", IF(G30="",1,IF(G30="O",1,IF(G30="C",8.4,IF(G30="B",8.4,IF(G30="A",76.8,IF(G30="K",76.8,"ERR"))))))) | R30: =IF(L30<>"",Q30,"") | S30: =IF(IF(L30<>"",G30,"")=0, "O", IF(L30<>"",G30,"")) | T30: =IF(M30<>"",Q30,"") | U30: =IF(IF(M30<>"",G30,"")=0, "O", IF(M30<>"",G30,"")) | W30: 2 | X30: Different analysts like using different columns for their notes when filtering the Fiche and labeling crashes. Columns H -> K are your prerogative, feel free to copy in whatever notes you used in the analysis. | AR30: =IF(O30>0, O30, "") | AS30: =IF(OR(L30="Y",M30="Y"),"Y","")
O31: =IF(Q31 = "", "", COUNT(Q$4:$Q31)) | P31: =IF(C31 > 0, YEAR(B31), "") | Q31: =IF(A31="", "", IF(G31="",1,IF(G31="O",1,IF(G31="C",8.4,IF(G31="B",8.4,IF(G31="A",76.8,IF(G31="K",76.8,"ERR"))))))) | R31: =IF(L31<>"",Q31,"") | S31: =IF(IF(L31<>"",G31,"")=0, "O", IF(L31<>"",G31,"")) | T31: =IF(M31<>"",Q31,"") | U31: =IF(IF(M31<>"",G31,"")=0, "O", IF(M31<>"",G31,"")) | AR31: =IF(O31>0, O31, "") | AS31: =IF(OR(L31="Y",M31="Y"),"Y","")
O32: =IF(Q32 = "", "", COUNT(Q$4:$Q32)) | P32: =IF(C32 > 0, YEAR(B32), "") | Q32: =IF(A32="", "", IF(G32="",1,IF(G32="O",1,IF(G32="C",8.4,IF(G32="B",8.4,IF(G32="A",76.8,IF(G32="K",76.8,"ERR"))))))) | R32: =IF(L32<>"",Q32,"") | S32: =IF(IF(L32<>"",G32,"")=0, "O", IF(L32<>"",G32,"")) | T32: =IF(M32<>"",Q32,"") | U32: =IF(IF(M32<>"",G32,"")=0, "O", IF(M32<>"",G32,"")) | AR32: =IF(O32>0, O32, "") | AS32: =IF(OR(L32="Y",M32="Y"),"Y","")
O33: =IF(Q33 = "", "", COUNT(Q$4:$Q33)) | P33: =IF(C33 > 0, YEAR(B33), "") | Q33: =IF(A33="", "", IF(G33="",1,IF(G33="O",1,IF(G33="C",8.4,IF(G33="B",8.4,IF(G33="A",76.8,IF(G33="K",76.8,"ERR"))))))) | R33: =IF(L33<>"",Q33,"") | S33: =IF(IF(L33<>"",G33,"")=0, "O", IF(L33<>"",G33,"")) | T33: =IF(M33<>"",Q33,"") | U33: =IF(IF(M33<>"",G33,"")=0, "O", IF(M33<>"",G33,"")) | W33: 3 | X33: Columns L and M require manual input to identify Target Crashes | AR33: =IF(O33>0, O33, "") | AS33: =IF(OR(L33="Y",M33="Y"),"Y","")
O34: =IF(Q34 = "", "", COUNT(Q$4:$Q34)) | P34: =IF(C34 > 0, YEAR(B34), "") | Q34: =IF(A34="", "", IF(G34="",1,IF(G34="O",1,IF(G34="C",8.4,IF(G34="B",8.4,IF(G34="A",76.8,IF(G34="K",76.8,"ERR"))))))) | R34: =IF(L34<>"",Q34,"") | S34: =IF(IF(L34<>"",G34,"")=0, "O", IF(L34<>"",G34,"")) | T34: =IF(M34<>"",Q34,"") | U34: =IF(IF(M34<>"",G34,"")=0, "O", IF(M34<>"",G34,"")) | X34: ● | Y34: Type Y in Column L if Target-1 Crash. | AR34: =IF(O34>0, O34, "") | AS34: =IF(OR(L34="Y",M34="Y"),"Y","")
O35: =IF(Q35 = "", "", COUNT(Q$4:$Q35)) | P35: =IF(C35 > 0, YEAR(B35), "") | Q35: =IF(A35="", "", IF(G35="",1,IF(G35="O",1,IF(G35="C",8.4,IF(G35="B",8.4,IF(G35="A",76.8,IF(G35="K",76.8,"ERR"))))))) | R35: =IF(L35<>"",Q35,"") | S35: =IF(IF(L35<>"",G35,"")=0, "O", IF(L35<>"",G35,"")) | T35: =IF(M35<>"",Q35,"") | U35: =IF(IF(M35<>"",G35,"")=0, "O", IF(M35<>"",G35,"")) | X35: ● | Y35: Type Y in Column M if Target-2 Crash. | AR35: =IF(O35>0, O35, "") | AS35: =IF(OR(L35="Y",M35="Y"),"Y","")
O36: =IF(Q36 = "", "", COUNT(Q$4:$Q36)) | P36: =IF(C36 > 0, YEAR(B36), "") | Q36: =IF(A36="", "", IF(G36="",1,IF(G36="O",1,IF(G36="C",8.4,IF(G36="B",8.4,IF(G36="A",76.8,IF(G36="K",76.8,"ERR"))))))) | R36: =IF(L36<>"",Q36,"") | S36: =IF(IF(L36<>"",G36,"")=0, "O", IF(L36<>"",G36,"")) | T36: =IF(M36<>"",Q36,"") | U36: =IF(IF(M36<>"",G36,"")=0, "O", IF(M36<>"",G36,"")) | X36: ● | Y36: Leave these columns blank if not a Target Crash. | AR36: =IF(O36>0, O36, "") | AS36: =IF(OR(L36="Y",M36="Y"),"Y","")
O37: =IF(Q37 = "", "", COUNT(Q$4:$Q37)) | P37: =IF(C37 > 0, YEAR(B37), "") | Q37: =IF(A37="", "", IF(G37="",1,IF(G37="O",1,IF(G37="C",8.4,IF(G37="B",8.4,IF(G37="A",76.8,IF(G37="K",76.8,"ERR"))))))) | R37: =IF(L37<>"",Q37,"") | S37: =IF(IF(L37<>"",G37,"")=0, "O", IF(L37<>"",G37,"")) | T37: =IF(M37<>"",Q37,"") | U37: =IF(IF(M37<>"",G37,"")=0, "O", IF(M37<>"",G37,"")) | X37: ● | Y37: NOTE: If a crash could potentially fall in more than one target group, discuss with SEG Staff on how to prioritize the target placement. Each target crash should only fall in one target group. There should not be overlap. | AR37: =IF(O37>0, O37, "") | AS37: =IF(OR(L37="Y",M37="Y"),"Y","")
O38: =IF(Q38 = "", "", COUNT(Q$4:$Q38)) | P38: =IF(C38 > 0, YEAR(B38), "") | Q38: =IF(A38="", "", IF(G38="",1,IF(G38="O",1,IF(G38="C",8.4,IF(G38="B",8.4,IF(G38="A",76.8,IF(G38="K",76.8,"ERR"))))))) | R38: =IF(L38<>"",Q38,"") | S38: =IF(IF(L38<>"",G38,"")=0, "O", IF(L38<>"",G38,"")) | T38: =IF(M38<>"",Q38,"") | U38: =IF(IF(M38<>"",G38,"")=0, "O", IF(M38<>"",G38,"")) | AR38: =IF(O38>0, O38, "") | AS38: =IF(OR(L38="Y",M38="Y"),"Y","")
O39: =IF(Q39 = "", "", COUNT(Q$4:$Q39)) | P39: =IF(C39 > 0, YEAR(B39), "") | Q39: =IF(A39="", "", IF(G39="",1,IF(G39="O",1,IF(G39="C",8.4,IF(G39="B",8.4,IF(G39="A",76.8,IF(G39="K",76.8,"ERR"))))))) | R39: =IF(L39<>"",Q39,"") | S39: =IF(IF(L39<>"",G39,"")=0, "O", IF(L39<>"",G39,"")) | T39: =IF(M39<>"",Q39,"") | U39: =IF(IF(M39<>"",G39,"")=0, "O", IF(M39<>"",G39,"")) | AR39: =IF(O39>0, O39, "") | AS39: =IF(OR(L39="Y",M39="Y"),"Y","")
O40: =IF(Q40 = "", "", COUNT(Q$4:$Q40)) | P40: =IF(C40 > 0, YEAR(B40), "") | Q40: =IF(A40="", "", IF(G40="",1,IF(G40="O",1,IF(G40="C",8.4,IF(G40="B",8.4,IF(G40="A",76.8,IF(G40="K",76.8,"ERR"))))))) | R40: =IF(L40<>"",Q40,"") | S40: =IF(IF(L40<>"",G40,"")=0, "O", IF(L40<>"",G40,"")) | T40: =IF(M40<>"",Q40,"") | U40: =IF(IF(M40<>"",G40,"")=0, "O", IF(M40<>"",G40,"")) | AR40: =IF(O40>0, O40, "") | AS40: =IF(OR(L40="Y",M40="Y"),"Y","")
O41: =IF(Q41 = "", "", COUNT(Q$4:$Q41)) | P41: =IF(C41 > 0, YEAR(B41), "") | Q41: =IF(A41="", "", IF(G41="",1,IF(G41="O",1,IF(G41="C",8.4,IF(G41="B",8.4,IF(G41="A",76.8,IF(G41="K",76.8,"ERR"))))))) | R41: =IF(L41<>"",Q41,"") | S41: =IF(IF(L41<>"",G41,"")=0, "O", IF(L41<>"",G41,"")) | T41: =IF(M41<>"",Q41,"") | U41: =IF(IF(M41<>"",G41,"")=0, "O", IF(M41<>"",G41,"")) | W41: 4 | X41: The work should now be done for this Tab. Move on to the Results Tab. | AR41: =IF(O41>0, O41, "") | AS41: =IF(OR(L41="Y",M41="Y"),"Y","")
O42: =IF(Q42 = "", "", COUNT(Q$4:$Q42)) | P42: =IF(C42 > 0, YEAR(B42), "") | Q42: =IF(A42="", "", IF(G42="",1,IF(G42="O",1,IF(G42="C",8.4,IF(G42="B",8.4,IF(G42="A",76.8,IF(G42="K",76.8,"ERR"))))))) | R42: =IF(L42<>"",Q42,"") | S42: =IF(IF(L42<>"",G42,"")=0, "O", IF(L42<>"",G42,"")) | T42: =IF(M42<>"",Q42,"") | U42: =IF(IF(M42<>"",G42,"")=0, "O", IF(M42<>"",G42,"")) | AR42: =IF(O42>0, O42, "") | AS42: =IF(OR(L42="Y",M42="Y"),"Y","")
O43: =IF(Q43 = "", "", COUNT(Q$4:$Q43)) | P43: =IF(C43 > 0, YEAR(B43), "") | Q43: =IF(A43="", "", IF(G43="",1,IF(G43="O",1,IF(G43="C",8.4,IF(G43="B",8.4,IF(G43="A",76.8,IF(G43="K",76.8,"ERR"))))))) | R43: =IF(L43<>"",Q43,"") | S43: =IF(IF(L43<>"",G43,"")=0, "O", IF(L43<>"",G43,"")) | T43: =IF(M43<>"",Q43,"") | U43: =IF(IF(M43<>"",G43,"")=0, "O", IF(M43<>"",G43,"")) | AR43: =IF(O43>0, O43, "") | AS43: =IF(OR(L43="Y",M43="Y"),"Y","")
O44: =IF(Q44 = "", "", COUNT(Q$4:$Q44)) | P44: =IF(C44 > 0, YEAR(B44), "") | Q44: =IF(A44="", "", IF(G44="",1,IF(G44="O",1,IF(G44="C",8.4,IF(G44="B",8.4,IF(G44="A",76.8,IF(G44="K",76.8,"ERR"))))))) | R44: =IF(L44<>"",Q44,"") | S44: =IF(IF(L44<>"",G44,"")=0, "O", IF(L44<>"",G44,"")) | T44: =IF(M44<>"",Q44,"") | U44: =IF(IF(M44<>"",G44,"")=0, "O", IF(M44<>"",G44,"")) | AR44: =IF(O44>0, O44, "") | AS44: =IF(OR(L44="Y",M44="Y"),"Y","")
O45: =IF(Q45 = "", "", COUNT(Q$4:$Q45)) | P45: =IF(C45 > 0, YEAR(B45), "") | Q45: =IF(A45="", "", IF(G45="",1,IF(G45="O",1,IF(G45="C",8.4,IF(G45="B",8.4,IF(G45="A",76.8,IF(G45="K",76.8,"ERR"))))))) | R45: =IF(L45<>"",Q45,"") | S45: =IF(IF(L45<>"",G45,"")=0, "O", IF(L45<>"",G45,"")) | T45: =IF(M45<>"",Q45,"") | U45: =IF(IF(M45<>"",G45,"")=0, "O", IF(M45<>"",G45,"")) | AR45: =IF(O45>0, O45, "") | AS45: =IF(OR(L45="Y",M45="Y"),"Y","")
O46: =IF(Q46 = "", "", COUNT(Q$4:$Q46)) | P46: =IF(C46 > 0, YEAR(B46), "") | Q46: =IF(A46="", "", IF(G46="",1,IF(G46="O",1,IF(G46="C",8.4,IF(G46="B",8.4,IF(G46="A",76.8,IF(G46="K",76.8,"ERR"))))))) | R46: =IF(L46<>"",Q46,"") | S46: =IF(IF(L46<>"",G46,"")=0, "O", IF(L46<>"",G46,"")) | T46: =IF(M46<>"",Q46,"") | U46: =IF(IF(M46<>"",G46,"")=0, "O", IF(M46<>"",G46,"")) | AR46: =IF(O46>0, O46, "") | AS46: =IF(OR(L46="Y",M46="Y"),"Y","")
O47: =IF(Q47 = "", "", COUNT(Q$4:$Q47)) | P47: =IF(C47 > 0, YEAR(B47), "") | Q47: =IF(A47="", "", IF(G47="",1,IF(G47="O",1,IF(G47="C",8.4,IF(G47="B",8.4,IF(G47="A",76.8,IF(G47="K",76.8,"ERR"))))))) | R47: =IF(L47<>"",Q47,"") | S47: =IF(IF(L47<>"",G47,"")=0, "O", IF(L47<>"",G47,"")) | T47: =IF(M47<>"",Q47,"") | U47: =IF(IF(M47<>"",G47,"")=0, "O", IF(M47<>"",G47,"")) | AR47: =IF(O47>0, O47, "") | AS47: =IF(OR(L47="Y",M47="Y"),"Y","")
O48: =IF(Q48 = "", "", COUNT(Q$4:$Q48)) | P48: =IF(C48 > 0, YEAR(B48), "") | Q48: =IF(A48="", "", IF(G48="",1,IF(G48="O",1,IF(G48="C",8.4,IF(G48="B",8.4,IF(G48="A",76.8,IF(G48="K",76.8,"ERR"))))))) | R48: =IF(L48<>"",Q48,"") | S48: =IF(IF(L48<>"",G48,"")=0, "O", IF(L48<>"",G48,"")) | T48: =IF(M48<>"",Q48,"") | U48: =IF(IF(M48<>"",G48,"")=0, "O", IF(M48<>"",G48,"")) | AR48: =IF(O48>0, O48, "") | AS48: =IF(OR(L48="Y",M48="Y"),"Y","")
O49: =IF(Q49 = "", "", COUNT(Q$4:$Q49)) | P49: =IF(C49 > 0, YEAR(B49), "") | Q49: =IF(A49="", "", IF(G49="",1,IF(G49="O",1,IF(G49="C",8.4,IF(G49="B",8.4,IF(G49="A",76.8,IF(G49="K",76.8,"ERR"))))))) | R49: =IF(L49<>"",Q49,"") | S49: =IF(IF(L49<>"",G49,"")=0, "O", IF(L49<>"",G49,"")) | T49: =IF(M49<>"",Q49,"") | U49: =IF(IF(M49<>"",G49,"")=0, "O", IF(M49<>"",G49,"")) | AR49: =IF(O49>0, O49, "") | AS49: =IF(OR(L49="Y",M49="Y"),"Y","")
O50: =IF(Q50 = "", "", COUNT(Q$4:$Q50)) | P50: =IF(C50 > 0, YEAR(B50), "") | Q50: =IF(A50="", "", IF(G50="",1,IF(G50="O",1,IF(G50="C",8.4,IF(G50="B",8.4,IF(G50="A",76.8,IF(G50="K",76.8,"ERR"))))))) | R50: =IF(L50<>"",Q50,"") | S50: =IF(IF(L50<>"",G50,"")=0, "O", IF(L50<>"",G50,"")) | T50: =IF(M50<>"",Q50,"") | U50: =IF(IF(M50<>"",G50,"")=0, "O", IF(M50<>"",G50,"")) | AR50: =IF(O50>0, O50, "") | AS50: =IF(OR(L50="Y",M50="Y"),"Y","")
O51: =IF(Q51 = "", "", COUNT(Q$4:$Q51)) | P51: =IF(C51 > 0, YEAR(B51), "") | Q51: =IF(A51="", "", IF(G51="",1,IF(G51="O",1,IF(G51="C",8.4,IF(G51="B",8.4,IF(G51="A",76.8,IF(G51="K",76.8,"ERR"))))))) | R51: =IF(L51<>"",Q51,"") | S51: =IF(IF(L51<>"",G51,"")=0, "O", IF(L51<>"",G51,"")) | T51: =IF(M51<>"",Q51,"") | U51: =IF(IF(M51<>"",G51,"")=0, "O", IF(M51<>"",G51,"")) | AR51: =IF(O51>0, O51, "") | AS51: =IF(OR(L51="Y",M51="Y"),"Y","")
O52: =IF(Q52 = "", "", COUNT(Q$4:$Q52)) | P52: =IF(C52 > 0, YEAR(B52), "") | Q52: =IF(A52="", "", IF(G52="",1,IF(G52="O",1,IF(G52="C",8.4,IF(G52="B",8.4,IF(G52="A",76.8,IF(G52="K",76.8,"ERR"))))))) | R52: =IF(L52<>"",Q52,"") | S52: =IF(IF(L52<>"",G52,"")=0, "O", IF(L52<>"",G52,"")) | T52: =IF(M52<>"",Q52,"") | U52: =IF(IF(M52<>"",G52,"")=0, "O", IF(M52<>"",G52,"")) | AR52: =IF(O52>0, O52, "") | AS52: =IF(OR(L52="Y",M52="Y"),"Y","")
O53: =IF(Q53 = "", "", COUNT(Q$4:$Q53)) | P53: =IF(C53 > 0, YEAR(B53), "") | Q53: =IF(A53="", "", IF(G53="",1,IF(G53="O",1,IF(G53="C",8.4,IF(G53="B",8.4,IF(G53="A",76.8,IF(G53="K",76.8,"ERR"))))))) | R53: =IF(L53<>"",Q53,"") | S53: =IF(IF(L53<>"",G53,"")=0, "O", IF(L53<>"",G53,"")) | T53: =IF(M53<>"",Q53,"") | U53: =IF(IF(M53<>"",G53,"")=0, "O", IF(M53<>"",G53,"")) | AR53: =IF(O53>0, O53, "") | AS53: =IF(OR(L53="Y",M53="Y"),"Y","")
... O1003: =IF(Q1003 = "", "", COUNT(Q$4:$Q1003)) | P1003: =IF(C1003 > 0, YEAR(B1003), "") | Q1003: =IF(A1003="", "", IF(G1003="",1,IF(G1003="O",1,IF(G1003="C",8.4,IF(G1003="B",8.4,IF(G1003="A",76.8,IF(G1003="K",76.8,"ERR"))))))) | R1003: =IF(L1003<>"",Q1003,"") | S1003: =IF(IF(L1003<>"",G1003,"")=0, "O", IF(L1003<>"",G1003,"")) | T1003: =IF(M1003<>"",Q1003,"") | U1003: =IF(IF(M1003<>"",G1003,"")=0, "O", IF(M1003<>"",G1003,"")) | AR1003: =IF(O1003>0, O1003, "") | AS1003: =IF(OR(L1003="Y",M1003="Y"),"Y","")

Sheet 1 page results - 1 Target
Z1: Before | AB1: After
P2: Cell Shading Key | Y2: Severity | Z2: Total | AA2: Target-1 | AB2: Total | AC2: Target-1
C3: Safety Project Evaluation | P3: User Input Required | Y3: K | Z3: =Before!Y4 -> 0 | AA3: =Before!Z4 -> 0 | AB3: =After!Y4 -> 0 | AC3: =After!Z4 -> 0
P4: Automatically Calculated | Y4: A | Z4: =Before!Y5 -> 0 | AA4: =Before!Z5 -> 0 | AB4: =After!Y5 -> 0 | AC4: =After!Z5 -> 0
Y5: B | Z5: =Before!Y6 -> 0 | AA5: =Before!Z6 -> 0 | AB5: =After!Y6 -> 0 | AC5: =After!Z6 -> 0
C6: Order ID: | D6: 41000078044 (1 of 2) | H6: Treatment Information | I6: Before | J6: After | K6: Percent Reduction (-) Percent Increase (+) | Y6: C | Z6: =Before!Y7 -> 4 | AA6: =Before!Z7 -> 4 | AB6: =After!Y7 -> 0 | AC6: =After!Z7 -> 0
C7: Project ID: | D7: 02-20-62356 (SS-6002AD) | O7: Comments for the user: | Y7: O | Z7: =Before!Y8 -> 4 | AA7: =Before!Z8 -> 4 | AB7: =After!Y8 -> 1 | AC7: =After!Z8 -> 1
C8: Signal ID: | D8: n/a | H8: Total Crashes | I8: =$Z$8 -> 8 | J8: =$AB$8 -> 1 | K8: =IFERROR((J8-I8)/I8, "n/a") -> -0.875 | O8: ● | P8: Cells that are shaded TAN are not automatic and need to be filled in prior to printing | Y8: Total | Z8: =Before!Y9 -> 8 | AA8: =Before!Z9 -> 8 | AB8: =After!Y9 -> 1 | AC8: =After!Z9 -> 1
C9: Location: | D9: NC 91 at SR 1225 (Speights Bridge Road)/SR 1303 (Fieldsboro Road) | H9: Total Severity Index | I9: =$Z$9 -> 4.7 | J9: =$AB$9 -> 1 | K9: =IFERROR((J9-I9)/I9, "n/a") -> -0.78723404 | O9: ● | P9: The before, construction, and after period dates table is automated and based off of the Date Range Calculator within the "Evaluation Set-up" tab. Make sure this tab is finalized before printing. | Y9: SI | Z9: =Before!Y10 -> 4.7 | AA9: =Before!Z10 -> 4.7 | AB9: =After!Y10 -> 1 | AC9: =After!Z10 -> 1
C11: GPS Coordinates: | D11: 35.584352, -77.699274 | H11: Target Crashes | I11: =$AA$8 -> 8 | J11: =$AC$8 -> 1 | K11: =IFERROR((J11-I11)/I11, "n/a") -> -0.875
C12: County: | D12: Greene | H12: Target Crash Severity Index | I12: =$AA$9 -> 4.7 | J12: =$AC$9 -> 1 | K12: =IFERROR((J12-I12)/I12, "n/a") -> -0.78723404 | O12: ● | P12: If a calculated percent increase is significantly above 100% and you feel this change would be best represented by reporting "100% +" then you should manually change these values.
C13: City: | D13: n/a
C14: Division: | D14: 2 | H14: ="Volume ("&'Evaluation Set-up'!$N$5&", "&'Evaluation Set-up'!$N$6&")" -> Volume (2021, 2024) | I14: ='Evaluation Set-up'!$R$5 -> 1500 | J14: ='Evaluation Set-up'!$R$6 -> 1800 | K14: =IFERROR((J14-I14)/I14, "n/a") -> 0.2
O15: ● | P15: There are 4 rows under the Additional information table that the user should feel free to use (or not use) as they see fit. If rows are left unused, leave "n/a" in the left most column
C16: Countermeasure(s): | D16: Convert intersection to All-Way STOP Control (AWSC), including: • On NC 91 approaches, - Installation of dual STOP signs (one 48" oversized R1-1 and one 30" supplemental R1-1) with ALL WAY (R1-3P) plaques and stop bars - Replacement of Cross Road (W2-1) Warning signs with STOP Ahead (W3-1) Warning signs with solar-powered flashing beacons installed closer to intersection alongside of STOP AHEAD pavement markings • On SR 1225/SR 1303 approaches, - Addition of ALL WAY (R1-3P) plaques to the existing STOP signs (R1-1) and installation of stop bars - Relocation of the existing STOP Ahead (W3-1) Warning signs | H16: Injury Crash Summary | I16: Before | J16: After | K16: Percent Reduction (-) Percent Increase (+)
H18: Fatal Injury Crashes | I18: =Z3 -> 0 | J18: =AB3 -> 0 | K18: =IFERROR((J18-I18)/I18, "n/a") -> n/a | O18: ● | P18: Write any necessary discussion on the evaluation results in the large merged cell at the bottom of the page. If no discussion is necessary, simply write "n/a" in discussion field TIP: to drop lines within a single cell, press ALT+ENTER
H19: Class A Injury Crashes | I19: =Z4 -> 0 | J19: =AB4 -> 0 | K19: =IFERROR((J19-I19)/I19, "n/a") -> n/a
H20: Class B Injury Crashes | I20: =Z5 -> 0 | J20: =AB5 -> 0 | K20: =IFERROR((J20-I20)/I20, "n/a") -> n/a
H21: Class C Injury Crashes | I21: =Z6 -> 4 | J21: =AB6 -> 0 | K21: =IFERROR((J21-I21)/I21, "n/a") -> -1
H22: Property Damage Only | I22: =Z7 -> 4 | J22: =AB7 -> 1 | K22: =IFERROR((J22-I22)/I22, "n/a") -> -0.75 | O22: Instructions for printing 1-Pager Results Tab
O23: 1 | P23: Highlight the cells within but not including the GREEN border
C24: Estimated Project Cost: | D24: $22,000 (both locations) | H24: Target Injury Crash Summary | I24: Before | J24: After | K24: Percent Reduction (-) Percent Increase (+) | O24: 2 | P24: Select Print or hit Control + P
C25: Completion Date: | D25: March 29, 2022 | O25: 3 | P25: Select the printer you wish to use (Microsoft Print to PDF is recommended with 8.5”x11” paper size)
H26: Fatal Injury Crashes | I26: =AA3 -> 0 | J26: =AC3 -> 0 | K26: =IFERROR((J26-I26)/I26, "n/a") -> n/a
D27: Start Date | E27: End Date | F27: Length | H27: Class A Injury Crashes | I27: =AA4 -> 0 | J27: =AC4 -> 0 | K27: =IFERROR((J27-I27)/I27, "n/a") -> n/a | O27: 4 | P27: In the first box under Settings select “Print Selection”. This will ensure only the cells you have highlighted are printed out, rather than the whole sheet.
C28: Before Period | D28: ='Evaluation Set-up'!D9 -> 43040 | E28: ='Evaluation Set-up'!E9 -> 44500 | F28: ='Evaluation Set-up'!F9&"y, "&'Evaluation Set-up'!G9&"m" -> 4y, 0m | H28: Class B Injury Crashes | I28: =AA5 -> 0 | J28: =AC5 -> 0 | K28: =IFERROR((J28-I28)/I28, "n/a") -> n/a
C29: Construction Period | D29: ='Evaluation Set-up'!D10 -> 44501 | E29: ='Evaluation Set-up'!E10 -> 44651 | F29: ='Evaluation Set-up'!F10&"y, "&'Evaluation Set-up'!G10&"m" -> 0y, 5m | H29: Class C Injury Crashes | I29: =AA6 -> 4 | J29: =AC6 -> 0 | K29: =IFERROR((J29-I29)/I29, "n/a") -> -1 | O29: 5 | P29: Select “Custom Margins” in the second to last dropdown box. Match the margin settings in the pop up box to that of the below image. The Left/Right margins should be 0.25" and the Top/Bottom margins should be 0.5". Also make sure that the “Horizontally” and “Vertically” boxes are checked under the "Center on page" section. This will ensure the print area is centered within the page layout.
C30: After Period | D30: ='Evaluation Set-up'!D11 -> 44652 | E30: ='Evaluation Set-up'!E11 -> 46112 | F30: ='Evaluation Set-up'!F11&"y, "&'Evaluation Set-up'!G11&"m" -> 4y, 0m | H30: Property Damage Only | I30: =AA7 -> 4 | J30: =AC7 -> 1 | K30: =IFERROR((J30-I30)/I30, "n/a") -> -0.75
C32: Analysis Criteria: | D32: Treatment data consists of all crashes at the intersection of NC 91 and SR 1225/SR 1303 with a Y-line of 150' | H32: Additional Information | I32: Before | J32: After | K32: Percent Reduction (-) Percent Increase (+)
H34: Target Crashes: EB SR 1225 At-Fault | I34: 5 | J34: 0 | K34: =IFERROR((J34-I34)/I34, "n/a") -> -1 | P34: ●
H35: Target Crashes: WB SR 1303 At-Fault | I35: 3 | J35: 0 | K35: =IFERROR((J35-I35)/I35, "n/a") -> -1
C36: Target Crashes: | D36: Frontal impact crashes including the following types: • Left-turn, same roadway (LTSR) • Left-turn, different roadway (LTDR) • Right-turn, same roadway (RTSR) • Right-turn, different roadway (RTDR) • Head-on • Angle | H36: Target Crashes: NB NC 91 At-Fault | I36: 0 | J36: 1 | K36: =IFERROR((J36-I36)/I36, "n/a") -> n/a
H37: Target Crashes: Failed to Yield | I37: 8 | J37: 0 | K37: =IFERROR((J37-I37)/I37, "n/a") -> -1
H38: Target Crashes: Ran Stop Sign | I38: 0 | J38: 1 | K38: =IFERROR((J38-I38)/I38, "n/a") -> n/a
H40: Map/Satellite Views
C43: Project Development Comparison
C44: Crashes Per Year by Project Time Period | D44: Project Development | E44: Before Period | F44: After Period
C46: Years | D46: =IF(MOD(ROUND(YEARFRAC(D47,D48,1),2),1)=0, TEXT(ROUND(YEARFRAC(D47,D48,1),2),"0.00") & " years", ROUND(YEARFRAC(D47,D48,1),2) & " years") -> 10.00 years | E46: =TEXT(ROUND('Evaluation Set-up'!$F$9+'Evaluation Set-up'!$G$9/12, 2), "0.00")&" years" -> 4.00 years | F46: =TEXT(ROUND('Evaluation Set-up'!$F$11+'Evaluation Set-up'!$G$11/12, 2), "0.00")&" years" -> 4.00 years
C47: Start Date | D47: 40330 | E47: ='Evaluation Set-up'!D9 -> 43040 | F47: ='Evaluation Set-up'!D11 -> 44652
C48: End Date | D48: 43982 | E48: ='Evaluation Set-up'!E9 -> 44500 | F48: ='Evaluation Set-up'!E11 -> 46112
C50: Total | D50: =O57/ROUND(YEARFRAC($D$47,$D$48),2) -> 2.4 | E50: =I8/('Evaluation Set-up'!$F$9+'Evaluation Set-up'!$G$9/12) -> 2 | F50: =J8/('Evaluation Set-up'!$F$11+'Evaluation Set-up'!$G$11/12) -> 0.25
C51: Fatal Injury | D51: =O58/ROUND(YEARFRAC($D$47,$D$48),2) -> 0 | E51: =I18/('Evaluation Set-up'!$F$9+'Evaluation Set-up'!$G$9/12) -> 0 | F51: =J18/('Evaluation Set-up'!$F$11+'Evaluation Set-up'!$G$11/12) -> 0 | O51: 6 | P51: In the final dropdown box, select “Fit Sheet on One Page”
C52: Class A Injury | D52: =O59/ROUND(YEARFRAC($D$47,$D$48),2) -> 0 | E52: =I19/('Evaluation Set-up'!$F$9+'Evaluation Set-up'!$G$9/12) -> 0 | F52: =J19/('Evaluation Set-up'!$F$11+'Evaluation Set-up'!$G$11/12) -> 0 | O52: 7 | P52: Hit Print!
C53: Class B Injury | D53: =O60/ROUND(YEARFRAC($D$47,$D$48),2) -> 0.3 | E53: =I20/('Evaluation Set-up'!$F$9+'Evaluation Set-up'!$G$9/12) -> 0 | F53: =J20/('Evaluation Set-up'!$F$11+'Evaluation Set-up'!$G$11/12) -> 0 | O53: NOTE: | P53: If you feel that any of the above print settings should be changed to allow for a better print out of this report, contact TSU staff first. For the vast majority of evaluations, these settings should be best.
C54: Class C Injury | D54: =O61/ROUND(YEARFRAC($D$47,$D$48),2) -> 0.7 | E54: =I21/('Evaluation Set-up'!$F$9+'Evaluation Set-up'!$G$9/12) -> 1 | F54: =J21/('Evaluation Set-up'!$F$11+'Evaluation Set-up'!$G$11/12) -> 0
C55: Property Damage Only | D55: =O62/ROUND(YEARFRAC($D$47,$D$48),2) -> 1.4 | E55: =I22/('Evaluation Set-up'!$F$9+'Evaluation Set-up'!$G$9/12) -> 1 | F55: =J22/('Evaluation Set-up'!$F$11+'Evaluation Set-up'!$G$11/12) -> 0.25
C57: Items for Discussion | O57: 24
C58: • The single after-period Target Crash involved a NB pickup on NC 91 that ran the STOP sign and struck an EB turning passenger car on the side street during daylight, dry conditions. • One Target crash occurred during the construction period which involved an EB passenger car on SR 1225 (Speights Bridge Road) that failed to yield when turning left and was struck by a NB single-unit truck on NC 91 during daylight, dry conditions. | O58: 0
O59: 0
O60: 3
O61: 7
O62: 14
P66: Total Wet Crashes | Q66: =COUNTIF(Before!$D:$D,"=2")+COUNTIF(Before!$D:$D,"=3") -> 0 | R66: =COUNTIF(After!$D:$D,"=2")+COUNTIF(After!$D:$D,"=3") -> 0 | S66: =IFERROR((R66-Q66)/Q66, "n/a") -> n/a
C67: Data Prepared For: | P67: Target Wet Crashes | Q67: =COUNTIFS(Before!$D:$D,"=2",Before!$L:$L,"=Y")+COUNTIFS(Before!$D:$D,"=3",Before!$L:$L,"=Y") -> 0 | R67: =COUNTIFS(After!$D:$D,"=2",After!$L:$L,"=Y")+COUNTIFS(After!$D:$D,"=3",After!$L:$L,"=Y") -> 0 | S67: =IFERROR((R67-Q67)/Q67, "n/a") -> n/a
C68: The Traffic Safety Unit of the | H68: Data Prepared By: | P68: Total Dark Crashes | Q68: =COUNTIF(Before!$F:$F,"=4")+COUNTIF(Before!$F:$F,"=5") -> 0 | R68: =COUNTIF(After!$F:$F,"=4")+COUNTIF(After!$F:$F,"=5") -> 0 | S68: =IFERROR((R68-Q68)/Q68, "n/a") -> n/a
C69: Transportation Mobility and Safety Division of the | H69: Principal Investigator: | I69: Chris Bahret, PE | P69: Target Dark Crashes | Q69: =COUNTIFS(Before!$F:$F,"=4",Before!$L:$L,"=Y")+COUNTIFS(Before!$F:$F,"=5",Before!$L:$L,"=Y") -> 0 | R69: =COUNTIFS(After!$F:$F,"=4",After!$L:$L,"=Y")+COUNTIFS(After!$F:$F,"=5",After!$L:$L,"=Y") -> 0 | S69: =IFERROR((R69-Q69)/Q69, "n/a") -> n/a
C70: Division of Highways of the | H70: Work Group/Consultant: | I70: VHB | P70: Total KABC | Q70: =SUM(I18:I21) -> 4 | R70: =SUM(J18:J21) -> 0 | S70: =IFERROR(IF((R70-Q70)/Q70>=1,"100.00+%",(R70-Q70)/Q70), "n/a") -> -1
C71: North Carolina Department of Transportation | H71: Date: | I71: 46171 | P71: Target KABC | Q71: =SUM(I26:I29) -> 4 | R71: =SUM(J26:J29) -> 0 | S71: =IFERROR(IF((R71-Q71)/Q71>=1,"100.00+%",(R71-Q71)/Q71), "n/a") -> -1
Q72: =COUNTIF(Before!$H:$H,"=ROR-T") -> 0 | R72: =COUNTIF(After!$H:$H,"=ROR-T") -> 0 | S72: =IFERROR(IF((R72-Q72)/Q72>=1,"100.00+%",(R72-Q72)/Q72), "n/a") -> n/a
Q74: =Q73/((DATE(2023,6,23) - 'Evaluation Set-up'!D11)/365) -> 0
Q76: =Q75/(('Evaluation Set-up'!E11 - DATE(2023,6,23))/365) -> 0

Sheet 1 page results - 2 Targets
Z1: Before | AD1: After
P2: Cell Shading Key | Y2: Severity | Z2: Total | AA2: Target-1 | AB2: Target -2 | AC2: All - Targets | AD2: Total | AE2: Target-1 | AF2: Target -2 | AG2: All - Targets
C3: Safety Project Evaluation | P3: User Input Required | Y3: K | Z3: =Before!Y4 -> 0 | AA3: =Before!Z4 -> 0 | AB3: =Before!AA4 -> 0 | AC3: =Before!AB4 -> 0 | AD3: =After!Y4 -> 0 | AE3: =After!Z4 -> 0 | AF3: =After!AA4 -> 0 | AG3: =After!AB4 -> 0
P4: Automatically Calculated | Y4: A | Z4: =Before!Y5 -> 0 | AA4: =Before!Z5 -> 0 | AB4: =Before!AA5 -> 0 | AC4: =Before!AB5 -> 0 | AD4: =After!Y5 -> 0 | AE4: =After!Z5 -> 0 | AF4: =After!AA5 -> 0 | AG4: =After!AB5 -> 0
Y5: B | Z5: =Before!Y6 -> 0 | AA5: =Before!Z6 -> 0 | AB5: =Before!AA6 -> 0 | AC5: =Before!AB6 -> 0 | AD5: =After!Y6 -> 0 | AE5: =After!Z6 -> 0 | AF5: =After!AA6 -> 0 | AG5: =After!AB6 -> 0
C6: Order ID: | D6: 41000078044 | H6: Treatment Information | I6: Before | J6: After | K6: Percent Reduction (-) Percent Increase (+) | Y6: C | Z6: =Before!Y7 -> 4 | AA6: =Before!Z7 -> 4 | AB6: =Before!AA7 -> 0 | AC6: =Before!AB7 -> 4 | AD6: =After!Y7 -> 0 | AE6: =After!Z7 -> 0 | AF6: =After!AA7 -> 0 | AG6: =After!AB7 -> 0
C7: Project ID: | D7: 02-20-62356 (SS-6002AD) | O7: Comments for the user: | Y7: O | Z7: =Before!Y8 -> 4 | AA7: =Before!Z8 -> 4 | AB7: =Before!AA8 -> 0 | AC7: =Before!AB8 -> 4 | AD7: =After!Y8 -> 1 | AE7: =After!Z8 -> 1 | AF7: =After!AA8 -> 0 | AG7: =After!AB8 -> 1
C8: Signal ID: | D8: n/a | H8: Total Crashes | I8: =Z8 -> 8 | J8: =AD8 -> 1 | K8: =IFERROR((J8-I8)/I8, "n/a") -> -0.875 | O8: ● | P8: Cells that are shaded TAN are not automatic and need to be filled in prior to printing | Y8: Total | Z8: =Before!Y9 -> 8 | AA8: =Before!Z9 -> 8 | AB8: =Before!AA9 -> 0 | AC8: =Before!AB9 -> 8 | AD8: =After!Y9 -> 1 | AE8: =After!Z9 -> 1 | AF8: =After!AA9 -> 0 | AG8: =After!AB9 -> 1
C9: Location: | D9: NC 91 at SR 1225 (Speights Bridge Road)/SR 1303 (Fieldsboro Road) | H9: Total Severity Index | I9: =Z9 -> 4.7 | J9: =AD9 -> 1 | K9: =IFERROR((J9-I9)/I9, "n/a") -> -0.78723404 | O9: ● | P9: The before, construction, and after period dates table is automated and based off of the Date Range Calculator within the "Evaluation Set-up" tab. Make sure this tab is finalized before printing. | Y9: SI | Z9: =Before!Y10 -> 4.7 | AA9: =Before!Z10 -> 4.7 | AB9: =Before!AA10 -> 0 | AC9: =Before!AB10 -> 4.7 | AD9: =After!Y10 -> 1 | AE9: =After!Z10 -> 1 | AF9: =After!AA10 -> 0 | AG9: =After!AB10 -> 1
H11: All Target Crashes | I11: =AC8 -> 8 | J11: =AG8 -> 1 | K11: =IFERROR((J11-I11)/I11, "n/a") -> -0.875
H12: All Target Crash Severity Index | I12: =AC9 -> 4.7 | J12: =AG9 -> 1 | K12: =IFERROR((J12-I12)/I12, "n/a") -> -0.78723404 | O12: ● | P12: If a calculated percent increase is significantly above 100% and you feel this change would be best represented by reporting "100% +" then you should manually change these values.
C13: GPS Coordinates: | D13: n/a
C14: County: | D14: 2 | H14: Target-1 Crashes | I14: =AA8 -> 8 | J14: =AE8 -> 1 | K14: =IFERROR((J14-I14)/I14, "n/a") -> -0.875
C15: City: | H15: Target-1 Crash Severity Index | I15: =AA9 -> 4.7 | J15: =AE9 -> 1 | K15: =IFERROR((J15-I15)/I15, "n/a") -> -0.78723404 | O15: ● | P15: There are 4 rows under the Additional information table that the user should feel free to use (or not use) as they see fit. If rows are left unused, leave "n/a" in the left most column
C16: Division: | D16: Convert intersection to All-Way STOP Control (AWSC), including: • Installation of dual STOP signs (one 48" oversized R1-1 and one 30" supplemental R1-1) with ALL WAY (R1-3P) plaques and stop bars on the previously uncontrolled NC 91 approaches • Installation of STOP Ahead (W3-1) Advance Warning signs with solar-powered flashing beacons, and STOP AHEAD pavement markings, on the previously unsigned NC 91 approaches • Addition of ALL WAY (R1-3P) plaques to the existing SR 1225/SR 1303 STOP signs (R1-1) and installation of stop bars on the SR 1225/SR 1303 approaches • Relocation of the existing STOP Ahead (W3-1) Advance Warning signs on the SR 1225/SR 1303 approaches
H17: Target-2 Crashes | I17: =AB8 -> 0 | J17: =AF8 -> 0 | K17: =IFERROR((J17-I17)/I17, "n/a") -> n/a
C18: Countermeasure(s): | H18: Target-2 Crash Severity Index | I18: =AB9 -> 0 | J18: =AF9 -> 0 | K18: =IFERROR((J18-I18)/I18, "n/a") -> n/a | O18: ● | P18: Write any necessary discussion on the evaluation results in the large merged cell at the bottom of the page. If no discussion is necessary, simply write "n/a" in discussion field TIP: to drop lines within a single cell, press ALT+ENTER
H20: ="Volume ("&'Evaluation Set-up'!$N$5&", "&'Evaluation Set-up'!$N$6&")" -> Volume (2021, 2024) | I20: ='Evaluation Set-up'!$R$5 -> 1500 | J20: ='Evaluation Set-up'!$R$6 -> 1800 | K20: =IFERROR((J20-I20)/I20, "n/a") -> 0.2
H22: Injury Crash Summary | I22: Before | J22: After | K22: Percent Reduction (-) Percent Increase (+) | O22: Instructions for printing 1-Pager Results Tab
C23: Estimated Project Cost: | O23: 1 | P23: Highlight the cells within but not including the GREEN border
C24: Completion Date: | D24: 11000 | H24: Fatal Injury Crashes | I24: =Z3 -> 0 | J24: =AD3 -> 0 | K24: =IFERROR((J24-I24)/I24, "n/a") -> n/a | O24: 2 | P24: Select Print or hit Control + P
D25: March 29, 2022 | H25: Class A Injury Crashes | I25: =Z4 -> 0 | J25: =AD4 -> 0 | K25: =IFERROR((J25-I25)/I25, "n/a") -> n/a | O25: 3 | P25: Select the printer you wish to use (Microsoft Print to PDF is recommended with 8.5”x11” paper size)
D26: Start Date | E26: End Date | F26: Length | H26: Class B Injury Crashes | I26: =Z5 -> 0 | J26: =AD5 -> 0 | K26: =IFERROR((J26-I26)/I26, "n/a") -> n/a
C27: Before Period | D27: ='Evaluation Set-up'!D9 -> 43040 | E27: ='Evaluation Set-up'!E9 -> 44500 | F27: ='Evaluation Set-up'!F9&"y, "&'Evaluation Set-up'!G9&"m" -> 4y, 0m | H27: Class C Injury Crashes | I27: =Z6 -> 4 | J27: =AD6 -> 0 | K27: =IFERROR((J27-I27)/I27, "n/a") -> -1 | O27: 4 | P27: In the first box under Settings select “Print Selection”. This will ensure only the cells you have highlighted are printed out, rather than the whole sheet.
C28: Construction Period | D28: ='Evaluation Set-up'!D10 -> 44501 | E28: ='Evaluation Set-up'!E10 -> 44651 | F28: ='Evaluation Set-up'!F10&"y, "&'Evaluation Set-up'!G10&"m" -> 0y, 5m | H28: Property Damage Only | I28: =Z7 -> 4 | J28: =AD7 -> 1 | K28: =IFERROR((J28-I28)/I28, "n/a") -> -0.75
C29: After Period | D29: ='Evaluation Set-up'!D11 -> 44652 | E29: ='Evaluation Set-up'!E11 -> 46112 | F29: ='Evaluation Set-up'!F11&"y, "&'Evaluation Set-up'!G11&"m" -> 4y, 0m | O29: 5 | P29: Select “Custom Margins” in the second to last dropdown box. Match the margin settings in the pop up box to that of the below image. The Left/Right margins should be 0.1" and the Top/Bottom margins should be 0.3". Also make sure that the “Horizontally” and “Vertically” boxes are checked under the "Center on page" section. This will ensure the print area is centered within the page layout.
H30: All Target Injury Crash Summary | I30: Before | J30: After | K30: Percent Reduction (-) Percent Increase (+)
C31: Analysis Criteria:
H32: Fatal Injury Crashes | I32: =AC3 -> 0 | J32: =AG3 -> 0 | K32: =IFERROR((J32-I32)/I32, "n/a") -> n/a
H33: Class A Injury Crashes | I33: =AC4 -> 0 | J33: =AG4 -> 0 | K33: =IFERROR((J33-I33)/I33, "n/a") -> n/a
H34: Class B Injury Crashes | I34: =AC5 -> 0 | J34: =AG5 -> 0 | K34: =IFERROR((J34-I34)/I34, "n/a") -> n/a | P34: ●
H35: Class C Injury Crashes | I35: =AC6 -> 4 | J35: =AG6 -> 0 | K35: =IFERROR((J35-I35)/I35, "n/a") -> -1
D36: Frontal impact crashes including the following types: • Left-turn, same roadway (LTSR) • Left-turn, different roadway (LTDR) • Right-turn, same roadway (RTSR) • Right-turn, different roadway (RTDR) • Head-on • Angle | H36: Property Damage Only | I36: =AC7 -> 4 | J36: =AG7 -> 1 | K36: =IFERROR((J36-I36)/I36, "n/a") -> -0.75
C37: Target-1 Crashes:
H38: Additional Information | I38: Before | J38: After | K38: Percent Reduction (-) Percent Increase (+)
H40: n/a | K40: =IFERROR((J40-I40)/I40, "n/a") -> n/a
H41: n/a | K41: =IFERROR((J41-I41)/I41, "n/a") -> n/a
H42: n/a | K42: =IFERROR((J42-I42)/I42, "n/a") -> n/a
C43: Target-2 Crashes: | H43: n/a | K43: =IFERROR((J43-I43)/I43, "n/a") -> n/a
H45: Map and Satellite Views
D48: 43982
C49: Project Development Comparison
C50: Crashes Per Year by Project Time Period | D50: Project Development | E50: Before Period | F50: After Period
O51: 6 | P51: In the final dropdown box, select “Fit Sheet on One Page”
C52: Years | E52: =TEXT(ROUND('Evaluation Set-up'!$F$9+'Evaluation Set-up'!$G$9/12, 2), "0.00")&" years" -> 4.00 years | F52: =TEXT(ROUND('Evaluation Set-up'!$F$11+'Evaluation Set-up'!$G$11/12, 2), "0.00")&" years" -> 4.00 years | O52: 7 | P52: Hit Print!
C53: Start Date | E53: ='Evaluation Set-up'!D9 -> 43040 | F53: ='Evaluation Set-up'!D11 -> 44652 | O53: NOTE: | P53: If you feel that any of the above print settings should be changed to allow for a better print out of this report, contact TSU staff first. For the vast majority of evaluations, these settings should be best.
C54: End Date | E54: ='Evaluation Set-up'!E9 -> 44500 | F54: ='Evaluation Set-up'!E11 -> 46112
C56: Total | E56: =I8/('Evaluation Set-up'!$F$9+'Evaluation Set-up'!$G$9/12) -> 2 | F56: =J8/('Evaluation Set-up'!$F$11+'Evaluation Set-up'!$G$11/12) -> 0.25
C57: Fatal Injury | E57: =I24/('Evaluation Set-up'!$F$9+'Evaluation Set-up'!$G$9/12) -> 0 | F57: =J24/('Evaluation Set-up'!$F$11+'Evaluation Set-up'!$G$11/12) -> 0 | O57: 24
C58: Class A Injury | E58: =I25/('Evaluation Set-up'!$F$9+'Evaluation Set-up'!$G$9/12) -> 0 | F58: =J25/('Evaluation Set-up'!$F$11+'Evaluation Set-up'!$G$11/12) -> 0 | O58: 0
C59: Class B Injury | E59: =I26/('Evaluation Set-up'!$F$9+'Evaluation Set-up'!$G$9/12) -> 0 | F59: =J26/('Evaluation Set-up'!$F$11+'Evaluation Set-up'!$G$11/12) -> 0 | O59: 0
C60: Class C Injury | E60: =I27/('Evaluation Set-up'!$F$9+'Evaluation Set-up'!$G$9/12) -> 1 | F60: =J27/('Evaluation Set-up'!$F$11+'Evaluation Set-up'!$G$11/12) -> 0 | O60: 3
C61: Property Damage Only | E61: =I28/('Evaluation Set-up'!$F$9+'Evaluation Set-up'!$G$9/12) -> 1 | F61: =J28/('Evaluation Set-up'!$F$11+'Evaluation Set-up'!$G$11/12) -> 0.25 | O61: 7
O62: 14
C63: Items for Discussion
C73: Data Prepared For:
C74: The Traffic Safety Unit of the | H74: Data Prepared By:
C75: Transportation Mobility and Safety Division of the | H75: Principal Investigator:
C76: Division of Highways of the | H76: Work Group/Consultant:
C77: North Carolina Department of Transportation | H77: Date:

Sheet For NCDOT staff - for Tracking
B1: Tables used for Multi-treatment EB analysis and CMF tracking - Please DO NOT edit or change any cells in this section
S3: B - Yr 1 | Y3: B - Yr 2 | AE3: B - Yr 3 | AK3: A - Yr 1 | AQ3: A - Yr 2 | AW3: A - Yr 3
B4: Project ID | C4: Intersection | D4: County | E4: GPS | F4: Project Cost | G4: Countermeasure Description | H4: Countermeasure Grouping | I4: Major Speed Limit | J4: Minor Speed Limit | K4: Install Year | L4: Before, Yr 1 | M4: Before, Yr 2 | N4: Before, Yr 3 | O4: After, Yr 1 | P4: After, Yr 2 | Q4: After, Yr 3 | R4: Intersection Type | S4: Total Crashes | T4: Frontal Impacts | U4: Rear Ends | V4: KABC | W4: Major AADT | X4: Minor AADT | Y4: Total Crashes | Z4: Frontal Impacts | AA4: Rear Ends | AB4: KABC | AC4: Major AADT | AD4: Minor AADT | AE4: Total Crashes | AF4: Frontal Impacts | AG4: Rear Ends | AH4: KABC | AI4: Major AADT | AJ4: Minor AADT | AK4: Total Crashes | AL4: Frontal Impacts | AM4: Rear Ends | AN4: KABC | AO4: Major AADT | AP4: Minor AADT | AQ4: Total Crashes | AR4: Frontal Impacts | AS4: Rear Ends | AT4: KABC | AU4: Major AADT | AV4: Minor AADT | AW4: Total Crashes | AX4: Frontal Impacts | AY4: Rear Ends | AZ4: KABC | BA4: Major AADT | BB4: Minor AADT
A5: * --> | B5: =IF('1 page results - 1 Target'!D7<>"",'1 page results - 1 Target'!D7,IF('1 page results - 2 Targets'!D7<>"",'1 page results - 2 Targets'!D7,"blank")) -> 02-20-62356 (SS-6002AD) | C5: =IF('1 page results - 1 Target'!D9<>"",'1 page results - 1 Target'!D9,IF('1 page results - 2 Targets'!D9<>"",'1 page results - 2 Targets'!D9,"blank")) -> NC 91 at SR 1225 (Speights Bridge Road)/SR 1303 (Fieldsboro Road) | D5: =IF('1 page results - 1 Target'!D14<>"",'1 page results - 1 Target'!D14,IF('1 page results - 2 Targets'!D14<>"",'1 page results - 2 Targets'!D14,"blank")) -> 2 | E5: =IF('1 page results - 1 Target'!D13<>"",'1 page results - 1 Target'!D13,IF('1 page results - 2 Targets'!D13<>"",'1 page results - 2 Targets'!D13,"blank")) -> n/a | F5: =IF('1 page results - 1 Target'!D24<>"",'1 page results - 1 Target'!D24,IF('1 page results - 2 Targets'!D23<>"",'1 page results - 2 Targets'!D23,"blank")) -> $22,000 (both locations) | G5: =IF('1 page results - 1 Target'!D16<>"",'1 page results - 1 Target'!D16,IF('1 page results - 2 Targets'!D16<>"",'1 page results - 2 Targets'!D16,"blank")) -> Convert intersection to All-Way STOP Control (AWSC), including: • On NC 91 approaches, - Installation of dual STOP signs (one 48" oversized R1-1 and one 30" supplemental R1-1) with ALL WAY (R1-3P) plaques and stop bars - Replacement of Cross Road (W2-1) Warning signs with STOP Ahead (W3-1) Warning signs with solar-powered flashing beacons installed closer to intersection alongside of STOP AHEAD pavement markings • On SR 1225/SR 1303 approaches, - Addition of ALL WAY (R1-3P) plaques to the existing STOP signs (R1-1) and installation of stop bars - Relocation of the existing STOP Ahead (W3-1) Warning signs | H5: All Way Stop | K5: =IF(YEAR('Evaluation Set-up'!$D$10) = YEAR('Evaluation Set-up'!$E$10), YEAR('Evaluation Set-up'!$D$10), YEAR('Evaluation Set-up'!$D$10)&" - "&YEAR('Evaluation Set-up'!$E$10)) -> 2021 - 2022 | L5: =IF(VLOOKUP(YEAR('Evaluation Set-up'!$D$10)-3,$J$13:$K$37,2,0)<>12,"",YEAR('Evaluation Set-up'!$D$10)-3) -> 2018 | M5: =IF(VLOOKUP(YEAR('Evaluation Set-up'!$D$10)-2,$J$13:$K$37,2,0)<>12,"",YEAR('Evaluation Set-up'!$D$10)-2) -> 2019 | N5: =IF(VLOOKUP(YEAR('Evaluation Set-up'!$D$10)-1,$J$13:$K$37,2,0)<>12,"",YEAR('Evaluation Set-up'!$D$10)-1) -> 2020 | O5: =IF(VLOOKUP(YEAR('Evaluation Set-up'!$E$10)+1,$Y$13:$Z$37,2,0)<>12,"",YEAR('Evaluation Set-up'!$E$10)+1) -> 2023 | P5: =IF(VLOOKUP(YEAR('Evaluation Set-up'!$E$10)+2,$Y$13:$Z$37,2,0)<>12,"",YEAR('Evaluation Set-up'!$E$10)+2) -> 2024 | Q5: =IF(VLOOKUP(YEAR('Evaluation Set-up'!$E$10)+3,$Y$13:$Z$37,2,0)<>12,"",YEAR('Evaluation Set-up'!$E$10)+3) -> 2025 | S5: =VLOOKUP($L5, $B$12:$H$37, 2, 0) -> 3 | T5: =VLOOKUP($L5, $B$12:$H$37, 3, 0) -> 3 | U5: =VLOOKUP($L5, $B$12:$H$37, 4, 0) -> 0 | V5: =VLOOKUP($L5, $B$12:$H$37, 5, 0) -> 0 | W5: =VLOOKUP($L5, $B$12:$H$37, 6, 0) -> 1200 | X5: =VLOOKUP($L5, $B$12:$H$37, 7, 0) -> 605 | Y5: =VLOOKUP($M5, $B$12:$H$37, 2, 0) -> 4 | Z5: =VLOOKUP($M5, $B$12:$H$37, 3, 0) -> 4 | AA5: =VLOOKUP($M5, $B$12:$H$37, 4, 0) -> 0 | AB5: =VLOOKUP($M5, $B$12:$H$37, 5, 0) -> 4 | AC5: =VLOOKUP($M5, $B$12:$H$37, 6, 0) -> 1025 | AD5: =VLOOKUP($M5, $B$12:$H$37, 7, 0) -> 575 | AE5: =VLOOKUP($N5, $B$12:$H$37, 2, 0) -> 1 | AF5: =VLOOKUP($N5, $B$12:$H$37, 3, 0) -> 1 | AG5: =VLOOKUP($N5, $B$12:$H$37, 4, 0) -> 0 | AH5: =VLOOKUP($N5, $B$12:$H$37, 5, 0) -> 0 | AI5: =VLOOKUP($N5, $B$12:$H$37, 6, 0) -> 950 | AJ5: =VLOOKUP($N5, $B$12:$H$37, 7, 0) -> 425 | AK5: =VLOOKUP($O5, $B$12:$H$37, 2, 0) -> 0 | AL5: =VLOOKUP($O5, $B$12:$H$37, 3, 0) -> 0 | AM5: =VLOOKUP($O5, $B$12:$H$37, 4, 0) -> 0 | AN5: =VLOOKUP($O5, $B$12:$H$37, 5, 0) -> 0 | AO5: =VLOOKUP($O5, $B$12:$H$37, 6, 0) -> 1200 | AP5: =VLOOKUP($O5, $B$12:$H$37, 7, 0) -> 625 | AQ5: =VLOOKUP($P5, $B$12:$H$37, 2, 0) -> 1 | AR5: =VLOOKUP($P5, $B$12:$H$37, 3, 0) -> 1 | AS5: =VLOOKUP($P5, $B$12:$H$37, 4, 0) -> 0 | AT5: =VLOOKUP($P5, $B$12:$H$37, 5, 0) -> 0 | AU5: =VLOOKUP($P5, $B$12:$H$37, 6, 0) -> 1075 | AV5: =VLOOKUP($P5, $B$12:$H$37, 7, 0) -> 675 | AW5: =VLOOKUP($Q5, $B$12:$H$37, 2, 0) -> 0 | AX5: =VLOOKUP($Q5, $B$12:$H$37, 3, 0) -> 0 | AY5: =VLOOKUP($Q5, $B$12:$H$37, 4, 0) -> 0 | AZ5: =VLOOKUP($Q5, $B$12:$H$37, 5, 0) -> 0 | BA5: =VLOOKUP($Q5, $B$12:$H$37, 6, 0) -> 1075 | BB5: =VLOOKUP($Q5, $B$12:$H$37, 7, 0) -> 675
A7: *Note for NCDOT Staff: Should only need to copy this row into internal SS/HE project tracking workbook. Recommended that "values only" paste is used when copying and pasting into tracking workbook.
J11: Before Period Table | L11: Month | Y11: After Period Table | AA11: Month
B12: Year | C12: Total Crashes | D12: Frontal Impacts | E12: Rear Ends | F12: KABC | G12: Major AADT | H12: Minor AADT | J12: year | K12: Months in Before | L12: 1 | M12: 2 | N12: 3 | O12: 4 | P12: 5 | Q12: 6 | R12: 7 | S12: 8 | T12: 9 | U12: 10 | V12: 11 | W12: 12 | Y12: year | Z12: Months in After | AA12: 1 | AB12: 2 | AC12: 3 | AD12: 4 | AE12: 5 | AF12: 6 | AG12: 7 | AH12: 8 | AI12: 9 | AJ12: 10 | AK12: 11 | AL12: 12
B13: 2006 | C13: =COUNTIF(Before!$P:$P,B13) + COUNTIF(After!$P:$P,B13) -> 0 | D13: =COUNTIFS(Before!$C:$C,">=23",Before!$C:$C,"<=27", Before!$P:$P,B13)+COUNTIFS(Before!$C:$C,"30", Before!$P:$P,B13) + COUNTIFS(After!$C:$C,">=23",After!$C:$C,"<=27", After!$P:$P,B13)+COUNTIFS(After!$C:$C,"30", After!$P:$P,B13) -> 0 | E13: =COUNTIFS(Before!$C:$C,">=21",Before!$C:$C,"<=22", Before!$P:$P,B13) + COUNTIFS(After!$C:$C,">=21",After!$C:$C,"<=22", After!$P:$P,B13) -> 0 | F13: =COUNTIFS(Before!$P:$P,$B13, Before!$G:$G, "K") + COUNTIFS(Before!$P:$P,$B13, Before!$G:$G, "A") + COUNTIFS(Before!$P:$P,$B13, Before!$G:$G, "B") + COUNTIFS(Before!$P:$P,$B13, Before!$G:$G, "C") + COUNTIFS(After!$P:$P,$B13, After!$G:$G, "K") + COUNTIFS(After!$P:$P,$B13, After!$G:$G, "A") + COUNTIFS(After!$P:$P,$B13, After!$G:$G, "B") + COUNTIFS(After!$P:$P,$B13, After!$G:$G, "C") -> 0 | G13: =VLOOKUP($B13, 'Evaluation Set-up'!$K$11:$R$35, 4, FALSE()) | H13: =VLOOKUP($B13, 'Evaluation Set-up'!$K$11:$R$35, 7, FALSE()) | J13: 2006 | K13: =COUNTIFS(L13:W13, "Before") -> 0 | L13: =IF(OR(DATE($J13, L$12, 1) < 'Evaluation Set-up'!$D$9, DATE($J13, L$12, 1) >= 'Evaluation Set-up'!$E$9), "", "Before") | M13: =IF(OR(DATE($J13, M$12, 1) < 'Evaluation Set-up'!$D$9, DATE($J13, M$12, 1) >= 'Evaluation Set-up'!$E$9), "", "Before") | N13: =IF(OR(DATE($J13, N$12, 1) < 'Evaluation Set-up'!$D$9, DATE($J13, N$12, 1) >= 'Evaluation Set-up'!$E$9), "", "Before") | O13: =IF(OR(DATE($J13, O$12, 1) < 'Evaluation Set-up'!$D$9, DATE($J13, O$12, 1) >= 'Evaluation Set-up'!$E$9), "", "Before") | P13: =IF(OR(DATE($J13, P$12, 1) < 'Evaluation Set-up'!$D$9, DATE($J13, P$12, 1) >= 'Evaluation Set-up'!$E$9), "", "Before") | Q13: =IF(OR(DATE($J13, Q$12, 1) < 'Evaluation Set-up'!$D$9, DATE($J13, Q$12, 1) >= 'Evaluation Set-up'!$E$9), "", "Before") | R13: =IF(OR(DATE($J13, R$12, 1) < 'Evaluation Set-up'!$D$9, DATE($J13, R$12, 1) >= 'Evaluation Set-up'!$E$9), "", "Before") | S13: =IF(OR(DATE($J13, S$12, 1) < 'Evaluation Set-up'!$D$9, DATE($J13, S$12, 1) >= 'Evaluation Set-up'!$E$9), "", "Before") | ... W13: =IF(OR(DATE($J13, W$12, 1) < 'Evaluation Set-up'!$D$9, DATE($J13, W$12, 1) >= 'Evaluation Set-up'!$E$9), "", "Before") | Y13: 2006 | Z13: =COUNTIFS(AA13:AL13, "After") -> 0 | AA13: =IF(OR(DATE($Y13, L$12, 1) < 'Evaluation Set-up'!$D$11, DATE($Y13, L$12, 1) >= 'Evaluation Set-up'!$E$11), "", "After") | AB13: =IF(OR(DATE($Y13, M$12, 1) < 'Evaluation Set-up'!$D$11, DATE($Y13, M$12, 1) >= 'Evaluation Set-up'!$E$11), "", "After") | AC13: =IF(OR(DATE($Y13, N$12, 1) < 'Evaluation Set-up'!$D$11, DATE($Y13, N$12, 1) >= 'Evaluation Set-up'!$E$11), "", "After") | AD13: =IF(OR(DATE($Y13, O$12, 1) < 'Evaluation Set-up'!$D$11, DATE($Y13, O$12, 1) >= 'Evaluation Set-up'!$E$11), "", "After") | AE13: =IF(OR(DATE($Y13, P$12, 1) < 'Evaluation Set-up'!$D$11, DATE($Y13, P$12, 1) >= 'Evaluation Set-up'!$E$11), "", "After") | AF13: =IF(OR(DATE($Y13, Q$12, 1) < 'Evaluation Set-up'!$D$11, DATE($Y13, Q$12, 1) >= 'Evaluation Set-up'!$E$11), "", "After") | AG13: =IF(OR(DATE($Y13, R$12, 1) < 'Evaluation Set-up'!$D$11, DATE($Y13, R$12, 1) >= 'Evaluation Set-up'!$E$11), "", "After") | AH13: =IF(OR(DATE($Y13, S$12, 1) < 'Evaluation Set-up'!$D$11, DATE($Y13, S$12, 1) >= 'Evaluation Set-up'!$E$11), "", "After") | ... AL13: =IF(OR(DATE($Y13, W$12, 1) < 'Evaluation Set-up'!$D$11, DATE($Y13, W$12, 1) >= 'Evaluation Set-up'!$E$11), "", "After")
B14: 2007 | C14: =COUNTIF(Before!$P:$P,B14) + COUNTIF(After!$P:$P,B14) -> 0 | D14: =COUNTIFS(Before!$C:$C,">=23",Before!$C:$C,"<=27", Before!$P:$P,B14)+COUNTIFS(Before!$C:$C,"30", Before!$P:$P,B14) + COUNTIFS(After!$C:$C,">=23",After!$C:$C,"<=27", After!$P:$P,B14)+COUNTIFS(After!$C:$C,"30", After!$P:$P,B14) -> 0 | E14: =COUNTIFS(Before!$C:$C,">=21",Before!$C:$C,"<=22", Before!$P:$P,B14) + COUNTIFS(After!$C:$C,">=21",After!$C:$C,"<=22", After!$P:$P,B14) -> 0 | F14: =COUNTIFS(Before!$P:$P,$B14, Before!$G:$G, "K") + COUNTIFS(Before!$P:$P,$B14, Before!$G:$G, "A") + COUNTIFS(Before!$P:$P,$B14, Before!$G:$G, "B") + COUNTIFS(Before!$P:$P,$B14, Before!$G:$G, "C") + COUNTIFS(After!$P:$P,$B14, After!$G:$G, "K") + COUNTIFS(After!$P:$P,$B14, After!$G:$G, "A") + COUNTIFS(After!$P:$P,$B14, After!$G:$G, "B") + COUNTIFS(After!$P:$P,$B14, After!$G:$G, "C") -> 0 | G14: =VLOOKUP($B14, 'Evaluation Set-up'!$K$11:$R$35, 4, FALSE()) | H14: =VLOOKUP($B14, 'Evaluation Set-up'!$K$11:$R$35, 7, FALSE()) | J14: 2007 | K14: =COUNTIFS(L14:W14, "Before") -> 0 | L14: =IF(OR(DATE($J14, L$12, 1) < 'Evaluation Set-up'!$D$9, DATE($J14, L$12, 1) >= 'Evaluation Set-up'!$E$9), "", "Before") | M14: =IF(OR(DATE($J14, M$12, 1) < 'Evaluation Set-up'!$D$9, DATE($J14, M$12, 1) >= 'Evaluation Set-up'!$E$9), "", "Before") | N14: =IF(OR(DATE($J14, N$12, 1) < 'Evaluation Set-up'!$D$9, DATE($J14, N$12, 1) >= 'Evaluation Set-up'!$E$9), "", "Before") | O14: =IF(OR(DATE($J14, O$12, 1) < 'Evaluation Set-up'!$D$9, DATE($J14, O$12, 1) >= 'Evaluation Set-up'!$E$9), "", "Before") | P14: =IF(OR(DATE($J14, P$12, 1) < 'Evaluation Set-up'!$D$9, DATE($J14, P$12, 1) >= 'Evaluation Set-up'!$E$9), "", "Before") | Q14: =IF(OR(DATE($J14, Q$12, 1) < 'Evaluation Set-up'!$D$9, DATE($J14, Q$12, 1) >= 'Evaluation Set-up'!$E$9), "", "Before") | R14: =IF(OR(DATE($J14, R$12, 1) < 'Evaluation Set-up'!$D$9, DATE($J14, R$12, 1) >= 'Evaluation Set-up'!$E$9), "", "Before") | S14: =IF(OR(DATE($J14, S$12, 1) < 'Evaluation Set-up'!$D$9, DATE($J14, S$12, 1) >= 'Evaluation Set-up'!$E$9), "", "Before") | ... W14: =IF(OR(DATE($J14, W$12, 1) < 'Evaluation Set-up'!$D$9, DATE($J14, W$12, 1) >= 'Evaluation Set-up'!$E$9), "", "Before") | Y14: 2007 | Z14: =COUNTIFS(AA14:AL14, "After") -> 0 | AA14: =IF(OR(DATE($Y14, L$12, 1) < 'Evaluation Set-up'!$D$11, DATE($Y14, L$12, 1) >= 'Evaluation Set-up'!$E$11), "", "After") | AB14: =IF(OR(DATE($Y14, M$12, 1) < 'Evaluation Set-up'!$D$11, DATE($Y14, M$12, 1) >= 'Evaluation Set-up'!$E$11), "", "After") | AC14: =IF(OR(DATE($Y14, N$12, 1) < 'Evaluation Set-up'!$D$11, DATE($Y14, N$12, 1) >= 'Evaluation Set-up'!$E$11), "", "After") | AD14: =IF(OR(DATE($Y14, O$12, 1) < 'Evaluation Set-up'!$D$11, DATE($Y14, O$12, 1) >= 'Evaluation Set-up'!$E$11), "", "After") | AE14: =IF(OR(DATE($Y14, P$12, 1) < 'Evaluation Set-up'!$D$11, DATE($Y14, P$12, 1) >= 'Evaluation Set-up'!$E$11), "", "After") | AF14: =IF(OR(DATE($Y14, Q$12, 1) < 'Evaluation Set-up'!$D$11, DATE($Y14, Q$12, 1) >= 'Evaluation Set-up'!$E$11), "", "After") | AG14: =IF(OR(DATE($Y14, R$12, 1) < 'Evaluation Set-up'!$D$11, DATE($Y14, R$12, 1) >= 'Evaluation Set-up'!$E$11), "", "After") | AH14: =IF(OR(DATE($Y14, S$12, 1) < 'Evaluation Set-up'!$D$11, DATE($Y14, S$12, 1) >= 'Evaluation Set-up'!$E$11), "", "After") | ... AL14: =IF(OR(DATE($Y14, W$12, 1) < 'Evaluation Set-up'!$D$11, DATE($Y14, W$12, 1) >= 'Evaluation Set-up'!$E$11), "", "After")
B15: 2008 | C15: =COUNTIF(Before!$P:$P,B15) + COUNTIF(After!$P:$P,B15) -> 0 | D15: =COUNTIFS(Before!$C:$C,">=23",Before!$C:$C,"<=27", Before!$P:$P,B15)+COUNTIFS(Before!$C:$C,"30", Before!$P:$P,B15) + COUNTIFS(After!$C:$C,">=23",After!$C:$C,"<=27", After!$P:$P,B15)+COUNTIFS(After!$C:$C,"30", After!$P:$P,B15) -> 0 | E15: =COUNTIFS(Before!$C:$C,">=21",Before!$C:$C,"<=22", Before!$P:$P,B15) + COUNTIFS(After!$C:$C,">=21",After!$C:$C,"<=22", After!$P:$P,B15) -> 0 | F15: =COUNTIFS(Before!$P:$P,$B15, Before!$G:$G, "K") + COUNTIFS(Before!$P:$P,$B15, Before!$G:$G, "A") + COUNTIFS(Before!$P:$P,$B15, Before!$G:$G, "B") + COUNTIFS(Before!$P:$P,$B15, Before!$G:$G, "C") + COUNTIFS(After!$P:$P,$B15, After!$G:$G, "K") + COUNTIFS(After!$P:$P,$B15, After!$G:$G, "A") + COUNTIFS(After!$P:$P,$B15, After!$G:$G, "B") + COUNTIFS(After!$P:$P,$B15, After!$G:$G, "C") -> 0 | G15: =VLOOKUP($B15, 'Evaluation Set-up'!$K$11:$R$35, 4, FALSE()) | H15: =VLOOKUP($B15, 'Evaluation Set-up'!$K$11:$R$35, 7, FALSE()) | J15: 2008 | K15: =COUNTIFS(L15:W15, "Before") -> 0 | L15: =IF(OR(DATE($J15, L$12, 1) < 'Evaluation Set-up'!$D$9, DATE($J15, L$12, 1) >= 'Evaluation Set-up'!$E$9), "", "Before") | M15: =IF(OR(DATE($J15, M$12, 1) < 'Evaluation Set-up'!$D$9, DATE($J15, M$12, 1) >= 'Evaluation Set-up'!$E$9), "", "Before") | N15: =IF(OR(DATE($J15, N$12, 1) < 'Evaluation Set-up'!$D$9, DATE($J15, N$12, 1) >= 'Evaluation Set-up'!$E$9), "", "Before") | O15: =IF(OR(DATE($J15, O$12, 1) < 'Evaluation Set-up'!$D$9, DATE($J15, O$12, 1) >= 'Evaluation Set-up'!$E$9), "", "Before") | P15: =IF(OR(DATE($J15, P$12, 1) < 'Evaluation Set-up'!$D$9, DATE($J15, P$12, 1) >= 'Evaluation Set-up'!$E$9), "", "Before") | Q15: =IF(OR(DATE($J15, Q$12, 1) < 'Evaluation Set-up'!$D$9, DATE($J15, Q$12, 1) >= 'Evaluation Set-up'!$E$9), "", "Before") | R15: =IF(OR(DATE($J15, R$12, 1) < 'Evaluation Set-up'!$D$9, DATE($J15, R$12, 1) >= 'Evaluation Set-up'!$E$9), "", "Before") | S15: =IF(OR(DATE($J15, S$12, 1) < 'Evaluation Set-up'!$D$9, DATE($J15, S$12, 1) >= 'Evaluation Set-up'!$E$9), "", "Before") | ... W15: =IF(OR(DATE($J15, W$12, 1) < 'Evaluation Set-up'!$D$9, DATE($J15, W$12, 1) >= 'Evaluation Set-up'!$E$9), "", "Before") | Y15: 2008 | Z15: =COUNTIFS(AA15:AL15, "After") -> 0 | AA15: =IF(OR(DATE($Y15, L$12, 1) < 'Evaluation Set-up'!$D$11, DATE($Y15, L$12, 1) >= 'Evaluation Set-up'!$E$11), "", "After") | AB15: =IF(OR(DATE($Y15, M$12, 1) < 'Evaluation Set-up'!$D$11, DATE($Y15, M$12, 1) >= 'Evaluation Set-up'!$E$11), "", "After") | AC15: =IF(OR(DATE($Y15, N$12, 1) < 'Evaluation Set-up'!$D$11, DATE($Y15, N$12, 1) >= 'Evaluation Set-up'!$E$11), "", "After") | AD15: =IF(OR(DATE($Y15, O$12, 1) < 'Evaluation Set-up'!$D$11, DATE($Y15, O$12, 1) >= 'Evaluation Set-up'!$E$11), "", "After") | AE15: =IF(OR(DATE($Y15, P$12, 1) < 'Evaluation Set-up'!$D$11, DATE($Y15, P$12, 1) >= 'Evaluation Set-up'!$E$11), "", "After") | AF15: =IF(OR(DATE($Y15, Q$12, 1) < 'Evaluation Set-up'!$D$11, DATE($Y15, Q$12, 1) >= 'Evaluation Set-up'!$E$11), "", "After") | AG15: =IF(OR(DATE($Y15, R$12, 1) < 'Evaluation Set-up'!$D$11, DATE($Y15, R$12, 1) >= 'Evaluation Set-up'!$E$11), "", "After") | AH15: =IF(OR(DATE($Y15, S$12, 1) < 'Evaluation Set-up'!$D$11, DATE($Y15, S$12, 1) >= 'Evaluation Set-up'!$E$11), "", "After") | ... AL15: =IF(OR(DATE($Y15, W$12, 1) < 'Evaluation Set-up'!$D$11, DATE($Y15, W$12, 1) >= 'Evaluation Set-up'!$E$11), "", "After")
B16: 2009 | C16: =COUNTIF(Before!$P:$P,B16) + COUNTIF(After!$P:$P,B16) -> 0 | D16: =COUNTIFS(Before!$C:$C,">=23",Before!$C:$C,"<=27", Before!$P:$P,B16)+COUNTIFS(Before!$C:$C,"30", Before!$P:$P,B16) + COUNTIFS(After!$C:$C,">=23",After!$C:$C,"<=27", After!$P:$P,B16)+COUNTIFS(After!$C:$C,"30", After!$P:$P,B16) -> 0 | E16: =COUNTIFS(Before!$C:$C,">=21",Before!$C:$C,"<=22", Before!$P:$P,B16) + COUNTIFS(After!$C:$C,">=21",After!$C:$C,"<=22", After!$P:$P,B16) -> 0 | F16: =COUNTIFS(Before!$P:$P,$B16, Before!$G:$G, "K") + COUNTIFS(Before!$P:$P,$B16, Before!$G:$G, "A") + COUNTIFS(Before!$P:$P,$B16, Before!$G:$G, "B") + COUNTIFS(Before!$P:$P,$B16, Before!$G:$G, "C") + COUNTIFS(After!$P:$P,$B16, After!$G:$G, "K") + COUNTIFS(After!$P:$P,$B16, After!$G:$G, "A") + COUNTIFS(After!$P:$P,$B16, After!$G:$G, "B") + COUNTIFS(After!$P:$P,$B16, After!$G:$G, "C") -> 0 | G16: =VLOOKUP($B16, 'Evaluation Set-up'!$K$11:$R$35, 4, FALSE()) | H16: =VLOOKUP($B16, 'Evaluation Set-up'!$K$11:$R$35, 7, FALSE()) | J16: 2009 | K16: =COUNTIFS(L16:W16, "Before") -> 0 | L16: =IF(OR(DATE($J16, L$12, 1) < 'Evaluation Set-up'!$D$9, DATE($J16, L$12, 1) >= 'Evaluation Set-up'!$E$9), "", "Before") | M16: =IF(OR(DATE($J16, M$12, 1) < 'Evaluation Set-up'!$D$9, DATE($J16, M$12, 1) >= 'Evaluation Set-up'!$E$9), "", "Before") | N16: =IF(OR(DATE($J16, N$12, 1) < 'Evaluation Set-up'!$D$9, DATE($J16, N$12, 1) >= 'Evaluation Set-up'!$E$9), "", "Before") | O16: =IF(OR(DATE($J16, O$12, 1) < 'Evaluation Set-up'!$D$9, DATE($J16, O$12, 1) >= 'Evaluation Set-up'!$E$9), "", "Before") | P16: =IF(OR(DATE($J16, P$12, 1) < 'Evaluation Set-up'!$D$9, DATE($J16, P$12, 1) >= 'Evaluation Set-up'!$E$9), "", "Before") | Q16: =IF(OR(DATE($J16, Q$12, 1) < 'Evaluation Set-up'!$D$9, DATE($J16, Q$12, 1) >= 'Evaluation Set-up'!$E$9), "", "Before") | R16: =IF(OR(DATE($J16, R$12, 1) < 'Evaluation Set-up'!$D$9, DATE($J16, R$12, 1) >= 'Evaluation Set-up'!$E$9), "", "Before") | S16: =IF(OR(DATE($J16, S$12, 1) < 'Evaluation Set-up'!$D$9, DATE($J16, S$12, 1) >= 'Evaluation Set-up'!$E$9), "", "Before") | ... W16: =IF(OR(DATE($J16, W$12, 1) < 'Evaluation Set-up'!$D$9, DATE($J16, W$12, 1) >= 'Evaluation Set-up'!$E$9), "", "Before") | Y16: 2009 | Z16: =COUNTIFS(AA16:AL16, "After") -> 0 | AA16: =IF(OR(DATE($Y16, L$12, 1) < 'Evaluation Set-up'!$D$11, DATE($Y16, L$12, 1) >= 'Evaluation Set-up'!$E$11), "", "After") | AB16: =IF(OR(DATE($Y16, M$12, 1) < 'Evaluation Set-up'!$D$11, DATE($Y16, M$12, 1) >= 'Evaluation Set-up'!$E$11), "", "After") | AC16: =IF(OR(DATE($Y16, N$12, 1) < 'Evaluation Set-up'!$D$11, DATE($Y16, N$12, 1) >= 'Evaluation Set-up'!$E$11), "", "After") | AD16: =IF(OR(DATE($Y16, O$12, 1) < 'Evaluation Set-up'!$D$11, DATE($Y16, O$12, 1) >= 'Evaluation Set-up'!$E$11), "", "After") | AE16: =IF(OR(DATE($Y16, P$12, 1) < 'Evaluation Set-up'!$D$11, DATE($Y16, P$12, 1) >= 'Evaluation Set-up'!$E$11), "", "After") | AF16: =IF(OR(DATE($Y16, Q$12, 1) < 'Evaluation Set-up'!$D$11, DATE($Y16, Q$12, 1) >= 'Evaluation Set-up'!$E$11), "", "After") | AG16: =IF(OR(DATE($Y16, R$12, 1) < 'Evaluation Set-up'!$D$11, DATE($Y16, R$12, 1) >= 'Evaluation Set-up'!$E$11), "", "After") | AH16: =IF(OR(DATE($Y16, S$12, 1) < 'Evaluation Set-up'!$D$11, DATE($Y16, S$12, 1) >= 'Evaluation Set-up'!$E$11), "", "After") | ... AL16: =IF(OR(DATE($Y16, W$12, 1) < 'Evaluation Set-up'!$D$11, DATE($Y16, W$12, 1) >= 'Evaluation Set-up'!$E$11), "", "After")
