Workbook

Sheet Step-by-Step Instructions

Sheet Typical Target Crashes
B2: Target Crash Type Guidance - Section Treatments
C4: Countermeasure | D4: Target-1 | E4: Target-2 | F4: Target Subset | G4: Other | H4: Target-1 Crash* | I4: Target-2 Crash | J4: Notes
C5: Clear Zone Improvements | D5: Y | H5: Lane Departure Crashes (Type 1 or 2)
C6: Closed Loop Signal System | D6: Y | E6: Y | H6: Frontal Impact Crashes in the treated intersections | I6: Rear End Crashes on the treated corridor
C7: Congestion Detection System | D7: Y | H7: Rear End Crashes
C8: Curve Wedging and Resurfacing / Curve Superelevation Improvements | D8: Y | H8: Lane Departure Crashes (Type 1 or 2)
C9: Drainage Improvements | D9: Y | F9: Y | H9: Wet Crashes (Road Codes 2-6) (precipitation data analysis also needed) | J9: Wet L.D. Crashes (Road Codes 2-6) should also be included within the additional information table.
C10: Guardrail - (Shoulder, Culvert or Bridge Approach) | D10: Y | G10: Y | H10: Lane Departure Crashes (Type 1 or 2) | J10: Guardrail Hit Crashes should also be included within the additional information table.
C11: Horizontal Alignment Improvements | D11: Y | H11: Lane Departure Crashes (Type 1 or 2)
C12: Lighting | D12: Y | F12: ? | H12: Night Crashes (Light Codes 4-6) | J12: Night L.D. Crashes (Light Codes 4-6) may also need to be included within the additional information table depending on the countermeasure
C13: Median Guardrail | D13: Y | F13: Y | G13: Y | H13: Lane Departure Crashes (Type 2) involving vehicle Running Off Road toward the median side of roadway | J13: Cross Median Crashes (this is a subset of L.D. crashes) and Median Guardrail Hit Crashes should be included within the additional information table
C14: Pavement Markings (i.e. Wider Lane Lines) | D14: Y | F14: Y | H14: Lane Departure Crashes (Type 1 or 2) | J14: Night L.D. Crashes (Light Codes 4-6) should also be included within the additional information table
C15: Resurfacing | D15: Y | F15: Y | H15: Wet Crashes (Road Codes 2-6) (precipitation data analysis also needed) | J15: Wet L.D. Crashes (Road Codes 2-6) should also be included within the additional information table. Examples of this countermeasure: Open Graded Friction Course, High Friction Surface Treatment, Nova Chip, etc.
C16: Road Diet (i.e. 4-Lane to 3-Lane) | D16: Y | E16: Y | H16: Rear End Crashes | I16: Left Turn Same Roadway Crashes | J16: If 4-Lane Cross-Section before, may need to break out Rear End Crashes in Inner Lanes for Target-1
C17: Rumble Strips - Centerline | D17: Y | F17: Y | H17: Lane Departure Crashes (Type 1 or 2) | J17: Correctable L.D. Crashes need to be included within the additional information table. Lane Departure Crashes are considered correctable if: the first event involved at least one vehicle crossing the centerline; it was not caused by a vehicle swerving to avoid a vehicle, person, animal, or other object in the roadway; it was not caused by mechanical problems, blown tires, or a medical problem with the driver; it was not caused by the weather, such as hydroplaning or sliding on ice; and it was not clear from the crash diagram/narrative that the driver lost control prior to crossing the roadway centerline.
C18: Rumble Strips - Shoulder | D18: Y | F18: Y | H18: Lane Departure Crashes (Type 1 or 2) | J18: Correctable L.D. Crashes need to be included within the additional information table. Lane Departure Crashes are considered correctable if: the first event involved at least one vehicle crossing the edgeline; it was not caused by a vehicle swerving to avoid a vehicle, person, animal, or other object in the roadway; it was not caused by mechanical problems, blown tires, or a medical problem with the driver; it was not caused by the weather, such as hydroplaning or sliding on ice; and it was not clear from the crash diagram/narrative that the driver lost control prior to crossing the roadway edgeline.
C19: Truck countermeasures | D19: Y | H19: Truck Crashes | J19: Truck codes may vary by project but typical Truck codes are 10-16. "Heavy" truck codes are 12-16. Use the assumptions email to confirm which Truck definition is most appropriate for the project.
C20: Widening for Paved Shoulders | D20: Y | F20: ? | H20: Lane Departure Crashes (Type 1 or 2) | J20: Wet L.D. Crashes (Road Codes 2-6) may need to be included within the additional information table if resurfacing was part of project
C21: Widening for Two-Way Center Turn Lane (i.e. 2-Lane to 3-Lane) | D21: Y | E21: Y | H21: Rear End Crashes | I21: Left Turn Same Roadway Crashes | J21: If 4-Lane Cross-Section before, may need to break out Rear End Crashes in Inner Lanes for Target-1
B23: Comments on Typical Target Crashes
B24: ● | C24: *Lane Departure Crashes (Type 1 - Use for Two Lane Facilities) = Ran Off Road (Left, Right or Straight), Overturn/Rollover, Fixed Object, Head On, Sideswipe Opposite Direction. Side street run through crashes are not considered targets.
B25: ● | C25: *Lane Departure Crashes (Type 2 - Use for Multilane Facilities) = Ran Off Road (Left, Right or Straight), Overturn/Rollover, Fixed Object, Head On, Sideswipe Same Direction, Sideswipe Opposite Direction. Side street run through crashes are not considered targets.
B27: ● | C27: The selection of target crashes should be confirmed in the assumptions email prior to starting the analysis. Additionally, any other crash types or other information that need be mentioned in the additional information table should also be noted in the assumptions email.

Sheet Evaluation Set-up
B2: Split Time Periods - Date Range Input | J2: Section AADT Calculator - Weighted Average by Sub-Section
C4: Split Time Period | D4: Split After Period | J4: Comments/Instructions on AADT Calculator Use: | AK4: =C7 -> Before Period | AL4: =C9 -> After Period #1 | AM4: =C11 -> After Period #2
J5: ● | K5: In cells AI7 -> AK7, select the last year within each period that has available volume data (i.e. actual collected volume data, not estimated/interpolated data)
C6: Time Period | D6: start date | E6: end date | F6: # of years | G6: # of months | J6: ● | K6: When inputting volume data into this tool, use Black font color for values taken directly from the available volume data | AR6: cells needed for calcs:
C7: =IF($D$4="Split After Period", "Before Period", "Before Period #1") -> Before Period | D7: 41275 | E7: 43131 | F7: =ROUNDDOWN(AR7/12,0) -> 5 | G7: =AR7-12*F7 -> 1 | J7: ● | K7: When inputting volume data into this tool, use Red font color for values that need to be calculated, interpolated, or assumed | AG7: Representative Years Selection: | AK7: 2016 | AL7: 2018 | AM7: 2022 | AR7: =(YEAR(D8)-YEAR(D7))*12+MONTH(D8)-MONTH(D7) -> 61
C8: Construction Period #1 | D8: 43132 | E8: 43220 | F8: =ROUNDDOWN(AR8/12,0) -> 0 | G8: =AR8-12*F8 -> 3 | J8: ● | K8: Input AADTs for each calendar year within the study period. You do not need to input volumes for years outside the study date range | AG8: Representative Volumes | AK8: =ROUND(HLOOKUP(AK7, $O$16:$AM$42, 27, 0), -2) -> 12900 | AL8: =ROUND(HLOOKUP(AL7, $O$16:$AM$42, 27, 0), -2) -> 13500 | AM8: =ROUND(HLOOKUP(AM7, $O$16:$AM$42, 27, 0), -2) -> 12900 | AR8: =(YEAR(D9)-YEAR(D8))*12+MONTH(D9)-MONTH(D8) -> 3
C9: =IF($D$4="Split After Period", "After Period #1", "Before Period #2") -> After Period #1 | D9: 43221 | E9: 44377 | F9: =ROUNDDOWN(AR9/12,0) -> 3 | G9: =AR9-12*F9 -> 2 | J9: ● | K9: Make sure you enter in the beginning and ending MP for each sub-section | AR9: =(YEAR(D10)-YEAR(D9))*12+MONTH(D10)-MONTH(D9) -> 38
C10: Construction Period #2 | D10: 44378 | E10: 44469 | F10: =ROUNDDOWN(AR10/12,0) -> 0 | G10: =AR10-12*F10 -> 3 | J10: ● | K10: If more than one volume count is available within the study section, give each count location a coresponing sub-section and a mile post range that it is responsible for | AR10: =(YEAR(D11)-YEAR(D10))*12+MONTH(D11)-MONTH(D10) -> 3
C11: =IF($D$4="Split After Period", "After Period #2", "After Period") -> After Period #2 | D11: 44470 | E11: 45169 | F11: =ROUNDDOWN(AR11/12,0) -> 1 | G11: =AR11-12*F11 -> 11 | J11: ● | K11: If only one volume count is available for a section, just use the 1st row of this calculator and leave the other rows blank. | AR11: =(YEAR(E11+1)-YEAR(D11))*12+MONTH(E11+1)-MONTH(D11) -> 23
J12: ● | K12: Do not select 2020 as a representative year for a particular time period, due to the effects of the COVID-19 pandemic, even if it is the last year with available AADT data within said time period.
B13: Comments/Instruction on Date Range Calculator:
B14: ● | C14: Select whether the evaluation has split before or after period in cells D4 + E4 | K14: Sub-Section Information | O14: AADTs for every year within the study period
B15: ● | C15: Enter in the Starting and Ending Dates for each of the time periods in cells D7 -> E11
B16: ● | C16: This tool only works in WHOLE MONTHS. Construction start dates should be rounded up to the first of the month and construction end dates should be rounded down to the end the month | K16: # | L16: Begin MP | M16: End MP | N16: Length | O16: 2006 | P16: 2007 | Q16: 2008 | R16: 2009 | S16: 2010 | T16: 2011 | U16: 2012 | V16: 2013 | W16: 2014 | X16: 2015 | Y16: 2016 | Z16: 2017 | AA16: 2018 | AB16: 2019 | AC16: 2020 | AD16: 2021 | AE16: 2022 | AF16: 2023 | AG16: 2024 | AH16: 2025 | AI16: 2026 | AJ16: 2027 | AK16: 2028 | AL16: 2029 | AM16: 2030
K17: 1 | L17: 0.558 | M17: 1.32 | N17: =ABS(M17-L17) -> 0.762 | V17: =MROUND(11000*1.03^(2013-2012),100) -> 11300 | W17: =MROUND(11000*1.03^(2014-2012),100) -> 11700 | X17: =MROUND(11000*1.03^(2015-2012),100) -> 12000 | Y17: 12000 | Z17: =AVERAGE(Y17,AA17) -> 12500 | AA17: 13000 | AB17: =MROUND($AA$17*1.03^(AB16-$AA$16),100) -> 13400 | AC17: =MROUND($AA$17*1.03^(AC16-$AA$16),100) -> 13800 | AD17: =MROUND($AA$17*1.03^(AD16-$AA$16),100) -> 14200 | AE17: 12000 | AF17: =MROUND(AE17*1.03^(AF16-AE16),100) -> 12400
K18: 2 | L18: 1.32 | M18: 2.04 | N18: =IF(ABS(M18-L18) = 0, "", ABS(M18-L18)) -> 0.72 | V18: =AVERAGE(11000,W18) -> 11000 | W18: 11000 | X18: =AVERAGE(W18,Y18) -> 11500 | Y18: 12000 | Z18: =AVERAGE(Y18,AA18) -> 12500 | AA18: 13000 | AB18: =MROUND($AA$18*1.03^(AB16-$AA$16),100) -> 13400 | AC18: =MROUND($AA$18*1.03^(AC16-$AA$16),100) -> 13800 | AD18: =MROUND($AA$18*1.03^(AD16-$AA$16),100) -> 14200 | AE18: 12500 | AF18: =MROUND(AE18*1.03^(AF16-AE16),100) -> 12900
K19: 3 | L19: 2.04 | M19: 2.46 | N19: =IF(ABS(M19-L19) = 0, "", ABS(M19-L19)) -> 0.42 | V19: =AVERAGE(12000,W19) -> 12500 | W19: 13000 | X19: =AVERAGE(W19,Y19) -> 13500 | Y19: 14000 | Z19: =MROUND(AVERAGE(Y19,AA19),100) -> 14300 | AA19: 14500 | AB19: =MROUND($AA$19*1.03^(AB16-$AA$16),100) -> 14900 | AC19: 13000 | AD19: =MROUND($AA$19*1.03^(AD16-$AA$16),100) -> 15800 | AE19: 14000 | AF19: =MROUND(AE19*1.03^(AF16-AE16),100) -> 14400
K20: 4 | L20: 2.46 | M20: 2.896 | N20: =IF(ABS(M20-L20) = 0, "", ABS(M20-L20)) -> 0.436 | V20: =AVERAGE(12000,W20) -> 12500 | W20: 13000 | X20: =AVERAGE(W20,Y20) -> 14000 | Y20: 15000 | Z20: =MROUND(AVERAGE(Y20,AA20),100) -> 14800 | AA20: 14500 | AB20: =MROUND($AA$20*1.03^(AB16-$AA$16),100) -> 14900 | AC20: =MROUND($AA$20*1.03^(AC16-$AA$16),100) -> 15400 | AD20: =MROUND($AA$20*1.03^(AD16-$AA$16),100) -> 15800 | AE20: 14000 | AF20: =MROUND(AE20*1.03^(AF16-AE16),100) -> 14400
B21: Color Key | K21: 5 | N21: =IF(ABS(M21-L21) = 0, "", ABS(M21-L21))
B22: Cells that need to be edited | K22: 6 | N22: =IF(ABS(M22-L22) = 0, "", ABS(M22-L22))
B23: Auto-calculated cells | K23: 7 | N23: =IF(ABS(M23-L23) = 0, "", ABS(M23-L23))
K24: 8 | N24: =IF(ABS(M24-L24) = 0, "", ABS(M24-L24))
K25: 9 | N25: =IF(ABS(M25-L25) = 0, "", ABS(M25-L25))
K26: 10 | N26: =IF(ABS(M26-L26) = 0, "", ABS(M26-L26))
K27: 11 | N27: =IF(ABS(M27-L27) = 0, "", ABS(M27-L27))
K28: 12 | N28: =IF(ABS(M28-L28) = 0, "", ABS(M28-L28))
K29: 13 | N29: =IF(ABS(M29-L29) = 0, "", ABS(M29-L29))
K30: 14 | N30: =IF(ABS(M30-L30) = 0, "", ABS(M30-L30))
K31: 15 | N31: =IF(ABS(M31-L31) = 0, "", ABS(M31-L31))
K32: 16 | N32: =IF(ABS(M32-L32) = 0, "", ABS(M32-L32))
K33: 17 | N33: =IF(ABS(M33-L33) = 0, "", ABS(M33-L33))
K34: 18 | N34: =IF(ABS(M34-L34) = 0, "", ABS(M34-L34))
K35: 19 | N35: =IF(ABS(M35-L35) = 0, "", ABS(M35-L35))
... K41: 25 | N41: =IF(ABS(M41-L41) = 0, "", ABS(M41-L41))
K42: Sum | L42: -- | M42: -- | N42: =SUM(N17:N41) -> 2.338 | O42: =IF(O17="", "", O75) | P42: =IF(P17="", "", P75) | Q42: =IF(Q17="", "", Q75) | R42: =IF(R17="", "", R75) | S42: =IF(S17="", "", S75) | T42: =IF(T17="", "", T75) | U42: =IF(U17="", "", U75) | V42: =IF(V17="", "", V75) -> 11646.963 | ... AM42: =IF(AM17="", "", AM75)
M48: Year-by-Year AADTs - For multi-project tracking by Safety Evaluation Group
M49: Section | N49: weight | O49: 2006 | P49: 2007 | Q49: 2008 | R49: 2009 | S49: 2010 | T49: 2011 | U49: 2012 | V49: 2013 | W49: 2014 | X49: 2015 | Y49: 2016 | Z49: 2017 | AA49: 2018 | AB49: 2019 | AC49: 2020 | AD49: 2021 | AE49: 2022 | AF49: 2023 | AG49: 2024 | AH49: 2025 | AI49: 2026 | AJ49: 2027 | AK49: 2028 | AL49: 2029 | AM49: 2030
M50: 1 | N50: =IFERROR(N17/$N$42, "") -> 0.32591959 | O50: =IF(O17="", "", O17*$N50) | P50: =IF(P17="", "", P17*$N50) | Q50: =IF(Q17="", "", Q17*$N50) | R50: =IF(R17="", "", R17*$N50) | S50: =IF(S17="", "", S17*$N50) | T50: =IF(T17="", "", T17*$N50) | U50: =IF(U17="", "", U17*$N50) | V50: =IF(V17="", "", V17*$N50) -> 3682.8914 | ... AM50: =IF(AM17="", "", AM17*$N50)
M51: 2 | N51: =IFERROR(N18/$N$42, "") -> 0.30795552 | O51: =IF(O18="", "", O18*$N51) | P51: =IF(P18="", "", P18*$N51) | Q51: =IF(Q18="", "", Q18*$N51) | R51: =IF(R18="", "", R18*$N51) | S51: =IF(S18="", "", S18*$N51) | T51: =IF(T18="", "", T18*$N51) | U51: =IF(U18="", "", U18*$N51) | V51: =IF(V18="", "", V18*$N51) -> 3387.5107 | ... AM51: =IF(AM18="", "", AM18*$N51)
M52: 3 | N52: =IFERROR(N19/$N$42, "") -> 0.17964072 | O52: =IF(O19="", "", O19*$N52) | P52: =IF(P19="", "", P19*$N52) | Q52: =IF(Q19="", "", Q19*$N52) | R52: =IF(R19="", "", R19*$N52) | S52: =IF(S19="", "", S19*$N52) | T52: =IF(T19="", "", T19*$N52) | U52: =IF(U19="", "", U19*$N52) | V52: =IF(V19="", "", V19*$N52) -> 2245.509 | ... AM52: =IF(AM19="", "", AM19*$N52)
M53: 4 | N53: =IFERROR(N20/$N$42, "") -> 0.18648417 | O53: =IF(O20="", "", O20*$N53) | P53: =IF(P20="", "", P20*$N53) | Q53: =IF(Q20="", "", Q20*$N53) | R53: =IF(R20="", "", R20*$N53) | S53: =IF(S20="", "", S20*$N53) | T53: =IF(T20="", "", T20*$N53) | U53: =IF(U20="", "", U20*$N53) | V53: =IF(V20="", "", V20*$N53) -> 2331.0522 | ... AM53: =IF(AM20="", "", AM20*$N53)
M54: 5 | N54: =IFERROR(N21/$N$42, "") | O54: =IF(O21="", "", O21*$N54) | P54: =IF(P21="", "", P21*$N54) | Q54: =IF(Q21="", "", Q21*$N54) | R54: =IF(R21="", "", R21*$N54) | S54: =IF(S21="", "", S21*$N54) | T54: =IF(T21="", "", T21*$N54) | U54: =IF(U21="", "", U21*$N54) | V54: =IF(V21="", "", V21*$N54) | ... AM54: =IF(AM21="", "", AM21*$N54)
M55: 6 | N55: =IFERROR(N22/$N$42, "") | O55: =IF(O22="", "", O22*$N55) | P55: =IF(P22="", "", P22*$N55) | Q55: =IF(Q22="", "", Q22*$N55) | R55: =IF(R22="", "", R22*$N55) | S55: =IF(S22="", "", S22*$N55) | T55: =IF(T22="", "", T22*$N55) | U55: =IF(U22="", "", U22*$N55) | V55: =IF(V22="", "", V22*$N55) | ... AM55: =IF(AM22="", "", AM22*$N55)
M56: 7 | N56: =IFERROR(N23/$N$42, "") | O56: =IF(O23="", "", O23*$N56) | P56: =IF(P23="", "", P23*$N56) | Q56: =IF(Q23="", "", Q23*$N56) | R56: =IF(R23="", "", R23*$N56) | S56: =IF(S23="", "", S23*$N56) | T56: =IF(T23="", "", T23*$N56) | U56: =IF(U23="", "", U23*$N56) | V56: =IF(V23="", "", V23*$N56) | ... AM56: =IF(AM23="", "", AM23*$N56)
M57: 8 | N57: =IFERROR(N24/$N$42, "") | O57: =IF(O24="", "", O24*$N57) | P57: =IF(P24="", "", P24*$N57) | Q57: =IF(Q24="", "", Q24*$N57) | R57: =IF(R24="", "", R24*$N57) | S57: =IF(S24="", "", S24*$N57) | T57: =IF(T24="", "", T24*$N57) | U57: =IF(U24="", "", U24*$N57) | V57: =IF(V24="", "", V24*$N57) | ... AM57: =IF(AM24="", "", AM24*$N57)
M58: 9 | N58: =IFERROR(N25/$N$42, "") | O58: =IF(O25="", "", O25*$N58) | P58: =IF(P25="", "", P25*$N58) | Q58: =IF(Q25="", "", Q25*$N58) | R58: =IF(R25="", "", R25*$N58) | S58: =IF(S25="", "", S25*$N58) | T58: =IF(T25="", "", T25*$N58) | U58: =IF(U25="", "", U25*$N58) | V58: =IF(V25="", "", V25*$N58) | ... AM58: =IF(AM25="", "", AM25*$N58)
M59: 10 | N59: =IFERROR(N26/$N$42, "") | O59: =IF(O26="", "", O26*$N59) | P59: =IF(P26="", "", P26*$N59) | Q59: =IF(Q26="", "", Q26*$N59) | R59: =IF(R26="", "", R26*$N59) | S59: =IF(S26="", "", S26*$N59) | T59: =IF(T26="", "", T26*$N59) | U59: =IF(U26="", "", U26*$N59) | V59: =IF(V26="", "", V26*$N59) | ... AM59: =IF(AM26="", "", AM26*$N59)
M60: 11 | N60: =IFERROR(N27/$N$42, "") | O60: =IF(O27="", "", O27*$N60) | P60: =IF(P27="", "", P27*$N60) | Q60: =IF(Q27="", "", Q27*$N60) | R60: =IF(R27="", "", R27*$N60) | S60: =IF(S27="", "", S27*$N60) | T60: =IF(T27="", "", T27*$N60) | U60: =IF(U27="", "", U27*$N60) | V60: =IF(V27="", "", V27*$N60) | ... AM60: =IF(AM27="", "", AM27*$N60)
M61: 12 | N61: =IFERROR(N28/$N$42, "") | O61: =IF(O28="", "", O28*$N61) | P61: =IF(P28="", "", P28*$N61) | Q61: =IF(Q28="", "", Q28*$N61) | R61: =IF(R28="", "", R28*$N61) | S61: =IF(S28="", "", S28*$N61) | T61: =IF(T28="", "", T28*$N61) | U61: =IF(U28="", "", U28*$N61) | V61: =IF(V28="", "", V28*$N61) | ... AM61: =IF(AM28="", "", AM28*$N61)
... M74: 25 | N74: =IFERROR(N41/$N$42, "") | O74: =IF(O41="", "", O41*$N74) | P74: =IF(P41="", "", P41*$N74) | Q74: =IF(Q41="", "", Q41*$N74) | R74: =IF(R41="", "", R41*$N74) | S74: =IF(S41="", "", S41*$N74) | T74: =IF(T41="", "", T41*$N74) | U74: =IF(U41="", "", U41*$N74) | V74: =IF(V41="", "", V41*$N74) | ... AM74: =IF(AM41="", "", AM41*$N74)
M75: Total | O75: =IF(SUM(O50:O74) > 0, SUM(O50:O74), "--") -> -- | P75: =IF(SUM(P50:P74) > 0, SUM(P50:P74), "--") -> -- | Q75: =IF(SUM(Q50:Q74) > 0, SUM(Q50:Q74), "--") -> -- | R75: =IF(SUM(R50:R74) > 0, SUM(R50:R74), "--") -> -- | S75: =IF(SUM(S50:S74) > 0, SUM(S50:S74), "--") -> -- | T75: =IF(SUM(T50:T74) > 0, SUM(T50:T74), "--") -> -- | U75: =IF(SUM(U50:U74) > 0, SUM(U50:U74), "--") -> -- | V75: =IF(SUM(V50:V74) > 0, SUM(V50:V74), "--") -> 11646.963 | ... AM75: =IF(SUM(AM50:AM74) > 0, SUM(AM50:AM74), "--") -> --
C82: Split Before Period
C83: Split After Period

Sheet Intersection Mileposts
B2: Intersection Milepost Table (Used for Multi-Project Tracking)
C4: # | D4: Intersecting Road Name | E4: Milepost of Intersection | F4: -250' | G4: +250' | I4: Comments/Instructions on Intersection Milepost Table:
C5: #1 | D5: OLD AIRPORT/UNION | E5: 0.558 | F5: =IF(D5="", "", E5-250/5280) -> 0.51065152 | G5: =IF(D5="", "", E5+250/5280) -> 0.60534848 | I5: ● | J5: Please enter in the intersections within your study's Milepost Limits on the Features reports
C6: #2 | D6: LAWNDALE/CRESTSIDE | E6: 2.04 | F6: =IF(D6="", "", E6-250/5280) -> 1.9926515 | G6: =IF(D6="", "", E6+250/5280) -> 2.0873485 | I6: ● | J6: Don't enter in the names/mileposts for non-intersections (etc. bridges, structures, etc.)
C7: #3 | D7: NC 73 (CORBAN) | E7: 2.896 | F7: =IF(D7="", "", E7-250/5280) -> 2.8486515 | G7: =IF(D7="", "", E7+250/5280) -> 2.9433485 | I7: ● | J7: Enter in the name of the road into the cells in column D
C8: #4 | F8: =IF(D8="", "", E8-250/5280) | G8: =IF(D8="", "", E8+250/5280) | I8: ● | J8: Enter in the Milepost from the features report into the cells in column E
C9: #5 | F9: =IF(D9="", "", E9-250/5280) | G9: =IF(D9="", "", E9+250/5280) | I9: ● | J9: If you adjusted a milepost of an intersection during your review, enter that value instead of the milepost from the features report
C10: #6 | F10: =IF(D10="", "", E10-250/5280) | G10: =IF(D10="", "", E10+250/5280)
C11: #7 | F11: =IF(D11="", "", E11-250/5280) | G11: =IF(D11="", "", E11+250/5280) | I11: ● | J11: Each row within the table to the left should correspond to one intersection along the study section. There should only be one milepost per intersection. You do not need to use multiple rows for intersections with crossing routes with multiple names
C12: #8 | F12: =IF(D12="", "", E12-250/5280) | G12: =IF(D12="", "", E12+250/5280)
C13: #9 | F13: =IF(D13="", "", E13-250/5280) | G13: =IF(D13="", "", E13+250/5280)
C14: #10 | F14: =IF(D14="", "", E14-250/5280) | G14: =IF(D14="", "", E14+250/5280) | I14: ● | J14: If the number of intersections exceeds 35, before entering data into this tab, contact SEG staff to determine whether this step needs to be completed
C15: #11 | F15: =IF(D15="", "", E15-250/5280) | G15: =IF(D15="", "", E15+250/5280)
C16: #12 | F16: =IF(D16="", "", E16-250/5280) | G16: =IF(D16="", "", E16+250/5280) | I16: ● | J16: DO NOT DRAG/SHIFT/MOVE CELLS in this table. Formulas within the Tracking tab at the end of this workbook (tracking tab is for internal NCDOT staff) use the information in this table for annual crash counting calculations. Any dragging or deleting of cells will break these formulas and cause errors.
C17: #13 | F17: =IF(D17="", "", E17-250/5280) | G17: =IF(D17="", "", E17+250/5280)
C18: #14 | F18: =IF(D18="", "", E18-250/5280) | G18: =IF(D18="", "", E18+250/5280)
C19: #15 | F19: =IF(D19="", "", E19-250/5280) | G19: =IF(D19="", "", E19+250/5280)
C20: #16 | F20: =IF(D20="", "", E20-250/5280) | G20: =IF(D20="", "", E20+250/5280)
C21: #17 | F21: =IF(D21="", "", E21-250/5280) | G21: =IF(D21="", "", E21+250/5280)
C22: #18 | F22: =IF(D22="", "", E22-250/5280) | G22: =IF(D22="", "", E22+250/5280)
C23: #19 | F23: =IF(D23="", "", E23-250/5280) | G23: =IF(D23="", "", E23+250/5280)
C24: #20 | F24: =IF(D24="", "", E24-250/5280) | G24: =IF(D24="", "", E24+250/5280)
C25: #21 | F25: =IF(D25="", "", E25-250/5280) | G25: =IF(D25="", "", E25+250/5280)
C26: #22 | F26: =IF(D26="", "", E26-250/5280) | G26: =IF(D26="", "", E26+250/5280)
C27: #23 | F27: =IF(D27="", "", E27-250/5280) | G27: =IF(D27="", "", E27+250/5280)
C28: #24 | F28: =IF(D28="", "", E28-250/5280) | G28: =IF(D28="", "", E28+250/5280)
... C39: #35 | F39: =IF(D39="", "", E39-250/5280) | G39: =IF(D39="", "", E39+250/5280)

Sheet Original fiche

Sheet Filtered Fiche

Sheet Binned Crashes

Sheet 1st Time Period
A1: Manually Edit These Columns (A -> N). | P1: Don't Edit These Columns (P -> ). Calculations are Automatic.
A2: ='Evaluation Set-up'!$C$7&" ("&TEXT('Evaluation Set-up'!$D$7, "mm/dd/yyyy")&" - "&TEXT('Evaluation Set-up'!$E$7, "mm/dd/yyyy")&")" -> Before Period (01/01/2013 - 01/31/2018) | P2: Crash # | Q2: Crash Year | R2: Severity Index | S2: Target-1 Severity Index | T2: Target-1 KABCO | U2: Target-2 Severity Index | V2: Target-2 KABCO
A3: Crash ID | B3: Date | C3: T | D3: C | E3: F | F3: L | G3: S | H3: Final MP | I3: Analyst's Notes Column 1 | J3: Analyst's Notes Column 2 | K3: Analyst's Notes Column 3 | L3: Analyst's Notes Column 4 | M3: Target-1? | N3: Target-2? | Z3: Total | AA3: Target-1 | AB3: Target-2 | AC3: All Targets | AR3: Crash # | AS3: Target Crash? | AT3: Within 250' of an intx?
A4: Example | B4: 41482 | C4: 30 | D4: 1 | E4: 7 | F4: 1 | G4: B | H4: 0.558 | P4: =IF(R4 = "", "", COUNT($R$4:R4)) -> 1 | Q4: =IF(B4="", "", YEAR(B4)) -> 2013 | R4: =IF(A4="", "", IF(G4="",1,IF(G4="O",1,IF(G4="C",8.4,IF(G4="B",8.4,IF(G4="A",76.8,IF(G4="K",76.8,"ERR"))))))) -> 8.4 | S4: =IF(M4="Y",R4,"") | T4: =IF(IF(M4="Y",G4,"")=0, "O", IF(M4="Y",G4,"")) | U4: =IF(N4="Y",R4,"") | V4: =IF(IF(N4="Y",G4,"")=0, "O", IF(N4="Y",G4,"")) | Y4: K | Z4: =COUNTIF($G$4:$G$1048576,$Y4) -> 2 | AA4: =COUNTIF($T$4:$T$1048576,$Y4) -> 2 | AB4: =COUNTIF($V$4:$V$1048576,$Y4) -> 0 | AC4: =COUNTIF($T:$T, Y4)+COUNTIF($V:$V, Y4)-COUNTIFS($T:$T, Y4, $V:$V, Y4) -> 2 | AR4: =IF(P4>0, P4, "") -> 1 | AS4: =IF(OR(M4="Y",N4="Y"),"Y","") | AT4: =IF(AR4="","",IF(AND(H4>='Intersection Mileposts'!$F$5,H4<='Intersection Mileposts'!$G$5),"Y",IF(AND(H4>='Intersection Mileposts'!$F$6,H4<='Intersection Mileposts'!$G$6),"Y",IF(AND(H4>='Intersection Mileposts'!$F$7,H4<='Intersection Mileposts'!$G$7),"Y",IF(AND(H4>='Intersection Mileposts'!$F$8,H4<='Intersection Mileposts'!$G$8),"Y",IF(AND(H4>='Intersection Mileposts'!$F$9,H4<='Intersection Mileposts'!$G$9),"Y",IF(AND(H4>='Intersection Mileposts'!$F$10,H4<='Intersection Mileposts'!$G$10),"Y",IF(AND(H4>='Intersection Mileposts'!$F$11,H4<='Intersection Mileposts'!$G$11),"Y",IF(AND(H4>='Intersection Mileposts'!$F$12,H4<='Intersection Mileposts'!$G$12),"Y",IF(AND(H4>='Intersection Mileposts'!$F$13,H4<='Intersection Mileposts'!$G$13),"Y",IF(AND(H4>='Intersection Mileposts'!$F$14,H4<='Intersection Mileposts'!$G$14),"Y",IF(AND(H4>='Intersection Mileposts'!$F$15,H4<='Intersection Mileposts'!$G$15),"Y",IF(AND(H4>='Intersection Mileposts'!$F$16,H4<='Intersection Mileposts'!$G$16),"Y",IF(AND(H4>='Intersection Mileposts'!$F$17,H4<='Intersection Mileposts'!$G$17),"Y",IF(AND(H4>='Intersection Mileposts'!$F$18,H4<='Intersection Mileposts'!$G$18),"Y",IF(AND(H4>='Intersection Mileposts'!$F$19,H4<='Intersection Mileposts'!$G$19),"Y",IF(AND(H4>='Intersection Mileposts'!$F$20,H4<='Intersection Mileposts'!$G$20),"Y",IF(AND(H4>='Intersection Mileposts'!$F$21,H4<='Intersection Mileposts'!$G$21),"Y",IF(AND(H4>='Intersection Mileposts'!$F$22,H4<='Intersection Mileposts'!$G$22),"Y",IF(AND(H4>='Intersection Mileposts'!$F$23,H4<='Intersection Mileposts'!$G$23),"Y",IF(AND(H4>='Intersection Mileposts'!$F$24,H4<='Intersection Mileposts'!$G$24),"Y",IF(AND(H4>='Intersection Mileposts'!$F$25,H4<='Intersection Mileposts'!$G$25),"Y",IF(AND(H4>='Intersection Mileposts'!$F$26,H4<='Intersection Mileposts'!$G$26),"Y",IF(AND(H4>='Intersection Mileposts'!$F$27,H4<='Intersection Mileposts'!$G$27),"Y",IF(AND(H4>='Intersection Mileposts'!$F$28,H4<='Intersection Mileposts'!$G$28),"Y",IF(AND(H4>='Intersection Mileposts'!$F$29,H4<='Intersection Mileposts'!$G$29),"Y", IF(AND(H4>='Intersection Mileposts'!$F$30,H4<='Intersection Mileposts'!$G$30),"Y",IF(AND(H4>='Intersection Mileposts'!$F$31,H4<='Intersection Mileposts'!$G$31),"Y",IF(AND(H4>='Intersection Mileposts'!$F$32,H4<='Intersection Mileposts'!$G$32),"Y",IF(AND(H4>='Intersection Mileposts'!$F$33,H4<='Intersection Mileposts'!$G$33),"Y",IF(AND(H4>='Intersection Mileposts'!$F$34,H4<='Intersection Mileposts'!$G$34),"Y",IF(AND(H4>='Intersection Mileposts'!$F$35,H4<='Intersection Mileposts'!$G$35),"Y",IF(AND(H4>='Intersection Mileposts'!$F$36,H4<='Intersection Mileposts'!$G$36),"Y",IF(AND(H4>='Intersection Mileposts'!$F$37,H4<='Intersection Mileposts'!$G$37),"Y",IF(AND(H4>='Intersection Mileposts'!$F$38,H4<='Intersection Mileposts'!$G$38),"Y",IF(AND(H4>='Intersection Mileposts'!$F$39,H4<='Intersection Mileposts'!$G$39),"Y","N")))))))))))))))))))))))))))))))))))) -> Y
A5: Example | B5: 41651 | C5: 24 | D5: 1 | E5: 7 | F5: 1 | G5: O | H5: 0.558 | P5: =IF(R5 = "", "", COUNT($R$4:R5)) -> 2 | Q5: =IF(B5="", "", YEAR(B5)) -> 2014 | R5: =IF(A5="", "", IF(G5="",1,IF(G5="O",1,IF(G5="C",8.4,IF(G5="B",8.4,IF(G5="A",76.8,IF(G5="K",76.8,"ERR"))))))) -> 1 | S5: =IF(M5="Y",R5,"") | T5: =IF(IF(M5="Y",G5,"")=0, "O", IF(M5="Y",G5,"")) | U5: =IF(N5="Y",R5,"") | V5: =IF(IF(N5="Y",G5,"")=0, "O", IF(N5="Y",G5,"")) | Y5: A | Z5: =COUNTIF($G$4:$G$1048576,$Y5) -> 1 | AA5: =COUNTIF($T$4:$T$1048576,$Y5) -> 1 | AB5: =COUNTIF($V$4:$V$1048576,$Y5) -> 0 | AC5: =COUNTIF($T:$T, Y5)+COUNTIF($V:$V, Y5)-COUNTIFS($T:$T, Y5, $V:$V, Y5) -> 1 | AR5: =IF(P5>0, P5, "") -> 2 | AS5: =IF(OR(M5="Y",N5="Y"),"Y","") | AT5: =IF(AR5="","",IF(AND(H5>='Intersection Mileposts'!$F$5,H5<='Intersection Mileposts'!$G$5),"Y",IF(AND(H5>='Intersection Mileposts'!$F$6,H5<='Intersection Mileposts'!$G$6),"Y",IF(AND(H5>='Intersection Mileposts'!$F$7,H5<='Intersection Mileposts'!$G$7),"Y",IF(AND(H5>='Intersection Mileposts'!$F$8,H5<='Intersection Mileposts'!$G$8),"Y",IF(AND(H5>='Intersection Mileposts'!$F$9,H5<='Intersection Mileposts'!$G$9),"Y",IF(AND(H5>='Intersection Mileposts'!$F$10,H5<='Intersection Mileposts'!$G$10),"Y",IF(AND(H5>='Intersection Mileposts'!$F$11,H5<='Intersection Mileposts'!$G$11),"Y",IF(AND(H5>='Intersection Mileposts'!$F$12,H5<='Intersection Mileposts'!$G$12),"Y",IF(AND(H5>='Intersection Mileposts'!$F$13,H5<='Intersection Mileposts'!$G$13),"Y",IF(AND(H5>='Intersection Mileposts'!$F$14,H5<='Intersection Mileposts'!$G$14),"Y",IF(AND(H5>='Intersection Mileposts'!$F$15,H5<='Intersection Mileposts'!$G$15),"Y",IF(AND(H5>='Intersection Mileposts'!$F$16,H5<='Intersection Mileposts'!$G$16),"Y",IF(AND(H5>='Intersection Mileposts'!$F$17,H5<='Intersection Mileposts'!$G$17),"Y",IF(AND(H5>='Intersection Mileposts'!$F$18,H5<='Intersection Mileposts'!$G$18),"Y",IF(AND(H5>='Intersection Mileposts'!$F$19,H5<='Intersection Mileposts'!$G$19),"Y",IF(AND(H5>='Intersection Mileposts'!$F$20,H5<='Intersection Mileposts'!$G$20),"Y",IF(AND(H5>='Intersection Mileposts'!$F$21,H5<='Intersection Mileposts'!$G$21),"Y",IF(AND(H5>='Intersection Mileposts'!$F$22,H5<='Intersection Mileposts'!$G$22),"Y",IF(AND(H5>='Intersection Mileposts'!$F$23,H5<='Intersection Mileposts'!$G$23),"Y",IF(AND(H5>='Intersection Mileposts'!$F$24,H5<='Intersection Mileposts'!$G$24),"Y",IF(AND(H5>='Intersection Mileposts'!$F$25,H5<='Intersection Mileposts'!$G$25),"Y",IF(AND(H5>='Intersection Mileposts'!$F$26,H5<='Intersection Mileposts'!$G$26),"Y",IF(AND(H5>='Intersection Mileposts'!$F$27,H5<='Intersection Mileposts'!$G$27),"Y",IF(AND(H5>='Intersection Mileposts'!$F$28,H5<='Intersection Mileposts'!$G$28),"Y",IF(AND(H5>='Intersection Mileposts'!$F$29,H5<='Intersection Mileposts'!$G$29),"Y", IF(AND(H5>='Intersection Mileposts'!$F$30,H5<='Intersection Mileposts'!$G$30),"Y",IF(AND(H5>='Intersection Mileposts'!$F$31,H5<='Intersection Mileposts'!$G$31),"Y",IF(AND(H5>='Intersection Mileposts'!$F$32,H5<='Intersection Mileposts'!$G$32),"Y",IF(AND(H5>='Intersection Mileposts'!$F$33,H5<='Intersection Mileposts'!$G$33),"Y",IF(AND(H5>='Intersection Mileposts'!$F$34,H5<='Intersection Mileposts'!$G$34),"Y",IF(AND(H5>='Intersection Mileposts'!$F$35,H5<='Intersection Mileposts'!$G$35),"Y",IF(AND(H5>='Intersection Mileposts'!$F$36,H5<='Intersection Mileposts'!$G$36),"Y",IF(AND(H5>='Intersection Mileposts'!$F$37,H5<='Intersection Mileposts'!$G$37),"Y",IF(AND(H5>='Intersection Mileposts'!$F$38,H5<='Intersection Mileposts'!$G$38),"Y",IF(AND(H5>='Intersection Mileposts'!$F$39,H5<='Intersection Mileposts'!$G$39),"Y","N")))))))))))))))))))))))))))))))))))) -> Y
A6: Example | B6: 42212 | C6: 28 | D6: 2 | E6: 7 | F6: 4 | G6: O | H6: 0.558 | P6: =IF(R6 = "", "", COUNT($R$4:R6)) -> 3 | Q6: =IF(B6="", "", YEAR(B6)) -> 2015 | R6: =IF(A6="", "", IF(G6="",1,IF(G6="O",1,IF(G6="C",8.4,IF(G6="B",8.4,IF(G6="A",76.8,IF(G6="K",76.8,"ERR"))))))) -> 1 | S6: =IF(M6="Y",R6,"") | T6: =IF(IF(M6="Y",G6,"")=0, "O", IF(M6="Y",G6,"")) | U6: =IF(N6="Y",R6,"") | V6: =IF(IF(N6="Y",G6,"")=0, "O", IF(N6="Y",G6,"")) | Y6: B | Z6: =COUNTIF($G$4:$G$1048576,$Y6) -> 6 | AA6: =COUNTIF($T$4:$T$1048576,$Y6) -> 1 | AB6: =COUNTIF($V$4:$V$1048576,$Y6) -> 0 | AC6: =COUNTIF($T:$T, Y6)+COUNTIF($V:$V, Y6)-COUNTIFS($T:$T, Y6, $V:$V, Y6) -> 1 | AR6: =IF(P6>0, P6, "") -> 3 | AS6: =IF(OR(M6="Y",N6="Y"),"Y","") | AT6: =IF(AR6="","",IF(AND(H6>='Intersection Mileposts'!$F$5,H6<='Intersection Mileposts'!$G$5),"Y",IF(AND(H6>='Intersection Mileposts'!$F$6,H6<='Intersection Mileposts'!$G$6),"Y",IF(AND(H6>='Intersection Mileposts'!$F$7,H6<='Intersection Mileposts'!$G$7),"Y",IF(AND(H6>='Intersection Mileposts'!$F$8,H6<='Intersection Mileposts'!$G$8),"Y",IF(AND(H6>='Intersection Mileposts'!$F$9,H6<='Intersection Mileposts'!$G$9),"Y",IF(AND(H6>='Intersection Mileposts'!$F$10,H6<='Intersection Mileposts'!$G$10),"Y",IF(AND(H6>='Intersection Mileposts'!$F$11,H6<='Intersection Mileposts'!$G$11),"Y",IF(AND(H6>='Intersection Mileposts'!$F$12,H6<='Intersection Mileposts'!$G$12),"Y",IF(AND(H6>='Intersection Mileposts'!$F$13,H6<='Intersection Mileposts'!$G$13),"Y",IF(AND(H6>='Intersection Mileposts'!$F$14,H6<='Intersection Mileposts'!$G$14),"Y",IF(AND(H6>='Intersection Mileposts'!$F$15,H6<='Intersection Mileposts'!$G$15),"Y",IF(AND(H6>='Intersection Mileposts'!$F$16,H6<='Intersection Mileposts'!$G$16),"Y",IF(AND(H6>='Intersection Mileposts'!$F$17,H6<='Intersection Mileposts'!$G$17),"Y",IF(AND(H6>='Intersection Mileposts'!$F$18,H6<='Intersection Mileposts'!$G$18),"Y",IF(AND(H6>='Intersection Mileposts'!$F$19,H6<='Intersection Mileposts'!$G$19),"Y",IF(AND(H6>='Intersection Mileposts'!$F$20,H6<='Intersection Mileposts'!$G$20),"Y",IF(AND(H6>='Intersection Mileposts'!$F$21,H6<='Intersection Mileposts'!$G$21),"Y",IF(AND(H6>='Intersection Mileposts'!$F$22,H6<='Intersection Mileposts'!$G$22),"Y",IF(AND(H6>='Intersection Mileposts'!$F$23,H6<='Intersection Mileposts'!$G$23),"Y",IF(AND(H6>='Intersection Mileposts'!$F$24,H6<='Intersection Mileposts'!$G$24),"Y",IF(AND(H6>='Intersection Mileposts'!$F$25,H6<='Intersection Mileposts'!$G$25),"Y",IF(AND(H6>='Intersection Mileposts'!$F$26,H6<='Intersection Mileposts'!$G$26),"Y",IF(AND(H6>='Intersection Mileposts'!$F$27,H6<='Intersection Mileposts'!$G$27),"Y",IF(AND(H6>='Intersection Mileposts'!$F$28,H6<='Intersection Mileposts'!$G$28),"Y",IF(AND(H6>='Intersection Mileposts'!$F$29,H6<='Intersection Mileposts'!$G$29),"Y", IF(AND(H6>='Intersection Mileposts'!$F$30,H6<='Intersection Mileposts'!$G$30),"Y",IF(AND(H6>='Intersection Mileposts'!$F$31,H6<='Intersection Mileposts'!$G$31),"Y",IF(AND(H6>='Intersection Mileposts'!$F$32,H6<='Intersection Mileposts'!$G$32),"Y",IF(AND(H6>='Intersection Mileposts'!$F$33,H6<='Intersection Mileposts'!$G$33),"Y",IF(AND(H6>='Intersection Mileposts'!$F$34,H6<='Intersection Mileposts'!$G$34),"Y",IF(AND(H6>='Intersection Mileposts'!$F$35,H6<='Intersection Mileposts'!$G$35),"Y",IF(AND(H6>='Intersection Mileposts'!$F$36,H6<='Intersection Mileposts'!$G$36),"Y",IF(AND(H6>='Intersection Mileposts'!$F$37,H6<='Intersection Mileposts'!$G$37),"Y",IF(AND(H6>='Intersection Mileposts'!$F$38,H6<='Intersection Mileposts'!$G$38),"Y",IF(AND(H6>='Intersection Mileposts'!$F$39,H6<='Intersection Mileposts'!$G$39),"Y","N")))))))))))))))))))))))))))))))))))) -> Y
A7: Example | B7: 42220 | C7: 30 | D7: 1 | E7: 12 | F7: 1 | G7: B | H7: 0.558 | P7: =IF(R7 = "", "", COUNT($R$4:R7)) -> 4 | Q7: =IF(B7="", "", YEAR(B7)) -> 2015 | R7: =IF(A7="", "", IF(G7="",1,IF(G7="O",1,IF(G7="C",8.4,IF(G7="B",8.4,IF(G7="A",76.8,IF(G7="K",76.8,"ERR"))))))) -> 8.4 | S7: =IF(M7="Y",R7,"") | T7: =IF(IF(M7="Y",G7,"")=0, "O", IF(M7="Y",G7,"")) | U7: =IF(N7="Y",R7,"") | V7: =IF(IF(N7="Y",G7,"")=0, "O", IF(N7="Y",G7,"")) | Y7: C | Z7: =COUNTIF($G$4:$G$1048576,$Y7) -> 12 | AA7: =COUNTIF($T$4:$T$1048576,$Y7) -> 2 | AB7: =COUNTIF($V$4:$V$1048576,$Y7) -> 0 | AC7: =COUNTIF($T:$T, Y7)+COUNTIF($V:$V, Y7)-COUNTIFS($T:$T, Y7, $V:$V, Y7) -> 2 | AR7: =IF(P7>0, P7, "") -> 4 | AS7: =IF(OR(M7="Y",N7="Y"),"Y","") | AT7: =IF(AR7="","",IF(AND(H7>='Intersection Mileposts'!$F$5,H7<='Intersection Mileposts'!$G$5),"Y",IF(AND(H7>='Intersection Mileposts'!$F$6,H7<='Intersection Mileposts'!$G$6),"Y",IF(AND(H7>='Intersection Mileposts'!$F$7,H7<='Intersection Mileposts'!$G$7),"Y",IF(AND(H7>='Intersection Mileposts'!$F$8,H7<='Intersection Mileposts'!$G$8),"Y",IF(AND(H7>='Intersection Mileposts'!$F$9,H7<='Intersection Mileposts'!$G$9),"Y",IF(AND(H7>='Intersection Mileposts'!$F$10,H7<='Intersection Mileposts'!$G$10),"Y",IF(AND(H7>='Intersection Mileposts'!$F$11,H7<='Intersection Mileposts'!$G$11),"Y",IF(AND(H7>='Intersection Mileposts'!$F$12,H7<='Intersection Mileposts'!$G$12),"Y",IF(AND(H7>='Intersection Mileposts'!$F$13,H7<='Intersection Mileposts'!$G$13),"Y",IF(AND(H7>='Intersection Mileposts'!$F$14,H7<='Intersection Mileposts'!$G$14),"Y",IF(AND(H7>='Intersection Mileposts'!$F$15,H7<='Intersection Mileposts'!$G$15),"Y",IF(AND(H7>='Intersection Mileposts'!$F$16,H7<='Intersection Mileposts'!$G$16),"Y",IF(AND(H7>='Intersection Mileposts'!$F$17,H7<='Intersection Mileposts'!$G$17),"Y",IF(AND(H7>='Intersection Mileposts'!$F$18,H7<='Intersection Mileposts'!$G$18),"Y",IF(AND(H7>='Intersection Mileposts'!$F$19,H7<='Intersection Mileposts'!$G$19),"Y",IF(AND(H7>='Intersection Mileposts'!$F$20,H7<='Intersection Mileposts'!$G$20),"Y",IF(AND(H7>='Intersection Mileposts'!$F$21,H7<='Intersection Mileposts'!$G$21),"Y",IF(AND(H7>='Intersection Mileposts'!$F$22,H7<='Intersection Mileposts'!$G$22),"Y",IF(AND(H7>='Intersection Mileposts'!$F$23,H7<='Intersection Mileposts'!$G$23),"Y",IF(AND(H7>='Intersection Mileposts'!$F$24,H7<='Intersection Mileposts'!$G$24),"Y",IF(AND(H7>='Intersection Mileposts'!$F$25,H7<='Intersection Mileposts'!$G$25),"Y",IF(AND(H7>='Intersection Mileposts'!$F$26,H7<='Intersection Mileposts'!$G$26),"Y",IF(AND(H7>='Intersection Mileposts'!$F$27,H7<='Intersection Mileposts'!$G$27),"Y",IF(AND(H7>='Intersection Mileposts'!$F$28,H7<='Intersection Mileposts'!$G$28),"Y",IF(AND(H7>='Intersection Mileposts'!$F$29,H7<='Intersection Mileposts'!$G$29),"Y", IF(AND(H7>='Intersection Mileposts'!$F$30,H7<='Intersection Mileposts'!$G$30),"Y",IF(AND(H7>='Intersection Mileposts'!$F$31,H7<='Intersection Mileposts'!$G$31),"Y",IF(AND(H7>='Intersection Mileposts'!$F$32,H7<='Intersection Mileposts'!$G$32),"Y",IF(AND(H7>='Intersection Mileposts'!$F$33,H7<='Intersection Mileposts'!$G$33),"Y",IF(AND(H7>='Intersection Mileposts'!$F$34,H7<='Intersection Mileposts'!$G$34),"Y",IF(AND(H7>='Intersection Mileposts'!$F$35,H7<='Intersection Mileposts'!$G$35),"Y",IF(AND(H7>='Intersection Mileposts'!$F$36,H7<='Intersection Mileposts'!$G$36),"Y",IF(AND(H7>='Intersection Mileposts'!$F$37,H7<='Intersection Mileposts'!$G$37),"Y",IF(AND(H7>='Intersection Mileposts'!$F$38,H7<='Intersection Mileposts'!$G$38),"Y",IF(AND(H7>='Intersection Mileposts'!$F$39,H7<='Intersection Mileposts'!$G$39),"Y","N")))))))))))))))))))))))))))))))))))) -> Y
A8: Example | B8: 42515 | C8: 24 | D8: 1 | E8: 7 | F8: 1 | G8: O | H8: 0.558 | P8: =IF(R8 = "", "", COUNT($R$4:R8)) -> 5 | Q8: =IF(B8="", "", YEAR(B8)) -> 2016 | R8: =IF(A8="", "", IF(G8="",1,IF(G8="O",1,IF(G8="C",8.4,IF(G8="B",8.4,IF(G8="A",76.8,IF(G8="K",76.8,"ERR"))))))) -> 1 | S8: =IF(M8="Y",R8,"") | T8: =IF(IF(M8="Y",G8,"")=0, "O", IF(M8="Y",G8,"")) | U8: =IF(N8="Y",R8,"") | V8: =IF(IF(N8="Y",G8,"")=0, "O", IF(N8="Y",G8,"")) | Y8: O | Z8: =COUNTIF($G$4:$G$1048576,$Y8)+COUNTIFS($G$4:$G$1048576, "", $P$4:$P$1048576, ">0") -> 47 | AA8: =COUNTIF($T$4:$T$1048576,$Y8) -> 6 | AB8: =COUNTIF($V$4:$V$1048576,$Y8) -> 0 | AC8: =COUNTIF($T:$T, Y8)+COUNTIF($V:$V, Y8)-COUNTIFS($T:$T, Y8, $V:$V, Y8) -> 6 | AR8: =IF(P8>0, P8, "") -> 5 | AS8: =IF(OR(M8="Y",N8="Y"),"Y","") | AT8: =IF(AR8="","",IF(AND(H8>='Intersection Mileposts'!$F$5,H8<='Intersection Mileposts'!$G$5),"Y",IF(AND(H8>='Intersection Mileposts'!$F$6,H8<='Intersection Mileposts'!$G$6),"Y",IF(AND(H8>='Intersection Mileposts'!$F$7,H8<='Intersection Mileposts'!$G$7),"Y",IF(AND(H8>='Intersection Mileposts'!$F$8,H8<='Intersection Mileposts'!$G$8),"Y",IF(AND(H8>='Intersection Mileposts'!$F$9,H8<='Intersection Mileposts'!$G$9),"Y",IF(AND(H8>='Intersection Mileposts'!$F$10,H8<='Intersection Mileposts'!$G$10),"Y",IF(AND(H8>='Intersection Mileposts'!$F$11,H8<='Intersection Mileposts'!$G$11),"Y",IF(AND(H8>='Intersection Mileposts'!$F$12,H8<='Intersection Mileposts'!$G$12),"Y",IF(AND(H8>='Intersection Mileposts'!$F$13,H8<='Intersection Mileposts'!$G$13),"Y",IF(AND(H8>='Intersection Mileposts'!$F$14,H8<='Intersection Mileposts'!$G$14),"Y",IF(AND(H8>='Intersection Mileposts'!$F$15,H8<='Intersection Mileposts'!$G$15),"Y",IF(AND(H8>='Intersection Mileposts'!$F$16,H8<='Intersection Mileposts'!$G$16),"Y",IF(AND(H8>='Intersection Mileposts'!$F$17,H8<='Intersection Mileposts'!$G$17),"Y",IF(AND(H8>='Intersection Mileposts'!$F$18,H8<='Intersection Mileposts'!$G$18),"Y",IF(AND(H8>='Intersection Mileposts'!$F$19,H8<='Intersection Mileposts'!$G$19),"Y",IF(AND(H8>='Intersection Mileposts'!$F$20,H8<='Intersection Mileposts'!$G$20),"Y",IF(AND(H8>='Intersection Mileposts'!$F$21,H8<='Intersection Mileposts'!$G$21),"Y",IF(AND(H8>='Intersection Mileposts'!$F$22,H8<='Intersection Mileposts'!$G$22),"Y",IF(AND(H8>='Intersection Mileposts'!$F$23,H8<='Intersection Mileposts'!$G$23),"Y",IF(AND(H8>='Intersection Mileposts'!$F$24,H8<='Intersection Mileposts'!$G$24),"Y",IF(AND(H8>='Intersection Mileposts'!$F$25,H8<='Intersection Mileposts'!$G$25),"Y",IF(AND(H8>='Intersection Mileposts'!$F$26,H8<='Intersection Mileposts'!$G$26),"Y",IF(AND(H8>='Intersection Mileposts'!$F$27,H8<='Intersection Mileposts'!$G$27),"Y",IF(AND(H8>='Intersection Mileposts'!$F$28,H8<='Intersection Mileposts'!$G$28),"Y",IF(AND(H8>='Intersection Mileposts'!$F$29,H8<='Intersection Mileposts'!$G$29),"Y", IF(AND(H8>='Intersection Mileposts'!$F$30,H8<='Intersection Mileposts'!$G$30),"Y",IF(AND(H8>='Intersection Mileposts'!$F$31,H8<='Intersection Mileposts'!$G$31),"Y",IF(AND(H8>='Intersection Mileposts'!$F$32,H8<='Intersection Mileposts'!$G$32),"Y",IF(AND(H8>='Intersection Mileposts'!$F$33,H8<='Intersection Mileposts'!$G$33),"Y",IF(AND(H8>='Intersection Mileposts'!$F$34,H8<='Intersection Mileposts'!$G$34),"Y",IF(AND(H8>='Intersection Mileposts'!$F$35,H8<='Intersection Mileposts'!$G$35),"Y",IF(AND(H8>='Intersection Mileposts'!$F$36,H8<='Intersection Mileposts'!$G$36),"Y",IF(AND(H8>='Intersection Mileposts'!$F$37,H8<='Intersection Mileposts'!$G$37),"Y",IF(AND(H8>='Intersection Mileposts'!$F$38,H8<='Intersection Mileposts'!$G$38),"Y",IF(AND(H8>='Intersection Mileposts'!$F$39,H8<='Intersection Mileposts'!$G$39),"Y","N")))))))))))))))))))))))))))))))))))) -> Y
A9: Example | B9: 42594 | C9: 21 | D9: 1 | E9: 7 | F9: 1 | G9: C | H9: 0.558 | P9: =IF(R9 = "", "", COUNT($R$4:R9)) -> 6 | Q9: =IF(B9="", "", YEAR(B9)) -> 2016 | R9: =IF(A9="", "", IF(G9="",1,IF(G9="O",1,IF(G9="C",8.4,IF(G9="B",8.4,IF(G9="A",76.8,IF(G9="K",76.8,"ERR"))))))) -> 8.4 | S9: =IF(M9="Y",R9,"") | T9: =IF(IF(M9="Y",G9,"")=0, "O", IF(M9="Y",G9,"")) | U9: =IF(N9="Y",R9,"") | V9: =IF(IF(N9="Y",G9,"")=0, "O", IF(N9="Y",G9,"")) | Y9: Total | Z9: =COUNTIF(P4:P1048576, ">0") -> 68 | AA9: =COUNT(S4:S1048576) -> 12 | AB9: =COUNT(U4:U1048576) -> 0 | AC9: =SUM(AC4:AC8) -> 12 | AR9: =IF(P9>0, P9, "") -> 6 | AS9: =IF(OR(M9="Y",N9="Y"),"Y","") | AT9: =IF(AR9="","",IF(AND(H9>='Intersection Mileposts'!$F$5,H9<='Intersection Mileposts'!$G$5),"Y",IF(AND(H9>='Intersection Mileposts'!$F$6,H9<='Intersection Mileposts'!$G$6),"Y",IF(AND(H9>='Intersection Mileposts'!$F$7,H9<='Intersection Mileposts'!$G$7),"Y",IF(AND(H9>='Intersection Mileposts'!$F$8,H9<='Intersection Mileposts'!$G$8),"Y",IF(AND(H9>='Intersection Mileposts'!$F$9,H9<='Intersection Mileposts'!$G$9),"Y",IF(AND(H9>='Intersection Mileposts'!$F$10,H9<='Intersection Mileposts'!$G$10),"Y",IF(AND(H9>='Intersection Mileposts'!$F$11,H9<='Intersection Mileposts'!$G$11),"Y",IF(AND(H9>='Intersection Mileposts'!$F$12,H9<='Intersection Mileposts'!$G$12),"Y",IF(AND(H9>='Intersection Mileposts'!$F$13,H9<='Intersection Mileposts'!$G$13),"Y",IF(AND(H9>='Intersection Mileposts'!$F$14,H9<='Intersection Mileposts'!$G$14),"Y",IF(AND(H9>='Intersection Mileposts'!$F$15,H9<='Intersection Mileposts'!$G$15),"Y",IF(AND(H9>='Intersection Mileposts'!$F$16,H9<='Intersection Mileposts'!$G$16),"Y",IF(AND(H9>='Intersection Mileposts'!$F$17,H9<='Intersection Mileposts'!$G$17),"Y",IF(AND(H9>='Intersection Mileposts'!$F$18,H9<='Intersection Mileposts'!$G$18),"Y",IF(AND(H9>='Intersection Mileposts'!$F$19,H9<='Intersection Mileposts'!$G$19),"Y",IF(AND(H9>='Intersection Mileposts'!$F$20,H9<='Intersection Mileposts'!$G$20),"Y",IF(AND(H9>='Intersection Mileposts'!$F$21,H9<='Intersection Mileposts'!$G$21),"Y",IF(AND(H9>='Intersection Mileposts'!$F$22,H9<='Intersection Mileposts'!$G$22),"Y",IF(AND(H9>='Intersection Mileposts'!$F$23,H9<='Intersection Mileposts'!$G$23),"Y",IF(AND(H9>='Intersection Mileposts'!$F$24,H9<='Intersection Mileposts'!$G$24),"Y",IF(AND(H9>='Intersection Mileposts'!$F$25,H9<='Intersection Mileposts'!$G$25),"Y",IF(AND(H9>='Intersection Mileposts'!$F$26,H9<='Intersection Mileposts'!$G$26),"Y",IF(AND(H9>='Intersection Mileposts'!$F$27,H9<='Intersection Mileposts'!$G$27),"Y",IF(AND(H9>='Intersection Mileposts'!$F$28,H9<='Intersection Mileposts'!$G$28),"Y",IF(AND(H9>='Intersection Mileposts'!$F$29,H9<='Intersection Mileposts'!$G$29),"Y", IF(AND(H9>='Intersection Mileposts'!$F$30,H9<='Intersection Mileposts'!$G$30),"Y",IF(AND(H9>='Intersection Mileposts'!$F$31,H9<='Intersection Mileposts'!$G$31),"Y",IF(AND(H9>='Intersection Mileposts'!$F$32,H9<='Intersection Mileposts'!$G$32),"Y",IF(AND(H9>='Intersection Mileposts'!$F$33,H9<='Intersection Mileposts'!$G$33),"Y",IF(AND(H9>='Intersection Mileposts'!$F$34,H9<='Intersection Mileposts'!$G$34),"Y",IF(AND(H9>='Intersection Mileposts'!$F$35,H9<='Intersection Mileposts'!$G$35),"Y",IF(AND(H9>='Intersection Mileposts'!$F$36,H9<='Intersection Mileposts'!$G$36),"Y",IF(AND(H9>='Intersection Mileposts'!$F$37,H9<='Intersection Mileposts'!$G$37),"Y",IF(AND(H9>='Intersection Mileposts'!$F$38,H9<='Intersection Mileposts'!$G$38),"Y",IF(AND(H9>='Intersection Mileposts'!$F$39,H9<='Intersection Mileposts'!$G$39),"Y","N")))))))))))))))))))))))))))))))))))) -> Y
A10: Example | B10: 43072 | C10: 24 | D10: 1 | F10: 4 | G10: O | H10: 0.558 | P10: =IF(R10 = "", "", COUNT($R$4:R10)) -> 7 | Q10: =IF(B10="", "", YEAR(B10)) -> 2017 | R10: =IF(A10="", "", IF(G10="",1,IF(G10="O",1,IF(G10="C",8.4,IF(G10="B",8.4,IF(G10="A",76.8,IF(G10="K",76.8,"ERR"))))))) -> 1 | S10: =IF(M10="Y",R10,"") | T10: =IF(IF(M10="Y",G10,"")=0, "O", IF(M10="Y",G10,"")) | U10: =IF(N10="Y",R10,"") | V10: =IF(IF(N10="Y",G10,"")=0, "O", IF(N10="Y",G10,"")) | Y10: SI | Z10: =IFERROR(AVERAGE(R4:R1048576), 0) -> 6.3029412 | AA10: =IFERROR(AVERAGE(S4:S1048576), 0) -> 21.8 | AB10: =IFERROR(AVERAGE(U4:U1048576), 0) -> 0 | AC10: =IFERROR(AVERAGEIF($AS$4:$AS$1048576,"Y", R4:R1048576 ), 0) -> 21.8 | AR10: =IF(P10>0, P10, "") -> 7 | AS10: =IF(OR(M10="Y",N10="Y"),"Y","") | AT10: =IF(AR10="","",IF(AND(H10>='Intersection Mileposts'!$F$5,H10<='Intersection Mileposts'!$G$5),"Y",IF(AND(H10>='Intersection Mileposts'!$F$6,H10<='Intersection Mileposts'!$G$6),"Y",IF(AND(H10>='Intersection Mileposts'!$F$7,H10<='Intersection Mileposts'!$G$7),"Y",IF(AND(H10>='Intersection Mileposts'!$F$8,H10<='Intersection Mileposts'!$G$8),"Y",IF(AND(H10>='Intersection Mileposts'!$F$9,H10<='Intersection Mileposts'!$G$9),"Y",IF(AND(H10>='Intersection Mileposts'!$F$10,H10<='Intersection Mileposts'!$G$10),"Y",IF(AND(H10>='Intersection Mileposts'!$F$11,H10<='Intersection Mileposts'!$G$11),"Y",IF(AND(H10>='Intersection Mileposts'!$F$12,H10<='Intersection Mileposts'!$G$12),"Y",IF(AND(H10>='Intersection Mileposts'!$F$13,H10<='Intersection Mileposts'!$G$13),"Y",IF(AND(H10>='Intersection Mileposts'!$F$14,H10<='Intersection Mileposts'!$G$14),"Y",IF(AND(H10>='Intersection Mileposts'!$F$15,H10<='Intersection Mileposts'!$G$15),"Y",IF(AND(H10>='Intersection Mileposts'!$F$16,H10<='Intersection Mileposts'!$G$16),"Y",IF(AND(H10>='Intersection Mileposts'!$F$17,H10<='Intersection Mileposts'!$G$17),"Y",IF(AND(H10>='Intersection Mileposts'!$F$18,H10<='Intersection Mileposts'!$G$18),"Y",IF(AND(H10>='Intersection Mileposts'!$F$19,H10<='Intersection Mileposts'!$G$19),"Y",IF(AND(H10>='Intersection Mileposts'!$F$20,H10<='Intersection Mileposts'!$G$20),"Y",IF(AND(H10>='Intersection Mileposts'!$F$21,H10<='Intersection Mileposts'!$G$21),"Y",IF(AND(H10>='Intersection Mileposts'!$F$22,H10<='Intersection Mileposts'!$G$22),"Y",IF(AND(H10>='Intersection Mileposts'!$F$23,H10<='Intersection Mileposts'!$G$23),"Y",IF(AND(H10>='Intersection Mileposts'!$F$24,H10<='Intersection Mileposts'!$G$24),"Y",IF(AND(H10>='Intersection Mileposts'!$F$25,H10<='Intersection Mileposts'!$G$25),"Y",IF(AND(H10>='Intersection Mileposts'!$F$26,H10<='Intersection Mileposts'!$G$26),"Y",IF(AND(H10>='Intersection Mileposts'!$F$27,H10<='Intersection Mileposts'!$G$27),"Y",IF(AND(H10>='Intersection Mileposts'!$F$28,H10<='Intersection Mileposts'!$G$28),"Y",IF(AND(H10>='Intersection Mileposts'!$F$29,H10<='Intersection Mileposts'!$G$29),"Y", IF(AND(H10>='Intersection Mileposts'!$F$30,H10<='Intersection Mileposts'!$G$30),"Y",IF(AND(H10>='Intersection Mileposts'!$F$31,H10<='Intersection Mileposts'!$G$31),"Y",IF(AND(H10>='Intersection Mileposts'!$F$32,H10<='Intersection Mileposts'!$G$32),"Y",IF(AND(H10>='Intersection Mileposts'!$F$33,H10<='Intersection Mileposts'!$G$33),"Y",IF(AND(H10>='Intersection Mileposts'!$F$34,H10<='Intersection Mileposts'!$G$34),"Y",IF(AND(H10>='Intersection Mileposts'!$F$35,H10<='Intersection Mileposts'!$G$35),"Y",IF(AND(H10>='Intersection Mileposts'!$F$36,H10<='Intersection Mileposts'!$G$36),"Y",IF(AND(H10>='Intersection Mileposts'!$F$37,H10<='Intersection Mileposts'!$G$37),"Y",IF(AND(H10>='Intersection Mileposts'!$F$38,H10<='Intersection Mileposts'!$G$38),"Y",IF(AND(H10>='Intersection Mileposts'!$F$39,H10<='Intersection Mileposts'!$G$39),"Y","N")))))))))))))))))))))))))))))))))))) -> Y
A11: Example | B11: 42817 | C11: 21 | D11: 1 | E11: 7 | F11: 1 | G11: C | H11: 0.56 | P11: =IF(R11 = "", "", COUNT($R$4:R11)) -> 8 | Q11: =IF(B11="", "", YEAR(B11)) -> 2017 | R11: =IF(A11="", "", IF(G11="",1,IF(G11="O",1,IF(G11="C",8.4,IF(G11="B",8.4,IF(G11="A",76.8,IF(G11="K",76.8,"ERR"))))))) -> 8.4 | S11: =IF(M11="Y",R11,"") | T11: =IF(IF(M11="Y",G11,"")=0, "O", IF(M11="Y",G11,"")) | U11: =IF(N11="Y",R11,"") | V11: =IF(IF(N11="Y",G11,"")=0, "O", IF(N11="Y",G11,"")) | AR11: =IF(P11>0, P11, "") -> 8 | AS11: =IF(OR(M11="Y",N11="Y"),"Y","") | AT11: =IF(AR11="","",IF(AND(H11>='Intersection Mileposts'!$F$5,H11<='Intersection Mileposts'!$G$5),"Y",IF(AND(H11>='Intersection Mileposts'!$F$6,H11<='Intersection Mileposts'!$G$6),"Y",IF(AND(H11>='Intersection Mileposts'!$F$7,H11<='Intersection Mileposts'!$G$7),"Y",IF(AND(H11>='Intersection Mileposts'!$F$8,H11<='Intersection Mileposts'!$G$8),"Y",IF(AND(H11>='Intersection Mileposts'!$F$9,H11<='Intersection Mileposts'!$G$9),"Y",IF(AND(H11>='Intersection Mileposts'!$F$10,H11<='Intersection Mileposts'!$G$10),"Y",IF(AND(H11>='Intersection Mileposts'!$F$11,H11<='Intersection Mileposts'!$G$11),"Y",IF(AND(H11>='Intersection Mileposts'!$F$12,H11<='Intersection Mileposts'!$G$12),"Y",IF(AND(H11>='Intersection Mileposts'!$F$13,H11<='Intersection Mileposts'!$G$13),"Y",IF(AND(H11>='Intersection Mileposts'!$F$14,H11<='Intersection Mileposts'!$G$14),"Y",IF(AND(H11>='Intersection Mileposts'!$F$15,H11<='Intersection Mileposts'!$G$15),"Y",IF(AND(H11>='Intersection Mileposts'!$F$16,H11<='Intersection Mileposts'!$G$16),"Y",IF(AND(H11>='Intersection Mileposts'!$F$17,H11<='Intersection Mileposts'!$G$17),"Y",IF(AND(H11>='Intersection Mileposts'!$F$18,H11<='Intersection Mileposts'!$G$18),"Y",IF(AND(H11>='Intersection Mileposts'!$F$19,H11<='Intersection Mileposts'!$G$19),"Y",IF(AND(H11>='Intersection Mileposts'!$F$20,H11<='Intersection Mileposts'!$G$20),"Y",IF(AND(H11>='Intersection Mileposts'!$F$21,H11<='Intersection Mileposts'!$G$21),"Y",IF(AND(H11>='Intersection Mileposts'!$F$22,H11<='Intersection Mileposts'!$G$22),"Y",IF(AND(H11>='Intersection Mileposts'!$F$23,H11<='Intersection Mileposts'!$G$23),"Y",IF(AND(H11>='Intersection Mileposts'!$F$24,H11<='Intersection Mileposts'!$G$24),"Y",IF(AND(H11>='Intersection Mileposts'!$F$25,H11<='Intersection Mileposts'!$G$25),"Y",IF(AND(H11>='Intersection Mileposts'!$F$26,H11<='Intersection Mileposts'!$G$26),"Y",IF(AND(H11>='Intersection Mileposts'!$F$27,H11<='Intersection Mileposts'!$G$27),"Y",IF(AND(H11>='Intersection Mileposts'!$F$28,H11<='Intersection Mileposts'!$G$28),"Y",IF(AND(H11>='Intersection Mileposts'!$F$29,H11<='Intersection Mileposts'!$G$29),"Y", IF(AND(H11>='Intersection Mileposts'!$F$30,H11<='Intersection Mileposts'!$G$30),"Y",IF(AND(H11>='Intersection Mileposts'!$F$31,H11<='Intersection Mileposts'!$G$31),"Y",IF(AND(H11>='Intersection Mileposts'!$F$32,H11<='Intersection Mileposts'!$G$32),"Y",IF(AND(H11>='Intersection Mileposts'!$F$33,H11<='Intersection Mileposts'!$G$33),"Y",IF(AND(H11>='Intersection Mileposts'!$F$34,H11<='Intersection Mileposts'!$G$34),"Y",IF(AND(H11>='Intersection Mileposts'!$F$35,H11<='Intersection Mileposts'!$G$35),"Y",IF(AND(H11>='Intersection Mileposts'!$F$36,H11<='Intersection Mileposts'!$G$36),"Y",IF(AND(H11>='Intersection Mileposts'!$F$37,H11<='Intersection Mileposts'!$G$37),"Y",IF(AND(H11>='Intersection Mileposts'!$F$38,H11<='Intersection Mileposts'!$G$38),"Y",IF(AND(H11>='Intersection Mileposts'!$F$39,H11<='Intersection Mileposts'!$G$39),"Y","N")))))))))))))))))))))))))))))))))))) -> Y
A12: Example | B12: 42227 | C12: 21 | D12: 1 | F12: 1 | G12: O | H12: 0.586 | P12: =IF(R12 = "", "", COUNT($R$4:R12)) -> 9 | Q12: =IF(B12="", "", YEAR(B12)) -> 2015 | R12: =IF(A12="", "", IF(G12="",1,IF(G12="O",1,IF(G12="C",8.4,IF(G12="B",8.4,IF(G12="A",76.8,IF(G12="K",76.8,"ERR"))))))) -> 1 | S12: =IF(M12="Y",R12,"") | T12: =IF(IF(M12="Y",G12,"")=0, "O", IF(M12="Y",G12,"")) | U12: =IF(N12="Y",R12,"") | V12: =IF(IF(N12="Y",G12,"")=0, "O", IF(N12="Y",G12,"")) | AR12: =IF(P12>0, P12, "") -> 9 | AS12: =IF(OR(M12="Y",N12="Y"),"Y","") | AT12: =IF(AR12="","",IF(AND(H12>='Intersection Mileposts'!$F$5,H12<='Intersection Mileposts'!$G$5),"Y",IF(AND(H12>='Intersection Mileposts'!$F$6,H12<='Intersection Mileposts'!$G$6),"Y",IF(AND(H12>='Intersection Mileposts'!$F$7,H12<='Intersection Mileposts'!$G$7),"Y",IF(AND(H12>='Intersection Mileposts'!$F$8,H12<='Intersection Mileposts'!$G$8),"Y",IF(AND(H12>='Intersection Mileposts'!$F$9,H12<='Intersection Mileposts'!$G$9),"Y",IF(AND(H12>='Intersection Mileposts'!$F$10,H12<='Intersection Mileposts'!$G$10),"Y",IF(AND(H12>='Intersection Mileposts'!$F$11,H12<='Intersection Mileposts'!$G$11),"Y",IF(AND(H12>='Intersection Mileposts'!$F$12,H12<='Intersection Mileposts'!$G$12),"Y",IF(AND(H12>='Intersection Mileposts'!$F$13,H12<='Intersection Mileposts'!$G$13),"Y",IF(AND(H12>='Intersection Mileposts'!$F$14,H12<='Intersection Mileposts'!$G$14),"Y",IF(AND(H12>='Intersection Mileposts'!$F$15,H12<='Intersection Mileposts'!$G$15),"Y",IF(AND(H12>='Intersection Mileposts'!$F$16,H12<='Intersection Mileposts'!$G$16),"Y",IF(AND(H12>='Intersection Mileposts'!$F$17,H12<='Intersection Mileposts'!$G$17),"Y",IF(AND(H12>='Intersection Mileposts'!$F$18,H12<='Intersection Mileposts'!$G$18),"Y",IF(AND(H12>='Intersection Mileposts'!$F$19,H12<='Intersection Mileposts'!$G$19),"Y",IF(AND(H12>='Intersection Mileposts'!$F$20,H12<='Intersection Mileposts'!$G$20),"Y",IF(AND(H12>='Intersection Mileposts'!$F$21,H12<='Intersection Mileposts'!$G$21),"Y",IF(AND(H12>='Intersection Mileposts'!$F$22,H12<='Intersection Mileposts'!$G$22),"Y",IF(AND(H12>='Intersection Mileposts'!$F$23,H12<='Intersection Mileposts'!$G$23),"Y",IF(AND(H12>='Intersection Mileposts'!$F$24,H12<='Intersection Mileposts'!$G$24),"Y",IF(AND(H12>='Intersection Mileposts'!$F$25,H12<='Intersection Mileposts'!$G$25),"Y",IF(AND(H12>='Intersection Mileposts'!$F$26,H12<='Intersection Mileposts'!$G$26),"Y",IF(AND(H12>='Intersection Mileposts'!$F$27,H12<='Intersection Mileposts'!$G$27),"Y",IF(AND(H12>='Intersection Mileposts'!$F$28,H12<='Intersection Mileposts'!$G$28),"Y",IF(AND(H12>='Intersection Mileposts'!$F$29,H12<='Intersection Mileposts'!$G$29),"Y", IF(AND(H12>='Intersection Mileposts'!$F$30,H12<='Intersection Mileposts'!$G$30),"Y",IF(AND(H12>='Intersection Mileposts'!$F$31,H12<='Intersection Mileposts'!$G$31),"Y",IF(AND(H12>='Intersection Mileposts'!$F$32,H12<='Intersection Mileposts'!$G$32),"Y",IF(AND(H12>='Intersection Mileposts'!$F$33,H12<='Intersection Mileposts'!$G$33),"Y",IF(AND(H12>='Intersection Mileposts'!$F$34,H12<='Intersection Mileposts'!$G$34),"Y",IF(AND(H12>='Intersection Mileposts'!$F$35,H12<='Intersection Mileposts'!$G$35),"Y",IF(AND(H12>='Intersection Mileposts'!$F$36,H12<='Intersection Mileposts'!$G$36),"Y",IF(AND(H12>='Intersection Mileposts'!$F$37,H12<='Intersection Mileposts'!$G$37),"Y",IF(AND(H12>='Intersection Mileposts'!$F$38,H12<='Intersection Mileposts'!$G$38),"Y",IF(AND(H12>='Intersection Mileposts'!$F$39,H12<='Intersection Mileposts'!$G$39),"Y","N")))))))))))))))))))))))))))))))))))) -> Y
A13: Example | B13: 41611 | C13: 17 | D13: 1 | F13: 5 | G13: O | H13: 0.681 | P13: =IF(R13 = "", "", COUNT($R$4:R13)) -> 10 | Q13: =IF(B13="", "", YEAR(B13)) -> 2013 | R13: =IF(A13="", "", IF(G13="",1,IF(G13="O",1,IF(G13="C",8.4,IF(G13="B",8.4,IF(G13="A",76.8,IF(G13="K",76.8,"ERR"))))))) -> 1 | S13: =IF(M13="Y",R13,"") | T13: =IF(IF(M13="Y",G13,"")=0, "O", IF(M13="Y",G13,"")) | U13: =IF(N13="Y",R13,"") | V13: =IF(IF(N13="Y",G13,"")=0, "O", IF(N13="Y",G13,"")) | AR13: =IF(P13>0, P13, "") -> 10 | AS13: =IF(OR(M13="Y",N13="Y"),"Y","") | AT13: =IF(AR13="","",IF(AND(H13>='Intersection Mileposts'!$F$5,H13<='Intersection Mileposts'!$G$5),"Y",IF(AND(H13>='Intersection Mileposts'!$F$6,H13<='Intersection Mileposts'!$G$6),"Y",IF(AND(H13>='Intersection Mileposts'!$F$7,H13<='Intersection Mileposts'!$G$7),"Y",IF(AND(H13>='Intersection Mileposts'!$F$8,H13<='Intersection Mileposts'!$G$8),"Y",IF(AND(H13>='Intersection Mileposts'!$F$9,H13<='Intersection Mileposts'!$G$9),"Y",IF(AND(H13>='Intersection Mileposts'!$F$10,H13<='Intersection Mileposts'!$G$10),"Y",IF(AND(H13>='Intersection Mileposts'!$F$11,H13<='Intersection Mileposts'!$G$11),"Y",IF(AND(H13>='Intersection Mileposts'!$F$12,H13<='Intersection Mileposts'!$G$12),"Y",IF(AND(H13>='Intersection Mileposts'!$F$13,H13<='Intersection Mileposts'!$G$13),"Y",IF(AND(H13>='Intersection Mileposts'!$F$14,H13<='Intersection Mileposts'!$G$14),"Y",IF(AND(H13>='Intersection Mileposts'!$F$15,H13<='Intersection Mileposts'!$G$15),"Y",IF(AND(H13>='Intersection Mileposts'!$F$16,H13<='Intersection Mileposts'!$G$16),"Y",IF(AND(H13>='Intersection Mileposts'!$F$17,H13<='Intersection Mileposts'!$G$17),"Y",IF(AND(H13>='Intersection Mileposts'!$F$18,H13<='Intersection Mileposts'!$G$18),"Y",IF(AND(H13>='Intersection Mileposts'!$F$19,H13<='Intersection Mileposts'!$G$19),"Y",IF(AND(H13>='Intersection Mileposts'!$F$20,H13<='Intersection Mileposts'!$G$20),"Y",IF(AND(H13>='Intersection Mileposts'!$F$21,H13<='Intersection Mileposts'!$G$21),"Y",IF(AND(H13>='Intersection Mileposts'!$F$22,H13<='Intersection Mileposts'!$G$22),"Y",IF(AND(H13>='Intersection Mileposts'!$F$23,H13<='Intersection Mileposts'!$G$23),"Y",IF(AND(H13>='Intersection Mileposts'!$F$24,H13<='Intersection Mileposts'!$G$24),"Y",IF(AND(H13>='Intersection Mileposts'!$F$25,H13<='Intersection Mileposts'!$G$25),"Y",IF(AND(H13>='Intersection Mileposts'!$F$26,H13<='Intersection Mileposts'!$G$26),"Y",IF(AND(H13>='Intersection Mileposts'!$F$27,H13<='Intersection Mileposts'!$G$27),"Y",IF(AND(H13>='Intersection Mileposts'!$F$28,H13<='Intersection Mileposts'!$G$28),"Y",IF(AND(H13>='Intersection Mileposts'!$F$29,H13<='Intersection Mileposts'!$G$29),"Y", IF(AND(H13>='Intersection Mileposts'!$F$30,H13<='Intersection Mileposts'!$G$30),"Y",IF(AND(H13>='Intersection Mileposts'!$F$31,H13<='Intersection Mileposts'!$G$31),"Y",IF(AND(H13>='Intersection Mileposts'!$F$32,H13<='Intersection Mileposts'!$G$32),"Y",IF(AND(H13>='Intersection Mileposts'!$F$33,H13<='Intersection Mileposts'!$G$33),"Y",IF(AND(H13>='Intersection Mileposts'!$F$34,H13<='Intersection Mileposts'!$G$34),"Y",IF(AND(H13>='Intersection Mileposts'!$F$35,H13<='Intersection Mileposts'!$G$35),"Y",IF(AND(H13>='Intersection Mileposts'!$F$36,H13<='Intersection Mileposts'!$G$36),"Y",IF(AND(H13>='Intersection Mileposts'!$F$37,H13<='Intersection Mileposts'!$G$37),"Y",IF(AND(H13>='Intersection Mileposts'!$F$38,H13<='Intersection Mileposts'!$G$38),"Y",IF(AND(H13>='Intersection Mileposts'!$F$39,H13<='Intersection Mileposts'!$G$39),"Y","N")))))))))))))))))))))))))))))))))))) -> N
A14: Example | B14: 42588 | C14: 1 | D14: 1 | F14: 5 | G14: O | H14: 0.758 | M14: Y | P14: =IF(R14 = "", "", COUNT($R$4:R14)) -> 11 | Q14: =IF(B14="", "", YEAR(B14)) -> 2016 | R14: =IF(A14="", "", IF(G14="",1,IF(G14="O",1,IF(G14="C",8.4,IF(G14="B",8.4,IF(G14="A",76.8,IF(G14="K",76.8,"ERR"))))))) -> 1 | S14: =IF(M14="Y",R14,"") -> 1 | T14: =IF(IF(M14="Y",G14,"")=0, "O", IF(M14="Y",G14,"")) -> O | U14: =IF(N14="Y",R14,"") | V14: =IF(IF(N14="Y",G14,"")=0, "O", IF(N14="Y",G14,"")) | X14: Steps | AR14: =IF(P14>0, P14, "") -> 11 | AS14: =IF(OR(M14="Y",N14="Y"),"Y","") -> Y | AT14: =IF(AR14="","",IF(AND(H14>='Intersection Mileposts'!$F$5,H14<='Intersection Mileposts'!$G$5),"Y",IF(AND(H14>='Intersection Mileposts'!$F$6,H14<='Intersection Mileposts'!$G$6),"Y",IF(AND(H14>='Intersection Mileposts'!$F$7,H14<='Intersection Mileposts'!$G$7),"Y",IF(AND(H14>='Intersection Mileposts'!$F$8,H14<='Intersection Mileposts'!$G$8),"Y",IF(AND(H14>='Intersection Mileposts'!$F$9,H14<='Intersection Mileposts'!$G$9),"Y",IF(AND(H14>='Intersection Mileposts'!$F$10,H14<='Intersection Mileposts'!$G$10),"Y",IF(AND(H14>='Intersection Mileposts'!$F$11,H14<='Intersection Mileposts'!$G$11),"Y",IF(AND(H14>='Intersection Mileposts'!$F$12,H14<='Intersection Mileposts'!$G$12),"Y",IF(AND(H14>='Intersection Mileposts'!$F$13,H14<='Intersection Mileposts'!$G$13),"Y",IF(AND(H14>='Intersection Mileposts'!$F$14,H14<='Intersection Mileposts'!$G$14),"Y",IF(AND(H14>='Intersection Mileposts'!$F$15,H14<='Intersection Mileposts'!$G$15),"Y",IF(AND(H14>='Intersection Mileposts'!$F$16,H14<='Intersection Mileposts'!$G$16),"Y",IF(AND(H14>='Intersection Mileposts'!$F$17,H14<='Intersection Mileposts'!$G$17),"Y",IF(AND(H14>='Intersection Mileposts'!$F$18,H14<='Intersection Mileposts'!$G$18),"Y",IF(AND(H14>='Intersection Mileposts'!$F$19,H14<='Intersection Mileposts'!$G$19),"Y",IF(AND(H14>='Intersection Mileposts'!$F$20,H14<='Intersection Mileposts'!$G$20),"Y",IF(AND(H14>='Intersection Mileposts'!$F$21,H14<='Intersection Mileposts'!$G$21),"Y",IF(AND(H14>='Intersection Mileposts'!$F$22,H14<='Intersection Mileposts'!$G$22),"Y",IF(AND(H14>='Intersection Mileposts'!$F$23,H14<='Intersection Mileposts'!$G$23),"Y",IF(AND(H14>='Intersection Mileposts'!$F$24,H14<='Intersection Mileposts'!$G$24),"Y",IF(AND(H14>='Intersection Mileposts'!$F$25,H14<='Intersection Mileposts'!$G$25),"Y",IF(AND(H14>='Intersection Mileposts'!$F$26,H14<='Intersection Mileposts'!$G$26),"Y",IF(AND(H14>='Intersection Mileposts'!$F$27,H14<='Intersection Mileposts'!$G$27),"Y",IF(AND(H14>='Intersection Mileposts'!$F$28,H14<='Intersection Mileposts'!$G$28),"Y",IF(AND(H14>='Intersection Mileposts'!$F$29,H14<='Intersection Mileposts'!$G$29),"Y", IF(AND(H14>='Intersection Mileposts'!$F$30,H14<='Intersection Mileposts'!$G$30),"Y",IF(AND(H14>='Intersection Mileposts'!$F$31,H14<='Intersection Mileposts'!$G$31),"Y",IF(AND(H14>='Intersection Mileposts'!$F$32,H14<='Intersection Mileposts'!$G$32),"Y",IF(AND(H14>='Intersection Mileposts'!$F$33,H14<='Intersection Mileposts'!$G$33),"Y",IF(AND(H14>='Intersection Mileposts'!$F$34,H14<='Intersection Mileposts'!$G$34),"Y",IF(AND(H14>='Intersection Mileposts'!$F$35,H14<='Intersection Mileposts'!$G$35),"Y",IF(AND(H14>='Intersection Mileposts'!$F$36,H14<='Intersection Mileposts'!$G$36),"Y",IF(AND(H14>='Intersection Mileposts'!$F$37,H14<='Intersection Mileposts'!$G$37),"Y",IF(AND(H14>='Intersection Mileposts'!$F$38,H14<='Intersection Mileposts'!$G$38),"Y",IF(AND(H14>='Intersection Mileposts'!$F$39,H14<='Intersection Mileposts'!$G$39),"Y","N")))))))))))))))))))))))))))))))))))) -> N
A15: Example | B15: 42228 | C15: 1 | D15: 1 | E15: 0 | F15: 5 | G15: O | H15: 0.808 | M15: Y | P15: =IF(R15 = "", "", COUNT($R$4:R15)) -> 12 | Q15: =IF(B15="", "", YEAR(B15)) -> 2015 | R15: =IF(A15="", "", IF(G15="",1,IF(G15="O",1,IF(G15="C",8.4,IF(G15="B",8.4,IF(G15="A",76.8,IF(G15="K",76.8,"ERR"))))))) -> 1 | S15: =IF(M15="Y",R15,"") -> 1 | T15: =IF(IF(M15="Y",G15,"")=0, "O", IF(M15="Y",G15,"")) -> O | U15: =IF(N15="Y",R15,"") | V15: =IF(IF(N15="Y",G15,"")=0, "O", IF(N15="Y",G15,"")) | X15: 1 | Y15: For the crashes you have determined to be within your study area and in the 1st time period, copy and paste the Crash ID, Date, T, C, F, L, and S columns from your filtered fiche into this tab's Columns A -> G. | AR15: =IF(P15>0, P15, "") -> 12 | AS15: =IF(OR(M15="Y",N15="Y"),"Y","") -> Y | AT15: =IF(AR15="","",IF(AND(H15>='Intersection Mileposts'!$F$5,H15<='Intersection Mileposts'!$G$5),"Y",IF(AND(H15>='Intersection Mileposts'!$F$6,H15<='Intersection Mileposts'!$G$6),"Y",IF(AND(H15>='Intersection Mileposts'!$F$7,H15<='Intersection Mileposts'!$G$7),"Y",IF(AND(H15>='Intersection Mileposts'!$F$8,H15<='Intersection Mileposts'!$G$8),"Y",IF(AND(H15>='Intersection Mileposts'!$F$9,H15<='Intersection Mileposts'!$G$9),"Y",IF(AND(H15>='Intersection Mileposts'!$F$10,H15<='Intersection Mileposts'!$G$10),"Y",IF(AND(H15>='Intersection Mileposts'!$F$11,H15<='Intersection Mileposts'!$G$11),"Y",IF(AND(H15>='Intersection Mileposts'!$F$12,H15<='Intersection Mileposts'!$G$12),"Y",IF(AND(H15>='Intersection Mileposts'!$F$13,H15<='Intersection Mileposts'!$G$13),"Y",IF(AND(H15>='Intersection Mileposts'!$F$14,H15<='Intersection Mileposts'!$G$14),"Y",IF(AND(H15>='Intersection Mileposts'!$F$15,H15<='Intersection Mileposts'!$G$15),"Y",IF(AND(H15>='Intersection Mileposts'!$F$16,H15<='Intersection Mileposts'!$G$16),"Y",IF(AND(H15>='Intersection Mileposts'!$F$17,H15<='Intersection Mileposts'!$G$17),"Y",IF(AND(H15>='Intersection Mileposts'!$F$18,H15<='Intersection Mileposts'!$G$18),"Y",IF(AND(H15>='Intersection Mileposts'!$F$19,H15<='Intersection Mileposts'!$G$19),"Y",IF(AND(H15>='Intersection Mileposts'!$F$20,H15<='Intersection Mileposts'!$G$20),"Y",IF(AND(H15>='Intersection Mileposts'!$F$21,H15<='Intersection Mileposts'!$G$21),"Y",IF(AND(H15>='Intersection Mileposts'!$F$22,H15<='Intersection Mileposts'!$G$22),"Y",IF(AND(H15>='Intersection Mileposts'!$F$23,H15<='Intersection Mileposts'!$G$23),"Y",IF(AND(H15>='Intersection Mileposts'!$F$24,H15<='Intersection Mileposts'!$G$24),"Y",IF(AND(H15>='Intersection Mileposts'!$F$25,H15<='Intersection Mileposts'!$G$25),"Y",IF(AND(H15>='Intersection Mileposts'!$F$26,H15<='Intersection Mileposts'!$G$26),"Y",IF(AND(H15>='Intersection Mileposts'!$F$27,H15<='Intersection Mileposts'!$G$27),"Y",IF(AND(H15>='Intersection Mileposts'!$F$28,H15<='Intersection Mileposts'!$G$28),"Y",IF(AND(H15>='Intersection Mileposts'!$F$29,H15<='Intersection Mileposts'!$G$29),"Y", IF(AND(H15>='Intersection Mileposts'!$F$30,H15<='Intersection Mileposts'!$G$30),"Y",IF(AND(H15>='Intersection Mileposts'!$F$31,H15<='Intersection Mileposts'!$G$31),"Y",IF(AND(H15>='Intersection Mileposts'!$F$32,H15<='Intersection Mileposts'!$G$32),"Y",IF(AND(H15>='Intersection Mileposts'!$F$33,H15<='Intersection Mileposts'!$G$33),"Y",IF(AND(H15>='Intersection Mileposts'!$F$34,H15<='Intersection Mileposts'!$G$34),"Y",IF(AND(H15>='Intersection Mileposts'!$F$35,H15<='Intersection Mileposts'!$G$35),"Y",IF(AND(H15>='Intersection Mileposts'!$F$36,H15<='Intersection Mileposts'!$G$36),"Y",IF(AND(H15>='Intersection Mileposts'!$F$37,H15<='Intersection Mileposts'!$G$37),"Y",IF(AND(H15>='Intersection Mileposts'!$F$38,H15<='Intersection Mileposts'!$G$38),"Y",IF(AND(H15>='Intersection Mileposts'!$F$39,H15<='Intersection Mileposts'!$G$39),"Y","N")))))))))))))))))))))))))))))))))))) -> N
A16: Example | B16: 42310 | C16: 17 | D16: 2 | E16: 0 | F16: 5 | G16: O | H16: 1.058 | P16: =IF(R16 = "", "", COUNT($R$4:R16)) -> 13 | Q16: =IF(B16="", "", YEAR(B16)) -> 2015 | R16: =IF(A16="", "", IF(G16="",1,IF(G16="O",1,IF(G16="C",8.4,IF(G16="B",8.4,IF(G16="A",76.8,IF(G16="K",76.8,"ERR"))))))) -> 1 | S16: =IF(M16="Y",R16,"") | T16: =IF(IF(M16="Y",G16,"")=0, "O", IF(M16="Y",G16,"")) | U16: =IF(N16="Y",R16,"") | V16: =IF(IF(N16="Y",G16,"")=0, "O", IF(N16="Y",G16,"")) | AR16: =IF(P16>0, P16, "") -> 13 | AS16: =IF(OR(M16="Y",N16="Y"),"Y","") | AT16: =IF(AR16="","",IF(AND(H16>='Intersection Mileposts'!$F$5,H16<='Intersection Mileposts'!$G$5),"Y",IF(AND(H16>='Intersection Mileposts'!$F$6,H16<='Intersection Mileposts'!$G$6),"Y",IF(AND(H16>='Intersection Mileposts'!$F$7,H16<='Intersection Mileposts'!$G$7),"Y",IF(AND(H16>='Intersection Mileposts'!$F$8,H16<='Intersection Mileposts'!$G$8),"Y",IF(AND(H16>='Intersection Mileposts'!$F$9,H16<='Intersection Mileposts'!$G$9),"Y",IF(AND(H16>='Intersection Mileposts'!$F$10,H16<='Intersection Mileposts'!$G$10),"Y",IF(AND(H16>='Intersection Mileposts'!$F$11,H16<='Intersection Mileposts'!$G$11),"Y",IF(AND(H16>='Intersection Mileposts'!$F$12,H16<='Intersection Mileposts'!$G$12),"Y",IF(AND(H16>='Intersection Mileposts'!$F$13,H16<='Intersection Mileposts'!$G$13),"Y",IF(AND(H16>='Intersection Mileposts'!$F$14,H16<='Intersection Mileposts'!$G$14),"Y",IF(AND(H16>='Intersection Mileposts'!$F$15,H16<='Intersection Mileposts'!$G$15),"Y",IF(AND(H16>='Intersection Mileposts'!$F$16,H16<='Intersection Mileposts'!$G$16),"Y",IF(AND(H16>='Intersection Mileposts'!$F$17,H16<='Intersection Mileposts'!$G$17),"Y",IF(AND(H16>='Intersection Mileposts'!$F$18,H16<='Intersection Mileposts'!$G$18),"Y",IF(AND(H16>='Intersection Mileposts'!$F$19,H16<='Intersection Mileposts'!$G$19),"Y",IF(AND(H16>='Intersection Mileposts'!$F$20,H16<='Intersection Mileposts'!$G$20),"Y",IF(AND(H16>='Intersection Mileposts'!$F$21,H16<='Intersection Mileposts'!$G$21),"Y",IF(AND(H16>='Intersection Mileposts'!$F$22,H16<='Intersection Mileposts'!$G$22),"Y",IF(AND(H16>='Intersection Mileposts'!$F$23,H16<='Intersection Mileposts'!$G$23),"Y",IF(AND(H16>='Intersection Mileposts'!$F$24,H16<='Intersection Mileposts'!$G$24),"Y",IF(AND(H16>='Intersection Mileposts'!$F$25,H16<='Intersection Mileposts'!$G$25),"Y",IF(AND(H16>='Intersection Mileposts'!$F$26,H16<='Intersection Mileposts'!$G$26),"Y",IF(AND(H16>='Intersection Mileposts'!$F$27,H16<='Intersection Mileposts'!$G$27),"Y",IF(AND(H16>='Intersection Mileposts'!$F$28,H16<='Intersection Mileposts'!$G$28),"Y",IF(AND(H16>='Intersection Mileposts'!$F$29,H16<='Intersection Mileposts'!$G$29),"Y", IF(AND(H16>='Intersection Mileposts'!$F$30,H16<='Intersection Mileposts'!$G$30),"Y",IF(AND(H16>='Intersection Mileposts'!$F$31,H16<='Intersection Mileposts'!$G$31),"Y",IF(AND(H16>='Intersection Mileposts'!$F$32,H16<='Intersection Mileposts'!$G$32),"Y",IF(AND(H16>='Intersection Mileposts'!$F$33,H16<='Intersection Mileposts'!$G$33),"Y",IF(AND(H16>='Intersection Mileposts'!$F$34,H16<='Intersection Mileposts'!$G$34),"Y",IF(AND(H16>='Intersection Mileposts'!$F$35,H16<='Intersection Mileposts'!$G$35),"Y",IF(AND(H16>='Intersection Mileposts'!$F$36,H16<='Intersection Mileposts'!$G$36),"Y",IF(AND(H16>='Intersection Mileposts'!$F$37,H16<='Intersection Mileposts'!$G$37),"Y",IF(AND(H16>='Intersection Mileposts'!$F$38,H16<='Intersection Mileposts'!$G$38),"Y",IF(AND(H16>='Intersection Mileposts'!$F$39,H16<='Intersection Mileposts'!$G$39),"Y","N")))))))))))))))))))))))))))))))))))) -> N
A17: Example | B17: 41572 | C17: 29 | D17: 1 | F17: 5 | G17: O | H17: 1.126 | M17: Y | P17: =IF(R17 = "", "", COUNT($R$4:R17)) -> 14 | Q17: =IF(B17="", "", YEAR(B17)) -> 2013 | R17: =IF(A17="", "", IF(G17="",1,IF(G17="O",1,IF(G17="C",8.4,IF(G17="B",8.4,IF(G17="A",76.8,IF(G17="K",76.8,"ERR"))))))) -> 1 | S17: =IF(M17="Y",R17,"") -> 1 | T17: =IF(IF(M17="Y",G17,"")=0, "O", IF(M17="Y",G17,"")) -> O | U17: =IF(N17="Y",R17,"") | V17: =IF(IF(N17="Y",G17,"")=0, "O", IF(N17="Y",G17,"")) | AR17: =IF(P17>0, P17, "") -> 14 | AS17: =IF(OR(M17="Y",N17="Y"),"Y","") -> Y | AT17: =IF(AR17="","",IF(AND(H17>='Intersection Mileposts'!$F$5,H17<='Intersection Mileposts'!$G$5),"Y",IF(AND(H17>='Intersection Mileposts'!$F$6,H17<='Intersection Mileposts'!$G$6),"Y",IF(AND(H17>='Intersection Mileposts'!$F$7,H17<='Intersection Mileposts'!$G$7),"Y",IF(AND(H17>='Intersection Mileposts'!$F$8,H17<='Intersection Mileposts'!$G$8),"Y",IF(AND(H17>='Intersection Mileposts'!$F$9,H17<='Intersection Mileposts'!$G$9),"Y",IF(AND(H17>='Intersection Mileposts'!$F$10,H17<='Intersection Mileposts'!$G$10),"Y",IF(AND(H17>='Intersection Mileposts'!$F$11,H17<='Intersection Mileposts'!$G$11),"Y",IF(AND(H17>='Intersection Mileposts'!$F$12,H17<='Intersection Mileposts'!$G$12),"Y",IF(AND(H17>='Intersection Mileposts'!$F$13,H17<='Intersection Mileposts'!$G$13),"Y",IF(AND(H17>='Intersection Mileposts'!$F$14,H17<='Intersection Mileposts'!$G$14),"Y",IF(AND(H17>='Intersection Mileposts'!$F$15,H17<='Intersection Mileposts'!$G$15),"Y",IF(AND(H17>='Intersection Mileposts'!$F$16,H17<='Intersection Mileposts'!$G$16),"Y",IF(AND(H17>='Intersection Mileposts'!$F$17,H17<='Intersection Mileposts'!$G$17),"Y",IF(AND(H17>='Intersection Mileposts'!$F$18,H17<='Intersection Mileposts'!$G$18),"Y",IF(AND(H17>='Intersection Mileposts'!$F$19,H17<='Intersection Mileposts'!$G$19),"Y",IF(AND(H17>='Intersection Mileposts'!$F$20,H17<='Intersection Mileposts'!$G$20),"Y",IF(AND(H17>='Intersection Mileposts'!$F$21,H17<='Intersection Mileposts'!$G$21),"Y",IF(AND(H17>='Intersection Mileposts'!$F$22,H17<='Intersection Mileposts'!$G$22),"Y",IF(AND(H17>='Intersection Mileposts'!$F$23,H17<='Intersection Mileposts'!$G$23),"Y",IF(AND(H17>='Intersection Mileposts'!$F$24,H17<='Intersection Mileposts'!$G$24),"Y",IF(AND(H17>='Intersection Mileposts'!$F$25,H17<='Intersection Mileposts'!$G$25),"Y",IF(AND(H17>='Intersection Mileposts'!$F$26,H17<='Intersection Mileposts'!$G$26),"Y",IF(AND(H17>='Intersection Mileposts'!$F$27,H17<='Intersection Mileposts'!$G$27),"Y",IF(AND(H17>='Intersection Mileposts'!$F$28,H17<='Intersection Mileposts'!$G$28),"Y",IF(AND(H17>='Intersection Mileposts'!$F$29,H17<='Intersection Mileposts'!$G$29),"Y", IF(AND(H17>='Intersection Mileposts'!$F$30,H17<='Intersection Mileposts'!$G$30),"Y",IF(AND(H17>='Intersection Mileposts'!$F$31,H17<='Intersection Mileposts'!$G$31),"Y",IF(AND(H17>='Intersection Mileposts'!$F$32,H17<='Intersection Mileposts'!$G$32),"Y",IF(AND(H17>='Intersection Mileposts'!$F$33,H17<='Intersection Mileposts'!$G$33),"Y",IF(AND(H17>='Intersection Mileposts'!$F$34,H17<='Intersection Mileposts'!$G$34),"Y",IF(AND(H17>='Intersection Mileposts'!$F$35,H17<='Intersection Mileposts'!$G$35),"Y",IF(AND(H17>='Intersection Mileposts'!$F$36,H17<='Intersection Mileposts'!$G$36),"Y",IF(AND(H17>='Intersection Mileposts'!$F$37,H17<='Intersection Mileposts'!$G$37),"Y",IF(AND(H17>='Intersection Mileposts'!$F$38,H17<='Intersection Mileposts'!$G$38),"Y",IF(AND(H17>='Intersection Mileposts'!$F$39,H17<='Intersection Mileposts'!$G$39),"Y","N")))))))))))))))))))))))))))))))))))) -> N
A18: Example | B18: 41828 | C18: 1 | D18: 1 | F18: 1 | G18: O | H18: 1.126 | M18: Y | P18: =IF(R18 = "", "", COUNT($R$4:R18)) -> 15 | Q18: =IF(B18="", "", YEAR(B18)) -> 2014 | R18: =IF(A18="", "", IF(G18="",1,IF(G18="O",1,IF(G18="C",8.4,IF(G18="B",8.4,IF(G18="A",76.8,IF(G18="K",76.8,"ERR"))))))) -> 1 | S18: =IF(M18="Y",R18,"") -> 1 | T18: =IF(IF(M18="Y",G18,"")=0, "O", IF(M18="Y",G18,"")) -> O | U18: =IF(N18="Y",R18,"") | V18: =IF(IF(N18="Y",G18,"")=0, "O", IF(N18="Y",G18,"")) | Y18: ● | Z18: It is ESSENTIAL that the data you are pasting into these columns corresponds to their above headers. | AR18: =IF(P18>0, P18, "") -> 15 | AS18: =IF(OR(M18="Y",N18="Y"),"Y","") -> Y | AT18: =IF(AR18="","",IF(AND(H18>='Intersection Mileposts'!$F$5,H18<='Intersection Mileposts'!$G$5),"Y",IF(AND(H18>='Intersection Mileposts'!$F$6,H18<='Intersection Mileposts'!$G$6),"Y",IF(AND(H18>='Intersection Mileposts'!$F$7,H18<='Intersection Mileposts'!$G$7),"Y",IF(AND(H18>='Intersection Mileposts'!$F$8,H18<='Intersection Mileposts'!$G$8),"Y",IF(AND(H18>='Intersection Mileposts'!$F$9,H18<='Intersection Mileposts'!$G$9),"Y",IF(AND(H18>='Intersection Mileposts'!$F$10,H18<='Intersection Mileposts'!$G$10),"Y",IF(AND(H18>='Intersection Mileposts'!$F$11,H18<='Intersection Mileposts'!$G$11),"Y",IF(AND(H18>='Intersection Mileposts'!$F$12,H18<='Intersection Mileposts'!$G$12),"Y",IF(AND(H18>='Intersection Mileposts'!$F$13,H18<='Intersection Mileposts'!$G$13),"Y",IF(AND(H18>='Intersection Mileposts'!$F$14,H18<='Intersection Mileposts'!$G$14),"Y",IF(AND(H18>='Intersection Mileposts'!$F$15,H18<='Intersection Mileposts'!$G$15),"Y",IF(AND(H18>='Intersection Mileposts'!$F$16,H18<='Intersection Mileposts'!$G$16),"Y",IF(AND(H18>='Intersection Mileposts'!$F$17,H18<='Intersection Mileposts'!$G$17),"Y",IF(AND(H18>='Intersection Mileposts'!$F$18,H18<='Intersection Mileposts'!$G$18),"Y",IF(AND(H18>='Intersection Mileposts'!$F$19,H18<='Intersection Mileposts'!$G$19),"Y",IF(AND(H18>='Intersection Mileposts'!$F$20,H18<='Intersection Mileposts'!$G$20),"Y",IF(AND(H18>='Intersection Mileposts'!$F$21,H18<='Intersection Mileposts'!$G$21),"Y",IF(AND(H18>='Intersection Mileposts'!$F$22,H18<='Intersection Mileposts'!$G$22),"Y",IF(AND(H18>='Intersection Mileposts'!$F$23,H18<='Intersection Mileposts'!$G$23),"Y",IF(AND(H18>='Intersection Mileposts'!$F$24,H18<='Intersection Mileposts'!$G$24),"Y",IF(AND(H18>='Intersection Mileposts'!$F$25,H18<='Intersection Mileposts'!$G$25),"Y",IF(AND(H18>='Intersection Mileposts'!$F$26,H18<='Intersection Mileposts'!$G$26),"Y",IF(AND(H18>='Intersection Mileposts'!$F$27,H18<='Intersection Mileposts'!$G$27),"Y",IF(AND(H18>='Intersection Mileposts'!$F$28,H18<='Intersection Mileposts'!$G$28),"Y",IF(AND(H18>='Intersection Mileposts'!$F$29,H18<='Intersection Mileposts'!$G$29),"Y", IF(AND(H18>='Intersection Mileposts'!$F$30,H18<='Intersection Mileposts'!$G$30),"Y",IF(AND(H18>='Intersection Mileposts'!$F$31,H18<='Intersection Mileposts'!$G$31),"Y",IF(AND(H18>='Intersection Mileposts'!$F$32,H18<='Intersection Mileposts'!$G$32),"Y",IF(AND(H18>='Intersection Mileposts'!$F$33,H18<='Intersection Mileposts'!$G$33),"Y",IF(AND(H18>='Intersection Mileposts'!$F$34,H18<='Intersection Mileposts'!$G$34),"Y",IF(AND(H18>='Intersection Mileposts'!$F$35,H18<='Intersection Mileposts'!$G$35),"Y",IF(AND(H18>='Intersection Mileposts'!$F$36,H18<='Intersection Mileposts'!$G$36),"Y",IF(AND(H18>='Intersection Mileposts'!$F$37,H18<='Intersection Mileposts'!$G$37),"Y",IF(AND(H18>='Intersection Mileposts'!$F$38,H18<='Intersection Mileposts'!$G$38),"Y",IF(AND(H18>='Intersection Mileposts'!$F$39,H18<='Intersection Mileposts'!$G$39),"Y","N")))))))))))))))))))))))))))))))))))) -> N
A19: Example | B19: 41387 | C19: 17 | D19: 1 | E19: 0 | F19: 2 | G19: O | H19: 1.192 | P19: =IF(R19 = "", "", COUNT($R$4:R19)) -> 16 | Q19: =IF(B19="", "", YEAR(B19)) -> 2013 | R19: =IF(A19="", "", IF(G19="",1,IF(G19="O",1,IF(G19="C",8.4,IF(G19="B",8.4,IF(G19="A",76.8,IF(G19="K",76.8,"ERR"))))))) -> 1 | S19: =IF(M19="Y",R19,"") | T19: =IF(IF(M19="Y",G19,"")=0, "O", IF(M19="Y",G19,"")) | U19: =IF(N19="Y",R19,"") | V19: =IF(IF(N19="Y",G19,"")=0, "O", IF(N19="Y",G19,"")) | AR19: =IF(P19>0, P19, "") -> 16 | AS19: =IF(OR(M19="Y",N19="Y"),"Y","") | AT19: =IF(AR19="","",IF(AND(H19>='Intersection Mileposts'!$F$5,H19<='Intersection Mileposts'!$G$5),"Y",IF(AND(H19>='Intersection Mileposts'!$F$6,H19<='Intersection Mileposts'!$G$6),"Y",IF(AND(H19>='Intersection Mileposts'!$F$7,H19<='Intersection Mileposts'!$G$7),"Y",IF(AND(H19>='Intersection Mileposts'!$F$8,H19<='Intersection Mileposts'!$G$8),"Y",IF(AND(H19>='Intersection Mileposts'!$F$9,H19<='Intersection Mileposts'!$G$9),"Y",IF(AND(H19>='Intersection Mileposts'!$F$10,H19<='Intersection Mileposts'!$G$10),"Y",IF(AND(H19>='Intersection Mileposts'!$F$11,H19<='Intersection Mileposts'!$G$11),"Y",IF(AND(H19>='Intersection Mileposts'!$F$12,H19<='Intersection Mileposts'!$G$12),"Y",IF(AND(H19>='Intersection Mileposts'!$F$13,H19<='Intersection Mileposts'!$G$13),"Y",IF(AND(H19>='Intersection Mileposts'!$F$14,H19<='Intersection Mileposts'!$G$14),"Y",IF(AND(H19>='Intersection Mileposts'!$F$15,H19<='Intersection Mileposts'!$G$15),"Y",IF(AND(H19>='Intersection Mileposts'!$F$16,H19<='Intersection Mileposts'!$G$16),"Y",IF(AND(H19>='Intersection Mileposts'!$F$17,H19<='Intersection Mileposts'!$G$17),"Y",IF(AND(H19>='Intersection Mileposts'!$F$18,H19<='Intersection Mileposts'!$G$18),"Y",IF(AND(H19>='Intersection Mileposts'!$F$19,H19<='Intersection Mileposts'!$G$19),"Y",IF(AND(H19>='Intersection Mileposts'!$F$20,H19<='Intersection Mileposts'!$G$20),"Y",IF(AND(H19>='Intersection Mileposts'!$F$21,H19<='Intersection Mileposts'!$G$21),"Y",IF(AND(H19>='Intersection Mileposts'!$F$22,H19<='Intersection Mileposts'!$G$22),"Y",IF(AND(H19>='Intersection Mileposts'!$F$23,H19<='Intersection Mileposts'!$G$23),"Y",IF(AND(H19>='Intersection Mileposts'!$F$24,H19<='Intersection Mileposts'!$G$24),"Y",IF(AND(H19>='Intersection Mileposts'!$F$25,H19<='Intersection Mileposts'!$G$25),"Y",IF(AND(H19>='Intersection Mileposts'!$F$26,H19<='Intersection Mileposts'!$G$26),"Y",IF(AND(H19>='Intersection Mileposts'!$F$27,H19<='Intersection Mileposts'!$G$27),"Y",IF(AND(H19>='Intersection Mileposts'!$F$28,H19<='Intersection Mileposts'!$G$28),"Y",IF(AND(H19>='Intersection Mileposts'!$F$29,H19<='Intersection Mileposts'!$G$29),"Y", IF(AND(H19>='Intersection Mileposts'!$F$30,H19<='Intersection Mileposts'!$G$30),"Y",IF(AND(H19>='Intersection Mileposts'!$F$31,H19<='Intersection Mileposts'!$G$31),"Y",IF(AND(H19>='Intersection Mileposts'!$F$32,H19<='Intersection Mileposts'!$G$32),"Y",IF(AND(H19>='Intersection Mileposts'!$F$33,H19<='Intersection Mileposts'!$G$33),"Y",IF(AND(H19>='Intersection Mileposts'!$F$34,H19<='Intersection Mileposts'!$G$34),"Y",IF(AND(H19>='Intersection Mileposts'!$F$35,H19<='Intersection Mileposts'!$G$35),"Y",IF(AND(H19>='Intersection Mileposts'!$F$36,H19<='Intersection Mileposts'!$G$36),"Y",IF(AND(H19>='Intersection Mileposts'!$F$37,H19<='Intersection Mileposts'!$G$37),"Y",IF(AND(H19>='Intersection Mileposts'!$F$38,H19<='Intersection Mileposts'!$G$38),"Y",IF(AND(H19>='Intersection Mileposts'!$F$39,H19<='Intersection Mileposts'!$G$39),"Y","N")))))))))))))))))))))))))))))))))))) -> N
A20: Example | B20: 41747 | C20: 27 | D20: 2 | E20: 0 | F20: 4 | G20: A | H20: 1.258 | M20: Y | P20: =IF(R20 = "", "", COUNT($R$4:R20)) -> 17 | Q20: =IF(B20="", "", YEAR(B20)) -> 2014 | R20: =IF(A20="", "", IF(G20="",1,IF(G20="O",1,IF(G20="C",8.4,IF(G20="B",8.4,IF(G20="A",76.8,IF(G20="K",76.8,"ERR"))))))) -> 76.8 | S20: =IF(M20="Y",R20,"") -> 76.8 | T20: =IF(IF(M20="Y",G20,"")=0, "O", IF(M20="Y",G20,"")) -> A | U20: =IF(N20="Y",R20,"") | V20: =IF(IF(N20="Y",G20,"")=0, "O", IF(N20="Y",G20,"")) | Y20: ● | Z20: It is recommended that the user of this workbook enters in the crash data in the same order of the TEAAS study’s crash #s. This allows for consistency between this workbook’s crash #s with the TEAAS study’s crash #s and the collision diagram’s crash #s. Reviewers would find this consistency helpful. | AR20: =IF(P20>0, P20, "") -> 17 | AS20: =IF(OR(M20="Y",N20="Y"),"Y","") -> Y | AT20: =IF(AR20="","",IF(AND(H20>='Intersection Mileposts'!$F$5,H20<='Intersection Mileposts'!$G$5),"Y",IF(AND(H20>='Intersection Mileposts'!$F$6,H20<='Intersection Mileposts'!$G$6),"Y",IF(AND(H20>='Intersection Mileposts'!$F$7,H20<='Intersection Mileposts'!$G$7),"Y",IF(AND(H20>='Intersection Mileposts'!$F$8,H20<='Intersection Mileposts'!$G$8),"Y",IF(AND(H20>='Intersection Mileposts'!$F$9,H20<='Intersection Mileposts'!$G$9),"Y",IF(AND(H20>='Intersection Mileposts'!$F$10,H20<='Intersection Mileposts'!$G$10),"Y",IF(AND(H20>='Intersection Mileposts'!$F$11,H20<='Intersection Mileposts'!$G$11),"Y",IF(AND(H20>='Intersection Mileposts'!$F$12,H20<='Intersection Mileposts'!$G$12),"Y",IF(AND(H20>='Intersection Mileposts'!$F$13,H20<='Intersection Mileposts'!$G$13),"Y",IF(AND(H20>='Intersection Mileposts'!$F$14,H20<='Intersection Mileposts'!$G$14),"Y",IF(AND(H20>='Intersection Mileposts'!$F$15,H20<='Intersection Mileposts'!$G$15),"Y",IF(AND(H20>='Intersection Mileposts'!$F$16,H20<='Intersection Mileposts'!$G$16),"Y",IF(AND(H20>='Intersection Mileposts'!$F$17,H20<='Intersection Mileposts'!$G$17),"Y",IF(AND(H20>='Intersection Mileposts'!$F$18,H20<='Intersection Mileposts'!$G$18),"Y",IF(AND(H20>='Intersection Mileposts'!$F$19,H20<='Intersection Mileposts'!$G$19),"Y",IF(AND(H20>='Intersection Mileposts'!$F$20,H20<='Intersection Mileposts'!$G$20),"Y",IF(AND(H20>='Intersection Mileposts'!$F$21,H20<='Intersection Mileposts'!$G$21),"Y",IF(AND(H20>='Intersection Mileposts'!$F$22,H20<='Intersection Mileposts'!$G$22),"Y",IF(AND(H20>='Intersection Mileposts'!$F$23,H20<='Intersection Mileposts'!$G$23),"Y",IF(AND(H20>='Intersection Mileposts'!$F$24,H20<='Intersection Mileposts'!$G$24),"Y",IF(AND(H20>='Intersection Mileposts'!$F$25,H20<='Intersection Mileposts'!$G$25),"Y",IF(AND(H20>='Intersection Mileposts'!$F$26,H20<='Intersection Mileposts'!$G$26),"Y",IF(AND(H20>='Intersection Mileposts'!$F$27,H20<='Intersection Mileposts'!$G$27),"Y",IF(AND(H20>='Intersection Mileposts'!$F$28,H20<='Intersection Mileposts'!$G$28),"Y",IF(AND(H20>='Intersection Mileposts'!$F$29,H20<='Intersection Mileposts'!$G$29),"Y", IF(AND(H20>='Intersection Mileposts'!$F$30,H20<='Intersection Mileposts'!$G$30),"Y",IF(AND(H20>='Intersection Mileposts'!$F$31,H20<='Intersection Mileposts'!$G$31),"Y",IF(AND(H20>='Intersection Mileposts'!$F$32,H20<='Intersection Mileposts'!$G$32),"Y",IF(AND(H20>='Intersection Mileposts'!$F$33,H20<='Intersection Mileposts'!$G$33),"Y",IF(AND(H20>='Intersection Mileposts'!$F$34,H20<='Intersection Mileposts'!$G$34),"Y",IF(AND(H20>='Intersection Mileposts'!$F$35,H20<='Intersection Mileposts'!$G$35),"Y",IF(AND(H20>='Intersection Mileposts'!$F$36,H20<='Intersection Mileposts'!$G$36),"Y",IF(AND(H20>='Intersection Mileposts'!$F$37,H20<='Intersection Mileposts'!$G$37),"Y",IF(AND(H20>='Intersection Mileposts'!$F$38,H20<='Intersection Mileposts'!$G$38),"Y",IF(AND(H20>='Intersection Mileposts'!$F$39,H20<='Intersection Mileposts'!$G$39),"Y","N")))))))))))))))))))))))))))))))))))) -> N
A21: Example | B21: 41667 | C21: 17 | D21: 1 | E21: 0 | F21: 5 | G21: O | H21: 1.308 | P21: =IF(R21 = "", "", COUNT($R$4:R21)) -> 18 | Q21: =IF(B21="", "", YEAR(B21)) -> 2014 | R21: =IF(A21="", "", IF(G21="",1,IF(G21="O",1,IF(G21="C",8.4,IF(G21="B",8.4,IF(G21="A",76.8,IF(G21="K",76.8,"ERR"))))))) -> 1 | S21: =IF(M21="Y",R21,"") | T21: =IF(IF(M21="Y",G21,"")=0, "O", IF(M21="Y",G21,"")) | U21: =IF(N21="Y",R21,"") | V21: =IF(IF(N21="Y",G21,"")=0, "O", IF(N21="Y",G21,"")) | AR21: =IF(P21>0, P21, "") -> 18 | AS21: =IF(OR(M21="Y",N21="Y"),"Y","") | AT21: =IF(AR21="","",IF(AND(H21>='Intersection Mileposts'!$F$5,H21<='Intersection Mileposts'!$G$5),"Y",IF(AND(H21>='Intersection Mileposts'!$F$6,H21<='Intersection Mileposts'!$G$6),"Y",IF(AND(H21>='Intersection Mileposts'!$F$7,H21<='Intersection Mileposts'!$G$7),"Y",IF(AND(H21>='Intersection Mileposts'!$F$8,H21<='Intersection Mileposts'!$G$8),"Y",IF(AND(H21>='Intersection Mileposts'!$F$9,H21<='Intersection Mileposts'!$G$9),"Y",IF(AND(H21>='Intersection Mileposts'!$F$10,H21<='Intersection Mileposts'!$G$10),"Y",IF(AND(H21>='Intersection Mileposts'!$F$11,H21<='Intersection Mileposts'!$G$11),"Y",IF(AND(H21>='Intersection Mileposts'!$F$12,H21<='Intersection Mileposts'!$G$12),"Y",IF(AND(H21>='Intersection Mileposts'!$F$13,H21<='Intersection Mileposts'!$G$13),"Y",IF(AND(H21>='Intersection Mileposts'!$F$14,H21<='Intersection Mileposts'!$G$14),"Y",IF(AND(H21>='Intersection Mileposts'!$F$15,H21<='Intersection Mileposts'!$G$15),"Y",IF(AND(H21>='Intersection Mileposts'!$F$16,H21<='Intersection Mileposts'!$G$16),"Y",IF(AND(H21>='Intersection Mileposts'!$F$17,H21<='Intersection Mileposts'!$G$17),"Y",IF(AND(H21>='Intersection Mileposts'!$F$18,H21<='Intersection Mileposts'!$G$18),"Y",IF(AND(H21>='Intersection Mileposts'!$F$19,H21<='Intersection Mileposts'!$G$19),"Y",IF(AND(H21>='Intersection Mileposts'!$F$20,H21<='Intersection Mileposts'!$G$20),"Y",IF(AND(H21>='Intersection Mileposts'!$F$21,H21<='Intersection Mileposts'!$G$21),"Y",IF(AND(H21>='Intersection Mileposts'!$F$22,H21<='Intersection Mileposts'!$G$22),"Y",IF(AND(H21>='Intersection Mileposts'!$F$23,H21<='Intersection Mileposts'!$G$23),"Y",IF(AND(H21>='Intersection Mileposts'!$F$24,H21<='Intersection Mileposts'!$G$24),"Y",IF(AND(H21>='Intersection Mileposts'!$F$25,H21<='Intersection Mileposts'!$G$25),"Y",IF(AND(H21>='Intersection Mileposts'!$F$26,H21<='Intersection Mileposts'!$G$26),"Y",IF(AND(H21>='Intersection Mileposts'!$F$27,H21<='Intersection Mileposts'!$G$27),"Y",IF(AND(H21>='Intersection Mileposts'!$F$28,H21<='Intersection Mileposts'!$G$28),"Y",IF(AND(H21>='Intersection Mileposts'!$F$29,H21<='Intersection Mileposts'!$G$29),"Y", IF(AND(H21>='Intersection Mileposts'!$F$30,H21<='Intersection Mileposts'!$G$30),"Y",IF(AND(H21>='Intersection Mileposts'!$F$31,H21<='Intersection Mileposts'!$G$31),"Y",IF(AND(H21>='Intersection Mileposts'!$F$32,H21<='Intersection Mileposts'!$G$32),"Y",IF(AND(H21>='Intersection Mileposts'!$F$33,H21<='Intersection Mileposts'!$G$33),"Y",IF(AND(H21>='Intersection Mileposts'!$F$34,H21<='Intersection Mileposts'!$G$34),"Y",IF(AND(H21>='Intersection Mileposts'!$F$35,H21<='Intersection Mileposts'!$G$35),"Y",IF(AND(H21>='Intersection Mileposts'!$F$36,H21<='Intersection Mileposts'!$G$36),"Y",IF(AND(H21>='Intersection Mileposts'!$F$37,H21<='Intersection Mileposts'!$G$37),"Y",IF(AND(H21>='Intersection Mileposts'!$F$38,H21<='Intersection Mileposts'!$G$38),"Y",IF(AND(H21>='Intersection Mileposts'!$F$39,H21<='Intersection Mileposts'!$G$39),"Y","N")))))))))))))))))))))))))))))))))))) -> N
A22: Example | B22: 42646 | C22: 27 | D22: 1 | E22: 0 | F22: 5 | G22: K | H22: 1.39 | M22: Y | P22: =IF(R22 = "", "", COUNT($R$4:R22)) -> 19 | Q22: =IF(B22="", "", YEAR(B22)) -> 2016 | R22: =IF(A22="", "", IF(G22="",1,IF(G22="O",1,IF(G22="C",8.4,IF(G22="B",8.4,IF(G22="A",76.8,IF(G22="K",76.8,"ERR"))))))) -> 76.8 | S22: =IF(M22="Y",R22,"") -> 76.8 | T22: =IF(IF(M22="Y",G22,"")=0, "O", IF(M22="Y",G22,"")) -> K | U22: =IF(N22="Y",R22,"") | V22: =IF(IF(N22="Y",G22,"")=0, "O", IF(N22="Y",G22,"")) | AR22: =IF(P22>0, P22, "") -> 19 | AS22: =IF(OR(M22="Y",N22="Y"),"Y","") -> Y | AT22: =IF(AR22="","",IF(AND(H22>='Intersection Mileposts'!$F$5,H22<='Intersection Mileposts'!$G$5),"Y",IF(AND(H22>='Intersection Mileposts'!$F$6,H22<='Intersection Mileposts'!$G$6),"Y",IF(AND(H22>='Intersection Mileposts'!$F$7,H22<='Intersection Mileposts'!$G$7),"Y",IF(AND(H22>='Intersection Mileposts'!$F$8,H22<='Intersection Mileposts'!$G$8),"Y",IF(AND(H22>='Intersection Mileposts'!$F$9,H22<='Intersection Mileposts'!$G$9),"Y",IF(AND(H22>='Intersection Mileposts'!$F$10,H22<='Intersection Mileposts'!$G$10),"Y",IF(AND(H22>='Intersection Mileposts'!$F$11,H22<='Intersection Mileposts'!$G$11),"Y",IF(AND(H22>='Intersection Mileposts'!$F$12,H22<='Intersection Mileposts'!$G$12),"Y",IF(AND(H22>='Intersection Mileposts'!$F$13,H22<='Intersection Mileposts'!$G$13),"Y",IF(AND(H22>='Intersection Mileposts'!$F$14,H22<='Intersection Mileposts'!$G$14),"Y",IF(AND(H22>='Intersection Mileposts'!$F$15,H22<='Intersection Mileposts'!$G$15),"Y",IF(AND(H22>='Intersection Mileposts'!$F$16,H22<='Intersection Mileposts'!$G$16),"Y",IF(AND(H22>='Intersection Mileposts'!$F$17,H22<='Intersection Mileposts'!$G$17),"Y",IF(AND(H22>='Intersection Mileposts'!$F$18,H22<='Intersection Mileposts'!$G$18),"Y",IF(AND(H22>='Intersection Mileposts'!$F$19,H22<='Intersection Mileposts'!$G$19),"Y",IF(AND(H22>='Intersection Mileposts'!$F$20,H22<='Intersection Mileposts'!$G$20),"Y",IF(AND(H22>='Intersection Mileposts'!$F$21,H22<='Intersection Mileposts'!$G$21),"Y",IF(AND(H22>='Intersection Mileposts'!$F$22,H22<='Intersection Mileposts'!$G$22),"Y",IF(AND(H22>='Intersection Mileposts'!$F$23,H22<='Intersection Mileposts'!$G$23),"Y",IF(AND(H22>='Intersection Mileposts'!$F$24,H22<='Intersection Mileposts'!$G$24),"Y",IF(AND(H22>='Intersection Mileposts'!$F$25,H22<='Intersection Mileposts'!$G$25),"Y",IF(AND(H22>='Intersection Mileposts'!$F$26,H22<='Intersection Mileposts'!$G$26),"Y",IF(AND(H22>='Intersection Mileposts'!$F$27,H22<='Intersection Mileposts'!$G$27),"Y",IF(AND(H22>='Intersection Mileposts'!$F$28,H22<='Intersection Mileposts'!$G$28),"Y",IF(AND(H22>='Intersection Mileposts'!$F$29,H22<='Intersection Mileposts'!$G$29),"Y", IF(AND(H22>='Intersection Mileposts'!$F$30,H22<='Intersection Mileposts'!$G$30),"Y",IF(AND(H22>='Intersection Mileposts'!$F$31,H22<='Intersection Mileposts'!$G$31),"Y",IF(AND(H22>='Intersection Mileposts'!$F$32,H22<='Intersection Mileposts'!$G$32),"Y",IF(AND(H22>='Intersection Mileposts'!$F$33,H22<='Intersection Mileposts'!$G$33),"Y",IF(AND(H22>='Intersection Mileposts'!$F$34,H22<='Intersection Mileposts'!$G$34),"Y",IF(AND(H22>='Intersection Mileposts'!$F$35,H22<='Intersection Mileposts'!$G$35),"Y",IF(AND(H22>='Intersection Mileposts'!$F$36,H22<='Intersection Mileposts'!$G$36),"Y",IF(AND(H22>='Intersection Mileposts'!$F$37,H22<='Intersection Mileposts'!$G$37),"Y",IF(AND(H22>='Intersection Mileposts'!$F$38,H22<='Intersection Mileposts'!$G$38),"Y",IF(AND(H22>='Intersection Mileposts'!$F$39,H22<='Intersection Mileposts'!$G$39),"Y","N")))))))))))))))))))))))))))))))))))) -> N
A23: Example | B23: 42034 | C23: 17 | D23: 1 | E23: 0 | F23: 5 | G23: O | H23: 1.391 | P23: =IF(R23 = "", "", COUNT($R$4:R23)) -> 20 | Q23: =IF(B23="", "", YEAR(B23)) -> 2015 | R23: =IF(A23="", "", IF(G23="",1,IF(G23="O",1,IF(G23="C",8.4,IF(G23="B",8.4,IF(G23="A",76.8,IF(G23="K",76.8,"ERR"))))))) -> 1 | S23: =IF(M23="Y",R23,"") | T23: =IF(IF(M23="Y",G23,"")=0, "O", IF(M23="Y",G23,"")) | U23: =IF(N23="Y",R23,"") | V23: =IF(IF(N23="Y",G23,"")=0, "O", IF(N23="Y",G23,"")) | AR23: =IF(P23>0, P23, "") -> 20 | AS23: =IF(OR(M23="Y",N23="Y"),"Y","") | AT23: =IF(AR23="","",IF(AND(H23>='Intersection Mileposts'!$F$5,H23<='Intersection Mileposts'!$G$5),"Y",IF(AND(H23>='Intersection Mileposts'!$F$6,H23<='Intersection Mileposts'!$G$6),"Y",IF(AND(H23>='Intersection Mileposts'!$F$7,H23<='Intersection Mileposts'!$G$7),"Y",IF(AND(H23>='Intersection Mileposts'!$F$8,H23<='Intersection Mileposts'!$G$8),"Y",IF(AND(H23>='Intersection Mileposts'!$F$9,H23<='Intersection Mileposts'!$G$9),"Y",IF(AND(H23>='Intersection Mileposts'!$F$10,H23<='Intersection Mileposts'!$G$10),"Y",IF(AND(H23>='Intersection Mileposts'!$F$11,H23<='Intersection Mileposts'!$G$11),"Y",IF(AND(H23>='Intersection Mileposts'!$F$12,H23<='Intersection Mileposts'!$G$12),"Y",IF(AND(H23>='Intersection Mileposts'!$F$13,H23<='Intersection Mileposts'!$G$13),"Y",IF(AND(H23>='Intersection Mileposts'!$F$14,H23<='Intersection Mileposts'!$G$14),"Y",IF(AND(H23>='Intersection Mileposts'!$F$15,H23<='Intersection Mileposts'!$G$15),"Y",IF(AND(H23>='Intersection Mileposts'!$F$16,H23<='Intersection Mileposts'!$G$16),"Y",IF(AND(H23>='Intersection Mileposts'!$F$17,H23<='Intersection Mileposts'!$G$17),"Y",IF(AND(H23>='Intersection Mileposts'!$F$18,H23<='Intersection Mileposts'!$G$18),"Y",IF(AND(H23>='Intersection Mileposts'!$F$19,H23<='Intersection Mileposts'!$G$19),"Y",IF(AND(H23>='Intersection Mileposts'!$F$20,H23<='Intersection Mileposts'!$G$20),"Y",IF(AND(H23>='Intersection Mileposts'!$F$21,H23<='Intersection Mileposts'!$G$21),"Y",IF(AND(H23>='Intersection Mileposts'!$F$22,H23<='Intersection Mileposts'!$G$22),"Y",IF(AND(H23>='Intersection Mileposts'!$F$23,H23<='Intersection Mileposts'!$G$23),"Y",IF(AND(H23>='Intersection Mileposts'!$F$24,H23<='Intersection Mileposts'!$G$24),"Y",IF(AND(H23>='Intersection Mileposts'!$F$25,H23<='Intersection Mileposts'!$G$25),"Y",IF(AND(H23>='Intersection Mileposts'!$F$26,H23<='Intersection Mileposts'!$G$26),"Y",IF(AND(H23>='Intersection Mileposts'!$F$27,H23<='Intersection Mileposts'!$G$27),"Y",IF(AND(H23>='Intersection Mileposts'!$F$28,H23<='Intersection Mileposts'!$G$28),"Y",IF(AND(H23>='Intersection Mileposts'!$F$29,H23<='Intersection Mileposts'!$G$29),"Y", IF(AND(H23>='Intersection Mileposts'!$F$30,H23<='Intersection Mileposts'!$G$30),"Y",IF(AND(H23>='Intersection Mileposts'!$F$31,H23<='Intersection Mileposts'!$G$31),"Y",IF(AND(H23>='Intersection Mileposts'!$F$32,H23<='Intersection Mileposts'!$G$32),"Y",IF(AND(H23>='Intersection Mileposts'!$F$33,H23<='Intersection Mileposts'!$G$33),"Y",IF(AND(H23>='Intersection Mileposts'!$F$34,H23<='Intersection Mileposts'!$G$34),"Y",IF(AND(H23>='Intersection Mileposts'!$F$35,H23<='Intersection Mileposts'!$G$35),"Y",IF(AND(H23>='Intersection Mileposts'!$F$36,H23<='Intersection Mileposts'!$G$36),"Y",IF(AND(H23>='Intersection Mileposts'!$F$37,H23<='Intersection Mileposts'!$G$37),"Y",IF(AND(H23>='Intersection Mileposts'!$F$38,H23<='Intersection Mileposts'!$G$38),"Y",IF(AND(H23>='Intersection Mileposts'!$F$39,H23<='Intersection Mileposts'!$G$39),"Y","N")))))))))))))))))))))))))))))))))))) -> N
A24: Example | B24: 42145 | C24: 21 | D24: 1 | E24: 0 | F24: 1 | G24: O | H24: 1.391 | P24: =IF(R24 = "", "", COUNT($R$4:R24)) -> 21 | Q24: =IF(B24="", "", YEAR(B24)) -> 2015 | R24: =IF(A24="", "", IF(G24="",1,IF(G24="O",1,IF(G24="C",8.4,IF(G24="B",8.4,IF(G24="A",76.8,IF(G24="K",76.8,"ERR"))))))) -> 1 | S24: =IF(M24="Y",R24,"") | T24: =IF(IF(M24="Y",G24,"")=0, "O", IF(M24="Y",G24,"")) | U24: =IF(N24="Y",R24,"") | V24: =IF(IF(N24="Y",G24,"")=0, "O", IF(N24="Y",G24,"")) | Y24: ● | Z24: Make sure that rows are not skipped when pasting the fiche's in-study crash data. Skipping rows will break some of the background formulas | AR24: =IF(P24>0, P24, "") -> 21 | AS24: =IF(OR(M24="Y",N24="Y"),"Y","") | AT24: =IF(AR24="","",IF(AND(H24>='Intersection Mileposts'!$F$5,H24<='Intersection Mileposts'!$G$5),"Y",IF(AND(H24>='Intersection Mileposts'!$F$6,H24<='Intersection Mileposts'!$G$6),"Y",IF(AND(H24>='Intersection Mileposts'!$F$7,H24<='Intersection Mileposts'!$G$7),"Y",IF(AND(H24>='Intersection Mileposts'!$F$8,H24<='Intersection Mileposts'!$G$8),"Y",IF(AND(H24>='Intersection Mileposts'!$F$9,H24<='Intersection Mileposts'!$G$9),"Y",IF(AND(H24>='Intersection Mileposts'!$F$10,H24<='Intersection Mileposts'!$G$10),"Y",IF(AND(H24>='Intersection Mileposts'!$F$11,H24<='Intersection Mileposts'!$G$11),"Y",IF(AND(H24>='Intersection Mileposts'!$F$12,H24<='Intersection Mileposts'!$G$12),"Y",IF(AND(H24>='Intersection Mileposts'!$F$13,H24<='Intersection Mileposts'!$G$13),"Y",IF(AND(H24>='Intersection Mileposts'!$F$14,H24<='Intersection Mileposts'!$G$14),"Y",IF(AND(H24>='Intersection Mileposts'!$F$15,H24<='Intersection Mileposts'!$G$15),"Y",IF(AND(H24>='Intersection Mileposts'!$F$16,H24<='Intersection Mileposts'!$G$16),"Y",IF(AND(H24>='Intersection Mileposts'!$F$17,H24<='Intersection Mileposts'!$G$17),"Y",IF(AND(H24>='Intersection Mileposts'!$F$18,H24<='Intersection Mileposts'!$G$18),"Y",IF(AND(H24>='Intersection Mileposts'!$F$19,H24<='Intersection Mileposts'!$G$19),"Y",IF(AND(H24>='Intersection Mileposts'!$F$20,H24<='Intersection Mileposts'!$G$20),"Y",IF(AND(H24>='Intersection Mileposts'!$F$21,H24<='Intersection Mileposts'!$G$21),"Y",IF(AND(H24>='Intersection Mileposts'!$F$22,H24<='Intersection Mileposts'!$G$22),"Y",IF(AND(H24>='Intersection Mileposts'!$F$23,H24<='Intersection Mileposts'!$G$23),"Y",IF(AND(H24>='Intersection Mileposts'!$F$24,H24<='Intersection Mileposts'!$G$24),"Y",IF(AND(H24>='Intersection Mileposts'!$F$25,H24<='Intersection Mileposts'!$G$25),"Y",IF(AND(H24>='Intersection Mileposts'!$F$26,H24<='Intersection Mileposts'!$G$26),"Y",IF(AND(H24>='Intersection Mileposts'!$F$27,H24<='Intersection Mileposts'!$G$27),"Y",IF(AND(H24>='Intersection Mileposts'!$F$28,H24<='Intersection Mileposts'!$G$28),"Y",IF(AND(H24>='Intersection Mileposts'!$F$29,H24<='Intersection Mileposts'!$G$29),"Y", IF(AND(H24>='Intersection Mileposts'!$F$30,H24<='Intersection Mileposts'!$G$30),"Y",IF(AND(H24>='Intersection Mileposts'!$F$31,H24<='Intersection Mileposts'!$G$31),"Y",IF(AND(H24>='Intersection Mileposts'!$F$32,H24<='Intersection Mileposts'!$G$32),"Y",IF(AND(H24>='Intersection Mileposts'!$F$33,H24<='Intersection Mileposts'!$G$33),"Y",IF(AND(H24>='Intersection Mileposts'!$F$34,H24<='Intersection Mileposts'!$G$34),"Y",IF(AND(H24>='Intersection Mileposts'!$F$35,H24<='Intersection Mileposts'!$G$35),"Y",IF(AND(H24>='Intersection Mileposts'!$F$36,H24<='Intersection Mileposts'!$G$36),"Y",IF(AND(H24>='Intersection Mileposts'!$F$37,H24<='Intersection Mileposts'!$G$37),"Y",IF(AND(H24>='Intersection Mileposts'!$F$38,H24<='Intersection Mileposts'!$G$38),"Y",IF(AND(H24>='Intersection Mileposts'!$F$39,H24<='Intersection Mileposts'!$G$39),"Y","N")))))))))))))))))))))))))))))))))))) -> N
A25: Example | B25: 42310 | C25: 27 | D25: 3 | E25: 0 | F25: 3 | G25: K | H25: 1.396 | M25: Y | P25: =IF(R25 = "", "", COUNT($R$4:R25)) -> 22 | Q25: =IF(B25="", "", YEAR(B25)) -> 2015 | R25: =IF(A25="", "", IF(G25="",1,IF(G25="O",1,IF(G25="C",8.4,IF(G25="B",8.4,IF(G25="A",76.8,IF(G25="K",76.8,"ERR"))))))) -> 76.8 | S25: =IF(M25="Y",R25,"") -> 76.8 | T25: =IF(IF(M25="Y",G25,"")=0, "O", IF(M25="Y",G25,"")) -> K | U25: =IF(N25="Y",R25,"") | V25: =IF(IF(N25="Y",G25,"")=0, "O", IF(N25="Y",G25,"")) | AR25: =IF(P25>0, P25, "") -> 22 | AS25: =IF(OR(M25="Y",N25="Y"),"Y","") -> Y | AT25: =IF(AR25="","",IF(AND(H25>='Intersection Mileposts'!$F$5,H25<='Intersection Mileposts'!$G$5),"Y",IF(AND(H25>='Intersection Mileposts'!$F$6,H25<='Intersection Mileposts'!$G$6),"Y",IF(AND(H25>='Intersection Mileposts'!$F$7,H25<='Intersection Mileposts'!$G$7),"Y",IF(AND(H25>='Intersection Mileposts'!$F$8,H25<='Intersection Mileposts'!$G$8),"Y",IF(AND(H25>='Intersection Mileposts'!$F$9,H25<='Intersection Mileposts'!$G$9),"Y",IF(AND(H25>='Intersection Mileposts'!$F$10,H25<='Intersection Mileposts'!$G$10),"Y",IF(AND(H25>='Intersection Mileposts'!$F$11,H25<='Intersection Mileposts'!$G$11),"Y",IF(AND(H25>='Intersection Mileposts'!$F$12,H25<='Intersection Mileposts'!$G$12),"Y",IF(AND(H25>='Intersection Mileposts'!$F$13,H25<='Intersection Mileposts'!$G$13),"Y",IF(AND(H25>='Intersection Mileposts'!$F$14,H25<='Intersection Mileposts'!$G$14),"Y",IF(AND(H25>='Intersection Mileposts'!$F$15,H25<='Intersection Mileposts'!$G$15),"Y",IF(AND(H25>='Intersection Mileposts'!$F$16,H25<='Intersection Mileposts'!$G$16),"Y",IF(AND(H25>='Intersection Mileposts'!$F$17,H25<='Intersection Mileposts'!$G$17),"Y",IF(AND(H25>='Intersection Mileposts'!$F$18,H25<='Intersection Mileposts'!$G$18),"Y",IF(AND(H25>='Intersection Mileposts'!$F$19,H25<='Intersection Mileposts'!$G$19),"Y",IF(AND(H25>='Intersection Mileposts'!$F$20,H25<='Intersection Mileposts'!$G$20),"Y",IF(AND(H25>='Intersection Mileposts'!$F$21,H25<='Intersection Mileposts'!$G$21),"Y",IF(AND(H25>='Intersection Mileposts'!$F$22,H25<='Intersection Mileposts'!$G$22),"Y",IF(AND(H25>='Intersection Mileposts'!$F$23,H25<='Intersection Mileposts'!$G$23),"Y",IF(AND(H25>='Intersection Mileposts'!$F$24,H25<='Intersection Mileposts'!$G$24),"Y",IF(AND(H25>='Intersection Mileposts'!$F$25,H25<='Intersection Mileposts'!$G$25),"Y",IF(AND(H25>='Intersection Mileposts'!$F$26,H25<='Intersection Mileposts'!$G$26),"Y",IF(AND(H25>='Intersection Mileposts'!$F$27,H25<='Intersection Mileposts'!$G$27),"Y",IF(AND(H25>='Intersection Mileposts'!$F$28,H25<='Intersection Mileposts'!$G$28),"Y",IF(AND(H25>='Intersection Mileposts'!$F$29,H25<='Intersection Mileposts'!$G$29),"Y", IF(AND(H25>='Intersection Mileposts'!$F$30,H25<='Intersection Mileposts'!$G$30),"Y",IF(AND(H25>='Intersection Mileposts'!$F$31,H25<='Intersection Mileposts'!$G$31),"Y",IF(AND(H25>='Intersection Mileposts'!$F$32,H25<='Intersection Mileposts'!$G$32),"Y",IF(AND(H25>='Intersection Mileposts'!$F$33,H25<='Intersection Mileposts'!$G$33),"Y",IF(AND(H25>='Intersection Mileposts'!$F$34,H25<='Intersection Mileposts'!$G$34),"Y",IF(AND(H25>='Intersection Mileposts'!$F$35,H25<='Intersection Mileposts'!$G$35),"Y",IF(AND(H25>='Intersection Mileposts'!$F$36,H25<='Intersection Mileposts'!$G$36),"Y",IF(AND(H25>='Intersection Mileposts'!$F$37,H25<='Intersection Mileposts'!$G$37),"Y",IF(AND(H25>='Intersection Mileposts'!$F$38,H25<='Intersection Mileposts'!$G$38),"Y",IF(AND(H25>='Intersection Mileposts'!$F$39,H25<='Intersection Mileposts'!$G$39),"Y","N")))))))))))))))))))))))))))))))))))) -> N
A26: Example | B26: 41981 | C26: 1 | D26: 2 | E26: 0 | F26: 4 | G26: B | H26: 1.84 | M26: Y | P26: =IF(R26 = "", "", COUNT($R$4:R26)) -> 23 | Q26: =IF(B26="", "", YEAR(B26)) -> 2014 | R26: =IF(A26="", "", IF(G26="",1,IF(G26="O",1,IF(G26="C",8.4,IF(G26="B",8.4,IF(G26="A",76.8,IF(G26="K",76.8,"ERR"))))))) -> 8.4 | S26: =IF(M26="Y",R26,"") -> 8.4 | T26: =IF(IF(M26="Y",G26,"")=0, "O", IF(M26="Y",G26,"")) -> B | U26: =IF(N26="Y",R26,"") | V26: =IF(IF(N26="Y",G26,"")=0, "O", IF(N26="Y",G26,"")) | Y26: ● | Z26: The determination of the crashes in the study should be finalized/set-in-stone before pasting into this tab. Deleting and adjusting cells in the tab may break the formulas used in the calculations. | AR26: =IF(P26>0, P26, "") -> 23 | AS26: =IF(OR(M26="Y",N26="Y"),"Y","") -> Y | AT26: =IF(AR26="","",IF(AND(H26>='Intersection Mileposts'!$F$5,H26<='Intersection Mileposts'!$G$5),"Y",IF(AND(H26>='Intersection Mileposts'!$F$6,H26<='Intersection Mileposts'!$G$6),"Y",IF(AND(H26>='Intersection Mileposts'!$F$7,H26<='Intersection Mileposts'!$G$7),"Y",IF(AND(H26>='Intersection Mileposts'!$F$8,H26<='Intersection Mileposts'!$G$8),"Y",IF(AND(H26>='Intersection Mileposts'!$F$9,H26<='Intersection Mileposts'!$G$9),"Y",IF(AND(H26>='Intersection Mileposts'!$F$10,H26<='Intersection Mileposts'!$G$10),"Y",IF(AND(H26>='Intersection Mileposts'!$F$11,H26<='Intersection Mileposts'!$G$11),"Y",IF(AND(H26>='Intersection Mileposts'!$F$12,H26<='Intersection Mileposts'!$G$12),"Y",IF(AND(H26>='Intersection Mileposts'!$F$13,H26<='Intersection Mileposts'!$G$13),"Y",IF(AND(H26>='Intersection Mileposts'!$F$14,H26<='Intersection Mileposts'!$G$14),"Y",IF(AND(H26>='Intersection Mileposts'!$F$15,H26<='Intersection Mileposts'!$G$15),"Y",IF(AND(H26>='Intersection Mileposts'!$F$16,H26<='Intersection Mileposts'!$G$16),"Y",IF(AND(H26>='Intersection Mileposts'!$F$17,H26<='Intersection Mileposts'!$G$17),"Y",IF(AND(H26>='Intersection Mileposts'!$F$18,H26<='Intersection Mileposts'!$G$18),"Y",IF(AND(H26>='Intersection Mileposts'!$F$19,H26<='Intersection Mileposts'!$G$19),"Y",IF(AND(H26>='Intersection Mileposts'!$F$20,H26<='Intersection Mileposts'!$G$20),"Y",IF(AND(H26>='Intersection Mileposts'!$F$21,H26<='Intersection Mileposts'!$G$21),"Y",IF(AND(H26>='Intersection Mileposts'!$F$22,H26<='Intersection Mileposts'!$G$22),"Y",IF(AND(H26>='Intersection Mileposts'!$F$23,H26<='Intersection Mileposts'!$G$23),"Y",IF(AND(H26>='Intersection Mileposts'!$F$24,H26<='Intersection Mileposts'!$G$24),"Y",IF(AND(H26>='Intersection Mileposts'!$F$25,H26<='Intersection Mileposts'!$G$25),"Y",IF(AND(H26>='Intersection Mileposts'!$F$26,H26<='Intersection Mileposts'!$G$26),"Y",IF(AND(H26>='Intersection Mileposts'!$F$27,H26<='Intersection Mileposts'!$G$27),"Y",IF(AND(H26>='Intersection Mileposts'!$F$28,H26<='Intersection Mileposts'!$G$28),"Y",IF(AND(H26>='Intersection Mileposts'!$F$29,H26<='Intersection Mileposts'!$G$29),"Y", IF(AND(H26>='Intersection Mileposts'!$F$30,H26<='Intersection Mileposts'!$G$30),"Y",IF(AND(H26>='Intersection Mileposts'!$F$31,H26<='Intersection Mileposts'!$G$31),"Y",IF(AND(H26>='Intersection Mileposts'!$F$32,H26<='Intersection Mileposts'!$G$32),"Y",IF(AND(H26>='Intersection Mileposts'!$F$33,H26<='Intersection Mileposts'!$G$33),"Y",IF(AND(H26>='Intersection Mileposts'!$F$34,H26<='Intersection Mileposts'!$G$34),"Y",IF(AND(H26>='Intersection Mileposts'!$F$35,H26<='Intersection Mileposts'!$G$35),"Y",IF(AND(H26>='Intersection Mileposts'!$F$36,H26<='Intersection Mileposts'!$G$36),"Y",IF(AND(H26>='Intersection Mileposts'!$F$37,H26<='Intersection Mileposts'!$G$37),"Y",IF(AND(H26>='Intersection Mileposts'!$F$38,H26<='Intersection Mileposts'!$G$38),"Y",IF(AND(H26>='Intersection Mileposts'!$F$39,H26<='Intersection Mileposts'!$G$39),"Y","N")))))))))))))))))))))))))))))))))))) -> N
A27: Example | B27: 42288 | C27: 19 | D27: 1 | E27: 0 | F27: 5 | G27: O | H27: 1.84 | M27: Y | P27: =IF(R27 = "", "", COUNT($R$4:R27)) -> 24 | Q27: =IF(B27="", "", YEAR(B27)) -> 2015 | R27: =IF(A27="", "", IF(G27="",1,IF(G27="O",1,IF(G27="C",8.4,IF(G27="B",8.4,IF(G27="A",76.8,IF(G27="K",76.8,"ERR"))))))) -> 1 | S27: =IF(M27="Y",R27,"") -> 1 | T27: =IF(IF(M27="Y",G27,"")=0, "O", IF(M27="Y",G27,"")) -> O | U27: =IF(N27="Y",R27,"") | V27: =IF(IF(N27="Y",G27,"")=0, "O", IF(N27="Y",G27,"")) | AR27: =IF(P27>0, P27, "") -> 24 | AS27: =IF(OR(M27="Y",N27="Y"),"Y","") -> Y | AT27: =IF(AR27="","",IF(AND(H27>='Intersection Mileposts'!$F$5,H27<='Intersection Mileposts'!$G$5),"Y",IF(AND(H27>='Intersection Mileposts'!$F$6,H27<='Intersection Mileposts'!$G$6),"Y",IF(AND(H27>='Intersection Mileposts'!$F$7,H27<='Intersection Mileposts'!$G$7),"Y",IF(AND(H27>='Intersection Mileposts'!$F$8,H27<='Intersection Mileposts'!$G$8),"Y",IF(AND(H27>='Intersection Mileposts'!$F$9,H27<='Intersection Mileposts'!$G$9),"Y",IF(AND(H27>='Intersection Mileposts'!$F$10,H27<='Intersection Mileposts'!$G$10),"Y",IF(AND(H27>='Intersection Mileposts'!$F$11,H27<='Intersection Mileposts'!$G$11),"Y",IF(AND(H27>='Intersection Mileposts'!$F$12,H27<='Intersection Mileposts'!$G$12),"Y",IF(AND(H27>='Intersection Mileposts'!$F$13,H27<='Intersection Mileposts'!$G$13),"Y",IF(AND(H27>='Intersection Mileposts'!$F$14,H27<='Intersection Mileposts'!$G$14),"Y",IF(AND(H27>='Intersection Mileposts'!$F$15,H27<='Intersection Mileposts'!$G$15),"Y",IF(AND(H27>='Intersection Mileposts'!$F$16,H27<='Intersection Mileposts'!$G$16),"Y",IF(AND(H27>='Intersection Mileposts'!$F$17,H27<='Intersection Mileposts'!$G$17),"Y",IF(AND(H27>='Intersection Mileposts'!$F$18,H27<='Intersection Mileposts'!$G$18),"Y",IF(AND(H27>='Intersection Mileposts'!$F$19,H27<='Intersection Mileposts'!$G$19),"Y",IF(AND(H27>='Intersection Mileposts'!$F$20,H27<='Intersection Mileposts'!$G$20),"Y",IF(AND(H27>='Intersection Mileposts'!$F$21,H27<='Intersection Mileposts'!$G$21),"Y",IF(AND(H27>='Intersection Mileposts'!$F$22,H27<='Intersection Mileposts'!$G$22),"Y",IF(AND(H27>='Intersection Mileposts'!$F$23,H27<='Intersection Mileposts'!$G$23),"Y",IF(AND(H27>='Intersection Mileposts'!$F$24,H27<='Intersection Mileposts'!$G$24),"Y",IF(AND(H27>='Intersection Mileposts'!$F$25,H27<='Intersection Mileposts'!$G$25),"Y",IF(AND(H27>='Intersection Mileposts'!$F$26,H27<='Intersection Mileposts'!$G$26),"Y",IF(AND(H27>='Intersection Mileposts'!$F$27,H27<='Intersection Mileposts'!$G$27),"Y",IF(AND(H27>='Intersection Mileposts'!$F$28,H27<='Intersection Mileposts'!$G$28),"Y",IF(AND(H27>='Intersection Mileposts'!$F$29,H27<='Intersection Mileposts'!$G$29),"Y", IF(AND(H27>='Intersection Mileposts'!$F$30,H27<='Intersection Mileposts'!$G$30),"Y",IF(AND(H27>='Intersection Mileposts'!$F$31,H27<='Intersection Mileposts'!$G$31),"Y",IF(AND(H27>='Intersection Mileposts'!$F$32,H27<='Intersection Mileposts'!$G$32),"Y",IF(AND(H27>='Intersection Mileposts'!$F$33,H27<='Intersection Mileposts'!$G$33),"Y",IF(AND(H27>='Intersection Mileposts'!$F$34,H27<='Intersection Mileposts'!$G$34),"Y",IF(AND(H27>='Intersection Mileposts'!$F$35,H27<='Intersection Mileposts'!$G$35),"Y",IF(AND(H27>='Intersection Mileposts'!$F$36,H27<='Intersection Mileposts'!$G$36),"Y",IF(AND(H27>='Intersection Mileposts'!$F$37,H27<='Intersection Mileposts'!$G$37),"Y",IF(AND(H27>='Intersection Mileposts'!$F$38,H27<='Intersection Mileposts'!$G$38),"Y",IF(AND(H27>='Intersection Mileposts'!$F$39,H27<='Intersection Mileposts'!$G$39),"Y","N")))))))))))))))))))))))))))))))))))) -> N
A28: Example | B28: 41608 | C28: 17 | D28: 1 | E28: 0 | F28: 5 | G28: O | H28: 1.87 | P28: =IF(R28 = "", "", COUNT($R$4:R28)) -> 25 | Q28: =IF(B28="", "", YEAR(B28)) -> 2013 | R28: =IF(A28="", "", IF(G28="",1,IF(G28="O",1,IF(G28="C",8.4,IF(G28="B",8.4,IF(G28="A",76.8,IF(G28="K",76.8,"ERR"))))))) -> 1 | S28: =IF(M28="Y",R28,"") | T28: =IF(IF(M28="Y",G28,"")=0, "O", IF(M28="Y",G28,"")) | U28: =IF(N28="Y",R28,"") | V28: =IF(IF(N28="Y",G28,"")=0, "O", IF(N28="Y",G28,"")) | AR28: =IF(P28>0, P28, "") -> 25 | AS28: =IF(OR(M28="Y",N28="Y"),"Y","") | AT28: =IF(AR28="","",IF(AND(H28>='Intersection Mileposts'!$F$5,H28<='Intersection Mileposts'!$G$5),"Y",IF(AND(H28>='Intersection Mileposts'!$F$6,H28<='Intersection Mileposts'!$G$6),"Y",IF(AND(H28>='Intersection Mileposts'!$F$7,H28<='Intersection Mileposts'!$G$7),"Y",IF(AND(H28>='Intersection Mileposts'!$F$8,H28<='Intersection Mileposts'!$G$8),"Y",IF(AND(H28>='Intersection Mileposts'!$F$9,H28<='Intersection Mileposts'!$G$9),"Y",IF(AND(H28>='Intersection Mileposts'!$F$10,H28<='Intersection Mileposts'!$G$10),"Y",IF(AND(H28>='Intersection Mileposts'!$F$11,H28<='Intersection Mileposts'!$G$11),"Y",IF(AND(H28>='Intersection Mileposts'!$F$12,H28<='Intersection Mileposts'!$G$12),"Y",IF(AND(H28>='Intersection Mileposts'!$F$13,H28<='Intersection Mileposts'!$G$13),"Y",IF(AND(H28>='Intersection Mileposts'!$F$14,H28<='Intersection Mileposts'!$G$14),"Y",IF(AND(H28>='Intersection Mileposts'!$F$15,H28<='Intersection Mileposts'!$G$15),"Y",IF(AND(H28>='Intersection Mileposts'!$F$16,H28<='Intersection Mileposts'!$G$16),"Y",IF(AND(H28>='Intersection Mileposts'!$F$17,H28<='Intersection Mileposts'!$G$17),"Y",IF(AND(H28>='Intersection Mileposts'!$F$18,H28<='Intersection Mileposts'!$G$18),"Y",IF(AND(H28>='Intersection Mileposts'!$F$19,H28<='Intersection Mileposts'!$G$19),"Y",IF(AND(H28>='Intersection Mileposts'!$F$20,H28<='Intersection Mileposts'!$G$20),"Y",IF(AND(H28>='Intersection Mileposts'!$F$21,H28<='Intersection Mileposts'!$G$21),"Y",IF(AND(H28>='Intersection Mileposts'!$F$22,H28<='Intersection Mileposts'!$G$22),"Y",IF(AND(H28>='Intersection Mileposts'!$F$23,H28<='Intersection Mileposts'!$G$23),"Y",IF(AND(H28>='Intersection Mileposts'!$F$24,H28<='Intersection Mileposts'!$G$24),"Y",IF(AND(H28>='Intersection Mileposts'!$F$25,H28<='Intersection Mileposts'!$G$25),"Y",IF(AND(H28>='Intersection Mileposts'!$F$26,H28<='Intersection Mileposts'!$G$26),"Y",IF(AND(H28>='Intersection Mileposts'!$F$27,H28<='Intersection Mileposts'!$G$27),"Y",IF(AND(H28>='Intersection Mileposts'!$F$28,H28<='Intersection Mileposts'!$G$28),"Y",IF(AND(H28>='Intersection Mileposts'!$F$29,H28<='Intersection Mileposts'!$G$29),"Y", IF(AND(H28>='Intersection Mileposts'!$F$30,H28<='Intersection Mileposts'!$G$30),"Y",IF(AND(H28>='Intersection Mileposts'!$F$31,H28<='Intersection Mileposts'!$G$31),"Y",IF(AND(H28>='Intersection Mileposts'!$F$32,H28<='Intersection Mileposts'!$G$32),"Y",IF(AND(H28>='Intersection Mileposts'!$F$33,H28<='Intersection Mileposts'!$G$33),"Y",IF(AND(H28>='Intersection Mileposts'!$F$34,H28<='Intersection Mileposts'!$G$34),"Y",IF(AND(H28>='Intersection Mileposts'!$F$35,H28<='Intersection Mileposts'!$G$35),"Y",IF(AND(H28>='Intersection Mileposts'!$F$36,H28<='Intersection Mileposts'!$G$36),"Y",IF(AND(H28>='Intersection Mileposts'!$F$37,H28<='Intersection Mileposts'!$G$37),"Y",IF(AND(H28>='Intersection Mileposts'!$F$38,H28<='Intersection Mileposts'!$G$38),"Y",IF(AND(H28>='Intersection Mileposts'!$F$39,H28<='Intersection Mileposts'!$G$39),"Y","N")))))))))))))))))))))))))))))))))))) -> N
A29: Example | B29: 42289 | C29: 21 | D29: 1 | E29: 0 | F29: 1 | G29: O | H29: 1.888 | P29: =IF(R29 = "", "", COUNT($R$4:R29)) -> 26 | Q29: =IF(B29="", "", YEAR(B29)) -> 2015 | R29: =IF(A29="", "", IF(G29="",1,IF(G29="O",1,IF(G29="C",8.4,IF(G29="B",8.4,IF(G29="A",76.8,IF(G29="K",76.8,"ERR"))))))) -> 1 | S29: =IF(M29="Y",R29,"") | T29: =IF(IF(M29="Y",G29,"")=0, "O", IF(M29="Y",G29,"")) | U29: =IF(N29="Y",R29,"") | V29: =IF(IF(N29="Y",G29,"")=0, "O", IF(N29="Y",G29,"")) | X29: 2 | Y29: For the crashes you have determined to be within your study area and in the BEFORE period, enter in the FINAL milepost location of the crash into column H. The mileposts entered into this column should correlate with the crash ID and other crash information copied into the row during step 1. Again, this should be the FINAL milepost location (after any necessary re-mileposting). | AR29: =IF(P29>0, P29, "") -> 26 | AS29: =IF(OR(M29="Y",N29="Y"),"Y","") | AT29: =IF(AR29="","",IF(AND(H29>='Intersection Mileposts'!$F$5,H29<='Intersection Mileposts'!$G$5),"Y",IF(AND(H29>='Intersection Mileposts'!$F$6,H29<='Intersection Mileposts'!$G$6),"Y",IF(AND(H29>='Intersection Mileposts'!$F$7,H29<='Intersection Mileposts'!$G$7),"Y",IF(AND(H29>='Intersection Mileposts'!$F$8,H29<='Intersection Mileposts'!$G$8),"Y",IF(AND(H29>='Intersection Mileposts'!$F$9,H29<='Intersection Mileposts'!$G$9),"Y",IF(AND(H29>='Intersection Mileposts'!$F$10,H29<='Intersection Mileposts'!$G$10),"Y",IF(AND(H29>='Intersection Mileposts'!$F$11,H29<='Intersection Mileposts'!$G$11),"Y",IF(AND(H29>='Intersection Mileposts'!$F$12,H29<='Intersection Mileposts'!$G$12),"Y",IF(AND(H29>='Intersection Mileposts'!$F$13,H29<='Intersection Mileposts'!$G$13),"Y",IF(AND(H29>='Intersection Mileposts'!$F$14,H29<='Intersection Mileposts'!$G$14),"Y",IF(AND(H29>='Intersection Mileposts'!$F$15,H29<='Intersection Mileposts'!$G$15),"Y",IF(AND(H29>='Intersection Mileposts'!$F$16,H29<='Intersection Mileposts'!$G$16),"Y",IF(AND(H29>='Intersection Mileposts'!$F$17,H29<='Intersection Mileposts'!$G$17),"Y",IF(AND(H29>='Intersection Mileposts'!$F$18,H29<='Intersection Mileposts'!$G$18),"Y",IF(AND(H29>='Intersection Mileposts'!$F$19,H29<='Intersection Mileposts'!$G$19),"Y",IF(AND(H29>='Intersection Mileposts'!$F$20,H29<='Intersection Mileposts'!$G$20),"Y",IF(AND(H29>='Intersection Mileposts'!$F$21,H29<='Intersection Mileposts'!$G$21),"Y",IF(AND(H29>='Intersection Mileposts'!$F$22,H29<='Intersection Mileposts'!$G$22),"Y",IF(AND(H29>='Intersection Mileposts'!$F$23,H29<='Intersection Mileposts'!$G$23),"Y",IF(AND(H29>='Intersection Mileposts'!$F$24,H29<='Intersection Mileposts'!$G$24),"Y",IF(AND(H29>='Intersection Mileposts'!$F$25,H29<='Intersection Mileposts'!$G$25),"Y",IF(AND(H29>='Intersection Mileposts'!$F$26,H29<='Intersection Mileposts'!$G$26),"Y",IF(AND(H29>='Intersection Mileposts'!$F$27,H29<='Intersection Mileposts'!$G$27),"Y",IF(AND(H29>='Intersection Mileposts'!$F$28,H29<='Intersection Mileposts'!$G$28),"Y",IF(AND(H29>='Intersection Mileposts'!$F$29,H29<='Intersection Mileposts'!$G$29),"Y", IF(AND(H29>='Intersection Mileposts'!$F$30,H29<='Intersection Mileposts'!$G$30),"Y",IF(AND(H29>='Intersection Mileposts'!$F$31,H29<='Intersection Mileposts'!$G$31),"Y",IF(AND(H29>='Intersection Mileposts'!$F$32,H29<='Intersection Mileposts'!$G$32),"Y",IF(AND(H29>='Intersection Mileposts'!$F$33,H29<='Intersection Mileposts'!$G$33),"Y",IF(AND(H29>='Intersection Mileposts'!$F$34,H29<='Intersection Mileposts'!$G$34),"Y",IF(AND(H29>='Intersection Mileposts'!$F$35,H29<='Intersection Mileposts'!$G$35),"Y",IF(AND(H29>='Intersection Mileposts'!$F$36,H29<='Intersection Mileposts'!$G$36),"Y",IF(AND(H29>='Intersection Mileposts'!$F$37,H29<='Intersection Mileposts'!$G$37),"Y",IF(AND(H29>='Intersection Mileposts'!$F$38,H29<='Intersection Mileposts'!$G$38),"Y",IF(AND(H29>='Intersection Mileposts'!$F$39,H29<='Intersection Mileposts'!$G$39),"Y","N")))))))))))))))))))))))))))))))))))) -> N
A30: Example | B30: 41954 | C30: 17 | D30: 1 | E30: 0 | F30: 5 | G30: O | H30: 1.91 | P30: =IF(R30 = "", "", COUNT($R$4:R30)) -> 27 | Q30: =IF(B30="", "", YEAR(B30)) -> 2014 | R30: =IF(A30="", "", IF(G30="",1,IF(G30="O",1,IF(G30="C",8.4,IF(G30="B",8.4,IF(G30="A",76.8,IF(G30="K",76.8,"ERR"))))))) -> 1 | S30: =IF(M30="Y",R30,"") | T30: =IF(IF(M30="Y",G30,"")=0, "O", IF(M30="Y",G30,"")) | U30: =IF(N30="Y",R30,"") | V30: =IF(IF(N30="Y",G30,"")=0, "O", IF(N30="Y",G30,"")) | AR30: =IF(P30>0, P30, "") -> 27 | AS30: =IF(OR(M30="Y",N30="Y"),"Y","") | AT30: =IF(AR30="","",IF(AND(H30>='Intersection Mileposts'!$F$5,H30<='Intersection Mileposts'!$G$5),"Y",IF(AND(H30>='Intersection Mileposts'!$F$6,H30<='Intersection Mileposts'!$G$6),"Y",IF(AND(H30>='Intersection Mileposts'!$F$7,H30<='Intersection Mileposts'!$G$7),"Y",IF(AND(H30>='Intersection Mileposts'!$F$8,H30<='Intersection Mileposts'!$G$8),"Y",IF(AND(H30>='Intersection Mileposts'!$F$9,H30<='Intersection Mileposts'!$G$9),"Y",IF(AND(H30>='Intersection Mileposts'!$F$10,H30<='Intersection Mileposts'!$G$10),"Y",IF(AND(H30>='Intersection Mileposts'!$F$11,H30<='Intersection Mileposts'!$G$11),"Y",IF(AND(H30>='Intersection Mileposts'!$F$12,H30<='Intersection Mileposts'!$G$12),"Y",IF(AND(H30>='Intersection Mileposts'!$F$13,H30<='Intersection Mileposts'!$G$13),"Y",IF(AND(H30>='Intersection Mileposts'!$F$14,H30<='Intersection Mileposts'!$G$14),"Y",IF(AND(H30>='Intersection Mileposts'!$F$15,H30<='Intersection Mileposts'!$G$15),"Y",IF(AND(H30>='Intersection Mileposts'!$F$16,H30<='Intersection Mileposts'!$G$16),"Y",IF(AND(H30>='Intersection Mileposts'!$F$17,H30<='Intersection Mileposts'!$G$17),"Y",IF(AND(H30>='Intersection Mileposts'!$F$18,H30<='Intersection Mileposts'!$G$18),"Y",IF(AND(H30>='Intersection Mileposts'!$F$19,H30<='Intersection Mileposts'!$G$19),"Y",IF(AND(H30>='Intersection Mileposts'!$F$20,H30<='Intersection Mileposts'!$G$20),"Y",IF(AND(H30>='Intersection Mileposts'!$F$21,H30<='Intersection Mileposts'!$G$21),"Y",IF(AND(H30>='Intersection Mileposts'!$F$22,H30<='Intersection Mileposts'!$G$22),"Y",IF(AND(H30>='Intersection Mileposts'!$F$23,H30<='Intersection Mileposts'!$G$23),"Y",IF(AND(H30>='Intersection Mileposts'!$F$24,H30<='Intersection Mileposts'!$G$24),"Y",IF(AND(H30>='Intersection Mileposts'!$F$25,H30<='Intersection Mileposts'!$G$25),"Y",IF(AND(H30>='Intersection Mileposts'!$F$26,H30<='Intersection Mileposts'!$G$26),"Y",IF(AND(H30>='Intersection Mileposts'!$F$27,H30<='Intersection Mileposts'!$G$27),"Y",IF(AND(H30>='Intersection Mileposts'!$F$28,H30<='Intersection Mileposts'!$G$28),"Y",IF(AND(H30>='Intersection Mileposts'!$F$29,H30<='Intersection Mileposts'!$G$29),"Y", IF(AND(H30>='Intersection Mileposts'!$F$30,H30<='Intersection Mileposts'!$G$30),"Y",IF(AND(H30>='Intersection Mileposts'!$F$31,H30<='Intersection Mileposts'!$G$31),"Y",IF(AND(H30>='Intersection Mileposts'!$F$32,H30<='Intersection Mileposts'!$G$32),"Y",IF(AND(H30>='Intersection Mileposts'!$F$33,H30<='Intersection Mileposts'!$G$33),"Y",IF(AND(H30>='Intersection Mileposts'!$F$34,H30<='Intersection Mileposts'!$G$34),"Y",IF(AND(H30>='Intersection Mileposts'!$F$35,H30<='Intersection Mileposts'!$G$35),"Y",IF(AND(H30>='Intersection Mileposts'!$F$36,H30<='Intersection Mileposts'!$G$36),"Y",IF(AND(H30>='Intersection Mileposts'!$F$37,H30<='Intersection Mileposts'!$G$37),"Y",IF(AND(H30>='Intersection Mileposts'!$F$38,H30<='Intersection Mileposts'!$G$38),"Y",IF(AND(H30>='Intersection Mileposts'!$F$39,H30<='Intersection Mileposts'!$G$39),"Y","N")))))))))))))))))))))))))))))))))))) -> N
A31: Example | B31: 41960 | C31: 17 | D31: 2 | E31: 0 | F31: 5 | G31: O | H31: 1.91 | P31: =IF(R31 = "", "", COUNT($R$4:R31)) -> 28 | Q31: =IF(B31="", "", YEAR(B31)) -> 2014 | R31: =IF(A31="", "", IF(G31="",1,IF(G31="O",1,IF(G31="C",8.4,IF(G31="B",8.4,IF(G31="A",76.8,IF(G31="K",76.8,"ERR"))))))) -> 1 | S31: =IF(M31="Y",R31,"") | T31: =IF(IF(M31="Y",G31,"")=0, "O", IF(M31="Y",G31,"")) | U31: =IF(N31="Y",R31,"") | V31: =IF(IF(N31="Y",G31,"")=0, "O", IF(N31="Y",G31,"")) | AR31: =IF(P31>0, P31, "") -> 28 | AS31: =IF(OR(M31="Y",N31="Y"),"Y","") | AT31: =IF(AR31="","",IF(AND(H31>='Intersection Mileposts'!$F$5,H31<='Intersection Mileposts'!$G$5),"Y",IF(AND(H31>='Intersection Mileposts'!$F$6,H31<='Intersection Mileposts'!$G$6),"Y",IF(AND(H31>='Intersection Mileposts'!$F$7,H31<='Intersection Mileposts'!$G$7),"Y",IF(AND(H31>='Intersection Mileposts'!$F$8,H31<='Intersection Mileposts'!$G$8),"Y",IF(AND(H31>='Intersection Mileposts'!$F$9,H31<='Intersection Mileposts'!$G$9),"Y",IF(AND(H31>='Intersection Mileposts'!$F$10,H31<='Intersection Mileposts'!$G$10),"Y",IF(AND(H31>='Intersection Mileposts'!$F$11,H31<='Intersection Mileposts'!$G$11),"Y",IF(AND(H31>='Intersection Mileposts'!$F$12,H31<='Intersection Mileposts'!$G$12),"Y",IF(AND(H31>='Intersection Mileposts'!$F$13,H31<='Intersection Mileposts'!$G$13),"Y",IF(AND(H31>='Intersection Mileposts'!$F$14,H31<='Intersection Mileposts'!$G$14),"Y",IF(AND(H31>='Intersection Mileposts'!$F$15,H31<='Intersection Mileposts'!$G$15),"Y",IF(AND(H31>='Intersection Mileposts'!$F$16,H31<='Intersection Mileposts'!$G$16),"Y",IF(AND(H31>='Intersection Mileposts'!$F$17,H31<='Intersection Mileposts'!$G$17),"Y",IF(AND(H31>='Intersection Mileposts'!$F$18,H31<='Intersection Mileposts'!$G$18),"Y",IF(AND(H31>='Intersection Mileposts'!$F$19,H31<='Intersection Mileposts'!$G$19),"Y",IF(AND(H31>='Intersection Mileposts'!$F$20,H31<='Intersection Mileposts'!$G$20),"Y",IF(AND(H31>='Intersection Mileposts'!$F$21,H31<='Intersection Mileposts'!$G$21),"Y",IF(AND(H31>='Intersection Mileposts'!$F$22,H31<='Intersection Mileposts'!$G$22),"Y",IF(AND(H31>='Intersection Mileposts'!$F$23,H31<='Intersection Mileposts'!$G$23),"Y",IF(AND(H31>='Intersection Mileposts'!$F$24,H31<='Intersection Mileposts'!$G$24),"Y",IF(AND(H31>='Intersection Mileposts'!$F$25,H31<='Intersection Mileposts'!$G$25),"Y",IF(AND(H31>='Intersection Mileposts'!$F$26,H31<='Intersection Mileposts'!$G$26),"Y",IF(AND(H31>='Intersection Mileposts'!$F$27,H31<='Intersection Mileposts'!$G$27),"Y",IF(AND(H31>='Intersection Mileposts'!$F$28,H31<='Intersection Mileposts'!$G$28),"Y",IF(AND(H31>='Intersection Mileposts'!$F$29,H31<='Intersection Mileposts'!$G$29),"Y", IF(AND(H31>='Intersection Mileposts'!$F$30,H31<='Intersection Mileposts'!$G$30),"Y",IF(AND(H31>='Intersection Mileposts'!$F$31,H31<='Intersection Mileposts'!$G$31),"Y",IF(AND(H31>='Intersection Mileposts'!$F$32,H31<='Intersection Mileposts'!$G$32),"Y",IF(AND(H31>='Intersection Mileposts'!$F$33,H31<='Intersection Mileposts'!$G$33),"Y",IF(AND(H31>='Intersection Mileposts'!$F$34,H31<='Intersection Mileposts'!$G$34),"Y",IF(AND(H31>='Intersection Mileposts'!$F$35,H31<='Intersection Mileposts'!$G$35),"Y",IF(AND(H31>='Intersection Mileposts'!$F$36,H31<='Intersection Mileposts'!$G$36),"Y",IF(AND(H31>='Intersection Mileposts'!$F$37,H31<='Intersection Mileposts'!$G$37),"Y",IF(AND(H31>='Intersection Mileposts'!$F$38,H31<='Intersection Mileposts'!$G$38),"Y",IF(AND(H31>='Intersection Mileposts'!$F$39,H31<='Intersection Mileposts'!$G$39),"Y","N")))))))))))))))))))))))))))))))))))) -> N
A32: Example | B32: 42789 | C32: 17 | D32: 1 | E32: 0 | F32: 1 | G32: O | H32: 1.91 | P32: =IF(R32 = "", "", COUNT($R$4:R32)) -> 29 | Q32: =IF(B32="", "", YEAR(B32)) -> 2017 | R32: =IF(A32="", "", IF(G32="",1,IF(G32="O",1,IF(G32="C",8.4,IF(G32="B",8.4,IF(G32="A",76.8,IF(G32="K",76.8,"ERR"))))))) -> 1 | S32: =IF(M32="Y",R32,"") | T32: =IF(IF(M32="Y",G32,"")=0, "O", IF(M32="Y",G32,"")) | U32: =IF(N32="Y",R32,"") | V32: =IF(IF(N32="Y",G32,"")=0, "O", IF(N32="Y",G32,"")) | AR32: =IF(P32>0, P32, "") -> 29 | AS32: =IF(OR(M32="Y",N32="Y"),"Y","") | AT32: =IF(AR32="","",IF(AND(H32>='Intersection Mileposts'!$F$5,H32<='Intersection Mileposts'!$G$5),"Y",IF(AND(H32>='Intersection Mileposts'!$F$6,H32<='Intersection Mileposts'!$G$6),"Y",IF(AND(H32>='Intersection Mileposts'!$F$7,H32<='Intersection Mileposts'!$G$7),"Y",IF(AND(H32>='Intersection Mileposts'!$F$8,H32<='Intersection Mileposts'!$G$8),"Y",IF(AND(H32>='Intersection Mileposts'!$F$9,H32<='Intersection Mileposts'!$G$9),"Y",IF(AND(H32>='Intersection Mileposts'!$F$10,H32<='Intersection Mileposts'!$G$10),"Y",IF(AND(H32>='Intersection Mileposts'!$F$11,H32<='Intersection Mileposts'!$G$11),"Y",IF(AND(H32>='Intersection Mileposts'!$F$12,H32<='Intersection Mileposts'!$G$12),"Y",IF(AND(H32>='Intersection Mileposts'!$F$13,H32<='Intersection Mileposts'!$G$13),"Y",IF(AND(H32>='Intersection Mileposts'!$F$14,H32<='Intersection Mileposts'!$G$14),"Y",IF(AND(H32>='Intersection Mileposts'!$F$15,H32<='Intersection Mileposts'!$G$15),"Y",IF(AND(H32>='Intersection Mileposts'!$F$16,H32<='Intersection Mileposts'!$G$16),"Y",IF(AND(H32>='Intersection Mileposts'!$F$17,H32<='Intersection Mileposts'!$G$17),"Y",IF(AND(H32>='Intersection Mileposts'!$F$18,H32<='Intersection Mileposts'!$G$18),"Y",IF(AND(H32>='Intersection Mileposts'!$F$19,H32<='Intersection Mileposts'!$G$19),"Y",IF(AND(H32>='Intersection Mileposts'!$F$20,H32<='Intersection Mileposts'!$G$20),"Y",IF(AND(H32>='Intersection Mileposts'!$F$21,H32<='Intersection Mileposts'!$G$21),"Y",IF(AND(H32>='Intersection Mileposts'!$F$22,H32<='Intersection Mileposts'!$G$22),"Y",IF(AND(H32>='Intersection Mileposts'!$F$23,H32<='Intersection Mileposts'!$G$23),"Y",IF(AND(H32>='Intersection Mileposts'!$F$24,H32<='Intersection Mileposts'!$G$24),"Y",IF(AND(H32>='Intersection Mileposts'!$F$25,H32<='Intersection Mileposts'!$G$25),"Y",IF(AND(H32>='Intersection Mileposts'!$F$26,H32<='Intersection Mileposts'!$G$26),"Y",IF(AND(H32>='Intersection Mileposts'!$F$27,H32<='Intersection Mileposts'!$G$27),"Y",IF(AND(H32>='Intersection Mileposts'!$F$28,H32<='Intersection Mileposts'!$G$28),"Y",IF(AND(H32>='Intersection Mileposts'!$F$29,H32<='Intersection Mileposts'!$G$29),"Y", IF(AND(H32>='Intersection Mileposts'!$F$30,H32<='Intersection Mileposts'!$G$30),"Y",IF(AND(H32>='Intersection Mileposts'!$F$31,H32<='Intersection Mileposts'!$G$31),"Y",IF(AND(H32>='Intersection Mileposts'!$F$32,H32<='Intersection Mileposts'!$G$32),"Y",IF(AND(H32>='Intersection Mileposts'!$F$33,H32<='Intersection Mileposts'!$G$33),"Y",IF(AND(H32>='Intersection Mileposts'!$F$34,H32<='Intersection Mileposts'!$G$34),"Y",IF(AND(H32>='Intersection Mileposts'!$F$35,H32<='Intersection Mileposts'!$G$35),"Y",IF(AND(H32>='Intersection Mileposts'!$F$36,H32<='Intersection Mileposts'!$G$36),"Y",IF(AND(H32>='Intersection Mileposts'!$F$37,H32<='Intersection Mileposts'!$G$37),"Y",IF(AND(H32>='Intersection Mileposts'!$F$38,H32<='Intersection Mileposts'!$G$38),"Y",IF(AND(H32>='Intersection Mileposts'!$F$39,H32<='Intersection Mileposts'!$G$39),"Y","N")))))))))))))))))))))))))))))))))))) -> N
A33: Example | B33: 41590 | C33: 21 | D33: 1 | E33: 0 | F33: 1 | G33: O | H33: 1.964 | P33: =IF(R33 = "", "", COUNT($R$4:R33)) -> 30 | Q33: =IF(B33="", "", YEAR(B33)) -> 2013 | R33: =IF(A33="", "", IF(G33="",1,IF(G33="O",1,IF(G33="C",8.4,IF(G33="B",8.4,IF(G33="A",76.8,IF(G33="K",76.8,"ERR"))))))) -> 1 | S33: =IF(M33="Y",R33,"") | T33: =IF(IF(M33="Y",G33,"")=0, "O", IF(M33="Y",G33,"")) | U33: =IF(N33="Y",R33,"") | V33: =IF(IF(N33="Y",G33,"")=0, "O", IF(N33="Y",G33,"")) | AR33: =IF(P33>0, P33, "") -> 30 | AS33: =IF(OR(M33="Y",N33="Y"),"Y","") | AT33: =IF(AR33="","",IF(AND(H33>='Intersection Mileposts'!$F$5,H33<='Intersection Mileposts'!$G$5),"Y",IF(AND(H33>='Intersection Mileposts'!$F$6,H33<='Intersection Mileposts'!$G$6),"Y",IF(AND(H33>='Intersection Mileposts'!$F$7,H33<='Intersection Mileposts'!$G$7),"Y",IF(AND(H33>='Intersection Mileposts'!$F$8,H33<='Intersection Mileposts'!$G$8),"Y",IF(AND(H33>='Intersection Mileposts'!$F$9,H33<='Intersection Mileposts'!$G$9),"Y",IF(AND(H33>='Intersection Mileposts'!$F$10,H33<='Intersection Mileposts'!$G$10),"Y",IF(AND(H33>='Intersection Mileposts'!$F$11,H33<='Intersection Mileposts'!$G$11),"Y",IF(AND(H33>='Intersection Mileposts'!$F$12,H33<='Intersection Mileposts'!$G$12),"Y",IF(AND(H33>='Intersection Mileposts'!$F$13,H33<='Intersection Mileposts'!$G$13),"Y",IF(AND(H33>='Intersection Mileposts'!$F$14,H33<='Intersection Mileposts'!$G$14),"Y",IF(AND(H33>='Intersection Mileposts'!$F$15,H33<='Intersection Mileposts'!$G$15),"Y",IF(AND(H33>='Intersection Mileposts'!$F$16,H33<='Intersection Mileposts'!$G$16),"Y",IF(AND(H33>='Intersection Mileposts'!$F$17,H33<='Intersection Mileposts'!$G$17),"Y",IF(AND(H33>='Intersection Mileposts'!$F$18,H33<='Intersection Mileposts'!$G$18),"Y",IF(AND(H33>='Intersection Mileposts'!$F$19,H33<='Intersection Mileposts'!$G$19),"Y",IF(AND(H33>='Intersection Mileposts'!$F$20,H33<='Intersection Mileposts'!$G$20),"Y",IF(AND(H33>='Intersection Mileposts'!$F$21,H33<='Intersection Mileposts'!$G$21),"Y",IF(AND(H33>='Intersection Mileposts'!$F$22,H33<='Intersection Mileposts'!$G$22),"Y",IF(AND(H33>='Intersection Mileposts'!$F$23,H33<='Intersection Mileposts'!$G$23),"Y",IF(AND(H33>='Intersection Mileposts'!$F$24,H33<='Intersection Mileposts'!$G$24),"Y",IF(AND(H33>='Intersection Mileposts'!$F$25,H33<='Intersection Mileposts'!$G$25),"Y",IF(AND(H33>='Intersection Mileposts'!$F$26,H33<='Intersection Mileposts'!$G$26),"Y",IF(AND(H33>='Intersection Mileposts'!$F$27,H33<='Intersection Mileposts'!$G$27),"Y",IF(AND(H33>='Intersection Mileposts'!$F$28,H33<='Intersection Mileposts'!$G$28),"Y",IF(AND(H33>='Intersection Mileposts'!$F$29,H33<='Intersection Mileposts'!$G$29),"Y", IF(AND(H33>='Intersection Mileposts'!$F$30,H33<='Intersection Mileposts'!$G$30),"Y",IF(AND(H33>='Intersection Mileposts'!$F$31,H33<='Intersection Mileposts'!$G$31),"Y",IF(AND(H33>='Intersection Mileposts'!$F$32,H33<='Intersection Mileposts'!$G$32),"Y",IF(AND(H33>='Intersection Mileposts'!$F$33,H33<='Intersection Mileposts'!$G$33),"Y",IF(AND(H33>='Intersection Mileposts'!$F$34,H33<='Intersection Mileposts'!$G$34),"Y",IF(AND(H33>='Intersection Mileposts'!$F$35,H33<='Intersection Mileposts'!$G$35),"Y",IF(AND(H33>='Intersection Mileposts'!$F$36,H33<='Intersection Mileposts'!$G$36),"Y",IF(AND(H33>='Intersection Mileposts'!$F$37,H33<='Intersection Mileposts'!$G$37),"Y",IF(AND(H33>='Intersection Mileposts'!$F$38,H33<='Intersection Mileposts'!$G$38),"Y",IF(AND(H33>='Intersection Mileposts'!$F$39,H33<='Intersection Mileposts'!$G$39),"Y","N")))))))))))))))))))))))))))))))))))) -> N
A34: Example | B34: 41341 | C34: 21 | D34: 1 | E34: 7 | F34: 1 | G34: O | H34: 2.031 | P34: =IF(R34 = "", "", COUNT($R$4:R34)) -> 31 | Q34: =IF(B34="", "", YEAR(B34)) -> 2013 | R34: =IF(A34="", "", IF(G34="",1,IF(G34="O",1,IF(G34="C",8.4,IF(G34="B",8.4,IF(G34="A",76.8,IF(G34="K",76.8,"ERR"))))))) -> 1 | S34: =IF(M34="Y",R34,"") | T34: =IF(IF(M34="Y",G34,"")=0, "O", IF(M34="Y",G34,"")) | U34: =IF(N34="Y",R34,"") | V34: =IF(IF(N34="Y",G34,"")=0, "O", IF(N34="Y",G34,"")) | X34: 3 | Y34: Different analysts like using different columns for their notes when filtering the Fiche and labeling crashes. Columns I -> L are your prerogative, feel free to copy in whatever notes you used in the analysis. | AR34: =IF(P34>0, P34, "") -> 31 | AS34: =IF(OR(M34="Y",N34="Y"),"Y","") | AT34: =IF(AR34="","",IF(AND(H34>='Intersection Mileposts'!$F$5,H34<='Intersection Mileposts'!$G$5),"Y",IF(AND(H34>='Intersection Mileposts'!$F$6,H34<='Intersection Mileposts'!$G$6),"Y",IF(AND(H34>='Intersection Mileposts'!$F$7,H34<='Intersection Mileposts'!$G$7),"Y",IF(AND(H34>='Intersection Mileposts'!$F$8,H34<='Intersection Mileposts'!$G$8),"Y",IF(AND(H34>='Intersection Mileposts'!$F$9,H34<='Intersection Mileposts'!$G$9),"Y",IF(AND(H34>='Intersection Mileposts'!$F$10,H34<='Intersection Mileposts'!$G$10),"Y",IF(AND(H34>='Intersection Mileposts'!$F$11,H34<='Intersection Mileposts'!$G$11),"Y",IF(AND(H34>='Intersection Mileposts'!$F$12,H34<='Intersection Mileposts'!$G$12),"Y",IF(AND(H34>='Intersection Mileposts'!$F$13,H34<='Intersection Mileposts'!$G$13),"Y",IF(AND(H34>='Intersection Mileposts'!$F$14,H34<='Intersection Mileposts'!$G$14),"Y",IF(AND(H34>='Intersection Mileposts'!$F$15,H34<='Intersection Mileposts'!$G$15),"Y",IF(AND(H34>='Intersection Mileposts'!$F$16,H34<='Intersection Mileposts'!$G$16),"Y",IF(AND(H34>='Intersection Mileposts'!$F$17,H34<='Intersection Mileposts'!$G$17),"Y",IF(AND(H34>='Intersection Mileposts'!$F$18,H34<='Intersection Mileposts'!$G$18),"Y",IF(AND(H34>='Intersection Mileposts'!$F$19,H34<='Intersection Mileposts'!$G$19),"Y",IF(AND(H34>='Intersection Mileposts'!$F$20,H34<='Intersection Mileposts'!$G$20),"Y",IF(AND(H34>='Intersection Mileposts'!$F$21,H34<='Intersection Mileposts'!$G$21),"Y",IF(AND(H34>='Intersection Mileposts'!$F$22,H34<='Intersection Mileposts'!$G$22),"Y",IF(AND(H34>='Intersection Mileposts'!$F$23,H34<='Intersection Mileposts'!$G$23),"Y",IF(AND(H34>='Intersection Mileposts'!$F$24,H34<='Intersection Mileposts'!$G$24),"Y",IF(AND(H34>='Intersection Mileposts'!$F$25,H34<='Intersection Mileposts'!$G$25),"Y",IF(AND(H34>='Intersection Mileposts'!$F$26,H34<='Intersection Mileposts'!$G$26),"Y",IF(AND(H34>='Intersection Mileposts'!$F$27,H34<='Intersection Mileposts'!$G$27),"Y",IF(AND(H34>='Intersection Mileposts'!$F$28,H34<='Intersection Mileposts'!$G$28),"Y",IF(AND(H34>='Intersection Mileposts'!$F$29,H34<='Intersection Mileposts'!$G$29),"Y", IF(AND(H34>='Intersection Mileposts'!$F$30,H34<='Intersection Mileposts'!$G$30),"Y",IF(AND(H34>='Intersection Mileposts'!$F$31,H34<='Intersection Mileposts'!$G$31),"Y",IF(AND(H34>='Intersection Mileposts'!$F$32,H34<='Intersection Mileposts'!$G$32),"Y",IF(AND(H34>='Intersection Mileposts'!$F$33,H34<='Intersection Mileposts'!$G$33),"Y",IF(AND(H34>='Intersection Mileposts'!$F$34,H34<='Intersection Mileposts'!$G$34),"Y",IF(AND(H34>='Intersection Mileposts'!$F$35,H34<='Intersection Mileposts'!$G$35),"Y",IF(AND(H34>='Intersection Mileposts'!$F$36,H34<='Intersection Mileposts'!$G$36),"Y",IF(AND(H34>='Intersection Mileposts'!$F$37,H34<='Intersection Mileposts'!$G$37),"Y",IF(AND(H34>='Intersection Mileposts'!$F$38,H34<='Intersection Mileposts'!$G$38),"Y",IF(AND(H34>='Intersection Mileposts'!$F$39,H34<='Intersection Mileposts'!$G$39),"Y","N")))))))))))))))))))))))))))))))))))) -> Y
A35: Example | B35: 41969 | C35: 17 | D35: 1 | E35: 0 | F35: 4 | G35: O | H35: 2.04 | P35: =IF(R35 = "", "", COUNT($R$4:R35)) -> 32 | Q35: =IF(B35="", "", YEAR(B35)) -> 2014 | R35: =IF(A35="", "", IF(G35="",1,IF(G35="O",1,IF(G35="C",8.4,IF(G35="B",8.4,IF(G35="A",76.8,IF(G35="K",76.8,"ERR"))))))) -> 1 | S35: =IF(M35="Y",R35,"") | T35: =IF(IF(M35="Y",G35,"")=0, "O", IF(M35="Y",G35,"")) | U35: =IF(N35="Y",R35,"") | V35: =IF(IF(N35="Y",G35,"")=0, "O", IF(N35="Y",G35,"")) | AR35: =IF(P35>0, P35, "") -> 32 | AS35: =IF(OR(M35="Y",N35="Y"),"Y","") | AT35: =IF(AR35="","",IF(AND(H35>='Intersection Mileposts'!$F$5,H35<='Intersection Mileposts'!$G$5),"Y",IF(AND(H35>='Intersection Mileposts'!$F$6,H35<='Intersection Mileposts'!$G$6),"Y",IF(AND(H35>='Intersection Mileposts'!$F$7,H35<='Intersection Mileposts'!$G$7),"Y",IF(AND(H35>='Intersection Mileposts'!$F$8,H35<='Intersection Mileposts'!$G$8),"Y",IF(AND(H35>='Intersection Mileposts'!$F$9,H35<='Intersection Mileposts'!$G$9),"Y",IF(AND(H35>='Intersection Mileposts'!$F$10,H35<='Intersection Mileposts'!$G$10),"Y",IF(AND(H35>='Intersection Mileposts'!$F$11,H35<='Intersection Mileposts'!$G$11),"Y",IF(AND(H35>='Intersection Mileposts'!$F$12,H35<='Intersection Mileposts'!$G$12),"Y",IF(AND(H35>='Intersection Mileposts'!$F$13,H35<='Intersection Mileposts'!$G$13),"Y",IF(AND(H35>='Intersection Mileposts'!$F$14,H35<='Intersection Mileposts'!$G$14),"Y",IF(AND(H35>='Intersection Mileposts'!$F$15,H35<='Intersection Mileposts'!$G$15),"Y",IF(AND(H35>='Intersection Mileposts'!$F$16,H35<='Intersection Mileposts'!$G$16),"Y",IF(AND(H35>='Intersection Mileposts'!$F$17,H35<='Intersection Mileposts'!$G$17),"Y",IF(AND(H35>='Intersection Mileposts'!$F$18,H35<='Intersection Mileposts'!$G$18),"Y",IF(AND(H35>='Intersection Mileposts'!$F$19,H35<='Intersection Mileposts'!$G$19),"Y",IF(AND(H35>='Intersection Mileposts'!$F$20,H35<='Intersection Mileposts'!$G$20),"Y",IF(AND(H35>='Intersection Mileposts'!$F$21,H35<='Intersection Mileposts'!$G$21),"Y",IF(AND(H35>='Intersection Mileposts'!$F$22,H35<='Intersection Mileposts'!$G$22),"Y",IF(AND(H35>='Intersection Mileposts'!$F$23,H35<='Intersection Mileposts'!$G$23),"Y",IF(AND(H35>='Intersection Mileposts'!$F$24,H35<='Intersection Mileposts'!$G$24),"Y",IF(AND(H35>='Intersection Mileposts'!$F$25,H35<='Intersection Mileposts'!$G$25),"Y",IF(AND(H35>='Intersection Mileposts'!$F$26,H35<='Intersection Mileposts'!$G$26),"Y",IF(AND(H35>='Intersection Mileposts'!$F$27,H35<='Intersection Mileposts'!$G$27),"Y",IF(AND(H35>='Intersection Mileposts'!$F$28,H35<='Intersection Mileposts'!$G$28),"Y",IF(AND(H35>='Intersection Mileposts'!$F$29,H35<='Intersection Mileposts'!$G$29),"Y", IF(AND(H35>='Intersection Mileposts'!$F$30,H35<='Intersection Mileposts'!$G$30),"Y",IF(AND(H35>='Intersection Mileposts'!$F$31,H35<='Intersection Mileposts'!$G$31),"Y",IF(AND(H35>='Intersection Mileposts'!$F$32,H35<='Intersection Mileposts'!$G$32),"Y",IF(AND(H35>='Intersection Mileposts'!$F$33,H35<='Intersection Mileposts'!$G$33),"Y",IF(AND(H35>='Intersection Mileposts'!$F$34,H35<='Intersection Mileposts'!$G$34),"Y",IF(AND(H35>='Intersection Mileposts'!$F$35,H35<='Intersection Mileposts'!$G$35),"Y",IF(AND(H35>='Intersection Mileposts'!$F$36,H35<='Intersection Mileposts'!$G$36),"Y",IF(AND(H35>='Intersection Mileposts'!$F$37,H35<='Intersection Mileposts'!$G$37),"Y",IF(AND(H35>='Intersection Mileposts'!$F$38,H35<='Intersection Mileposts'!$G$38),"Y",IF(AND(H35>='Intersection Mileposts'!$F$39,H35<='Intersection Mileposts'!$G$39),"Y","N")))))))))))))))))))))))))))))))))))) -> Y
A36: Example | B36: 43054 | C36: 30 | D36: 1 | E36: 0 | F36: 1 | G36: O | H36: 2.04 | P36: =IF(R36 = "", "", COUNT($R$4:R36)) -> 33 | Q36: =IF(B36="", "", YEAR(B36)) -> 2017 | R36: =IF(A36="", "", IF(G36="",1,IF(G36="O",1,IF(G36="C",8.4,IF(G36="B",8.4,IF(G36="A",76.8,IF(G36="K",76.8,"ERR"))))))) -> 1 | S36: =IF(M36="Y",R36,"") | T36: =IF(IF(M36="Y",G36,"")=0, "O", IF(M36="Y",G36,"")) | U36: =IF(N36="Y",R36,"") | V36: =IF(IF(N36="Y",G36,"")=0, "O", IF(N36="Y",G36,"")) | AR36: =IF(P36>0, P36, "") -> 33 | AS36: =IF(OR(M36="Y",N36="Y"),"Y","") | AT36: =IF(AR36="","",IF(AND(H36>='Intersection Mileposts'!$F$5,H36<='Intersection Mileposts'!$G$5),"Y",IF(AND(H36>='Intersection Mileposts'!$F$6,H36<='Intersection Mileposts'!$G$6),"Y",IF(AND(H36>='Intersection Mileposts'!$F$7,H36<='Intersection Mileposts'!$G$7),"Y",IF(AND(H36>='Intersection Mileposts'!$F$8,H36<='Intersection Mileposts'!$G$8),"Y",IF(AND(H36>='Intersection Mileposts'!$F$9,H36<='Intersection Mileposts'!$G$9),"Y",IF(AND(H36>='Intersection Mileposts'!$F$10,H36<='Intersection Mileposts'!$G$10),"Y",IF(AND(H36>='Intersection Mileposts'!$F$11,H36<='Intersection Mileposts'!$G$11),"Y",IF(AND(H36>='Intersection Mileposts'!$F$12,H36<='Intersection Mileposts'!$G$12),"Y",IF(AND(H36>='Intersection Mileposts'!$F$13,H36<='Intersection Mileposts'!$G$13),"Y",IF(AND(H36>='Intersection Mileposts'!$F$14,H36<='Intersection Mileposts'!$G$14),"Y",IF(AND(H36>='Intersection Mileposts'!$F$15,H36<='Intersection Mileposts'!$G$15),"Y",IF(AND(H36>='Intersection Mileposts'!$F$16,H36<='Intersection Mileposts'!$G$16),"Y",IF(AND(H36>='Intersection Mileposts'!$F$17,H36<='Intersection Mileposts'!$G$17),"Y",IF(AND(H36>='Intersection Mileposts'!$F$18,H36<='Intersection Mileposts'!$G$18),"Y",IF(AND(H36>='Intersection Mileposts'!$F$19,H36<='Intersection Mileposts'!$G$19),"Y",IF(AND(H36>='Intersection Mileposts'!$F$20,H36<='Intersection Mileposts'!$G$20),"Y",IF(AND(H36>='Intersection Mileposts'!$F$21,H36<='Intersection Mileposts'!$G$21),"Y",IF(AND(H36>='Intersection Mileposts'!$F$22,H36<='Intersection Mileposts'!$G$22),"Y",IF(AND(H36>='Intersection Mileposts'!$F$23,H36<='Intersection Mileposts'!$G$23),"Y",IF(AND(H36>='Intersection Mileposts'!$F$24,H36<='Intersection Mileposts'!$G$24),"Y",IF(AND(H36>='Intersection Mileposts'!$F$25,H36<='Intersection Mileposts'!$G$25),"Y",IF(AND(H36>='Intersection Mileposts'!$F$26,H36<='Intersection Mileposts'!$G$26),"Y",IF(AND(H36>='Intersection Mileposts'!$F$27,H36<='Intersection Mileposts'!$G$27),"Y",IF(AND(H36>='Intersection Mileposts'!$F$28,H36<='Intersection Mileposts'!$G$28),"Y",IF(AND(H36>='Intersection Mileposts'!$F$29,H36<='Intersection Mileposts'!$G$29),"Y", IF(AND(H36>='Intersection Mileposts'!$F$30,H36<='Intersection Mileposts'!$G$30),"Y",IF(AND(H36>='Intersection Mileposts'!$F$31,H36<='Intersection Mileposts'!$G$31),"Y",IF(AND(H36>='Intersection Mileposts'!$F$32,H36<='Intersection Mileposts'!$G$32),"Y",IF(AND(H36>='Intersection Mileposts'!$F$33,H36<='Intersection Mileposts'!$G$33),"Y",IF(AND(H36>='Intersection Mileposts'!$F$34,H36<='Intersection Mileposts'!$G$34),"Y",IF(AND(H36>='Intersection Mileposts'!$F$35,H36<='Intersection Mileposts'!$G$35),"Y",IF(AND(H36>='Intersection Mileposts'!$F$36,H36<='Intersection Mileposts'!$G$36),"Y",IF(AND(H36>='Intersection Mileposts'!$F$37,H36<='Intersection Mileposts'!$G$37),"Y",IF(AND(H36>='Intersection Mileposts'!$F$38,H36<='Intersection Mileposts'!$G$38),"Y",IF(AND(H36>='Intersection Mileposts'!$F$39,H36<='Intersection Mileposts'!$G$39),"Y","N")))))))))))))))))))))))))))))))))))) -> Y
A37: Example | B37: 42353 | C37: 1 | D37: 1 | F37: 5 | G37: C | H37: 2.078 | M37: Y | P37: =IF(R37 = "", "", COUNT($R$4:R37)) -> 34 | Q37: =IF(B37="", "", YEAR(B37)) -> 2015 | R37: =IF(A37="", "", IF(G37="",1,IF(G37="O",1,IF(G37="C",8.4,IF(G37="B",8.4,IF(G37="A",76.8,IF(G37="K",76.8,"ERR"))))))) -> 8.4 | S37: =IF(M37="Y",R37,"") -> 8.4 | T37: =IF(IF(M37="Y",G37,"")=0, "O", IF(M37="Y",G37,"")) -> C | U37: =IF(N37="Y",R37,"") | V37: =IF(IF(N37="Y",G37,"")=0, "O", IF(N37="Y",G37,"")) | X37: 4 | Y37: Columns M and N require manual input to identify Target Crashes | AR37: =IF(P37>0, P37, "") -> 34 | AS37: =IF(OR(M37="Y",N37="Y"),"Y","") -> Y | AT37: =IF(AR37="","",IF(AND(H37>='Intersection Mileposts'!$F$5,H37<='Intersection Mileposts'!$G$5),"Y",IF(AND(H37>='Intersection Mileposts'!$F$6,H37<='Intersection Mileposts'!$G$6),"Y",IF(AND(H37>='Intersection Mileposts'!$F$7,H37<='Intersection Mileposts'!$G$7),"Y",IF(AND(H37>='Intersection Mileposts'!$F$8,H37<='Intersection Mileposts'!$G$8),"Y",IF(AND(H37>='Intersection Mileposts'!$F$9,H37<='Intersection Mileposts'!$G$9),"Y",IF(AND(H37>='Intersection Mileposts'!$F$10,H37<='Intersection Mileposts'!$G$10),"Y",IF(AND(H37>='Intersection Mileposts'!$F$11,H37<='Intersection Mileposts'!$G$11),"Y",IF(AND(H37>='Intersection Mileposts'!$F$12,H37<='Intersection Mileposts'!$G$12),"Y",IF(AND(H37>='Intersection Mileposts'!$F$13,H37<='Intersection Mileposts'!$G$13),"Y",IF(AND(H37>='Intersection Mileposts'!$F$14,H37<='Intersection Mileposts'!$G$14),"Y",IF(AND(H37>='Intersection Mileposts'!$F$15,H37<='Intersection Mileposts'!$G$15),"Y",IF(AND(H37>='Intersection Mileposts'!$F$16,H37<='Intersection Mileposts'!$G$16),"Y",IF(AND(H37>='Intersection Mileposts'!$F$17,H37<='Intersection Mileposts'!$G$17),"Y",IF(AND(H37>='Intersection Mileposts'!$F$18,H37<='Intersection Mileposts'!$G$18),"Y",IF(AND(H37>='Intersection Mileposts'!$F$19,H37<='Intersection Mileposts'!$G$19),"Y",IF(AND(H37>='Intersection Mileposts'!$F$20,H37<='Intersection Mileposts'!$G$20),"Y",IF(AND(H37>='Intersection Mileposts'!$F$21,H37<='Intersection Mileposts'!$G$21),"Y",IF(AND(H37>='Intersection Mileposts'!$F$22,H37<='Intersection Mileposts'!$G$22),"Y",IF(AND(H37>='Intersection Mileposts'!$F$23,H37<='Intersection Mileposts'!$G$23),"Y",IF(AND(H37>='Intersection Mileposts'!$F$24,H37<='Intersection Mileposts'!$G$24),"Y",IF(AND(H37>='Intersection Mileposts'!$F$25,H37<='Intersection Mileposts'!$G$25),"Y",IF(AND(H37>='Intersection Mileposts'!$F$26,H37<='Intersection Mileposts'!$G$26),"Y",IF(AND(H37>='Intersection Mileposts'!$F$27,H37<='Intersection Mileposts'!$G$27),"Y",IF(AND(H37>='Intersection Mileposts'!$F$28,H37<='Intersection Mileposts'!$G$28),"Y",IF(AND(H37>='Intersection Mileposts'!$F$29,H37<='Intersection Mileposts'!$G$29),"Y", IF(AND(H37>='Intersection Mileposts'!$F$30,H37<='Intersection Mileposts'!$G$30),"Y",IF(AND(H37>='Intersection Mileposts'!$F$31,H37<='Intersection Mileposts'!$G$31),"Y",IF(AND(H37>='Intersection Mileposts'!$F$32,H37<='Intersection Mileposts'!$G$32),"Y",IF(AND(H37>='Intersection Mileposts'!$F$33,H37<='Intersection Mileposts'!$G$33),"Y",IF(AND(H37>='Intersection Mileposts'!$F$34,H37<='Intersection Mileposts'!$G$34),"Y",IF(AND(H37>='Intersection Mileposts'!$F$35,H37<='Intersection Mileposts'!$G$35),"Y",IF(AND(H37>='Intersection Mileposts'!$F$36,H37<='Intersection Mileposts'!$G$36),"Y",IF(AND(H37>='Intersection Mileposts'!$F$37,H37<='Intersection Mileposts'!$G$37),"Y",IF(AND(H37>='Intersection Mileposts'!$F$38,H37<='Intersection Mileposts'!$G$38),"Y",IF(AND(H37>='Intersection Mileposts'!$F$39,H37<='Intersection Mileposts'!$G$39),"Y","N")))))))))))))))))))))))))))))))))))) -> Y
A38: Example | B38: 41288 | C38: 17 | D38: 2 | E38: 0 | F38: 3 | G38: O | H38: 2.192 | P38: =IF(R38 = "", "", COUNT($R$4:R38)) -> 35 | Q38: =IF(B38="", "", YEAR(B38)) -> 2013 | R38: =IF(A38="", "", IF(G38="",1,IF(G38="O",1,IF(G38="C",8.4,IF(G38="B",8.4,IF(G38="A",76.8,IF(G38="K",76.8,"ERR"))))))) -> 1 | S38: =IF(M38="Y",R38,"") | T38: =IF(IF(M38="Y",G38,"")=0, "O", IF(M38="Y",G38,"")) | U38: =IF(N38="Y",R38,"") | V38: =IF(IF(N38="Y",G38,"")=0, "O", IF(N38="Y",G38,"")) | Y38: ● | Z38: Type Y in Column M if Target-1 Crash. | AR38: =IF(P38>0, P38, "") -> 35 | AS38: =IF(OR(M38="Y",N38="Y"),"Y","") | AT38: =IF(AR38="","",IF(AND(H38>='Intersection Mileposts'!$F$5,H38<='Intersection Mileposts'!$G$5),"Y",IF(AND(H38>='Intersection Mileposts'!$F$6,H38<='Intersection Mileposts'!$G$6),"Y",IF(AND(H38>='Intersection Mileposts'!$F$7,H38<='Intersection Mileposts'!$G$7),"Y",IF(AND(H38>='Intersection Mileposts'!$F$8,H38<='Intersection Mileposts'!$G$8),"Y",IF(AND(H38>='Intersection Mileposts'!$F$9,H38<='Intersection Mileposts'!$G$9),"Y",IF(AND(H38>='Intersection Mileposts'!$F$10,H38<='Intersection Mileposts'!$G$10),"Y",IF(AND(H38>='Intersection Mileposts'!$F$11,H38<='Intersection Mileposts'!$G$11),"Y",IF(AND(H38>='Intersection Mileposts'!$F$12,H38<='Intersection Mileposts'!$G$12),"Y",IF(AND(H38>='Intersection Mileposts'!$F$13,H38<='Intersection Mileposts'!$G$13),"Y",IF(AND(H38>='Intersection Mileposts'!$F$14,H38<='Intersection Mileposts'!$G$14),"Y",IF(AND(H38>='Intersection Mileposts'!$F$15,H38<='Intersection Mileposts'!$G$15),"Y",IF(AND(H38>='Intersection Mileposts'!$F$16,H38<='Intersection Mileposts'!$G$16),"Y",IF(AND(H38>='Intersection Mileposts'!$F$17,H38<='Intersection Mileposts'!$G$17),"Y",IF(AND(H38>='Intersection Mileposts'!$F$18,H38<='Intersection Mileposts'!$G$18),"Y",IF(AND(H38>='Intersection Mileposts'!$F$19,H38<='Intersection Mileposts'!$G$19),"Y",IF(AND(H38>='Intersection Mileposts'!$F$20,H38<='Intersection Mileposts'!$G$20),"Y",IF(AND(H38>='Intersection Mileposts'!$F$21,H38<='Intersection Mileposts'!$G$21),"Y",IF(AND(H38>='Intersection Mileposts'!$F$22,H38<='Intersection Mileposts'!$G$22),"Y",IF(AND(H38>='Intersection Mileposts'!$F$23,H38<='Intersection Mileposts'!$G$23),"Y",IF(AND(H38>='Intersection Mileposts'!$F$24,H38<='Intersection Mileposts'!$G$24),"Y",IF(AND(H38>='Intersection Mileposts'!$F$25,H38<='Intersection Mileposts'!$G$25),"Y",IF(AND(H38>='Intersection Mileposts'!$F$26,H38<='Intersection Mileposts'!$G$26),"Y",IF(AND(H38>='Intersection Mileposts'!$F$27,H38<='Intersection Mileposts'!$G$27),"Y",IF(AND(H38>='Intersection Mileposts'!$F$28,H38<='Intersection Mileposts'!$G$28),"Y",IF(AND(H38>='Intersection Mileposts'!$F$29,H38<='Intersection Mileposts'!$G$29),"Y", IF(AND(H38>='Intersection Mileposts'!$F$30,H38<='Intersection Mileposts'!$G$30),"Y",IF(AND(H38>='Intersection Mileposts'!$F$31,H38<='Intersection Mileposts'!$G$31),"Y",IF(AND(H38>='Intersection Mileposts'!$F$32,H38<='Intersection Mileposts'!$G$32),"Y",IF(AND(H38>='Intersection Mileposts'!$F$33,H38<='Intersection Mileposts'!$G$33),"Y",IF(AND(H38>='Intersection Mileposts'!$F$34,H38<='Intersection Mileposts'!$G$34),"Y",IF(AND(H38>='Intersection Mileposts'!$F$35,H38<='Intersection Mileposts'!$G$35),"Y",IF(AND(H38>='Intersection Mileposts'!$F$36,H38<='Intersection Mileposts'!$G$36),"Y",IF(AND(H38>='Intersection Mileposts'!$F$37,H38<='Intersection Mileposts'!$G$37),"Y",IF(AND(H38>='Intersection Mileposts'!$F$38,H38<='Intersection Mileposts'!$G$38),"Y",IF(AND(H38>='Intersection Mileposts'!$F$39,H38<='Intersection Mileposts'!$G$39),"Y","N")))))))))))))))))))))))))))))))))))) -> N
A39: Example | B39: 41636 | C39: 18 | D39: 1 | F39: 5 | G39: O | H39: 2.192 | P39: =IF(R39 = "", "", COUNT($R$4:R39)) -> 36 | Q39: =IF(B39="", "", YEAR(B39)) -> 2013 | R39: =IF(A39="", "", IF(G39="",1,IF(G39="O",1,IF(G39="C",8.4,IF(G39="B",8.4,IF(G39="A",76.8,IF(G39="K",76.8,"ERR"))))))) -> 1 | S39: =IF(M39="Y",R39,"") | T39: =IF(IF(M39="Y",G39,"")=0, "O", IF(M39="Y",G39,"")) | U39: =IF(N39="Y",R39,"") | V39: =IF(IF(N39="Y",G39,"")=0, "O", IF(N39="Y",G39,"")) | Y39: ● | Z39: Type Y in Column N if Target-2 Crash. | AR39: =IF(P39>0, P39, "") -> 36 | AS39: =IF(OR(M39="Y",N39="Y"),"Y","") | AT39: =IF(AR39="","",IF(AND(H39>='Intersection Mileposts'!$F$5,H39<='Intersection Mileposts'!$G$5),"Y",IF(AND(H39>='Intersection Mileposts'!$F$6,H39<='Intersection Mileposts'!$G$6),"Y",IF(AND(H39>='Intersection Mileposts'!$F$7,H39<='Intersection Mileposts'!$G$7),"Y",IF(AND(H39>='Intersection Mileposts'!$F$8,H39<='Intersection Mileposts'!$G$8),"Y",IF(AND(H39>='Intersection Mileposts'!$F$9,H39<='Intersection Mileposts'!$G$9),"Y",IF(AND(H39>='Intersection Mileposts'!$F$10,H39<='Intersection Mileposts'!$G$10),"Y",IF(AND(H39>='Intersection Mileposts'!$F$11,H39<='Intersection Mileposts'!$G$11),"Y",IF(AND(H39>='Intersection Mileposts'!$F$12,H39<='Intersection Mileposts'!$G$12),"Y",IF(AND(H39>='Intersection Mileposts'!$F$13,H39<='Intersection Mileposts'!$G$13),"Y",IF(AND(H39>='Intersection Mileposts'!$F$14,H39<='Intersection Mileposts'!$G$14),"Y",IF(AND(H39>='Intersection Mileposts'!$F$15,H39<='Intersection Mileposts'!$G$15),"Y",IF(AND(H39>='Intersection Mileposts'!$F$16,H39<='Intersection Mileposts'!$G$16),"Y",IF(AND(H39>='Intersection Mileposts'!$F$17,H39<='Intersection Mileposts'!$G$17),"Y",IF(AND(H39>='Intersection Mileposts'!$F$18,H39<='Intersection Mileposts'!$G$18),"Y",IF(AND(H39>='Intersection Mileposts'!$F$19,H39<='Intersection Mileposts'!$G$19),"Y",IF(AND(H39>='Intersection Mileposts'!$F$20,H39<='Intersection Mileposts'!$G$20),"Y",IF(AND(H39>='Intersection Mileposts'!$F$21,H39<='Intersection Mileposts'!$G$21),"Y",IF(AND(H39>='Intersection Mileposts'!$F$22,H39<='Intersection Mileposts'!$G$22),"Y",IF(AND(H39>='Intersection Mileposts'!$F$23,H39<='Intersection Mileposts'!$G$23),"Y",IF(AND(H39>='Intersection Mileposts'!$F$24,H39<='Intersection Mileposts'!$G$24),"Y",IF(AND(H39>='Intersection Mileposts'!$F$25,H39<='Intersection Mileposts'!$G$25),"Y",IF(AND(H39>='Intersection Mileposts'!$F$26,H39<='Intersection Mileposts'!$G$26),"Y",IF(AND(H39>='Intersection Mileposts'!$F$27,H39<='Intersection Mileposts'!$G$27),"Y",IF(AND(H39>='Intersection Mileposts'!$F$28,H39<='Intersection Mileposts'!$G$28),"Y",IF(AND(H39>='Intersection Mileposts'!$F$29,H39<='Intersection Mileposts'!$G$29),"Y", IF(AND(H39>='Intersection Mileposts'!$F$30,H39<='Intersection Mileposts'!$G$30),"Y",IF(AND(H39>='Intersection Mileposts'!$F$31,H39<='Intersection Mileposts'!$G$31),"Y",IF(AND(H39>='Intersection Mileposts'!$F$32,H39<='Intersection Mileposts'!$G$32),"Y",IF(AND(H39>='Intersection Mileposts'!$F$33,H39<='Intersection Mileposts'!$G$33),"Y",IF(AND(H39>='Intersection Mileposts'!$F$34,H39<='Intersection Mileposts'!$G$34),"Y",IF(AND(H39>='Intersection Mileposts'!$F$35,H39<='Intersection Mileposts'!$G$35),"Y",IF(AND(H39>='Intersection Mileposts'!$F$36,H39<='Intersection Mileposts'!$G$36),"Y",IF(AND(H39>='Intersection Mileposts'!$F$37,H39<='Intersection Mileposts'!$G$37),"Y",IF(AND(H39>='Intersection Mileposts'!$F$38,H39<='Intersection Mileposts'!$G$38),"Y",IF(AND(H39>='Intersection Mileposts'!$F$39,H39<='Intersection Mileposts'!$G$39),"Y","N")))))))))))))))))))))))))))))))))))) -> N
A40: Example | B40: 41841 | C40: 30 | D40: 1 | E40: 0 | F40: 1 | G40: O | H40: 2.192 | P40: =IF(R40 = "", "", COUNT($R$4:R40)) -> 37 | Q40: =IF(B40="", "", YEAR(B40)) -> 2014 | R40: =IF(A40="", "", IF(G40="",1,IF(G40="O",1,IF(G40="C",8.4,IF(G40="B",8.4,IF(G40="A",76.8,IF(G40="K",76.8,"ERR"))))))) -> 1 | S40: =IF(M40="Y",R40,"") | T40: =IF(IF(M40="Y",G40,"")=0, "O", IF(M40="Y",G40,"")) | U40: =IF(N40="Y",R40,"") | V40: =IF(IF(N40="Y",G40,"")=0, "O", IF(N40="Y",G40,"")) | Y40: ● | Z40: Leave these columns blank if not a Target Crash. | AR40: =IF(P40>0, P40, "") -> 37 | AS40: =IF(OR(M40="Y",N40="Y"),"Y","") | AT40: =IF(AR40="","",IF(AND(H40>='Intersection Mileposts'!$F$5,H40<='Intersection Mileposts'!$G$5),"Y",IF(AND(H40>='Intersection Mileposts'!$F$6,H40<='Intersection Mileposts'!$G$6),"Y",IF(AND(H40>='Intersection Mileposts'!$F$7,H40<='Intersection Mileposts'!$G$7),"Y",IF(AND(H40>='Intersection Mileposts'!$F$8,H40<='Intersection Mileposts'!$G$8),"Y",IF(AND(H40>='Intersection Mileposts'!$F$9,H40<='Intersection Mileposts'!$G$9),"Y",IF(AND(H40>='Intersection Mileposts'!$F$10,H40<='Intersection Mileposts'!$G$10),"Y",IF(AND(H40>='Intersection Mileposts'!$F$11,H40<='Intersection Mileposts'!$G$11),"Y",IF(AND(H40>='Intersection Mileposts'!$F$12,H40<='Intersection Mileposts'!$G$12),"Y",IF(AND(H40>='Intersection Mileposts'!$F$13,H40<='Intersection Mileposts'!$G$13),"Y",IF(AND(H40>='Intersection Mileposts'!$F$14,H40<='Intersection Mileposts'!$G$14),"Y",IF(AND(H40>='Intersection Mileposts'!$F$15,H40<='Intersection Mileposts'!$G$15),"Y",IF(AND(H40>='Intersection Mileposts'!$F$16,H40<='Intersection Mileposts'!$G$16),"Y",IF(AND(H40>='Intersection Mileposts'!$F$17,H40<='Intersection Mileposts'!$G$17),"Y",IF(AND(H40>='Intersection Mileposts'!$F$18,H40<='Intersection Mileposts'!$G$18),"Y",IF(AND(H40>='Intersection Mileposts'!$F$19,H40<='Intersection Mileposts'!$G$19),"Y",IF(AND(H40>='Intersection Mileposts'!$F$20,H40<='Intersection Mileposts'!$G$20),"Y",IF(AND(H40>='Intersection Mileposts'!$F$21,H40<='Intersection Mileposts'!$G$21),"Y",IF(AND(H40>='Intersection Mileposts'!$F$22,H40<='Intersection Mileposts'!$G$22),"Y",IF(AND(H40>='Intersection Mileposts'!$F$23,H40<='Intersection Mileposts'!$G$23),"Y",IF(AND(H40>='Intersection Mileposts'!$F$24,H40<='Intersection Mileposts'!$G$24),"Y",IF(AND(H40>='Intersection Mileposts'!$F$25,H40<='Intersection Mileposts'!$G$25),"Y",IF(AND(H40>='Intersection Mileposts'!$F$26,H40<='Intersection Mileposts'!$G$26),"Y",IF(AND(H40>='Intersection Mileposts'!$F$27,H40<='Intersection Mileposts'!$G$27),"Y",IF(AND(H40>='Intersection Mileposts'!$F$28,H40<='Intersection Mileposts'!$G$28),"Y",IF(AND(H40>='Intersection Mileposts'!$F$29,H40<='Intersection Mileposts'!$G$29),"Y", IF(AND(H40>='Intersection Mileposts'!$F$30,H40<='Intersection Mileposts'!$G$30),"Y",IF(AND(H40>='Intersection Mileposts'!$F$31,H40<='Intersection Mileposts'!$G$31),"Y",IF(AND(H40>='Intersection Mileposts'!$F$32,H40<='Intersection Mileposts'!$G$32),"Y",IF(AND(H40>='Intersection Mileposts'!$F$33,H40<='Intersection Mileposts'!$G$33),"Y",IF(AND(H40>='Intersection Mileposts'!$F$34,H40<='Intersection Mileposts'!$G$34),"Y",IF(AND(H40>='Intersection Mileposts'!$F$35,H40<='Intersection Mileposts'!$G$35),"Y",IF(AND(H40>='Intersection Mileposts'!$F$36,H40<='Intersection Mileposts'!$G$36),"Y",IF(AND(H40>='Intersection Mileposts'!$F$37,H40<='Intersection Mileposts'!$G$37),"Y",IF(AND(H40>='Intersection Mileposts'!$F$38,H40<='Intersection Mileposts'!$G$38),"Y",IF(AND(H40>='Intersection Mileposts'!$F$39,H40<='Intersection Mileposts'!$G$39),"Y","N")))))))))))))))))))))))))))))))))))) -> N
A41: Example | B41: 42624 | C41: 21 | D41: 1 | E41: 7 | F41: 4 | G41: C | H41: 2.192 | P41: =IF(R41 = "", "", COUNT($R$4:R41)) -> 38 | Q41: =IF(B41="", "", YEAR(B41)) -> 2016 | R41: =IF(A41="", "", IF(G41="",1,IF(G41="O",1,IF(G41="C",8.4,IF(G41="B",8.4,IF(G41="A",76.8,IF(G41="K",76.8,"ERR"))))))) -> 8.4 | S41: =IF(M41="Y",R41,"") | T41: =IF(IF(M41="Y",G41,"")=0, "O", IF(M41="Y",G41,"")) | U41: =IF(N41="Y",R41,"") | V41: =IF(IF(N41="Y",G41,"")=0, "O", IF(N41="Y",G41,"")) | Y41: ● | Z41: NOTE: If a crash could potentially fall in more than one target group, discuss with SEG Staff how to prioritize the target placement. Each target crash should only fall in one target group. There should not be overlap. | AR41: =IF(P41>0, P41, "") -> 38 | AS41: =IF(OR(M41="Y",N41="Y"),"Y","") | AT41: =IF(AR41="","",IF(AND(H41>='Intersection Mileposts'!$F$5,H41<='Intersection Mileposts'!$G$5),"Y",IF(AND(H41>='Intersection Mileposts'!$F$6,H41<='Intersection Mileposts'!$G$6),"Y",IF(AND(H41>='Intersection Mileposts'!$F$7,H41<='Intersection Mileposts'!$G$7),"Y",IF(AND(H41>='Intersection Mileposts'!$F$8,H41<='Intersection Mileposts'!$G$8),"Y",IF(AND(H41>='Intersection Mileposts'!$F$9,H41<='Intersection Mileposts'!$G$9),"Y",IF(AND(H41>='Intersection Mileposts'!$F$10,H41<='Intersection Mileposts'!$G$10),"Y",IF(AND(H41>='Intersection Mileposts'!$F$11,H41<='Intersection Mileposts'!$G$11),"Y",IF(AND(H41>='Intersection Mileposts'!$F$12,H41<='Intersection Mileposts'!$G$12),"Y",IF(AND(H41>='Intersection Mileposts'!$F$13,H41<='Intersection Mileposts'!$G$13),"Y",IF(AND(H41>='Intersection Mileposts'!$F$14,H41<='Intersection Mileposts'!$G$14),"Y",IF(AND(H41>='Intersection Mileposts'!$F$15,H41<='Intersection Mileposts'!$G$15),"Y",IF(AND(H41>='Intersection Mileposts'!$F$16,H41<='Intersection Mileposts'!$G$16),"Y",IF(AND(H41>='Intersection Mileposts'!$F$17,H41<='Intersection Mileposts'!$G$17),"Y",IF(AND(H41>='Intersection Mileposts'!$F$18,H41<='Intersection Mileposts'!$G$18),"Y",IF(AND(H41>='Intersection Mileposts'!$F$19,H41<='Intersection Mileposts'!$G$19),"Y",IF(AND(H41>='Intersection Mileposts'!$F$20,H41<='Intersection Mileposts'!$G$20),"Y",IF(AND(H41>='Intersection Mileposts'!$F$21,H41<='Intersection Mileposts'!$G$21),"Y",IF(AND(H41>='Intersection Mileposts'!$F$22,H41<='Intersection Mileposts'!$G$22),"Y",IF(AND(H41>='Intersection Mileposts'!$F$23,H41<='Intersection Mileposts'!$G$23),"Y",IF(AND(H41>='Intersection Mileposts'!$F$24,H41<='Intersection Mileposts'!$G$24),"Y",IF(AND(H41>='Intersection Mileposts'!$F$25,H41<='Intersection Mileposts'!$G$25),"Y",IF(AND(H41>='Intersection Mileposts'!$F$26,H41<='Intersection Mileposts'!$G$26),"Y",IF(AND(H41>='Intersection Mileposts'!$F$27,H41<='Intersection Mileposts'!$G$27),"Y",IF(AND(H41>='Intersection Mileposts'!$F$28,H41<='Intersection Mileposts'!$G$28),"Y",IF(AND(H41>='Intersection Mileposts'!$F$29,H41<='Intersection Mileposts'!$G$29),"Y", IF(AND(H41>='Intersection Mileposts'!$F$30,H41<='Intersection Mileposts'!$G$30),"Y",IF(AND(H41>='Intersection Mileposts'!$F$31,H41<='Intersection Mileposts'!$G$31),"Y",IF(AND(H41>='Intersection Mileposts'!$F$32,H41<='Intersection Mileposts'!$G$32),"Y",IF(AND(H41>='Intersection Mileposts'!$F$33,H41<='Intersection Mileposts'!$G$33),"Y",IF(AND(H41>='Intersection Mileposts'!$F$34,H41<='Intersection Mileposts'!$G$34),"Y",IF(AND(H41>='Intersection Mileposts'!$F$35,H41<='Intersection Mileposts'!$G$35),"Y",IF(AND(H41>='Intersection Mileposts'!$F$36,H41<='Intersection Mileposts'!$G$36),"Y",IF(AND(H41>='Intersection Mileposts'!$F$37,H41<='Intersection Mileposts'!$G$37),"Y",IF(AND(H41>='Intersection Mileposts'!$F$38,H41<='Intersection Mileposts'!$G$38),"Y",IF(AND(H41>='Intersection Mileposts'!$F$39,H41<='Intersection Mileposts'!$G$39),"Y","N")))))))))))))))))))))))))))))))))))) -> N
A42: Example | B42: 42696 | C42: 17 | D42: 1 | E42: 0 | F42: 4 | G42: O | H42: 2.192 | P42: =IF(R42 = "", "", COUNT($R$4:R42)) -> 39 | Q42: =IF(B42="", "", YEAR(B42)) -> 2016 | R42: =IF(A42="", "", IF(G42="",1,IF(G42="O",1,IF(G42="C",8.4,IF(G42="B",8.4,IF(G42="A",76.8,IF(G42="K",76.8,"ERR"))))))) -> 1 | S42: =IF(M42="Y",R42,"") | T42: =IF(IF(M42="Y",G42,"")=0, "O", IF(M42="Y",G42,"")) | U42: =IF(N42="Y",R42,"") | V42: =IF(IF(N42="Y",G42,"")=0, "O", IF(N42="Y",G42,"")) | AR42: =IF(P42>0, P42, "") -> 39 | AS42: =IF(OR(M42="Y",N42="Y"),"Y","") | AT42: =IF(AR42="","",IF(AND(H42>='Intersection Mileposts'!$F$5,H42<='Intersection Mileposts'!$G$5),"Y",IF(AND(H42>='Intersection Mileposts'!$F$6,H42<='Intersection Mileposts'!$G$6),"Y",IF(AND(H42>='Intersection Mileposts'!$F$7,H42<='Intersection Mileposts'!$G$7),"Y",IF(AND(H42>='Intersection Mileposts'!$F$8,H42<='Intersection Mileposts'!$G$8),"Y",IF(AND(H42>='Intersection Mileposts'!$F$9,H42<='Intersection Mileposts'!$G$9),"Y",IF(AND(H42>='Intersection Mileposts'!$F$10,H42<='Intersection Mileposts'!$G$10),"Y",IF(AND(H42>='Intersection Mileposts'!$F$11,H42<='Intersection Mileposts'!$G$11),"Y",IF(AND(H42>='Intersection Mileposts'!$F$12,H42<='Intersection Mileposts'!$G$12),"Y",IF(AND(H42>='Intersection Mileposts'!$F$13,H42<='Intersection Mileposts'!$G$13),"Y",IF(AND(H42>='Intersection Mileposts'!$F$14,H42<='Intersection Mileposts'!$G$14),"Y",IF(AND(H42>='Intersection Mileposts'!$F$15,H42<='Intersection Mileposts'!$G$15),"Y",IF(AND(H42>='Intersection Mileposts'!$F$16,H42<='Intersection Mileposts'!$G$16),"Y",IF(AND(H42>='Intersection Mileposts'!$F$17,H42<='Intersection Mileposts'!$G$17),"Y",IF(AND(H42>='Intersection Mileposts'!$F$18,H42<='Intersection Mileposts'!$G$18),"Y",IF(AND(H42>='Intersection Mileposts'!$F$19,H42<='Intersection Mileposts'!$G$19),"Y",IF(AND(H42>='Intersection Mileposts'!$F$20,H42<='Intersection Mileposts'!$G$20),"Y",IF(AND(H42>='Intersection Mileposts'!$F$21,H42<='Intersection Mileposts'!$G$21),"Y",IF(AND(H42>='Intersection Mileposts'!$F$22,H42<='Intersection Mileposts'!$G$22),"Y",IF(AND(H42>='Intersection Mileposts'!$F$23,H42<='Intersection Mileposts'!$G$23),"Y",IF(AND(H42>='Intersection Mileposts'!$F$24,H42<='Intersection Mileposts'!$G$24),"Y",IF(AND(H42>='Intersection Mileposts'!$F$25,H42<='Intersection Mileposts'!$G$25),"Y",IF(AND(H42>='Intersection Mileposts'!$F$26,H42<='Intersection Mileposts'!$G$26),"Y",IF(AND(H42>='Intersection Mileposts'!$F$27,H42<='Intersection Mileposts'!$G$27),"Y",IF(AND(H42>='Intersection Mileposts'!$F$28,H42<='Intersection Mileposts'!$G$28),"Y",IF(AND(H42>='Intersection Mileposts'!$F$29,H42<='Intersection Mileposts'!$G$29),"Y", IF(AND(H42>='Intersection Mileposts'!$F$30,H42<='Intersection Mileposts'!$G$30),"Y",IF(AND(H42>='Intersection Mileposts'!$F$31,H42<='Intersection Mileposts'!$G$31),"Y",IF(AND(H42>='Intersection Mileposts'!$F$32,H42<='Intersection Mileposts'!$G$32),"Y",IF(AND(H42>='Intersection Mileposts'!$F$33,H42<='Intersection Mileposts'!$G$33),"Y",IF(AND(H42>='Intersection Mileposts'!$F$34,H42<='Intersection Mileposts'!$G$34),"Y",IF(AND(H42>='Intersection Mileposts'!$F$35,H42<='Intersection Mileposts'!$G$35),"Y",IF(AND(H42>='Intersection Mileposts'!$F$36,H42<='Intersection Mileposts'!$G$36),"Y",IF(AND(H42>='Intersection Mileposts'!$F$37,H42<='Intersection Mileposts'!$G$37),"Y",IF(AND(H42>='Intersection Mileposts'!$F$38,H42<='Intersection Mileposts'!$G$38),"Y",IF(AND(H42>='Intersection Mileposts'!$F$39,H42<='Intersection Mileposts'!$G$39),"Y","N")))))))))))))))))))))))))))))))))))) -> N
A43: Example | B43: 42825 | C43: 19 | D43: 2 | E43: 0 | F43: 5 | G43: C | H43: 2.383 | M43: Y | P43: =IF(R43 = "", "", COUNT($R$4:R43)) -> 40 | Q43: =IF(B43="", "", YEAR(B43)) -> 2017 | R43: =IF(A43="", "", IF(G43="",1,IF(G43="O",1,IF(G43="C",8.4,IF(G43="B",8.4,IF(G43="A",76.8,IF(G43="K",76.8,"ERR"))))))) -> 8.4 | S43: =IF(M43="Y",R43,"") -> 8.4 | T43: =IF(IF(M43="Y",G43,"")=0, "O", IF(M43="Y",G43,"")) -> C | U43: =IF(N43="Y",R43,"") | V43: =IF(IF(N43="Y",G43,"")=0, "O", IF(N43="Y",G43,"")) | AR43: =IF(P43>0, P43, "") -> 40 | AS43: =IF(OR(M43="Y",N43="Y"),"Y","") -> Y | AT43: =IF(AR43="","",IF(AND(H43>='Intersection Mileposts'!$F$5,H43<='Intersection Mileposts'!$G$5),"Y",IF(AND(H43>='Intersection Mileposts'!$F$6,H43<='Intersection Mileposts'!$G$6),"Y",IF(AND(H43>='Intersection Mileposts'!$F$7,H43<='Intersection Mileposts'!$G$7),"Y",IF(AND(H43>='Intersection Mileposts'!$F$8,H43<='Intersection Mileposts'!$G$8),"Y",IF(AND(H43>='Intersection Mileposts'!$F$9,H43<='Intersection Mileposts'!$G$9),"Y",IF(AND(H43>='Intersection Mileposts'!$F$10,H43<='Intersection Mileposts'!$G$10),"Y",IF(AND(H43>='Intersection Mileposts'!$F$11,H43<='Intersection Mileposts'!$G$11),"Y",IF(AND(H43>='Intersection Mileposts'!$F$12,H43<='Intersection Mileposts'!$G$12),"Y",IF(AND(H43>='Intersection Mileposts'!$F$13,H43<='Intersection Mileposts'!$G$13),"Y",IF(AND(H43>='Intersection Mileposts'!$F$14,H43<='Intersection Mileposts'!$G$14),"Y",IF(AND(H43>='Intersection Mileposts'!$F$15,H43<='Intersection Mileposts'!$G$15),"Y",IF(AND(H43>='Intersection Mileposts'!$F$16,H43<='Intersection Mileposts'!$G$16),"Y",IF(AND(H43>='Intersection Mileposts'!$F$17,H43<='Intersection Mileposts'!$G$17),"Y",IF(AND(H43>='Intersection Mileposts'!$F$18,H43<='Intersection Mileposts'!$G$18),"Y",IF(AND(H43>='Intersection Mileposts'!$F$19,H43<='Intersection Mileposts'!$G$19),"Y",IF(AND(H43>='Intersection Mileposts'!$F$20,H43<='Intersection Mileposts'!$G$20),"Y",IF(AND(H43>='Intersection Mileposts'!$F$21,H43<='Intersection Mileposts'!$G$21),"Y",IF(AND(H43>='Intersection Mileposts'!$F$22,H43<='Intersection Mileposts'!$G$22),"Y",IF(AND(H43>='Intersection Mileposts'!$F$23,H43<='Intersection Mileposts'!$G$23),"Y",IF(AND(H43>='Intersection Mileposts'!$F$24,H43<='Intersection Mileposts'!$G$24),"Y",IF(AND(H43>='Intersection Mileposts'!$F$25,H43<='Intersection Mileposts'!$G$25),"Y",IF(AND(H43>='Intersection Mileposts'!$F$26,H43<='Intersection Mileposts'!$G$26),"Y",IF(AND(H43>='Intersection Mileposts'!$F$27,H43<='Intersection Mileposts'!$G$27),"Y",IF(AND(H43>='Intersection Mileposts'!$F$28,H43<='Intersection Mileposts'!$G$28),"Y",IF(AND(H43>='Intersection Mileposts'!$F$29,H43<='Intersection Mileposts'!$G$29),"Y", IF(AND(H43>='Intersection Mileposts'!$F$30,H43<='Intersection Mileposts'!$G$30),"Y",IF(AND(H43>='Intersection Mileposts'!$F$31,H43<='Intersection Mileposts'!$G$31),"Y",IF(AND(H43>='Intersection Mileposts'!$F$32,H43<='Intersection Mileposts'!$G$32),"Y",IF(AND(H43>='Intersection Mileposts'!$F$33,H43<='Intersection Mileposts'!$G$33),"Y",IF(AND(H43>='Intersection Mileposts'!$F$34,H43<='Intersection Mileposts'!$G$34),"Y",IF(AND(H43>='Intersection Mileposts'!$F$35,H43<='Intersection Mileposts'!$G$35),"Y",IF(AND(H43>='Intersection Mileposts'!$F$36,H43<='Intersection Mileposts'!$G$36),"Y",IF(AND(H43>='Intersection Mileposts'!$F$37,H43<='Intersection Mileposts'!$G$37),"Y",IF(AND(H43>='Intersection Mileposts'!$F$38,H43<='Intersection Mileposts'!$G$38),"Y",IF(AND(H43>='Intersection Mileposts'!$F$39,H43<='Intersection Mileposts'!$G$39),"Y","N")))))))))))))))))))))))))))))))))))) -> N
A44: Example | B44: 43024 | C44: 21 | D44: 2 | E44: 0 | F44: 1 | G44: O | H44: 2.508 | P44: =IF(R44 = "", "", COUNT($R$4:R44)) -> 41 | Q44: =IF(B44="", "", YEAR(B44)) -> 2017 | R44: =IF(A44="", "", IF(G44="",1,IF(G44="O",1,IF(G44="C",8.4,IF(G44="B",8.4,IF(G44="A",76.8,IF(G44="K",76.8,"ERR"))))))) -> 1 | S44: =IF(M44="Y",R44,"") | T44: =IF(IF(M44="Y",G44,"")=0, "O", IF(M44="Y",G44,"")) | U44: =IF(N44="Y",R44,"") | V44: =IF(IF(N44="Y",G44,"")=0, "O", IF(N44="Y",G44,"")) | X44: 5 | Y44: The work should now be done for this Tab. Move on to the "2nd time period" Tab where you will repeat these steps for the subject time period. | AR44: =IF(P44>0, P44, "") -> 41 | AS44: =IF(OR(M44="Y",N44="Y"),"Y","") | AT44: =IF(AR44="","",IF(AND(H44>='Intersection Mileposts'!$F$5,H44<='Intersection Mileposts'!$G$5),"Y",IF(AND(H44>='Intersection Mileposts'!$F$6,H44<='Intersection Mileposts'!$G$6),"Y",IF(AND(H44>='Intersection Mileposts'!$F$7,H44<='Intersection Mileposts'!$G$7),"Y",IF(AND(H44>='Intersection Mileposts'!$F$8,H44<='Intersection Mileposts'!$G$8),"Y",IF(AND(H44>='Intersection Mileposts'!$F$9,H44<='Intersection Mileposts'!$G$9),"Y",IF(AND(H44>='Intersection Mileposts'!$F$10,H44<='Intersection Mileposts'!$G$10),"Y",IF(AND(H44>='Intersection Mileposts'!$F$11,H44<='Intersection Mileposts'!$G$11),"Y",IF(AND(H44>='Intersection Mileposts'!$F$12,H44<='Intersection Mileposts'!$G$12),"Y",IF(AND(H44>='Intersection Mileposts'!$F$13,H44<='Intersection Mileposts'!$G$13),"Y",IF(AND(H44>='Intersection Mileposts'!$F$14,H44<='Intersection Mileposts'!$G$14),"Y",IF(AND(H44>='Intersection Mileposts'!$F$15,H44<='Intersection Mileposts'!$G$15),"Y",IF(AND(H44>='Intersection Mileposts'!$F$16,H44<='Intersection Mileposts'!$G$16),"Y",IF(AND(H44>='Intersection Mileposts'!$F$17,H44<='Intersection Mileposts'!$G$17),"Y",IF(AND(H44>='Intersection Mileposts'!$F$18,H44<='Intersection Mileposts'!$G$18),"Y",IF(AND(H44>='Intersection Mileposts'!$F$19,H44<='Intersection Mileposts'!$G$19),"Y",IF(AND(H44>='Intersection Mileposts'!$F$20,H44<='Intersection Mileposts'!$G$20),"Y",IF(AND(H44>='Intersection Mileposts'!$F$21,H44<='Intersection Mileposts'!$G$21),"Y",IF(AND(H44>='Intersection Mileposts'!$F$22,H44<='Intersection Mileposts'!$G$22),"Y",IF(AND(H44>='Intersection Mileposts'!$F$23,H44<='Intersection Mileposts'!$G$23),"Y",IF(AND(H44>='Intersection Mileposts'!$F$24,H44<='Intersection Mileposts'!$G$24),"Y",IF(AND(H44>='Intersection Mileposts'!$F$25,H44<='Intersection Mileposts'!$G$25),"Y",IF(AND(H44>='Intersection Mileposts'!$F$26,H44<='Intersection Mileposts'!$G$26),"Y",IF(AND(H44>='Intersection Mileposts'!$F$27,H44<='Intersection Mileposts'!$G$27),"Y",IF(AND(H44>='Intersection Mileposts'!$F$28,H44<='Intersection Mileposts'!$G$28),"Y",IF(AND(H44>='Intersection Mileposts'!$F$29,H44<='Intersection Mileposts'!$G$29),"Y", IF(AND(H44>='Intersection Mileposts'!$F$30,H44<='Intersection Mileposts'!$G$30),"Y",IF(AND(H44>='Intersection Mileposts'!$F$31,H44<='Intersection Mileposts'!$G$31),"Y",IF(AND(H44>='Intersection Mileposts'!$F$32,H44<='Intersection Mileposts'!$G$32),"Y",IF(AND(H44>='Intersection Mileposts'!$F$33,H44<='Intersection Mileposts'!$G$33),"Y",IF(AND(H44>='Intersection Mileposts'!$F$34,H44<='Intersection Mileposts'!$G$34),"Y",IF(AND(H44>='Intersection Mileposts'!$F$35,H44<='Intersection Mileposts'!$G$35),"Y",IF(AND(H44>='Intersection Mileposts'!$F$36,H44<='Intersection Mileposts'!$G$36),"Y",IF(AND(H44>='Intersection Mileposts'!$F$37,H44<='Intersection Mileposts'!$G$37),"Y",IF(AND(H44>='Intersection Mileposts'!$F$38,H44<='Intersection Mileposts'!$G$38),"Y",IF(AND(H44>='Intersection Mileposts'!$F$39,H44<='Intersection Mileposts'!$G$39),"Y","N")))))))))))))))))))))))))))))))))))) -> N
A45: Example | B45: 42556 | C45: 30 | D45: 1 | E45: 0 | F45: 4 | G45: O | H45: 2.54 | M45: Y | P45: =IF(R45 = "", "", COUNT($R$4:R45)) -> 42 | Q45: =IF(B45="", "", YEAR(B45)) -> 2016 | R45: =IF(A45="", "", IF(G45="",1,IF(G45="O",1,IF(G45="C",8.4,IF(G45="B",8.4,IF(G45="A",76.8,IF(G45="K",76.8,"ERR"))))))) -> 1 | S45: =IF(M45="Y",R45,"") -> 1 | T45: =IF(IF(M45="Y",G45,"")=0, "O", IF(M45="Y",G45,"")) -> O | U45: =IF(N45="Y",R45,"") | V45: =IF(IF(N45="Y",G45,"")=0, "O", IF(N45="Y",G45,"")) | AR45: =IF(P45>0, P45, "") -> 42 | AS45: =IF(OR(M45="Y",N45="Y"),"Y","") -> Y | AT45: =IF(AR45="","",IF(AND(H45>='Intersection Mileposts'!$F$5,H45<='Intersection Mileposts'!$G$5),"Y",IF(AND(H45>='Intersection Mileposts'!$F$6,H45<='Intersection Mileposts'!$G$6),"Y",IF(AND(H45>='Intersection Mileposts'!$F$7,H45<='Intersection Mileposts'!$G$7),"Y",IF(AND(H45>='Intersection Mileposts'!$F$8,H45<='Intersection Mileposts'!$G$8),"Y",IF(AND(H45>='Intersection Mileposts'!$F$9,H45<='Intersection Mileposts'!$G$9),"Y",IF(AND(H45>='Intersection Mileposts'!$F$10,H45<='Intersection Mileposts'!$G$10),"Y",IF(AND(H45>='Intersection Mileposts'!$F$11,H45<='Intersection Mileposts'!$G$11),"Y",IF(AND(H45>='Intersection Mileposts'!$F$12,H45<='Intersection Mileposts'!$G$12),"Y",IF(AND(H45>='Intersection Mileposts'!$F$13,H45<='Intersection Mileposts'!$G$13),"Y",IF(AND(H45>='Intersection Mileposts'!$F$14,H45<='Intersection Mileposts'!$G$14),"Y",IF(AND(H45>='Intersection Mileposts'!$F$15,H45<='Intersection Mileposts'!$G$15),"Y",IF(AND(H45>='Intersection Mileposts'!$F$16,H45<='Intersection Mileposts'!$G$16),"Y",IF(AND(H45>='Intersection Mileposts'!$F$17,H45<='Intersection Mileposts'!$G$17),"Y",IF(AND(H45>='Intersection Mileposts'!$F$18,H45<='Intersection Mileposts'!$G$18),"Y",IF(AND(H45>='Intersection Mileposts'!$F$19,H45<='Intersection Mileposts'!$G$19),"Y",IF(AND(H45>='Intersection Mileposts'!$F$20,H45<='Intersection Mileposts'!$G$20),"Y",IF(AND(H45>='Intersection Mileposts'!$F$21,H45<='Intersection Mileposts'!$G$21),"Y",IF(AND(H45>='Intersection Mileposts'!$F$22,H45<='Intersection Mileposts'!$G$22),"Y",IF(AND(H45>='Intersection Mileposts'!$F$23,H45<='Intersection Mileposts'!$G$23),"Y",IF(AND(H45>='Intersection Mileposts'!$F$24,H45<='Intersection Mileposts'!$G$24),"Y",IF(AND(H45>='Intersection Mileposts'!$F$25,H45<='Intersection Mileposts'!$G$25),"Y",IF(AND(H45>='Intersection Mileposts'!$F$26,H45<='Intersection Mileposts'!$G$26),"Y",IF(AND(H45>='Intersection Mileposts'!$F$27,H45<='Intersection Mileposts'!$G$27),"Y",IF(AND(H45>='Intersection Mileposts'!$F$28,H45<='Intersection Mileposts'!$G$28),"Y",IF(AND(H45>='Intersection Mileposts'!$F$29,H45<='Intersection Mileposts'!$G$29),"Y", IF(AND(H45>='Intersection Mileposts'!$F$30,H45<='Intersection Mileposts'!$G$30),"Y",IF(AND(H45>='Intersection Mileposts'!$F$31,H45<='Intersection Mileposts'!$G$31),"Y",IF(AND(H45>='Intersection Mileposts'!$F$32,H45<='Intersection Mileposts'!$G$32),"Y",IF(AND(H45>='Intersection Mileposts'!$F$33,H45<='Intersection Mileposts'!$G$33),"Y",IF(AND(H45>='Intersection Mileposts'!$F$34,H45<='Intersection Mileposts'!$G$34),"Y",IF(AND(H45>='Intersection Mileposts'!$F$35,H45<='Intersection Mileposts'!$G$35),"Y",IF(AND(H45>='Intersection Mileposts'!$F$36,H45<='Intersection Mileposts'!$G$36),"Y",IF(AND(H45>='Intersection Mileposts'!$F$37,H45<='Intersection Mileposts'!$G$37),"Y",IF(AND(H45>='Intersection Mileposts'!$F$38,H45<='Intersection Mileposts'!$G$38),"Y",IF(AND(H45>='Intersection Mileposts'!$F$39,H45<='Intersection Mileposts'!$G$39),"Y","N")))))))))))))))))))))))))))))))))))) -> N
A46: Example | B46: 43032 | C46: 17 | D46: 1 | E46: 0 | F46: 5 | G46: O | H46: 2.646 | P46: =IF(R46 = "", "", COUNT($R$4:R46)) -> 43 | Q46: =IF(B46="", "", YEAR(B46)) -> 2017 | R46: =IF(A46="", "", IF(G46="",1,IF(G46="O",1,IF(G46="C",8.4,IF(G46="B",8.4,IF(G46="A",76.8,IF(G46="K",76.8,"ERR"))))))) -> 1 | S46: =IF(M46="Y",R46,"") | T46: =IF(IF(M46="Y",G46,"")=0, "O", IF(M46="Y",G46,"")) | U46: =IF(N46="Y",R46,"") | V46: =IF(IF(N46="Y",G46,"")=0, "O", IF(N46="Y",G46,"")) | AR46: =IF(P46>0, P46, "") -> 43 | AS46: =IF(OR(M46="Y",N46="Y"),"Y","") | AT46: =IF(AR46="","",IF(AND(H46>='Intersection Mileposts'!$F$5,H46<='Intersection Mileposts'!$G$5),"Y",IF(AND(H46>='Intersection Mileposts'!$F$6,H46<='Intersection Mileposts'!$G$6),"Y",IF(AND(H46>='Intersection Mileposts'!$F$7,H46<='Intersection Mileposts'!$G$7),"Y",IF(AND(H46>='Intersection Mileposts'!$F$8,H46<='Intersection Mileposts'!$G$8),"Y",IF(AND(H46>='Intersection Mileposts'!$F$9,H46<='Intersection Mileposts'!$G$9),"Y",IF(AND(H46>='Intersection Mileposts'!$F$10,H46<='Intersection Mileposts'!$G$10),"Y",IF(AND(H46>='Intersection Mileposts'!$F$11,H46<='Intersection Mileposts'!$G$11),"Y",IF(AND(H46>='Intersection Mileposts'!$F$12,H46<='Intersection Mileposts'!$G$12),"Y",IF(AND(H46>='Intersection Mileposts'!$F$13,H46<='Intersection Mileposts'!$G$13),"Y",IF(AND(H46>='Intersection Mileposts'!$F$14,H46<='Intersection Mileposts'!$G$14),"Y",IF(AND(H46>='Intersection Mileposts'!$F$15,H46<='Intersection Mileposts'!$G$15),"Y",IF(AND(H46>='Intersection Mileposts'!$F$16,H46<='Intersection Mileposts'!$G$16),"Y",IF(AND(H46>='Intersection Mileposts'!$F$17,H46<='Intersection Mileposts'!$G$17),"Y",IF(AND(H46>='Intersection Mileposts'!$F$18,H46<='Intersection Mileposts'!$G$18),"Y",IF(AND(H46>='Intersection Mileposts'!$F$19,H46<='Intersection Mileposts'!$G$19),"Y",IF(AND(H46>='Intersection Mileposts'!$F$20,H46<='Intersection Mileposts'!$G$20),"Y",IF(AND(H46>='Intersection Mileposts'!$F$21,H46<='Intersection Mileposts'!$G$21),"Y",IF(AND(H46>='Intersection Mileposts'!$F$22,H46<='Intersection Mileposts'!$G$22),"Y",IF(AND(H46>='Intersection Mileposts'!$F$23,H46<='Intersection Mileposts'!$G$23),"Y",IF(AND(H46>='Intersection Mileposts'!$F$24,H46<='Intersection Mileposts'!$G$24),"Y",IF(AND(H46>='Intersection Mileposts'!$F$25,H46<='Intersection Mileposts'!$G$25),"Y",IF(AND(H46>='Intersection Mileposts'!$F$26,H46<='Intersection Mileposts'!$G$26),"Y",IF(AND(H46>='Intersection Mileposts'!$F$27,H46<='Intersection Mileposts'!$G$27),"Y",IF(AND(H46>='Intersection Mileposts'!$F$28,H46<='Intersection Mileposts'!$G$28),"Y",IF(AND(H46>='Intersection Mileposts'!$F$29,H46<='Intersection Mileposts'!$G$29),"Y", IF(AND(H46>='Intersection Mileposts'!$F$30,H46<='Intersection Mileposts'!$G$30),"Y",IF(AND(H46>='Intersection Mileposts'!$F$31,H46<='Intersection Mileposts'!$G$31),"Y",IF(AND(H46>='Intersection Mileposts'!$F$32,H46<='Intersection Mileposts'!$G$32),"Y",IF(AND(H46>='Intersection Mileposts'!$F$33,H46<='Intersection Mileposts'!$G$33),"Y",IF(AND(H46>='Intersection Mileposts'!$F$34,H46<='Intersection Mileposts'!$G$34),"Y",IF(AND(H46>='Intersection Mileposts'!$F$35,H46<='Intersection Mileposts'!$G$35),"Y",IF(AND(H46>='Intersection Mileposts'!$F$36,H46<='Intersection Mileposts'!$G$36),"Y",IF(AND(H46>='Intersection Mileposts'!$F$37,H46<='Intersection Mileposts'!$G$37),"Y",IF(AND(H46>='Intersection Mileposts'!$F$38,H46<='Intersection Mileposts'!$G$38),"Y",IF(AND(H46>='Intersection Mileposts'!$F$39,H46<='Intersection Mileposts'!$G$39),"Y","N")))))))))))))))))))))))))))))))))))) -> N
A47: Example | B47: 42383 | C47: 21 | D47: 1 | E47: 0 | F47: 1 | G47: C | H47: 2.754 | P47: =IF(R47 = "", "", COUNT($R$4:R47)) -> 44 | Q47: =IF(B47="", "", YEAR(B47)) -> 2016 | R47: =IF(A47="", "", IF(G47="",1,IF(G47="O",1,IF(G47="C",8.4,IF(G47="B",8.4,IF(G47="A",76.8,IF(G47="K",76.8,"ERR"))))))) -> 8.4 | S47: =IF(M47="Y",R47,"") | T47: =IF(IF(M47="Y",G47,"")=0, "O", IF(M47="Y",G47,"")) | U47: =IF(N47="Y",R47,"") | V47: =IF(IF(N47="Y",G47,"")=0, "O", IF(N47="Y",G47,"")) | AR47: =IF(P47>0, P47, "") -> 44 | AS47: =IF(OR(M47="Y",N47="Y"),"Y","") | AT47: =IF(AR47="","",IF(AND(H47>='Intersection Mileposts'!$F$5,H47<='Intersection Mileposts'!$G$5),"Y",IF(AND(H47>='Intersection Mileposts'!$F$6,H47<='Intersection Mileposts'!$G$6),"Y",IF(AND(H47>='Intersection Mileposts'!$F$7,H47<='Intersection Mileposts'!$G$7),"Y",IF(AND(H47>='Intersection Mileposts'!$F$8,H47<='Intersection Mileposts'!$G$8),"Y",IF(AND(H47>='Intersection Mileposts'!$F$9,H47<='Intersection Mileposts'!$G$9),"Y",IF(AND(H47>='Intersection Mileposts'!$F$10,H47<='Intersection Mileposts'!$G$10),"Y",IF(AND(H47>='Intersection Mileposts'!$F$11,H47<='Intersection Mileposts'!$G$11),"Y",IF(AND(H47>='Intersection Mileposts'!$F$12,H47<='Intersection Mileposts'!$G$12),"Y",IF(AND(H47>='Intersection Mileposts'!$F$13,H47<='Intersection Mileposts'!$G$13),"Y",IF(AND(H47>='Intersection Mileposts'!$F$14,H47<='Intersection Mileposts'!$G$14),"Y",IF(AND(H47>='Intersection Mileposts'!$F$15,H47<='Intersection Mileposts'!$G$15),"Y",IF(AND(H47>='Intersection Mileposts'!$F$16,H47<='Intersection Mileposts'!$G$16),"Y",IF(AND(H47>='Intersection Mileposts'!$F$17,H47<='Intersection Mileposts'!$G$17),"Y",IF(AND(H47>='Intersection Mileposts'!$F$18,H47<='Intersection Mileposts'!$G$18),"Y",IF(AND(H47>='Intersection Mileposts'!$F$19,H47<='Intersection Mileposts'!$G$19),"Y",IF(AND(H47>='Intersection Mileposts'!$F$20,H47<='Intersection Mileposts'!$G$20),"Y",IF(AND(H47>='Intersection Mileposts'!$F$21,H47<='Intersection Mileposts'!$G$21),"Y",IF(AND(H47>='Intersection Mileposts'!$F$22,H47<='Intersection Mileposts'!$G$22),"Y",IF(AND(H47>='Intersection Mileposts'!$F$23,H47<='Intersection Mileposts'!$G$23),"Y",IF(AND(H47>='Intersection Mileposts'!$F$24,H47<='Intersection Mileposts'!$G$24),"Y",IF(AND(H47>='Intersection Mileposts'!$F$25,H47<='Intersection Mileposts'!$G$25),"Y",IF(AND(H47>='Intersection Mileposts'!$F$26,H47<='Intersection Mileposts'!$G$26),"Y",IF(AND(H47>='Intersection Mileposts'!$F$27,H47<='Intersection Mileposts'!$G$27),"Y",IF(AND(H47>='Intersection Mileposts'!$F$28,H47<='Intersection Mileposts'!$G$28),"Y",IF(AND(H47>='Intersection Mileposts'!$F$29,H47<='Intersection Mileposts'!$G$29),"Y", IF(AND(H47>='Intersection Mileposts'!$F$30,H47<='Intersection Mileposts'!$G$30),"Y",IF(AND(H47>='Intersection Mileposts'!$F$31,H47<='Intersection Mileposts'!$G$31),"Y",IF(AND(H47>='Intersection Mileposts'!$F$32,H47<='Intersection Mileposts'!$G$32),"Y",IF(AND(H47>='Intersection Mileposts'!$F$33,H47<='Intersection Mileposts'!$G$33),"Y",IF(AND(H47>='Intersection Mileposts'!$F$34,H47<='Intersection Mileposts'!$G$34),"Y",IF(AND(H47>='Intersection Mileposts'!$F$35,H47<='Intersection Mileposts'!$G$35),"Y",IF(AND(H47>='Intersection Mileposts'!$F$36,H47<='Intersection Mileposts'!$G$36),"Y",IF(AND(H47>='Intersection Mileposts'!$F$37,H47<='Intersection Mileposts'!$G$37),"Y",IF(AND(H47>='Intersection Mileposts'!$F$38,H47<='Intersection Mileposts'!$G$38),"Y",IF(AND(H47>='Intersection Mileposts'!$F$39,H47<='Intersection Mileposts'!$G$39),"Y","N")))))))))))))))))))))))))))))))))))) -> N
A48: Example | B48: 42861 | C48: 17 | D48: 1 | F48: 5 | G48: O | H48: 2.754 | P48: =IF(R48 = "", "", COUNT($R$4:R48)) -> 45 | Q48: =IF(B48="", "", YEAR(B48)) -> 2017 | R48: =IF(A48="", "", IF(G48="",1,IF(G48="O",1,IF(G48="C",8.4,IF(G48="B",8.4,IF(G48="A",76.8,IF(G48="K",76.8,"ERR"))))))) -> 1 | S48: =IF(M48="Y",R48,"") | T48: =IF(IF(M48="Y",G48,"")=0, "O", IF(M48="Y",G48,"")) | U48: =IF(N48="Y",R48,"") | V48: =IF(IF(N48="Y",G48,"")=0, "O", IF(N48="Y",G48,"")) | AR48: =IF(P48>0, P48, "") -> 45 | AS48: =IF(OR(M48="Y",N48="Y"),"Y","") | AT48: =IF(AR48="","",IF(AND(H48>='Intersection Mileposts'!$F$5,H48<='Intersection Mileposts'!$G$5),"Y",IF(AND(H48>='Intersection Mileposts'!$F$6,H48<='Intersection Mileposts'!$G$6),"Y",IF(AND(H48>='Intersection Mileposts'!$F$7,H48<='Intersection Mileposts'!$G$7),"Y",IF(AND(H48>='Intersection Mileposts'!$F$8,H48<='Intersection Mileposts'!$G$8),"Y",IF(AND(H48>='Intersection Mileposts'!$F$9,H48<='Intersection Mileposts'!$G$9),"Y",IF(AND(H48>='Intersection Mileposts'!$F$10,H48<='Intersection Mileposts'!$G$10),"Y",IF(AND(H48>='Intersection Mileposts'!$F$11,H48<='Intersection Mileposts'!$G$11),"Y",IF(AND(H48>='Intersection Mileposts'!$F$12,H48<='Intersection Mileposts'!$G$12),"Y",IF(AND(H48>='Intersection Mileposts'!$F$13,H48<='Intersection Mileposts'!$G$13),"Y",IF(AND(H48>='Intersection Mileposts'!$F$14,H48<='Intersection Mileposts'!$G$14),"Y",IF(AND(H48>='Intersection Mileposts'!$F$15,H48<='Intersection Mileposts'!$G$15),"Y",IF(AND(H48>='Intersection Mileposts'!$F$16,H48<='Intersection Mileposts'!$G$16),"Y",IF(AND(H48>='Intersection Mileposts'!$F$17,H48<='Intersection Mileposts'!$G$17),"Y",IF(AND(H48>='Intersection Mileposts'!$F$18,H48<='Intersection Mileposts'!$G$18),"Y",IF(AND(H48>='Intersection Mileposts'!$F$19,H48<='Intersection Mileposts'!$G$19),"Y",IF(AND(H48>='Intersection Mileposts'!$F$20,H48<='Intersection Mileposts'!$G$20),"Y",IF(AND(H48>='Intersection Mileposts'!$F$21,H48<='Intersection Mileposts'!$G$21),"Y",IF(AND(H48>='Intersection Mileposts'!$F$22,H48<='Intersection Mileposts'!$G$22),"Y",IF(AND(H48>='Intersection Mileposts'!$F$23,H48<='Intersection Mileposts'!$G$23),"Y",IF(AND(H48>='Intersection Mileposts'!$F$24,H48<='Intersection Mileposts'!$G$24),"Y",IF(AND(H48>='Intersection Mileposts'!$F$25,H48<='Intersection Mileposts'!$G$25),"Y",IF(AND(H48>='Intersection Mileposts'!$F$26,H48<='Intersection Mileposts'!$G$26),"Y",IF(AND(H48>='Intersection Mileposts'!$F$27,H48<='Intersection Mileposts'!$G$27),"Y",IF(AND(H48>='Intersection Mileposts'!$F$28,H48<='Intersection Mileposts'!$G$28),"Y",IF(AND(H48>='Intersection Mileposts'!$F$29,H48<='Intersection Mileposts'!$G$29),"Y", IF(AND(H48>='Intersection Mileposts'!$F$30,H48<='Intersection Mileposts'!$G$30),"Y",IF(AND(H48>='Intersection Mileposts'!$F$31,H48<='Intersection Mileposts'!$G$31),"Y",IF(AND(H48>='Intersection Mileposts'!$F$32,H48<='Intersection Mileposts'!$G$32),"Y",IF(AND(H48>='Intersection Mileposts'!$F$33,H48<='Intersection Mileposts'!$G$33),"Y",IF(AND(H48>='Intersection Mileposts'!$F$34,H48<='Intersection Mileposts'!$G$34),"Y",IF(AND(H48>='Intersection Mileposts'!$F$35,H48<='Intersection Mileposts'!$G$35),"Y",IF(AND(H48>='Intersection Mileposts'!$F$36,H48<='Intersection Mileposts'!$G$36),"Y",IF(AND(H48>='Intersection Mileposts'!$F$37,H48<='Intersection Mileposts'!$G$37),"Y",IF(AND(H48>='Intersection Mileposts'!$F$38,H48<='Intersection Mileposts'!$G$38),"Y",IF(AND(H48>='Intersection Mileposts'!$F$39,H48<='Intersection Mileposts'!$G$39),"Y","N")))))))))))))))))))))))))))))))))))) -> N
A49: Example | B49: 42958 | C49: 21 | D49: 2 | E49: 0 | F49: 1 | G49: O | H49: 2.754 | P49: =IF(R49 = "", "", COUNT($R$4:R49)) -> 46 | Q49: =IF(B49="", "", YEAR(B49)) -> 2017 | R49: =IF(A49="", "", IF(G49="",1,IF(G49="O",1,IF(G49="C",8.4,IF(G49="B",8.4,IF(G49="A",76.8,IF(G49="K",76.8,"ERR"))))))) -> 1 | S49: =IF(M49="Y",R49,"") | T49: =IF(IF(M49="Y",G49,"")=0, "O", IF(M49="Y",G49,"")) | U49: =IF(N49="Y",R49,"") | V49: =IF(IF(N49="Y",G49,"")=0, "O", IF(N49="Y",G49,"")) | AR49: =IF(P49>0, P49, "") -> 46 | AS49: =IF(OR(M49="Y",N49="Y"),"Y","") | AT49: =IF(AR49="","",IF(AND(H49>='Intersection Mileposts'!$F$5,H49<='Intersection Mileposts'!$G$5),"Y",IF(AND(H49>='Intersection Mileposts'!$F$6,H49<='Intersection Mileposts'!$G$6),"Y",IF(AND(H49>='Intersection Mileposts'!$F$7,H49<='Intersection Mileposts'!$G$7),"Y",IF(AND(H49>='Intersection Mileposts'!$F$8,H49<='Intersection Mileposts'!$G$8),"Y",IF(AND(H49>='Intersection Mileposts'!$F$9,H49<='Intersection Mileposts'!$G$9),"Y",IF(AND(H49>='Intersection Mileposts'!$F$10,H49<='Intersection Mileposts'!$G$10),"Y",IF(AND(H49>='Intersection Mileposts'!$F$11,H49<='Intersection Mileposts'!$G$11),"Y",IF(AND(H49>='Intersection Mileposts'!$F$12,H49<='Intersection Mileposts'!$G$12),"Y",IF(AND(H49>='Intersection Mileposts'!$F$13,H49<='Intersection Mileposts'!$G$13),"Y",IF(AND(H49>='Intersection Mileposts'!$F$14,H49<='Intersection Mileposts'!$G$14),"Y",IF(AND(H49>='Intersection Mileposts'!$F$15,H49<='Intersection Mileposts'!$G$15),"Y",IF(AND(H49>='Intersection Mileposts'!$F$16,H49<='Intersection Mileposts'!$G$16),"Y",IF(AND(H49>='Intersection Mileposts'!$F$17,H49<='Intersection Mileposts'!$G$17),"Y",IF(AND(H49>='Intersection Mileposts'!$F$18,H49<='Intersection Mileposts'!$G$18),"Y",IF(AND(H49>='Intersection Mileposts'!$F$19,H49<='Intersection Mileposts'!$G$19),"Y",IF(AND(H49>='Intersection Mileposts'!$F$20,H49<='Intersection Mileposts'!$G$20),"Y",IF(AND(H49>='Intersection Mileposts'!$F$21,H49<='Intersection Mileposts'!$G$21),"Y",IF(AND(H49>='Intersection Mileposts'!$F$22,H49<='Intersection Mileposts'!$G$22),"Y",IF(AND(H49>='Intersection Mileposts'!$F$23,H49<='Intersection Mileposts'!$G$23),"Y",IF(AND(H49>='Intersection Mileposts'!$F$24,H49<='Intersection Mileposts'!$G$24),"Y",IF(AND(H49>='Intersection Mileposts'!$F$25,H49<='Intersection Mileposts'!$G$25),"Y",IF(AND(H49>='Intersection Mileposts'!$F$26,H49<='Intersection Mileposts'!$G$26),"Y",IF(AND(H49>='Intersection Mileposts'!$F$27,H49<='Intersection Mileposts'!$G$27),"Y",IF(AND(H49>='Intersection Mileposts'!$F$28,H49<='Intersection Mileposts'!$G$28),"Y",IF(AND(H49>='Intersection Mileposts'!$F$29,H49<='Intersection Mileposts'!$G$29),"Y", IF(AND(H49>='Intersection Mileposts'!$F$30,H49<='Intersection Mileposts'!$G$30),"Y",IF(AND(H49>='Intersection Mileposts'!$F$31,H49<='Intersection Mileposts'!$G$31),"Y",IF(AND(H49>='Intersection Mileposts'!$F$32,H49<='Intersection Mileposts'!$G$32),"Y",IF(AND(H49>='Intersection Mileposts'!$F$33,H49<='Intersection Mileposts'!$G$33),"Y",IF(AND(H49>='Intersection Mileposts'!$F$34,H49<='Intersection Mileposts'!$G$34),"Y",IF(AND(H49>='Intersection Mileposts'!$F$35,H49<='Intersection Mileposts'!$G$35),"Y",IF(AND(H49>='Intersection Mileposts'!$F$36,H49<='Intersection Mileposts'!$G$36),"Y",IF(AND(H49>='Intersection Mileposts'!$F$37,H49<='Intersection Mileposts'!$G$37),"Y",IF(AND(H49>='Intersection Mileposts'!$F$38,H49<='Intersection Mileposts'!$G$38),"Y",IF(AND(H49>='Intersection Mileposts'!$F$39,H49<='Intersection Mileposts'!$G$39),"Y","N")))))))))))))))))))))))))))))))))))) -> N
A50: Example | B50: 42964 | C50: 21 | D50: 1 | E50: 12 | F50: 1 | G50: O | H50: 2.839 | P50: =IF(R50 = "", "", COUNT($R$4:R50)) -> 47 | Q50: =IF(B50="", "", YEAR(B50)) -> 2017 | R50: =IF(A50="", "", IF(G50="",1,IF(G50="O",1,IF(G50="C",8.4,IF(G50="B",8.4,IF(G50="A",76.8,IF(G50="K",76.8,"ERR"))))))) -> 1 | S50: =IF(M50="Y",R50,"") | T50: =IF(IF(M50="Y",G50,"")=0, "O", IF(M50="Y",G50,"")) | U50: =IF(N50="Y",R50,"") | V50: =IF(IF(N50="Y",G50,"")=0, "O", IF(N50="Y",G50,"")) | AR50: =IF(P50>0, P50, "") -> 47 | AS50: =IF(OR(M50="Y",N50="Y"),"Y","") | AT50: =IF(AR50="","",IF(AND(H50>='Intersection Mileposts'!$F$5,H50<='Intersection Mileposts'!$G$5),"Y",IF(AND(H50>='Intersection Mileposts'!$F$6,H50<='Intersection Mileposts'!$G$6),"Y",IF(AND(H50>='Intersection Mileposts'!$F$7,H50<='Intersection Mileposts'!$G$7),"Y",IF(AND(H50>='Intersection Mileposts'!$F$8,H50<='Intersection Mileposts'!$G$8),"Y",IF(AND(H50>='Intersection Mileposts'!$F$9,H50<='Intersection Mileposts'!$G$9),"Y",IF(AND(H50>='Intersection Mileposts'!$F$10,H50<='Intersection Mileposts'!$G$10),"Y",IF(AND(H50>='Intersection Mileposts'!$F$11,H50<='Intersection Mileposts'!$G$11),"Y",IF(AND(H50>='Intersection Mileposts'!$F$12,H50<='Intersection Mileposts'!$G$12),"Y",IF(AND(H50>='Intersection Mileposts'!$F$13,H50<='Intersection Mileposts'!$G$13),"Y",IF(AND(H50>='Intersection Mileposts'!$F$14,H50<='Intersection Mileposts'!$G$14),"Y",IF(AND(H50>='Intersection Mileposts'!$F$15,H50<='Intersection Mileposts'!$G$15),"Y",IF(AND(H50>='Intersection Mileposts'!$F$16,H50<='Intersection Mileposts'!$G$16),"Y",IF(AND(H50>='Intersection Mileposts'!$F$17,H50<='Intersection Mileposts'!$G$17),"Y",IF(AND(H50>='Intersection Mileposts'!$F$18,H50<='Intersection Mileposts'!$G$18),"Y",IF(AND(H50>='Intersection Mileposts'!$F$19,H50<='Intersection Mileposts'!$G$19),"Y",IF(AND(H50>='Intersection Mileposts'!$F$20,H50<='Intersection Mileposts'!$G$20),"Y",IF(AND(H50>='Intersection Mileposts'!$F$21,H50<='Intersection Mileposts'!$G$21),"Y",IF(AND(H50>='Intersection Mileposts'!$F$22,H50<='Intersection Mileposts'!$G$22),"Y",IF(AND(H50>='Intersection Mileposts'!$F$23,H50<='Intersection Mileposts'!$G$23),"Y",IF(AND(H50>='Intersection Mileposts'!$F$24,H50<='Intersection Mileposts'!$G$24),"Y",IF(AND(H50>='Intersection Mileposts'!$F$25,H50<='Intersection Mileposts'!$G$25),"Y",IF(AND(H50>='Intersection Mileposts'!$F$26,H50<='Intersection Mileposts'!$G$26),"Y",IF(AND(H50>='Intersection Mileposts'!$F$27,H50<='Intersection Mileposts'!$G$27),"Y",IF(AND(H50>='Intersection Mileposts'!$F$28,H50<='Intersection Mileposts'!$G$28),"Y",IF(AND(H50>='Intersection Mileposts'!$F$29,H50<='Intersection Mileposts'!$G$29),"Y", IF(AND(H50>='Intersection Mileposts'!$F$30,H50<='Intersection Mileposts'!$G$30),"Y",IF(AND(H50>='Intersection Mileposts'!$F$31,H50<='Intersection Mileposts'!$G$31),"Y",IF(AND(H50>='Intersection Mileposts'!$F$32,H50<='Intersection Mileposts'!$G$32),"Y",IF(AND(H50>='Intersection Mileposts'!$F$33,H50<='Intersection Mileposts'!$G$33),"Y",IF(AND(H50>='Intersection Mileposts'!$F$34,H50<='Intersection Mileposts'!$G$34),"Y",IF(AND(H50>='Intersection Mileposts'!$F$35,H50<='Intersection Mileposts'!$G$35),"Y",IF(AND(H50>='Intersection Mileposts'!$F$36,H50<='Intersection Mileposts'!$G$36),"Y",IF(AND(H50>='Intersection Mileposts'!$F$37,H50<='Intersection Mileposts'!$G$37),"Y",IF(AND(H50>='Intersection Mileposts'!$F$38,H50<='Intersection Mileposts'!$G$38),"Y",IF(AND(H50>='Intersection Mileposts'!$F$39,H50<='Intersection Mileposts'!$G$39),"Y","N")))))))))))))))))))))))))))))))))))) -> N
A51: Example | B51: 41752 | C51: 21 | D51: 1 | E51: 7 | F51: 1 | G51: O | H51: 2.858 | P51: =IF(R51 = "", "", COUNT($R$4:R51)) -> 48 | Q51: =IF(B51="", "", YEAR(B51)) -> 2014 | R51: =IF(A51="", "", IF(G51="",1,IF(G51="O",1,IF(G51="C",8.4,IF(G51="B",8.4,IF(G51="A",76.8,IF(G51="K",76.8,"ERR"))))))) -> 1 | S51: =IF(M51="Y",R51,"") | T51: =IF(IF(M51="Y",G51,"")=0, "O", IF(M51="Y",G51,"")) | U51: =IF(N51="Y",R51,"") | V51: =IF(IF(N51="Y",G51,"")=0, "O", IF(N51="Y",G51,"")) | AR51: =IF(P51>0, P51, "") -> 48 | AS51: =IF(OR(M51="Y",N51="Y"),"Y","") | AT51: =IF(AR51="","",IF(AND(H51>='Intersection Mileposts'!$F$5,H51<='Intersection Mileposts'!$G$5),"Y",IF(AND(H51>='Intersection Mileposts'!$F$6,H51<='Intersection Mileposts'!$G$6),"Y",IF(AND(H51>='Intersection Mileposts'!$F$7,H51<='Intersection Mileposts'!$G$7),"Y",IF(AND(H51>='Intersection Mileposts'!$F$8,H51<='Intersection Mileposts'!$G$8),"Y",IF(AND(H51>='Intersection Mileposts'!$F$9,H51<='Intersection Mileposts'!$G$9),"Y",IF(AND(H51>='Intersection Mileposts'!$F$10,H51<='Intersection Mileposts'!$G$10),"Y",IF(AND(H51>='Intersection Mileposts'!$F$11,H51<='Intersection Mileposts'!$G$11),"Y",IF(AND(H51>='Intersection Mileposts'!$F$12,H51<='Intersection Mileposts'!$G$12),"Y",IF(AND(H51>='Intersection Mileposts'!$F$13,H51<='Intersection Mileposts'!$G$13),"Y",IF(AND(H51>='Intersection Mileposts'!$F$14,H51<='Intersection Mileposts'!$G$14),"Y",IF(AND(H51>='Intersection Mileposts'!$F$15,H51<='Intersection Mileposts'!$G$15),"Y",IF(AND(H51>='Intersection Mileposts'!$F$16,H51<='Intersection Mileposts'!$G$16),"Y",IF(AND(H51>='Intersection Mileposts'!$F$17,H51<='Intersection Mileposts'!$G$17),"Y",IF(AND(H51>='Intersection Mileposts'!$F$18,H51<='Intersection Mileposts'!$G$18),"Y",IF(AND(H51>='Intersection Mileposts'!$F$19,H51<='Intersection Mileposts'!$G$19),"Y",IF(AND(H51>='Intersection Mileposts'!$F$20,H51<='Intersection Mileposts'!$G$20),"Y",IF(AND(H51>='Intersection Mileposts'!$F$21,H51<='Intersection Mileposts'!$G$21),"Y",IF(AND(H51>='Intersection Mileposts'!$F$22,H51<='Intersection Mileposts'!$G$22),"Y",IF(AND(H51>='Intersection Mileposts'!$F$23,H51<='Intersection Mileposts'!$G$23),"Y",IF(AND(H51>='Intersection Mileposts'!$F$24,H51<='Intersection Mileposts'!$G$24),"Y",IF(AND(H51>='Intersection Mileposts'!$F$25,H51<='Intersection Mileposts'!$G$25),"Y",IF(AND(H51>='Intersection Mileposts'!$F$26,H51<='Intersection Mileposts'!$G$26),"Y",IF(AND(H51>='Intersection Mileposts'!$F$27,H51<='Intersection Mileposts'!$G$27),"Y",IF(AND(H51>='Intersection Mileposts'!$F$28,H51<='Intersection Mileposts'!$G$28),"Y",IF(AND(H51>='Intersection Mileposts'!$F$29,H51<='Intersection Mileposts'!$G$29),"Y", IF(AND(H51>='Intersection Mileposts'!$F$30,H51<='Intersection Mileposts'!$G$30),"Y",IF(AND(H51>='Intersection Mileposts'!$F$31,H51<='Intersection Mileposts'!$G$31),"Y",IF(AND(H51>='Intersection Mileposts'!$F$32,H51<='Intersection Mileposts'!$G$32),"Y",IF(AND(H51>='Intersection Mileposts'!$F$33,H51<='Intersection Mileposts'!$G$33),"Y",IF(AND(H51>='Intersection Mileposts'!$F$34,H51<='Intersection Mileposts'!$G$34),"Y",IF(AND(H51>='Intersection Mileposts'!$F$35,H51<='Intersection Mileposts'!$G$35),"Y",IF(AND(H51>='Intersection Mileposts'!$F$36,H51<='Intersection Mileposts'!$G$36),"Y",IF(AND(H51>='Intersection Mileposts'!$F$37,H51<='Intersection Mileposts'!$G$37),"Y",IF(AND(H51>='Intersection Mileposts'!$F$38,H51<='Intersection Mileposts'!$G$38),"Y",IF(AND(H51>='Intersection Mileposts'!$F$39,H51<='Intersection Mileposts'!$G$39),"Y","N")))))))))))))))))))))))))))))))))))) -> Y
A52: Example | B52: 42241 | C52: 21 | D52: 1 | E52: 12 | F52: 1 | G52: C | H52: 2.858 | P52: =IF(R52 = "", "", COUNT($R$4:R52)) -> 49 | Q52: =IF(B52="", "", YEAR(B52)) -> 2015 | R52: =IF(A52="", "", IF(G52="",1,IF(G52="O",1,IF(G52="C",8.4,IF(G52="B",8.4,IF(G52="A",76.8,IF(G52="K",76.8,"ERR"))))))) -> 8.4 | S52: =IF(M52="Y",R52,"") | T52: =IF(IF(M52="Y",G52,"")=0, "O", IF(M52="Y",G52,"")) | U52: =IF(N52="Y",R52,"") | V52: =IF(IF(N52="Y",G52,"")=0, "O", IF(N52="Y",G52,"")) | AR52: =IF(P52>0, P52, "") -> 49 | AS52: =IF(OR(M52="Y",N52="Y"),"Y","") | AT52: =IF(AR52="","",IF(AND(H52>='Intersection Mileposts'!$F$5,H52<='Intersection Mileposts'!$G$5),"Y",IF(AND(H52>='Intersection Mileposts'!$F$6,H52<='Intersection Mileposts'!$G$6),"Y",IF(AND(H52>='Intersection Mileposts'!$F$7,H52<='Intersection Mileposts'!$G$7),"Y",IF(AND(H52>='Intersection Mileposts'!$F$8,H52<='Intersection Mileposts'!$G$8),"Y",IF(AND(H52>='Intersection Mileposts'!$F$9,H52<='Intersection Mileposts'!$G$9),"Y",IF(AND(H52>='Intersection Mileposts'!$F$10,H52<='Intersection Mileposts'!$G$10),"Y",IF(AND(H52>='Intersection Mileposts'!$F$11,H52<='Intersection Mileposts'!$G$11),"Y",IF(AND(H52>='Intersection Mileposts'!$F$12,H52<='Intersection Mileposts'!$G$12),"Y",IF(AND(H52>='Intersection Mileposts'!$F$13,H52<='Intersection Mileposts'!$G$13),"Y",IF(AND(H52>='Intersection Mileposts'!$F$14,H52<='Intersection Mileposts'!$G$14),"Y",IF(AND(H52>='Intersection Mileposts'!$F$15,H52<='Intersection Mileposts'!$G$15),"Y",IF(AND(H52>='Intersection Mileposts'!$F$16,H52<='Intersection Mileposts'!$G$16),"Y",IF(AND(H52>='Intersection Mileposts'!$F$17,H52<='Intersection Mileposts'!$G$17),"Y",IF(AND(H52>='Intersection Mileposts'!$F$18,H52<='Intersection Mileposts'!$G$18),"Y",IF(AND(H52>='Intersection Mileposts'!$F$19,H52<='Intersection Mileposts'!$G$19),"Y",IF(AND(H52>='Intersection Mileposts'!$F$20,H52<='Intersection Mileposts'!$G$20),"Y",IF(AND(H52>='Intersection Mileposts'!$F$21,H52<='Intersection Mileposts'!$G$21),"Y",IF(AND(H52>='Intersection Mileposts'!$F$22,H52<='Intersection Mileposts'!$G$22),"Y",IF(AND(H52>='Intersection Mileposts'!$F$23,H52<='Intersection Mileposts'!$G$23),"Y",IF(AND(H52>='Intersection Mileposts'!$F$24,H52<='Intersection Mileposts'!$G$24),"Y",IF(AND(H52>='Intersection Mileposts'!$F$25,H52<='Intersection Mileposts'!$G$25),"Y",IF(AND(H52>='Intersection Mileposts'!$F$26,H52<='Intersection Mileposts'!$G$26),"Y",IF(AND(H52>='Intersection Mileposts'!$F$27,H52<='Intersection Mileposts'!$G$27),"Y",IF(AND(H52>='Intersection Mileposts'!$F$28,H52<='Intersection Mileposts'!$G$28),"Y",IF(AND(H52>='Intersection Mileposts'!$F$29,H52<='Intersection Mileposts'!$G$29),"Y", IF(AND(H52>='Intersection Mileposts'!$F$30,H52<='Intersection Mileposts'!$G$30),"Y",IF(AND(H52>='Intersection Mileposts'!$F$31,H52<='Intersection Mileposts'!$G$31),"Y",IF(AND(H52>='Intersection Mileposts'!$F$32,H52<='Intersection Mileposts'!$G$32),"Y",IF(AND(H52>='Intersection Mileposts'!$F$33,H52<='Intersection Mileposts'!$G$33),"Y",IF(AND(H52>='Intersection Mileposts'!$F$34,H52<='Intersection Mileposts'!$G$34),"Y",IF(AND(H52>='Intersection Mileposts'!$F$35,H52<='Intersection Mileposts'!$G$35),"Y",IF(AND(H52>='Intersection Mileposts'!$F$36,H52<='Intersection Mileposts'!$G$36),"Y",IF(AND(H52>='Intersection Mileposts'!$F$37,H52<='Intersection Mileposts'!$G$37),"Y",IF(AND(H52>='Intersection Mileposts'!$F$38,H52<='Intersection Mileposts'!$G$38),"Y",IF(AND(H52>='Intersection Mileposts'!$F$39,H52<='Intersection Mileposts'!$G$39),"Y","N")))))))))))))))))))))))))))))))))))) -> Y
